avibase_id,mass_BB,elevation_min_BB,elevation_range_BB,elevation_max_BB,habitat_BB,primary_diet_BB,nest_type_BB,flightless_BB,trophic_niche_BB
AVIBASE-2247CB05,114500.0,0.0,3000.0,3000.0,Grassland,Herbivore,SC,Yes,Omnivore
AVIBASE-40329BB6,107875.0,0.0,3000.0,3000.0,Grassland,Herbivore,SC,Yes,Omnivore
AVIBASE-00986B24,25250.0,0.0,1200.0,1200.0,Grassland,Herbivore,SC,Yes,Herbivore terrestrial
AVIBASE-BA52A675,21925.0,0.0,4500.0,4500.0,Grassland,Herbivore,SC,Yes,Herbivore terrestrial
AVIBASE-6BA55EF0,2602.5,0.0,1500.0,1500.0,Forest,Carnivore,"BU,CV",Yes,Invertivore
AVIBASE-DB55CB8C,2602.5,0.0,1000.0,1000.0,Forest,Carnivore,"BU,CV",Yes,Invertivore
AVIBASE-D433BDAB,2336.25,0.0,1000.0,1000.0,Forest,Carnivore,"BU,CV",Yes,Invertivore
AVIBASE-187706CF,1296.5,0.0,1000.0,1000.0,Forest,Carnivore,"BU,CV",Yes,Invertivore
AVIBASE-0D8B9E40,2156.25,700.0,400.0,1100.0,Grassland,Carnivore,"BU,CV",Yes,Invertivore
AVIBASE-8B9D93D8,46700.0,0.0,500.0,500.0,Forest,Herbivore,PL,Yes,Frugivore
AVIBASE-7751E0D1,26300.0,0.0,3300.0,3300.0,Forest,Herbivore,SC,Yes,Frugivore
AVIBASE-32E7303B,46993.25,0.0,700.0,700.0,Forest,Herbivore,SC,Yes,Frugivore
AVIBASE-FD2456D5,42500.0,0.0,1600.0,1600.0,Grassland,Omnivore,SC,Yes,Omnivore
AVIBASE-346D16D5,1674.5,50.0,1850.0,1900.0,Forest,Herbivore,SC,No,Frugivore
AVIBASE-67E5E0FA,1428.5,0.0,1200.0,1200.0,Forest,Omnivore,SC,No,Omnivore
AVIBASE-63C5F122,1392.5,600.0,1500.0,2100.0,Forest,Herbivore,,No,Omnivore
AVIBASE-42D72AE1,1006.75,0.0,1500.0,1500.0,Forest,Herbivore,SC,No,Omnivore
AVIBASE-0480B7C9,688.75,0.0,500.0,500.0,Forest,Herbivore,,No,Granivore
AVIBASE-66C31E09,712.25,1500.0,1000.0,2500.0,Forest,Herbivore,SC,No,Frugivore
AVIBASE-5FB99321,683.75,1700.0,1700.0,3400.0,Forest,Herbivore,,No,Omnivore
AVIBASE-68E763AE,540.0,1300.0,2000.0,3300.0,Forest,Herbivore,,No,Omnivore
AVIBASE-9B036853,521.0,0.0,500.0,500.0,Forest,Herbivore,,No,Omnivore
AVIBASE-7C90F8DB,502.25,0.0,900.0,900.0,Forest,Omnivore,NO,No,Omnivore
AVIBASE-39DD9DD7,247.25,0.0,1500.0,1500.0,Forest,Omnivore,SC,No,Omnivore
AVIBASE-F5F9A63F,,1350.0,450.0,1800.0,Forest,Herbivore,,No,Omnivore
AVIBASE-D624C373,478.83333,200.0,2600.0,2800.0,Forest,Herbivore,SC,No,Granivore
AVIBASE-7A600A0F,550.66667,0.0,900.0,900.0,Forest,Omnivore,,No,Omnivore
AVIBASE-D303E7FF,283.0,0.0,800.0,800.0,Forest,Herbivore,,No,Omnivore
AVIBASE-FE2B5A6B,421.0,0.0,500.0,500.0,Forest,Herbivore,SC,No,Granivore
AVIBASE-D2592D39,429.5,,,500.0,Forest,Omnivore,,No,Omnivore
AVIBASE-4E03F38D,485.0,0.0,1700.0,1700.0,Shrubland,Omnivore,,No,Omnivore
AVIBASE-7507BE36,567.5,0.0,300.0,300.0,Forest,Omnivore,SC,No,Omnivore
AVIBASE-41631439,452.5,,,900.0,Woodland,Herbivore,,No,Omnivore
AVIBASE-BC6EF580,423.75,0.0,1800.0,1800.0,Forest,Omnivore,SC,No,Omnivore
AVIBASE-5183B60E,433.875,0.0,1500.0,1500.0,Forest,Herbivore,SC,No,Omnivore
AVIBASE-2ED97B54,,100.0,1400.0,1500.0,Forest,Herbivore,,No,Omnivore
AVIBASE-F8BBC7A7,363.0,100.0,1200.0,1300.0,Forest,Herbivore,SC,No,Omnivore
AVIBASE-45EE168A,273.9,0.0,500.0,500.0,Forest,Omnivore,,No,Omnivore
AVIBASE-88B9ABC1,241.0,,,500.0,Forest,Herbivore,,No,Omnivore
AVIBASE-2988DEC6,193.0,0.0,900.0,900.0,Forest,Omnivore,,No,Omnivore
AVIBASE-26D1CE28,287.625,,,200.0,Forest,Herbivore,,No,Omnivore
AVIBASE-9C7F2C57,221.25,0.0,1400.0,1400.0,Forest,Omnivore,SC,No,Omnivore
AVIBASE-C141F60A,810.0,0.0,1000.0,1000.0,Grassland,Omnivore,SC,No,Omnivore
AVIBASE-94AF5DC7,900.83333,1000.0,2050.0,3050.0,Shrubland,Omnivore,SC,No,Omnivore
AVIBASE-368EC295,547.0,2700.0,1300.0,4000.0,Woodland,Herbivore,,No,Herbivore terrestrial
AVIBASE-286A2FBA,624.5,3000.0,1600.0,4600.0,Grassland,Herbivore,HC,No,Omnivore
AVIBASE-F900EE88,458.0,0.0,2400.0,2400.0,Grassland,Herbivore,,No,Granivore
AVIBASE-4C8BCEC2,526.25,0.0,915.0,915.0,Shrubland,Carnivore,SC,No,Invertivore
AVIBASE-7A66539A,316.01667,200.0,4100.0,4300.0,Shrubland,Herbivore,SC,No,Omnivore
AVIBASE-F68CA24D,376.0,2800.0,1100.0,3900.0,Grassland,Herbivore,,No,Omnivore
AVIBASE-458340C7,288.0,0.0,500.0,500.0,Shrubland,Herbivore,SC,No,Omnivore
AVIBASE-99D7964C,163.33333,200.0,800.0,1000.0,Grassland,Herbivore,,No,Omnivore
AVIBASE-F7D16275,242.25,1000.0,3300.0,4300.0,Grassland,Omnivore,SC,No,Omnivore
AVIBASE-03C3DDFB,256.0,0.0,2300.0,2300.0,Grassland,Herbivore,SC,No,Omnivore
AVIBASE-B62C4561,43.0,,,1000.0,Grassland,Omnivore,SP,No,Omnivore
AVIBASE-4E215E82,733.5,0.0,2850.0,2850.0,Shrubland,Herbivore,HC,No,Omnivore
AVIBASE-9337459C,617.0,,,500.0,Woodland,Herbivore,,No,Omnivore
AVIBASE-0A51B426,943.2,3500.0,1500.0,5000.0,Shrubland,Herbivore,NO,No,Herbivore terrestrial
AVIBASE-EC451D91,950.0,0.0,800.0,800.0,Grassland,Herbivore,SC,No,Herbivore terrestrial
AVIBASE-71BA40DC,3450.0,0.0,800.0,800.0,Wetland,Herbivore,PL,No,Herbivore terrestrial
AVIBASE-013B2B0B,2345.66667,0.0,1200.0,1200.0,Wetland,Herbivore,,No,Herbivore terrestrial
AVIBASE-91194BE3,3550.0,0.0,1150.0,1150.0,Wetland,Herbivore,PL,No,Herbivore terrestrial
AVIBASE-89D5434B,2302.0,0.0,500.0,500.0,Wetland,Herbivore,CP,No,Herbivore terrestrial
AVIBASE-A534AFEA,689.5,0.0,3000.0,3000.0,Wetland,Omnivore,,No,Omnivore
AVIBASE-C01A22D6,757.9,0.0,1500.0,1500.0,Wetland,Herbivore,"CV,CP,SC",No,Omnivore
AVIBASE-1AAB20B0,677.5,0.0,,,Wetland,Omnivore,CV,No,Omnivore
AVIBASE-DC65FCE7,1030.0,0.0,200.0,200.0,Forest,Herbivore,"CV,SC",No,Frugivore
AVIBASE-9A60617E,733.4,0.0,1000.0,1000.0,Wetland,Herbivore,CP,No,Granivore
AVIBASE-A467AD00,877.5,0.0,,,Grassland,Herbivore,,No,Herbivore terrestrial
AVIBASE-69D272A6,779.5,0.0,500.0,500.0,Wetland,Herbivore,,No,Herbivore terrestrial
AVIBASE-BD683E6E,525.0,0.0,,,Wetland,Omnivore,"CV,O",No,Omnivore
AVIBASE-2EEDACD5,704.66667,0.0,3000.0,3000.0,Wetland,Herbivore,,No,Omnivore
AVIBASE-CA875F31,3816.66667,0.0,,,Shrubland,Herbivore,SC,No,Herbivore terrestrial
AVIBASE-3E04020B,1335.0,0.0,,,Grassland,Herbivore,SC,No,Herbivore terrestrial
AVIBASE-0D280B3F,1253.25,0.0,500.0,500.0,Shrubland,Herbivore,HC,No,Herbivore terrestrial
AVIBASE-EDB18078,2150.0,0.0,2700.0,2700.0,Shrubland,Herbivore,SC,No,Herbivore terrestrial
AVIBASE-B59E1863,4906.6,0.0,2000.0,2000.0,Wetland,Herbivore,SC,No,Herbivore terrestrial
AVIBASE-3163ED86,1685.0,0.0,1000.0,1000.0,Grassland,Herbivore,SC,No,Herbivore terrestrial
AVIBASE-60214D49,1801.8,0.0,2000.0,2000.0,Grassland,Herbivore,SC,No,Herbivore terrestrial
AVIBASE-B7159EF0,2288.0,0.0,5300.0,5300.0,Wetland,Herbivore,HC,No,Herbivore terrestrial
AVIBASE-1E6F0F8D,2300.45,0.0,150.0,150.0,Coastal,Omnivore,SC,No,Omnivore
AVIBASE-7A24F57F,1513.5,0.0,2500.0,2500.0,Wetland,Herbivore,M,No,Herbivore terrestrial
AVIBASE-D3A260BC,2561.0,0.0,2500.0,2500.0,Grassland,Herbivore,SC,No,Herbivore terrestrial
AVIBASE-4AED44E8,3297.5,0.0,2300.0,2300.0,Wetland,Herbivore,HC,No,Herbivore terrestrial
AVIBASE-946E4517,3343.75,0.0,450.0,450.0,Wetland,Herbivore,,No,Herbivore terrestrial
AVIBASE-2FEEA78C,3115.0,0.0,500.0,500.0,Wetland,Herbivore,SC,No,Herbivore terrestrial
AVIBASE-AFA7EE74,2590.0,0.0,700.0,700.0,Grassland,Herbivore,M,No,Herbivore terrestrial
AVIBASE-AD849FCB,2540.0,0.0,2000.0,2000.0,Wetland,Herbivore,HC,No,Herbivore terrestrial
AVIBASE-466E9077,2471.0,0.0,2500.0,2500.0,Grassland,Herbivore,SC,No,Granivore
AVIBASE-184D2329,1912.5,0.0,700.0,700.0,Grassland,Herbivore,SC,No,Herbivore terrestrial
AVIBASE-A3A0E8FE,4200.0,0.0,1300.0,1300.0,Wetland,Omnivore,M,No,Omnivore
AVIBASE-46B54DB1,5862.5,0.0,,,Wetland,Herbivore,M,No,Herbivore terrestrial
AVIBASE-B8C652E6,5275.0,0.0,1250.0,1250.0,Wetland,Herbivore,M,No,Herbivore terrestrial
AVIBASE-694C127A,10733.33333,0.0,,,Wetland,Herbivore,CP,No,Herbivore terrestrial
AVIBASE-B86C504C,9975.0,0.0,,,Wetland,Herbivore,,No,Herbivore terrestrial
AVIBASE-0BCBA6B9,6675.0,0.0,2100.0,2100.0,Wetland,Herbivore,M,No,Herbivore terrestrial
AVIBASE-BDDB5670,10350.0,0.0,700.0,700.0,Wetland,Herbivore,M,No,Herbivore terrestrial
AVIBASE-E93960AB,888.25,0.0,,,Wetland,Herbivore,CP,No,Herbivore terrestrial
AVIBASE-C7FB4E76,861.75,82.0,968.0,1050.0,Riverine,Carnivore,"CR,CV",No,Invertivore
AVIBASE-B3F9BB06,2620.75,0.0,1200.0,1200.0,Coastal,Carnivore,,No,Invertivore
AVIBASE-1891E2C4,4881.25,0.0,,,Coastal,Carnivore,,Yes,Invertivore
AVIBASE-13CF7E44,3799.0,0.0,400.0,400.0,Coastal,Carnivore,BU,Yes,Invertivore
AVIBASE-63180090,3250.0,0.0,0.0,0.0,Coastal,Carnivore,,Yes,Invertivore
AVIBASE-C1068510,366.875,1500.0,2500.0,4000.0,Riverine,Carnivore,"CV,O",No,Invertivore
AVIBASE-EB01B24C,4475.0,0.0,2000.0,2000.0,Wetland,Herbivore,"CV,O",No,Omnivore
AVIBASE-6C8A4060,1817.5,0.0,300.0,300.0,Wetland,Herbivore,CV,No,Herbivore terrestrial
AVIBASE-3948131B,1817.5,0.0,2400.0,2400.0,Wetland,Herbivore,CV,No,Herbivore terrestrial
AVIBASE-842CC0BC,1796.25,2100.0,2400.0,4500.0,Grassland,Herbivore,,No,Herbivore terrestrial
AVIBASE-DA2F24E3,2021.33333,0.0,3800.0,3800.0,Wetland,Herbivore,"CP,O",No,Omnivore
AVIBASE-E4AA60C7,,,,,Wetland,Herbivore,,No,Herbivore terrestrial
AVIBASE-10D0AD82,,,,,Wetland,Herbivore,,No,Herbivore terrestrial
AVIBASE-FA5A25B2,1558.0,0.0,500.0,500.0,Wetland,Herbivore,CV,No,Omnivore
AVIBASE-BB29610F,2617.5,3000.0,2400.0,5400.0,Wetland,Herbivore,,No,Herbivore terrestrial
AVIBASE-74FC5DAB,2916.0,0.0,1500.0,1500.0,Grassland,Herbivore,,No,Herbivore terrestrial
AVIBASE-4270502F,2735.0,0.0,,,Coastal,Herbivore,,No,Herbivore terrestrial
AVIBASE-E0DEB0E7,1779.25,0.0,1500.0,1500.0,Forest,Herbivore,CV,No,Herbivore terrestrial
AVIBASE-164A10EA,1756.83333,0.0,,,Grassland,Herbivore,,No,Herbivore terrestrial
AVIBASE-13B373F3,883.5,0.0,,,Coastal,Carnivore,CV,No,Invertivore
AVIBASE-5EAB32D3,1035.5,0.0,2400.0,2400.0,Coastal,Carnivore,BU,No,Invertivore
AVIBASE-1F9D883E,1318.33333,0.0,4800.0,4800.0,Wetland,Omnivore,CV,No,Omnivore
AVIBASE-D9DEA77E,1323.66667,0.0,2400.0,2400.0,Wetland,Herbivore,"CV,BU",No,Omnivore
AVIBASE-FF1439E4,1424.5,0.0,,,Wetland,Omnivore,,No,Omnivore
AVIBASE-AB08E5C4,1569.5,0.0,,,Coastal,Herbivore,,No,Herbivore terrestrial
AVIBASE-B2EEE0EA,1235.0,0.0,,,Wetland,Herbivore,,No,Herbivore terrestrial
AVIBASE-FE03DD1E,366.25,0.0,,,Wetland,Omnivore,"M,O",No,Omnivore
AVIBASE-A9FC6BC0,345.66667,3000.0,1100.0,4100.0,Riverine,Carnivore,,No,Invertivore
AVIBASE-8DE14046,2140.0,0.0,1200.0,1200.0,Wetland,Omnivore,CV,No,Omnivore
AVIBASE-FDB6503B,2950.0,0.0,1400.0,1400.0,Wetland,Herbivore,"CV,O",No,Omnivore
AVIBASE-F28E3EB8,910.0,0.0,900.0,900.0,Wetland,Carnivore,,No,Invertivore
AVIBASE-27B2749A,691.75,0.0,900.0,900.0,Wetland,Omnivore,CV,No,Omnivore
AVIBASE-E1714A09,575.0,0.0,1500.0,1500.0,Wetland,Omnivore,CV,No,Omnivore
AVIBASE-149A8E7E,825.25,0.0,1800.0,1800.0,Wetland,Herbivore,CV,No,Herbivore terrestrial
AVIBASE-B3A6E16F,1500.0,,,,Grassland,Herbivore,,Yes,Herbivore terrestrial
AVIBASE-EC7C1618,272.5,0.0,1800.0,1800.0,Wetland,Herbivore,,No,Omnivore
AVIBASE-90AAE188,343.5,0.0,1280.0,1280.0,Wetland,Herbivore,CV,No,Omnivore
AVIBASE-D040868F,328.75,0.0,,,Wetland,Herbivore,CV,No,Omnivore
AVIBASE-DDFC6B2B,468.0,0.0,500.0,500.0,Wetland,Herbivore,"M,O,CV",No,Omnivore
AVIBASE-45C1096F,345.0,0.0,2580.0,2580.0,Wetland,Herbivore,"CV,O",No,Granivore
AVIBASE-079F846A,941.38333,0.0,4800.0,4800.0,Wetland,Carnivore,,No,Invertivore
AVIBASE-DB94B36F,1248.25,0.0,1800.0,1800.0,Riverine,Omnivore,,No,Omnivore
AVIBASE-63EABB42,446.75,0.0,2650.0,2650.0,Wetland,Herbivore,,No,Omnivore
AVIBASE-F577BA0F,401.25,0.0,1200.0,1200.0,Wetland,Omnivore,SC,No,Omnivore
AVIBASE-FA831F65,269.2,0.0,2250.0,2250.0,Wetland,Omnivore,,No,Omnivore
AVIBASE-86B0BAFA,507.75,,,4600.0,Wetland,Herbivore,SC,No,Omnivore
AVIBASE-C8F1E992,409.75,0.0,4600.0,4600.0,Wetland,Herbivore,,No,Omnivore
AVIBASE-CEFACC86,511.6,0.0,3400.0,3400.0,Wetland,Omnivore,,No,Omnivore
AVIBASE-0E599E6C,406.25,0.0,3800.0,3800.0,Wetland,Omnivore,SC,No,Omnivore
AVIBASE-90E2543E,400.5,0.0,3600.0,3600.0,Wetland,Omnivore,SC,No,Omnivore
AVIBASE-4670CF43,629.75,0.0,1000.0,1000.0,Wetland,Carnivore,,No,Invertivore
AVIBASE-A21E7645,678.0,0.0,,,Wetland,Carnivore,SC,No,Invertivore
AVIBASE-ED4CE8E7,631.5,0.0,4000.0,4000.0,Wetland,Carnivore,SC,No,Invertivore
AVIBASE-C235A4D7,857.5,0.0,2730.0,2730.0,Wetland,Herbivore,SC,No,Herbivore terrestrial
AVIBASE-978D4485,620.5,0.0,,,Wetland,Herbivore,,No,Herbivore terrestrial
AVIBASE-15EE0D36,783.75,0.0,3650.0,3650.0,Wetland,Herbivore,SC,No,Herbivore terrestrial
AVIBASE-0B8AF41F,922.83333,0.0,1200.0,1200.0,Wetland,Herbivore,,No,Herbivore terrestrial
AVIBASE-D201EB72,938.125,0.0,,,Wetland,Herbivore,SC,No,Herbivore terrestrial
AVIBASE-B52611C1,289.5,0.0,500.0,500.0,Wetland,Herbivore,,Yes,Herbivore terrestrial
AVIBASE-1EAFAD9F,996.83333,1000.0,3200.0,4200.0,Riverine,Omnivore,,No,Omnivore
AVIBASE-7F64AD87,907.66667,0.0,3890.0,3890.0,Wetland,Herbivore,,No,Omnivore
AVIBASE-9BA03AF9,1023.625,800.0,700.0,1500.0,Wetland,Omnivore,,No,Omnivore
AVIBASE-07479AD9,1000.5,0.0,2500.0,2500.0,Wetland,Herbivore,"CV,O",No,Herbivore terrestrial
AVIBASE-3F444E5A,465.25,0.0,,,Coastal,Carnivore,CP,No,Invertivore
AVIBASE-250EA983,573.25,0.0,3000.0,3000.0,Wetland,Omnivore,HC,No,Omnivore
AVIBASE-9AA3E5C2,850.16667,0.0,400.0,400.0,Wetland,Omnivore,,No,Omnivore
AVIBASE-759C5EB8,1220.0,0.0,,,Wetland,Herbivore,M,No,Omnivore
AVIBASE-E21470F9,1017.5,0.0,3350.0,3350.0,Wetland,Herbivore,M,No,Omnivore
AVIBASE-85625D75,1170.83333,0.0,2000.0,2000.0,Wetland,Omnivore,"CP,CV,O",No,Omnivore
AVIBASE-697B933E,1027.5,0.0,,,Wetland,Omnivore,CP,No,Omnivore
AVIBASE-C732CB10,1211.25,0.0,,,Wetland,Omnivore,SC,No,Omnivore
AVIBASE-42CF45FE,1003.75,0.0,2500.0,2500.0,Wetland,Omnivore,CP,No,Omnivore
AVIBASE-25DA0F41,423.83333,0.0,2420.0,2420.0,Wetland,Omnivore,SC,No,Omnivore
AVIBASE-D2F97D13,544.5,0.0,2500.0,2500.0,Wetland,Herbivore,,No,Omnivore
AVIBASE-8F6876AC,648.0,0.0,2450.0,2450.0,Wetland,Omnivore,M,No,Omnivore
AVIBASE-B940CCD5,626.66667,0.0,4600.0,4600.0,Wetland,Herbivore,PL,No,Omnivore
AVIBASE-8899CF64,497.0,0.0,500.0,500.0,Wetland,Carnivore,,No,Invertivore
AVIBASE-56CCA717,912.75,0.0,4000.0,4000.0,Wetland,Omnivore,SC,No,Omnivore
AVIBASE-BC6C3CCE,325.0,0.0,3350.0,3350.0,Wetland,Omnivore,CP,No,Omnivore
AVIBASE-BC6C3CCE,330.5,0.0,,,Wetland,Herbivore,CP,No,Granivore
AVIBASE-D4263C69,609.0,0.0,4500.0,4500.0,Wetland,Omnivore,CV,No,Omnivore
AVIBASE-0642F0F9,457.0,2600.0,1700.0,4300.0,Wetland,Omnivore,,No,Omnivore
AVIBASE-EC92E98D,409.25,0.0,,,Wetland,Omnivore,"CV,SC",No,Omnivore
AVIBASE-EDB1BDAA,370.0,0.0,,,Wetland,Omnivore,"CV,PL",No,Omnivore
AVIBASE-08F2BBC6,,,,,Coastal,Herbivore,,No,Herbivore terrestrial
AVIBASE-9CBAFD8F,504.25,0.0,,,Wetland,Omnivore,CV,No,Omnivore
AVIBASE-DBF66606,662.25,0.0,,,Coastal,Omnivore,CV,No,Omnivore
AVIBASE-7CBD0D73,365.0,0.0,200.0,200.0,Wetland,Carnivore,,No,Invertivore
AVIBASE-DF842C45,683.6,0.0,0.0,0.0,Coastal,Carnivore,CP,No,Invertivore
AVIBASE-92C1E596,522.25,0.0,200.0,200.0,Coastal,Carnivore,CP,Yes,Invertivore
AVIBASE-E804C52B,358.75,0.0,100.0,100.0,Grassland,Carnivore,,Yes,Invertivore
AVIBASE-6362936E,422.5,0.0,100.0,100.0,Wetland,Herbivore,SC,No,Granivore
AVIBASE-8D0294E1,963.8,,,,Wetland,Carnivore,SA,No,Invertivore
AVIBASE-3EC2CDA9,1087.5,0.0,4180.0,4180.0,Wetland,Herbivore,"SC,O",No,Herbivore terrestrial
AVIBASE-03A3B616,1103.4,0.0,1000.0,1000.0,Wetland,Herbivore,,No,Herbivore terrestrial
AVIBASE-36C0242E,820.8,0.0,3650.0,3650.0,Wetland,Herbivore,"CP,SC",No,Granivore
AVIBASE-1929E1E1,1223.25,0.0,1200.0,1200.0,Wetland,Omnivore,PL,No,Omnivore
AVIBASE-3072CC16,1055.0,0.0,,,Wetland,Omnivore,HC,No,Omnivore
AVIBASE-A96692E0,845.5,0.0,2690.0,2690.0,Wetland,Omnivore,SC,No,Omnivore
AVIBASE-ABEF107C,803.75,0.0,1150.0,1150.0,Wetland,Herbivore,PL,No,Omnivore
AVIBASE-691757FF,685.0,700.0,960.0,1660.0,Wetland,Carnivore,,No,Invertivore
AVIBASE-750FE708,707.25,0.0,,,Wetland,Herbivore,SC,No,Herbivore terrestrial
AVIBASE-7CF91527,594.16667,0.0,4200.0,4200.0,Wetland,Omnivore,,No,Omnivore
AVIBASE-3C157679,645.5,0.0,1000.0,1000.0,Wetland,Omnivore,CP,No,Omnivore
AVIBASE-0783A7EA,825.5,0.0,2500.0,2500.0,Wetland,Omnivore,"PL,CP",No,Omnivore
AVIBASE-67CEA1C1,700.0,0.0,3000.0,3000.0,Wetland,Omnivore,,No,Omnivore
AVIBASE-25C94A8F,984.0,0.0,,,Wetland,Omnivore,CP,No,Omnivore
AVIBASE-50566E50,853.75,0.0,,,Wetland,Carnivore,CP,No,Invertivore
AVIBASE-BA07D016,815.75,0.0,,,Marine,Carnivore,M,No,Invertivore
AVIBASE-80897D19,673.5,0.0,,,Coastal,Carnivore,"PL,CP",No,Invertivore
AVIBASE-7D8BF5CC,1443.75,0.0,,,Coastal,Carnivore,CP,No,Invertivore
AVIBASE-F3D74914,1507.5,0.0,100.0,100.0,Marine,Carnivore,"CP,SC",No,Invertivore
AVIBASE-B77377EE,2042.83333,0.0,,,Marine,Carnivore,CP,No,Invertivore
AVIBASE-BCBD2EAE,553.0,0.0,1890.0,1890.0,Riverine,Carnivore,CP,No,Invertivore
AVIBASE-624078BA,1019.75,0.0,800.0,800.0,Wetland,Carnivore,CP,No,Invertivore
AVIBASE-BAF44E36,1635.16667,0.0,3000.0,3000.0,Wetland,Carnivore,SC,No,Invertivore
AVIBASE-4800D6B6,1647.16667,0.0,,,Wetland,Carnivore,SC,No,Invertivore
AVIBASE-1A601D86,1267.5,0.0,2300.0,2300.0,Forest,Carnivore,SC,No,Invertivore
AVIBASE-24698199,1127.25,0.0,700.0,700.0,Wetland,Carnivore,SC,No,Invertivore
AVIBASE-B7B1A5DD,1046.1,0.0,,,Wetland,Carnivore,SC,No,Invertivore
AVIBASE-AF0C7BDE,782.0,0.0,,,Wetland,Carnivore,SC,No,Invertivore
AVIBASE-FB738385,400.5,0.0,2500.0,2500.0,Wetland,Carnivore,CV,No,Invertivore
AVIBASE-68EA281A,921.0,0.0,2000.0,2000.0,Wetland,Carnivore,"CV,CP",No,Invertivore
AVIBASE-9456DEDF,838.0,0.0,1850.0,1850.0,Wetland,Carnivore,"CR,CV",No,Invertivore
AVIBASE-F1F52036,658.75,0.0,,,Wetland,Carnivore,CV,No,Aquatic predator
AVIBASE-60E6081E,638.0,0.0,1180.0,1180.0,Wetland,Carnivore,CV,No,Invertivore
AVIBASE-EDDA42ED,898.0,,,,Wetland,Carnivore,,No,Aquatic predator
AVIBASE-9DAC1E8B,827.66667,,,1100.0,Wetland,Carnivore,CV,No,Aquatic predator
AVIBASE-407E2CA8,1488.0,0.0,2800.0,2800.0,Wetland,Carnivore,"CV,O,SC",No,Aquatic predator
AVIBASE-8DB64266,1058.33333,0.0,,,Wetland,Carnivore,"SC,CP",No,Aquatic predator
AVIBASE-561D77FF,1145.8,0.0,900.0,900.0,Riverine,Carnivore,"CV,O",No,Aquatic predator
AVIBASE-5ACD60F4,528.5,,,,Wetland,Herbivore,,No,Granivore
AVIBASE-98C6F885,361.0,0.0,1450.0,1450.0,Wetland,Herbivore,CP,No,Herbivore terrestrial
AVIBASE-675EEA7F,586.66667,0.0,2200.0,2200.0,Wetland,Carnivore,CP,No,Invertivore
AVIBASE-3DB916F5,800.75,2000.0,2500.0,4500.0,Wetland,Carnivore,CP,No,Invertivore
AVIBASE-079A8245,665.0,0.0,1200.0,1200.0,Wetland,Omnivore,PL,No,Omnivore
AVIBASE-672BA2DA,837.75,0.0,500.0,500.0,Wetland,Omnivore,CP,No,Omnivore
AVIBASE-1C2F4E80,685.33333,0.0,3000.0,3000.0,Wetland,Omnivore,O,No,Omnivore
AVIBASE-2E40EF2C,705.0,0.0,,,Wetland,Omnivore,"PL,O",No,Omnivore
AVIBASE-623B61C4,1930.75,0.0,,,Wetland,Carnivore,CP,No,Invertivore
AVIBASE-6BD20F58,2390.0,0.0,,,Forest,Herbivore,M,No,Omnivore
AVIBASE-06637487,1445.0,300.0,1200.0,1500.0,Forest,Herbivore,M,No,Omnivore
AVIBASE-638C9A70,,620.0,310.0,930.0,Forest,Herbivore,M,No,Omnivore
AVIBASE-9F3603B0,1785.0,0.0,1600.0,1600.0,Forest,Herbivore,M,No,Omnivore
AVIBASE-49888E04,1321.25,0.0,800.0,800.0,Forest,Omnivore,M,No,Omnivore
AVIBASE-DF603601,1532.0,0.0,1390.0,1390.0,Forest,Omnivore,M,No,Omnivore
AVIBASE-BE7FA465,2092.5,0.0,530.0,530.0,Forest,Herbivore,M,No,Omnivore
AVIBASE-7B3B8F2F,1543.75,0.0,1375.0,1375.0,Forest,Herbivore,BU,No,Omnivore
AVIBASE-9CE98D28,503.33333,0.0,1950.0,1950.0,Forest,Omnivore,"BU,M",No,Omnivore
AVIBASE-69BBDE32,376.5,0.0,50.0,50.0,Forest,Carnivore,BU,No,Invertivore
AVIBASE-E19BE428,337.16667,0.0,50.0,50.0,Forest,Omnivore,"BU,M",No,Omnivore
AVIBASE-F4042498,843.25,0.0,600.0,600.0,Forest,Carnivore,M,No,Invertivore
AVIBASE-A3FF8DCA,892.125,0.0,2100.0,2100.0,Forest,Carnivore,"BU,M",No,Invertivore
AVIBASE-034D904B,844.5,0.0,450.0,450.0,Forest,Omnivore,M,No,Omnivore
AVIBASE-8A966B18,993.0,,,,Forest,Omnivore,M,No,Omnivore
AVIBASE-25B64C4F,644.5,0.0,1550.0,1550.0,Forest,Omnivore,M,No,Omnivore
AVIBASE-8252F53B,525.0,0.0,450.0,450.0,Forest,Carnivore,,No,Invertivore
AVIBASE-5795BC17,657.5,0.0,1575.0,1575.0,Forest,Herbivore,"BU,M",No,Omnivore
AVIBASE-45EEB735,768.5,0.0,800.0,800.0,Forest,Omnivore,BU,No,Omnivore
AVIBASE-FAE8B00D,652.33333,0.0,2100.0,2100.0,Forest,Omnivore,M,No,Omnivore
AVIBASE-73651931,950.25,0.0,1500.0,1500.0,Forest,Herbivore,"BU,M",No,Omnivore
AVIBASE-F4F49CCB,559.33333,0.0,1850.0,1850.0,Shrubland,Herbivore,,No,Frugivore
AVIBASE-3760C5DC,566.5,0.0,1700.0,1700.0,Shrubland,Herbivore,PL,No,Frugivore
AVIBASE-B679EB0C,639.0,0.0,800.0,800.0,Shrubland,Herbivore,,No,Frugivore
AVIBASE-E6447877,604.4,0.0,1600.0,1600.0,Forest,Herbivore,PL,No,Frugivore
AVIBASE-7B8E0E0F,632.5,0.0,1390.0,1390.0,Forest,Herbivore,,No,Frugivore
AVIBASE-1C856C25,834.0,0.0,1300.0,1300.0,Forest,Herbivore,,No,Frugivore
AVIBASE-98FC9EB9,760.0,0.0,2400.0,2400.0,Forest,Herbivore,PL,No,Frugivore
AVIBASE-497B576C,578.5,,,1000.0,Forest,Herbivore,PL,No,Omnivore
AVIBASE-36D6CAB7,499.5,0.0,1500.0,1500.0,Forest,Herbivore,PL,No,Frugivore
AVIBASE-E14D2BC4,502.25,0.0,2000.0,2000.0,Shrubland,Herbivore,HC,No,Omnivore
AVIBASE-7C8C422A,550.0,0.0,1800.0,1800.0,Forest,Herbivore,HC,No,Frugivore
AVIBASE-407F8A84,559.0,0.0,800.0,800.0,Shrubland,Herbivore,HC,No,Frugivore
AVIBASE-1F58D15F,486.66667,,,2500.0,Forest,Herbivore,,No,Frugivore
AVIBASE-E0BC6A2E,482.5,0.0,1700.0,1700.0,Forest,Herbivore,CP,No,Frugivore
AVIBASE-9DD9E321,495.0,,,,Forest,Herbivore,CP,No,Frugivore
AVIBASE-D2E6C1C1,549.3,0.0,1000.0,1000.0,Shrubland,Herbivore,PL,No,Frugivore
AVIBASE-540D21F5,798.0,550.0,1850.0,2400.0,Forest,Herbivore,,No,Frugivore
AVIBASE-89605A18,822.8,1500.0,1600.0,3100.0,Forest,Herbivore,,No,Frugivore
AVIBASE-BA3D0CC1,1025.5,100.0,1400.0,1500.0,Forest,Herbivore,,No,Frugivore
AVIBASE-6CF279AC,650.0,1200.0,2500.0,3700.0,Forest,Herbivore,PL,No,Frugivore
AVIBASE-B08C691D,1067.0,100.0,500.0,600.0,Forest,Herbivore,CP,No,Frugivore
AVIBASE-28799734,950.0,0.0,1300.0,1300.0,Forest,Herbivore,PL,No,Frugivore
AVIBASE-D3E64B50,1230.0,1800.0,700.0,2500.0,Forest,Herbivore,PL,No,Frugivore
AVIBASE-01A38979,1939.5,0.0,2000.0,2000.0,Forest,Herbivore,PL,No,Frugivore
AVIBASE-2296FCC4,1197.0,1200.0,900.0,2100.0,Forest,Herbivore,,No,Frugivore
AVIBASE-D10D229A,1675.0,500.0,600.0,1100.0,Forest,Herbivore,,No,Omnivore
AVIBASE-1D1EDAF0,1469.5,100.0,1800.0,1900.0,Forest,Herbivore,,No,Frugivore
AVIBASE-BF379105,1530.0,0.0,2300.0,2300.0,Forest,Herbivore,CP,No,Frugivore
AVIBASE-7F3B09C0,1770.0,,,1000.0,Forest,Herbivore,,No,Herbivore terrestrial
AVIBASE-474C532A,1305.0,0.0,800.0,800.0,Forest,Herbivore,,No,Frugivore
AVIBASE-1CE8F9FE,1214.5,,,,Forest,Herbivore,,No,Omnivore
AVIBASE-7DDADC44,1438.0,0.0,1000.0,1000.0,Woodland,Herbivore,,No,Omnivore
AVIBASE-9D2FC800,2150.0,400.0,500.0,900.0,Forest,Herbivore,PL,No,Frugivore
AVIBASE-0440B291,1228.0,0.0,1000.0,1000.0,Forest,Herbivore,,No,Frugivore
AVIBASE-601C4D19,1239.0,0.0,1500.0,1500.0,Forest,Herbivore,,No,Frugivore
AVIBASE-B261EA96,1200.0,0.0,700.0,700.0,Forest,Herbivore,,No,Frugivore
AVIBASE-DA1A931A,1250.0,0.0,1000.0,1000.0,Forest,Herbivore,PL,No,Frugivore
AVIBASE-50A42775,1398.33333,400.0,2100.0,2500.0,Forest,Herbivore,CP,No,Frugivore
AVIBASE-8C688594,1135.0,800.0,1450.0,2250.0,Forest,Herbivore,PL,No,Frugivore
AVIBASE-B019CEB9,702.0,1100.0,2400.0,3500.0,Forest,Herbivore,PL,No,Frugivore
AVIBASE-E627D25F,890.0,900.0,2100.0,3000.0,Forest,Herbivore,SC,No,Frugivore
AVIBASE-9584A5CA,2072.8,2300.0,800.0,3100.0,Forest,Herbivore,CP,No,Frugivore
AVIBASE-B4CC6C9F,1368.0,,,850.0,Forest,Herbivore,CP,No,Frugivore
AVIBASE-5C20314D,2268.75,,,600.0,Forest,Herbivore,,No,Frugivore
AVIBASE-D24A7EA3,3550.0,0.0,600.0,600.0,Forest,Herbivore,,No,Frugivore
AVIBASE-303C9D79,2893.33333,0.0,1350.0,1350.0,Forest,Herbivore,CP,No,Frugivore
AVIBASE-333D3213,2852.5,0.0,400.0,400.0,Forest,Herbivore,CP,No,Frugivore
AVIBASE-04689F34,3150.0,1000.0,800.0,1800.0,Forest,Herbivore,PL,No,Frugivore
AVIBASE-FB925C9B,3725.0,500.0,400.0,900.0,Forest,Omnivore,CP,No,Omnivore
AVIBASE-8F41C0ED,3745.0,1100.0,350.0,1450.0,Forest,Herbivore,,No,Omnivore
AVIBASE-BA8A14D2,3756.16667,0.0,1200.0,1200.0,Forest,Herbivore,,No,Frugivore
AVIBASE-9260D3DD,2650.0,0.0,600.0,600.0,Forest,Herbivore,,No,Frugivore
AVIBASE-0A74C21D,2383.33333,100.0,1400.0,1500.0,Forest,Herbivore,SP,No,Omnivore
AVIBASE-16A1A2B1,3106.25,0.0,1700.0,1700.0,Forest,Herbivore,PL,No,Frugivore
AVIBASE-E3180F5D,2500.0,,,300.0,Forest,Herbivore,,No,Omnivore
AVIBASE-CFC11273,2580.0,0.0,800.0,800.0,Forest,Herbivore,PL,No,Frugivore
AVIBASE-E9BD3822,2600.0,0.0,900.0,900.0,Forest,Herbivore,,No,Frugivore
AVIBASE-CB3380D4,3250.0,0.0,500.0,500.0,Forest,Herbivore,PL,No,Frugivore
AVIBASE-E0EE1B89,815.0,,,,Forest,Carnivore,,No,Invertivore
AVIBASE-38193321,700.0,0.0,830.0,830.0,Forest,Carnivore,,No,Invertivore
AVIBASE-1044B438,1443.6,0.0,3000.0,3000.0,Grassland,Herbivore,SC,No,Omnivore
AVIBASE-374253A6,875.0,0.0,540.0,540.0,Forest,Omnivore,SC,No,Omnivore
AVIBASE-9D29C252,1035.0,0.0,2200.0,2200.0,Forest,Herbivore,SC,No,Omnivore
AVIBASE-35D60F12,1153.66667,0.0,2200.0,2200.0,Forest,Omnivore,SC,No,Omnivore
AVIBASE-34703319,1315.0,0.0,1370.0,1370.0,Forest,Herbivore,SC,No,Omnivore
AVIBASE-F7A3FA35,1332.25,0.0,1900.0,1900.0,Shrubland,Herbivore,SC,No,Omnivore
AVIBASE-57B05159,192.5,600.0,900.0,1500.0,Rock,Herbivore,SC,No,Omnivore
AVIBASE-07A42F4E,278.5,500.0,1000.0,1500.0,Forest,Omnivore,CV,No,Omnivore
AVIBASE-AF3E329B,368.5,300.0,2600.0,2900.0,Forest,Herbivore,,No,Omnivore
AVIBASE-B6A6A4A0,386.5,1280.0,2020.0,3300.0,Forest,Herbivore,,No,Omnivore
AVIBASE-B2082233,407.5,900.0,2200.0,3100.0,Forest,Herbivore,"DM,SC",No,Omnivore
AVIBASE-171E91FF,237.83333,700.0,2300.0,3000.0,Shrubland,Herbivore,,No,Omnivore
AVIBASE-C46EEE59,195.5,1000.0,1000.0,2000.0,Shrubland,Herbivore,,No,Granivore
AVIBASE-71FBF8D4,182.16667,0.0,1500.0,1500.0,Forest,Herbivore,,No,Granivore
AVIBASE-F93AC929,176.05,0.0,2590.0,2590.0,Shrubland,Herbivore,SC,No,Granivore
AVIBASE-C1ED9F86,175.41667,0.0,1650.0,1650.0,Desert,Herbivore,SC,No,Granivore
AVIBASE-4DE41E52,127.25,0.0,1650.0,1650.0,Shrubland,Herbivore,,No,Granivore
AVIBASE-91CCBC71,196.01667,0.0,2500.0,2500.0,Woodland,Herbivore,SC,No,Granivore
AVIBASE-2F9C259A,131.33333,0.0,200.0,200.0,Shrubland,Herbivore,SC,No,Granivore
AVIBASE-E1CB174C,129.5,0.0,1500.0,1500.0,Grassland,Herbivore,CP,No,Granivore
AVIBASE-5C8A2A0C,132.5,0.0,2700.0,2700.0,Grassland,Herbivore,CP,No,Granivore
AVIBASE-B41E681C,318.25,0.0,1800.0,1800.0,Forest,Omnivore,DM,No,Omnivore
AVIBASE-46499ABF,426.5,0.0,1600.0,1600.0,Forest,Herbivore,DM,No,Frugivore
AVIBASE-DE957D9D,334.66667,450.0,1150.0,1600.0,Forest,Omnivore,"DM,BU",No,Omnivore
AVIBASE-DCE5A946,278.75,0.0,1600.0,1600.0,Forest,Herbivore,,No,Omnivore
AVIBASE-C45218DF,290.8,1200.0,1900.0,3100.0,Forest,Omnivore,SC,No,Omnivore
AVIBASE-D8BFC2F1,340.0,1600.0,1200.0,2800.0,Forest,Herbivore,DM,No,Omnivore
AVIBASE-344EF5E2,322.0,1100.0,1100.0,2200.0,Forest,Omnivore,,No,Omnivore
AVIBASE-F761F6C4,317.0,800.0,950.0,1750.0,Forest,Herbivore,,No,Omnivore
AVIBASE-0E67D7FC,273.5,1050.0,400.0,1450.0,Forest,Herbivore,,No,Omnivore
AVIBASE-744EE96B,302.0,1600.0,450.0,2050.0,Forest,Herbivore,,No,Omnivore
AVIBASE-062EC06C,339.5,800.0,1600.0,2400.0,Forest,Herbivore,DM,No,Omnivore
AVIBASE-C874DFDD,293.66667,700.0,1150.0,1850.0,Forest,Omnivore,SC,No,Herbivore terrestrial
AVIBASE-80200CD9,317.5,1000.0,2300.0,3300.0,Forest,Herbivore,,No,Herbivore terrestrial
AVIBASE-B2112708,336.5,,,400.0,Forest,Omnivore,DM,No,Omnivore
AVIBASE-B0E77189,304.0,500.0,2500.0,3000.0,Forest,Omnivore,,No,Omnivore
AVIBASE-CDF3BB98,181.75,1000.0,2000.0,3000.0,Forest,Omnivore,,No,Omnivore
AVIBASE-C5B014E3,185.5,500.0,2621.0,3121.0,Woodland,Herbivore,DM,No,Omnivore
AVIBASE-B33696C5,185.0,1060.0,1940.0,3000.0,Forest,Herbivore,DM,No,Omnivore
AVIBASE-A5DA64FF,200.0,750.0,2300.0,3050.0,Woodland,Herbivore,,No,Omnivore
AVIBASE-8A792FFC,139.66667,0.0,1450.0,1450.0,Forest,Omnivore,,No,Omnivore
AVIBASE-58A666ED,207.25,1350.0,710.0,2060.0,Forest,Carnivore,,No,Invertivore
AVIBASE-E0593077,210.5,0.0,1200.0,1200.0,Forest,Herbivore,DM,No,Omnivore
AVIBASE-90324456,250.5,0.0,1300.0,1300.0,Forest,Omnivore,SC,No,Omnivore
AVIBASE-7B454390,280.5,0.0,600.0,600.0,Forest,Herbivore,,No,Granivore
AVIBASE-E74469BF,342.0,1500.0,1500.0,3000.0,Forest,Omnivore,"CP,DM,SC",No,Omnivore
AVIBASE-53A3FEBE,402.5,1400.0,400.0,1800.0,Forest,Herbivore,SC,No,Frugivore
AVIBASE-768C2230,268.0,250.0,2200.0,2450.0,Forest,Herbivore,,No,Omnivore
AVIBASE-B4C3A84F,286.5,700.0,200.0,900.0,Forest,Omnivore,,No,Omnivore
AVIBASE-5CEEFC64,298.16667,600.0,2400.0,3000.0,Forest,Herbivore,"DM,SC",No,Omnivore
AVIBASE-D8FA684D,226.0,900.0,1600.0,2500.0,Forest,Herbivore,,No,Omnivore
AVIBASE-A60EA370,286.0,400.0,1100.0,1500.0,Forest,Herbivore,,No,Omnivore
AVIBASE-629D76CA,243.5,500.0,900.0,1400.0,Forest,Omnivore,,No,Omnivore
AVIBASE-CBDF02F0,261.5,1500.0,500.0,2000.0,Forest,Herbivore,CR,No,Omnivore
AVIBASE-65723342,256.0,,,1700.0,Forest,Herbivore,SC,No,Omnivore
AVIBASE-B05BB149,292.5,,,1350.0,Forest,Herbivore,SC,No,Omnivore
AVIBASE-C033F5EF,241.0,130.0,120.0,250.0,Forest,Herbivore,,No,Omnivore
AVIBASE-69E98505,270.0,600.0,1290.0,1890.0,Forest,Omnivore,DM,No,Omnivore
AVIBASE-D24B3E57,312.0,1100.0,500.0,1600.0,Forest,Herbivore,SA,No,Frugivore
AVIBASE-D196AECF,336.0,500.0,1500.0,2000.0,Forest,Herbivore,,No,Frugivore
AVIBASE-0AB49545,336.0,500.0,1500.0,2000.0,Forest,Herbivore,,No,Frugivore
AVIBASE-D0F51293,271.5,600.0,1900.0,2500.0,Forest,Herbivore,,No,Frugivore
AVIBASE-DAF52CD6,310.5,1000.0,1200.0,2200.0,Forest,Herbivore,,No,Frugivore
AVIBASE-AEC62A99,581.5,3000.0,2500.0,5500.0,Grassland,Herbivore,SC,No,Herbivore terrestrial
AVIBASE-FFF63987,535.83333,2550.0,1950.0,4500.0,Shrubland,Herbivore,SC,No,Herbivore terrestrial
AVIBASE-44BD6CF1,1650.0,1735.0,1865.0,3600.0,Forest,Herbivore,"CV,O",No,Herbivore terrestrial
AVIBASE-FB26CE58,1475.0,2400.0,1850.0,4250.0,Forest,Herbivore,O,No,Herbivore terrestrial
AVIBASE-528CC7C2,1476.66667,1800.0,600.0,2400.0,Forest,Herbivore,,No,Omnivore
AVIBASE-5DDD7AA1,1146.75,1220.0,2780.0,4000.0,Forest,Herbivore,,No,Herbivore terrestrial
AVIBASE-0D009C55,1150.0,800.0,1200.0,2000.0,Forest,Herbivore,,No,Granivore
AVIBASE-B04F04D6,832.66667,2800.0,1700.0,4500.0,Forest,Herbivore,,No,Herbivore terrestrial
AVIBASE-D839DB1A,1170.0,3700.0,1100.0,4800.0,Forest,Herbivore,"CP,SC",No,Herbivore terrestrial
AVIBASE-F57FA437,2077.5,2100.0,2400.0,4500.0,Forest,Omnivore,SC,No,Omnivore
AVIBASE-298DEB8C,2402.0,2500.0,1700.0,4200.0,Forest,Herbivore,,No,Omnivore
AVIBASE-583D3E97,3007.66667,3300.0,1200.0,4500.0,Forest,Herbivore,,No,Herbivore terrestrial
AVIBASE-6383E214,1153.75,1600.0,2400.0,4000.0,Forest,Herbivore,SC,No,Omnivore
AVIBASE-9C5ED06A,6550.0,300.0,2200.0,2500.0,Forest,Herbivore,SC,No,Omnivore
AVIBASE-729BEC33,4305.0,0.0,300.0,300.0,Forest,Herbivore,SC,No,Omnivore
AVIBASE-6D2B5CDA,613.0,0.0,1000.0,1000.0,Shrubland,Herbivore,CP,No,Herbivore terrestrial
AVIBASE-B8CA2EEB,384.0,160.0,1640.0,1800.0,Woodland,Herbivore,SC,No,Herbivore terrestrial
AVIBASE-05BEE346,336.5,2400.0,1900.0,4300.0,Forest,Herbivore,SC,No,Herbivore terrestrial
AVIBASE-B7E467E2,2100.0,,,,Grassland,Herbivore,SC,No,Herbivore terrestrial
AVIBASE-7071D403,1575.0,2250.0,300.0,2550.0,Shrubland,Herbivore,SC,No,Herbivore terrestrial
AVIBASE-A55D83A9,1118.0,1800.0,730.0,2530.0,Forest,Herbivore,,No,Herbivore terrestrial
AVIBASE-E4A5B66A,1016.25,0.0,2300.0,2300.0,Forest,Herbivore,SC,No,Herbivore terrestrial
AVIBASE-861CBBDA,839.16667,,,,Grassland,Herbivore,SC,No,Herbivore terrestrial
AVIBASE-F59448B7,872.25,,,,Shrubland,Herbivore,SC,No,Granivore
AVIBASE-CFFD1491,724.25,,,,Grassland,Omnivore,SC,No,Omnivore
AVIBASE-C53F4940,361.8,822.0,3446.0,4268.0,Grassland,Herbivore,SC,No,Herbivore terrestrial
AVIBASE-FC3D07C6,595.41667,0.0,1980.0,1980.0,Grassland,Herbivore,SC,No,Herbivore terrestrial
AVIBASE-79B161B7,608.5,1066.0,3934.0,5000.0,Grassland,Herbivore,SC,No,Herbivore terrestrial
AVIBASE-1522E139,676.25,0.0,1300.0,1300.0,Forest,Herbivore,SC,No,Herbivore terrestrial
AVIBASE-4BCA4FFF,468.75,0.0,3600.0,3600.0,Forest,Herbivore,SC,No,Herbivore terrestrial
AVIBASE-C3221EE2,3072.5,,,2000.0,Forest,Herbivore,SC,No,Herbivore terrestrial
AVIBASE-117B6909,2957.5,,,,Forest,Herbivore,SC,No,Herbivore terrestrial
AVIBASE-D4441CD6,1262.5,0.0,3000.0,3000.0,Forest,Herbivore,SC,No,Herbivore terrestrial
AVIBASE-4ACE5613,839.25,300.0,3000.0,3300.0,Shrubland,Herbivore,SC,No,Omnivore
AVIBASE-826B36EC,748.5,0.0,1500.0,1500.0,Forest,Herbivore,SC,No,Omnivore
AVIBASE-1F5998BC,747.66667,900.0,300.0,1200.0,Forest,Herbivore,,No,Omnivore
AVIBASE-ABB81DC6,372.0,3600.0,1000.0,4600.0,Grassland,Herbivore,"NO,SC",No,Granivore
AVIBASE-C013A20E,402.0,0.0,2600.0,2600.0,Grassland,Herbivore,SC,No,Granivore
AVIBASE-0923A272,265.0,0.0,3400.0,3400.0,Grassland,Herbivore,,No,Granivore
AVIBASE-0C641DC5,1100.0,0.0,1800.0,1800.0,Forest,Herbivore,,No,Granivore
AVIBASE-94785AFF,1239.0,200.0,2400.0,2600.0,Woodland,Herbivore,CP,No,Omnivore
AVIBASE-8DE17149,1157.5,1600.0,1700.0,3300.0,Forest,Omnivore,,No,Omnivore
AVIBASE-117C0DDF,1044.25,200.0,1700.0,1900.0,Forest,Herbivore,SC,No,Omnivore
AVIBASE-FAF7DC71,888.75,740.0,2260.0,3000.0,Forest,Herbivore,,No,Omnivore
AVIBASE-093AC1FC,625.0,800.0,800.0,1600.0,Forest,Herbivore,SC,No,Herbivore terrestrial
AVIBASE-DDF032E8,738.25,2100.0,1500.0,3600.0,Forest,Omnivore,SC,No,Omnivore
AVIBASE-2FA39DCD,1463.25,0.0,3500.0,3500.0,Human Modified,Herbivore,CP,No,Omnivore
AVIBASE-22C500C0,990.5,0.0,1000.0,1000.0,Human Modified,Herbivore,SC,No,Omnivore
AVIBASE-BCF98F51,1327.5,1200.0,1850.0,3050.0,Grassland,Herbivore,,No,Herbivore terrestrial
AVIBASE-23937719,1946.0,3000.0,2000.0,5000.0,Forest,Herbivore,CP,No,Herbivore terrestrial
AVIBASE-D39EDBF1,2137.5,3500.0,800.0,4300.0,Forest,Herbivore,,No,Herbivore terrestrial
AVIBASE-3AE74F1C,1900.0,1100.0,1500.0,2600.0,Forest,Herbivore,SC,No,Herbivore terrestrial
AVIBASE-B3777B6C,1785.0,2700.0,1700.0,4400.0,Forest,Herbivore,SC,No,Herbivore terrestrial
AVIBASE-7F93B067,1088.33333,0.0,300.0,300.0,Forest,Herbivore,,No,Omnivore
AVIBASE-1EFA9BD0,1100.0,300.0,1700.0,2000.0,Forest,Herbivore,,No,Omnivore
AVIBASE-2CE71349,1297.5,300.0,1175.0,1475.0,Forest,Carnivore,,No,Invertivore
AVIBASE-93A17734,883.5,25.0,3675.0,3700.0,Forest,Omnivore,SC,No,Omnivore
AVIBASE-D793F5FE,1345.0,1000.0,,,Forest,Omnivore,,No,Omnivore
AVIBASE-EF966E96,1024.66667,0.0,300.0,300.0,Forest,Omnivore,,No,Omnivore
AVIBASE-B600ECBA,934.0,0.0,500.0,500.0,Forest,Omnivore,,No,Omnivore
AVIBASE-6805AC5A,1041.66667,0.0,800.0,800.0,Forest,Omnivore,,No,Omnivore
AVIBASE-0C6585C7,685.0,600.0,1600.0,2200.0,Forest,Omnivore,,No,Omnivore
AVIBASE-E811C037,1815.0,20.0,580.0,600.0,Forest,Omnivore,SC,No,Omnivore
AVIBASE-A2C24EB3,,10.0,590.0,600.0,Grassland,Omnivore,SC,No,Omnivore
AVIBASE-376C01A5,,0.0,1900.0,1900.0,Forest,Omnivore,,No,Omnivore
AVIBASE-6949F1AE,,650.0,730.0,1380.0,Forest,Carnivore,,No,Invertivore
AVIBASE-F9F6A725,1956.25,0.0,1300.0,1300.0,Forest,Herbivore,SC,No,Frugivore
AVIBASE-E9125492,1281.25,,,1200.0,Forest,Omnivore,PL,No,Omnivore
AVIBASE-A8C34DC9,4272.75,0.0,2000.0,2000.0,Forest,Omnivore,SC,No,Omnivore
AVIBASE-990B9171,2767.5,0.0,3000.0,3000.0,Woodland,Carnivore,,No,Invertivore
AVIBASE-21008A51,276.0,0.0,1600.0,1600.0,Forest,Omnivore,CP,No,Omnivore
AVIBASE-E9C99FD7,270.0,0.0,300.0,300.0,Forest,Omnivore,,No,Omnivore
AVIBASE-5DE04CDE,,0.0,500.0,500.0,Forest,Omnivore,,No,Omnivore
AVIBASE-53F470C0,315.0,1000.0,700.0,1700.0,Forest,Omnivore,,No,Omnivore
AVIBASE-730665C1,369.0,300.0,950.0,1250.0,Shrubland,Omnivore,SC,No,Omnivore
AVIBASE-3A5DB01C,255.25,0.0,1000.0,1000.0,Shrubland,Herbivore,SC,No,Omnivore
AVIBASE-1C615F42,298.0,0.0,2100.0,2100.0,Forest,Omnivore,SC,No,Omnivore
AVIBASE-A71A69A5,379.0,0.0,1500.0,1500.0,Forest,Omnivore,,No,Omnivore
AVIBASE-2F560EC7,512.0,0.0,1070.0,1070.0,Forest,Omnivore,,No,Omnivore
AVIBASE-DBFC1B0C,564.0,0.0,150.0,150.0,Forest,Omnivore,"NO,SC",No,Omnivore
AVIBASE-9BB6A6B4,453.5,0.0,1400.0,1400.0,Forest,Omnivore,SC,No,Omnivore
AVIBASE-F6DD2F7E,554.6,200.0,1100.0,1300.0,Forest,Omnivore,SA,No,Omnivore
AVIBASE-824E5471,479.75,0.0,2000.0,2000.0,Forest,Omnivore,SC,No,Omnivore
AVIBASE-B79C272A,477.0,820.0,1180.0,2000.0,Forest,Carnivore,SC,No,Invertivore
AVIBASE-BC793E06,366.75,800.0,1000.0,1800.0,Forest,Omnivore,CP,No,Omnivore
AVIBASE-A070B7F4,318.5,500.0,2500.0,3000.0,Forest,Herbivore,SC,No,Omnivore
AVIBASE-59ECAD9D,270.25,0.0,1000.0,1000.0,Forest,Omnivore,,No,Omnivore
AVIBASE-FAA56C5A,264.0,0.0,1000.0,1000.0,Shrubland,Omnivore,SC,No,Omnivore
AVIBASE-BEA427FB,914.25,0.0,3000.0,3000.0,Shrubland,Omnivore,SC,No,Omnivore
AVIBASE-3749777E,914.25,0.0,2400.0,2400.0,Forest,Omnivore,,No,Omnivore
AVIBASE-444C1F4D,855.25,0.0,1700.0,1700.0,Forest,Herbivore,SC,No,Omnivore
AVIBASE-E91A2FA8,766.25,0.0,2300.0,2300.0,Forest,Omnivore,O,No,Omnivore
AVIBASE-E11585DB,269.0,0.0,1400.0,1400.0,Forest,Carnivore,,No,Invertivore
AVIBASE-8004C7E5,336.75,0.0,1500.0,1500.0,Shrubland,Omnivore,SC,No,Omnivore
AVIBASE-B1C204EC,337.5,0.0,500.0,500.0,Grassland,Herbivore,SC,No,Omnivore
AVIBASE-C5401E05,510.0,,,250.0,Wetland,Herbivore,CP,No,Omnivore
AVIBASE-8DC52868,330.33333,,,1500.0,Woodland,Omnivore,SC,No,Omnivore
AVIBASE-50658B22,389.5,0.0,1500.0,1500.0,Riverine,Herbivore,SC,No,Omnivore
AVIBASE-5B182830,291.0,0.0,1200.0,1200.0,Grassland,Herbivore,SC,No,Omnivore
AVIBASE-ECD7C1D8,256.0,0.0,2200.0,2200.0,Grassland,Herbivore,SC,No,Omnivore
AVIBASE-0EA1D390,273.5,,,1150.0,Grassland,Omnivore,SC,No,Omnivore
AVIBASE-CE6D7D2F,237.0,,,,Woodland,Herbivore,SC,No,Omnivore
AVIBASE-5B115F6C,385.0,600.0,1200.0,1800.0,Grassland,Omnivore,SC,No,Omnivore
AVIBASE-B49935ED,448.75,1100.0,1900.0,3000.0,Grassland,Herbivore,SC,No,Herbivore terrestrial
AVIBASE-864723FD,570.0,,,2100.0,Woodland,Carnivore,,No,Invertivore
AVIBASE-FF5BAE30,480.0,2420.0,1470.0,3890.0,Grassland,Omnivore,,No,Omnivore
AVIBASE-3D25568A,478.0,2400.0,1600.0,4000.0,Grassland,Herbivore,,No,Herbivore terrestrial
AVIBASE-21616639,405.16667,1800.0,950.0,2750.0,Grassland,Herbivore,SC,No,Herbivore terrestrial
AVIBASE-8E833C63,407.33333,,,2500.0,Grassland,Herbivore,SC,No,Omnivore
AVIBASE-A15F6836,494.75,0.0,3000.0,3000.0,Grassland,Omnivore,SC,No,Omnivore
AVIBASE-AE1B3497,488.0,700.0,1300.0,2000.0,Grassland,Omnivore,SC,No,Omnivore
AVIBASE-509A30B1,1505.0,3700.0,2100.0,5800.0,Grassland,Herbivore,SC,No,Herbivore terrestrial
AVIBASE-D9A6E25C,2770.0,2000.0,1600.0,3600.0,Grassland,Herbivore,,No,Omnivore
AVIBASE-1596C37C,2030.0,2400.0,1600.0,4000.0,Rock,Herbivore,SC,No,Herbivore terrestrial
AVIBASE-039BF484,2332.0,2400.0,1600.0,4000.0,Rock,Herbivore,SC,No,Herbivore terrestrial
AVIBASE-AC2DD69D,2471.5,2500.0,3500.0,6000.0,Grassland,Herbivore,SC,No,Herbivore terrestrial
AVIBASE-439AFD40,203.0,,,1000.0,Grassland,Herbivore,SC,No,Omnivore
AVIBASE-CD83E49E,190.0,-400.0,2400.0,2000.0,Desert,Omnivore,SC,No,Omnivore
AVIBASE-0CB2A17A,110.0,0.0,3700.0,3700.0,Grassland,Herbivore,SC,No,Granivore
AVIBASE-6A668E88,401.0,3100.0,700.0,3800.0,Shrubland,Herbivore,,No,Herbivore terrestrial
AVIBASE-C2579CCB,38.0,0.0,2300.0,2300.0,Grassland,Omnivore,SC,No,Omnivore
AVIBASE-CAA45AC6,41.66667,0.0,2100.0,2100.0,Grassland,Herbivore,SC,No,Omnivore
AVIBASE-844ABEC0,235.0,0.0,2700.0,2700.0,Forest,Herbivore,,No,Omnivore
AVIBASE-CAFE345D,107.775,0.0,3600.0,3600.0,Grassland,Herbivore,SC,No,Granivore
AVIBASE-110CF425,94.5,850.0,2150.0,3000.0,Grassland,Herbivore,SC,No,Herbivore terrestrial
AVIBASE-0CA903BB,75.64,0.0,1850.0,1850.0,Grassland,Herbivore,SC,No,Omnivore
AVIBASE-A6F042E2,74.5,0.0,2500.0,2500.0,Grassland,Herbivore,SC,No,Granivore
AVIBASE-98984CAD,100.5,,,,Grassland,Herbivore,SC,No,Granivore
AVIBASE-48E3A389,174.66667,,,,Grassland,Herbivore,SC,No,Granivore
AVIBASE-D44B2846,418.5,0.0,3300.0,3300.0,Rock,Herbivore,SC,No,Omnivore
AVIBASE-083811EB,623.0,0.0,3000.0,3000.0,Forest,Herbivore,SC,No,Omnivore
AVIBASE-F71E0BE6,489.5,0.0,1300.0,1300.0,Shrubland,Herbivore,SC,No,Omnivore
AVIBASE-87CBEBF7,573.0,0.0,3000.0,3000.0,Shrubland,Herbivore,SC,No,Omnivore
AVIBASE-44437074,632.5,1200.0,1200.0,2400.0,Rock,Herbivore,SC,No,Omnivore
AVIBASE-123F3941,441.0,2000.0,1600.0,3600.0,Shrubland,Herbivore,,No,Omnivore
AVIBASE-CFA35E8A,553.0,1300.0,2700.0,4000.0,Rock,Herbivore,SC,No,Herbivore terrestrial
AVIBASE-32413666,69.5,0.0,1500.0,1500.0,Shrubland,Herbivore,SC,No,Granivore
AVIBASE-177160F1,63.5,0.0,600.0,600.0,Grassland,Herbivore,,No,Granivore
AVIBASE-8E9DF823,67.5,600.0,1400.0,2000.0,Grassland,Herbivore,SC,No,Granivore
AVIBASE-19031FF7,67.5,200.0,800.0,1000.0,Grassland,Herbivore,SC,No,Granivore
AVIBASE-1EDD86FF,189.7,1650.0,750.0,2400.0,Grassland,Herbivore,,No,Granivore
AVIBASE-56FA0FE6,246.25,,,,Shrubland,Herbivore,CV,No,Omnivore
AVIBASE-D40CAF0C,551.0,850.0,1250.0,2100.0,Forest,Omnivore,,No,Omnivore
AVIBASE-DA7CA265,756.75,1850.0,1850.0,3700.0,Forest,Herbivore,,No,Granivore
AVIBASE-05A3EE36,828.75,1200.0,2300.0,3500.0,Forest,Omnivore,SC,No,Omnivore
AVIBASE-F86E768E,791.0,1480.0,745.0,2225.0,Forest,Omnivore,SC,No,Omnivore
AVIBASE-6C4A6597,1258.66667,100.0,3400.0,3500.0,Shrubland,Omnivore,SC,No,Omnivore
AVIBASE-20C06F73,707.0,700.0,800.0,1500.0,Forest,Omnivore,SC,No,Omnivore
AVIBASE-3A5FE639,470.0,2000.0,500.0,2500.0,Forest,Omnivore,,No,Omnivore
AVIBASE-CA53B18D,547.5,0.0,1400.0,1400.0,Forest,Herbivore,SC,No,Omnivore
AVIBASE-7A8E73BF,314.5,500.0,650.0,1150.0,Forest,Omnivore,,No,Omnivore
AVIBASE-A7E59764,1121.0,2050.0,1650.0,3700.0,Forest,Omnivore,,No,Omnivore
AVIBASE-9E356E43,466.0,0.0,1050.0,1050.0,Grassland,Omnivore,SC,No,Omnivore
AVIBASE-6405CD29,652.25,,,,Shrubland,Herbivore,SC,No,Omnivore
AVIBASE-A7002FF6,497.5,0.0,1800.0,1800.0,Shrubland,Herbivore,SC,No,Omnivore
AVIBASE-F5A73AAA,538.75,2000.0,500.0,2500.0,Shrubland,Herbivore,SC,No,Herbivore terrestrial
AVIBASE-D8267ADE,444.0,0.0,1500.0,1500.0,Grassland,Herbivore,SC,No,Omnivore
AVIBASE-1B11690B,457.25,800.0,2200.0,3000.0,Forest,Herbivore,SC,No,Omnivore
AVIBASE-3EAF578D,493.5,500.0,900.0,1400.0,Grassland,Omnivore,SC,No,Omnivore
AVIBASE-6EB4D5DE,471.0,0.0,2300.0,2300.0,Grassland,Omnivore,SC,No,Omnivore
AVIBASE-02D73B4A,495.5,1200.0,1400.0,2600.0,Woodland,Herbivore,,No,Omnivore
AVIBASE-721FFBD4,591.25,0.0,1600.0,1600.0,Grassland,Herbivore,SC,No,Omnivore
AVIBASE-90AFDF9E,631.5,0.0,2400.0,2400.0,Woodland,Herbivore,SC,No,Omnivore
AVIBASE-DB3EB527,702.25,,,,Grassland,Herbivore,SC,No,Herbivore terrestrial
AVIBASE-5FA94F66,574.16667,0.0,2450.0,2450.0,Woodland,Herbivore,SC,No,Herbivore terrestrial
AVIBASE-28BD3EB7,102.5,0.0,,,Woodland,Carnivore,NO,No,Invertivore
AVIBASE-8A6C3156,138.25,0.0,1650.0,1650.0,Forest,Carnivore,NO,No,Invertivore
AVIBASE-8C0F37FF,137.5,0.0,300.0,300.0,Coastal,Carnivore,,No,Invertivore
AVIBASE-EB1EC6B4,77.0,,,,Grassland,Carnivore,,No,Invertivore
AVIBASE-955A3BD9,104.0,250.0,2050.0,2300.0,Forest,Carnivore,,No,Invertivore
AVIBASE-F84FF9EF,80.5,0.0,400.0,400.0,Forest,Carnivore,NO,No,Invertivore
AVIBASE-DC4C9385,77.0,1800.0,1425.0,3225.0,Forest,Carnivore,NO,No,Invertivore
AVIBASE-3DBEFCA5,95.0,0.0,1065.0,1065.0,Forest,Carnivore,,No,Invertivore
AVIBASE-C5E15B31,135.25,0.0,1000.0,1000.0,Forest,Carnivore,NO,No,Invertivore
AVIBASE-D0AA9105,52.83333,0.0,1880.0,1880.0,Forest,Carnivore,NO,No,Invertivore
AVIBASE-6E297C5B,157.0,0.0,900.0,900.0,Grassland,Carnivore,NO,No,Invertivore
AVIBASE-897A81B0,29.73333,0.0,1000.0,1000.0,Grassland,Carnivore,NO,No,Invertivore
AVIBASE-18D14B20,52.25,0.0,500.0,500.0,Riverine,Carnivore,NO,No,Invertivore
AVIBASE-9690689D,50.0,0.0,2500.0,2500.0,Shrubland,Carnivore,NO,No,Invertivore
AVIBASE-24E39ACD,71.75,0.0,1250.0,1250.0,Grassland,Carnivore,NO,No,Invertivore
AVIBASE-E025D440,56.05,0.0,600.0,600.0,Grassland,Carnivore,NO,No,Invertivore
AVIBASE-518ADDBC,80.7,0.0,1700.0,1700.0,Forest,Carnivore,NO,No,Invertivore
AVIBASE-FC8265D9,104.5,1500.0,1950.0,3450.0,Forest,Carnivore,,No,Invertivore
AVIBASE-73F8FC01,24.7,0.0,300.0,300.0,Forest,Carnivore,,No,Invertivore
AVIBASE-966B3BB3,41.0,,,,Woodland,Carnivore,SC,No,Invertivore
AVIBASE-63F4EDD0,35.625,0.0,1350.0,1350.0,Rock,Carnivore,NO,No,Invertivore
AVIBASE-B0169763,29.0,,,,Woodland,Carnivore,,No,Invertivore
AVIBASE-F2CB69EC,54.275,0.0,2300.0,2300.0,Woodland,Carnivore,NO,No,Invertivore
AVIBASE-D3D48681,36.2,0.0,800.0,800.0,Shrubland,Carnivore,NO,No,Invertivore
AVIBASE-056B71D3,36.5,0.0,1000.0,1000.0,Woodland,Carnivore,NO,No,Invertivore
AVIBASE-A1EEC8FF,35.75,200.0,1300.0,1500.0,Woodland,Carnivore,NO,No,Invertivore
AVIBASE-07D22CB7,40.75,1280.0,520.0,1800.0,Forest,Carnivore,SC,No,Invertivore
AVIBASE-EB7EE121,,,,,Forest,Carnivore,,No,Invertivore
AVIBASE-3B0F1017,43.7,0.0,1100.0,1100.0,Woodland,Carnivore,,No,Invertivore
AVIBASE-A3E1E0AC,49.66667,0.0,210.0,210.0,Shrubland,Carnivore,NO,No,Invertivore
AVIBASE-73356C9D,45.66667,900.0,3500.0,4400.0,Grassland,Carnivore,NO,No,Invertivore
AVIBASE-B27D63E5,50.625,1300.0,1000.0,2300.0,Forest,Carnivore,,No,Invertivore
AVIBASE-C3D39BB8,31.83333,0.0,1300.0,1300.0,Forest,Carnivore,,No,Invertivore
AVIBASE-3981B194,42.25,2000.0,1600.0,3600.0,Forest,Carnivore,SC,No,Invertivore
AVIBASE-59EE3240,71.25,1100.0,1000.0,2100.0,Forest,Carnivore,SC,No,Invertivore
AVIBASE-663835A6,35.75,0.0,1200.0,1200.0,Grassland,Carnivore,NO,No,Invertivore
AVIBASE-28045DA0,32.125,0.0,1350.0,1350.0,Grassland,Carnivore,NO,No,Invertivore
AVIBASE-27032D18,48.0,0.0,600.0,600.0,Riverine,Carnivore,NO,No,Invertivore
AVIBASE-29AAC222,54.625,0.0,1100.0,1100.0,Shrubland,Carnivore,NO,No,Invertivore
AVIBASE-9EFE07E9,111.25,0.0,1800.0,1800.0,Forest,Carnivore,NO,No,Invertivore
AVIBASE-5E7F4216,44.0,0.0,800.0,800.0,Forest,Carnivore,NO,No,Invertivore
AVIBASE-07EC934E,55.4,,,,Forest,Carnivore,NO,No,Invertivore
AVIBASE-A7CDF961,49.65,0.0,900.0,900.0,Forest,Carnivore,NO,No,Invertivore
AVIBASE-4175CC34,31.775,600.0,1400.0,2000.0,Woodland,Carnivore,NO,No,Invertivore
AVIBASE-AD1A73F6,24.5,0.0,250.0,250.0,Shrubland,Carnivore,NO,No,Invertivore
AVIBASE-F546974F,38.12,0.0,1350.0,1350.0,Forest,Carnivore,NO,No,Invertivore
AVIBASE-D621FFC6,46.45,500.0,1600.0,2100.0,Shrubland,Carnivore,NO,No,Invertivore
AVIBASE-8D3E8871,112.94,0.0,2600.0,2600.0,Woodland,Carnivore,NO,No,Invertivore
AVIBASE-F331D204,87.0,0.0,1800.0,1800.0,Forest,Carnivore,NO,No,Invertivore
AVIBASE-A89EA38B,71.4,,,,Woodland,Carnivore,NO,No,Invertivore
AVIBASE-592DBE50,61.83333,0.0,1825.0,1825.0,Forest,Carnivore,NO,No,Invertivore
AVIBASE-100B2E32,56.0,0.0,500.0,500.0,Grassland,Carnivore,,No,Invertivore
AVIBASE-0D4BB435,58.03333,,,,Forest,Carnivore,,No,Invertivore
AVIBASE-2FEC9A38,77.5,82.0,1118.0,1200.0,Forest,Carnivore,NO,No,Invertivore
AVIBASE-C0F335B7,49.5,0.0,3000.0,3000.0,Rock,Carnivore,NO,No,Invertivore
AVIBASE-1A09655B,53.1,0.0,1220.0,1220.0,Woodland,Carnivore,NO,No,Invertivore
AVIBASE-CED2468C,47.45,1200.0,1800.0,3000.0,Forest,Carnivore,NO,No,Invertivore
AVIBASE-56DB04E7,35.99,0.0,640.0,640.0,Forest,Carnivore,NO,No,Invertivore
AVIBASE-67D59645,51.95,1500.0,1600.0,3100.0,Forest,Carnivore,NO,No,Invertivore
AVIBASE-BBC51216,63.0,750.0,450.0,1200.0,Forest,Carnivore,,No,Invertivore
AVIBASE-6CC3D04B,86.33333,0.0,1000.0,1000.0,Forest,Carnivore,NO,No,Invertivore
AVIBASE-5FF16559,84.0,0.0,2100.0,2100.0,Forest,Carnivore,NO,No,Invertivore
AVIBASE-7A2734EB,84.4,0.0,3400.0,3400.0,Forest,Carnivore,NO,No,Invertivore
AVIBASE-625076EF,91.5,0.0,,,Forest,Carnivore,,No,Invertivore
AVIBASE-80D4B0FE,75.83333,0.0,2800.0,2800.0,Shrubland,Carnivore,NO,No,Invertivore
AVIBASE-E93A0F33,60.0,0.0,3200.0,3200.0,Shrubland,Carnivore,NO,No,Invertivore
AVIBASE-05E2FB2A,54.68333,0.0,1600.0,1600.0,Grassland,Carnivore,NO,No,Invertivore
AVIBASE-2F7F0244,77.0,,,,Desert,Carnivore,NO,No,Invertivore
AVIBASE-C727BD31,57.0,0.0,500.0,500.0,Grassland,Carnivore,NO,No,Invertivore
AVIBASE-626D56E4,54.8,0.0,1450.0,1450.0,Shrubland,Carnivore,NO,No,Invertivore
AVIBASE-589694DD,54.2,0.0,600.0,600.0,Grassland,Carnivore,NO,No,Invertivore
AVIBASE-FAFED39C,58.0,0.0,2000.0,2000.0,Forest,Carnivore,NO,No,Invertivore
AVIBASE-04DDADF0,69.16667,0.0,2700.0,2700.0,Woodland,Carnivore,NO,No,Invertivore
AVIBASE-9ECE1498,66.2,0.0,800.0,800.0,Shrubland,Carnivore,,No,Invertivore
AVIBASE-74E9F29B,66.06667,0.0,,,Forest,Carnivore,,No,Invertivore
AVIBASE-9D246A37,66.41667,0.0,2000.0,2000.0,Forest,Carnivore,NO,No,Invertivore
AVIBASE-4C81CF34,63.16667,0.0,,,Forest,Carnivore,,No,Invertivore
AVIBASE-D1D9B619,29.75,0.0,1700.0,1700.0,Shrubland,Carnivore,NO,No,Invertivore
AVIBASE-62ED1974,52.08333,0.0,1650.0,1650.0,Grassland,Carnivore,NO,No,Invertivore
AVIBASE-CEEE7367,47.05,800.0,2550.0,3350.0,Forest,Carnivore,NO,No,Invertivore
AVIBASE-65D4C83B,43.0,0.0,1000.0,1000.0,Shrubland,Carnivore,NO,No,Invertivore
AVIBASE-0F8EB10D,42.33333,0.0,1800.0,1800.0,Woodland,Carnivore,NO,No,Invertivore
AVIBASE-52E6406E,76.3,0.0,2200.0,2200.0,Wetland,Carnivore,NO,No,Invertivore
AVIBASE-4535D9AB,,1200.0,0.0,1200.0,Grassland,Carnivore,,No,Invertivore
AVIBASE-7C3959D6,45.75,0.0,1800.0,1800.0,Grassland,Carnivore,NO,No,Invertivore
AVIBASE-CE884D49,59.25,0.0,1980.0,1980.0,Grassland,Carnivore,,No,Invertivore
AVIBASE-014F2462,74.16667,0.0,1500.0,1500.0,Grassland,Carnivore,NO,No,Invertivore
AVIBASE-CD902871,,0.0,1500.0,1500.0,Grassland,Carnivore,,No,Invertivore
AVIBASE-E3C780D6,79.88333,0.0,2300.0,2300.0,Rock,Carnivore,NO,No,Invertivore
AVIBASE-CD7EFBB3,57.5,0.0,500.0,500.0,Forest,Carnivore,,No,Invertivore
AVIBASE-C5E09D25,57.5,800.0,1400.0,2200.0,Forest,Carnivore,NO,No,Invertivore
AVIBASE-4B58353A,,1280.0,0.0,1280.0,Forest,Carnivore,,No,Invertivore
AVIBASE-CCA7AB2D,100.5,0.0,500.0,500.0,Forest,Carnivore,NO,No,Invertivore
AVIBASE-A20EA34D,48.33333,,,,Forest,Carnivore,NO,No,Invertivore
AVIBASE-54494BCE,43.0,0.0,2000.0,2000.0,Shrubland,Carnivore,NO,No,Invertivore
AVIBASE-4FD242D0,61.7,0.0,1850.0,1850.0,Woodland,Carnivore,NO,No,Invertivore
AVIBASE-D36F4D98,48.5,0.0,1400.0,1400.0,Grassland,Carnivore,NO,No,Invertivore
AVIBASE-A526534E,189.7,0.0,2800.0,2800.0,Woodland,Carnivore,NO,No,Invertivore
AVIBASE-A820F165,414.0,0.0,3650.0,3650.0,Forest,Herbivore,SC,No,Frugivore
AVIBASE-0B46DD95,50.66667,0.0,550.0,550.0,Forest,Carnivore,NO,No,Invertivore
AVIBASE-EBEFFDBF,492.0,,,1000.0,Forest,Carnivore,NO,No,Invertivore
AVIBASE-407292B2,363.5,0.0,750.0,750.0,Forest,Carnivore,NO,No,Invertivore
AVIBASE-5F312992,260.425,0.0,1500.0,1500.0,Forest,Carnivore,SC,No,Invertivore
AVIBASE-7333ADB3,165.66667,0.0,1800.0,1800.0,Woodland,Carnivore,NO,No,Invertivore
AVIBASE-29C4EF9C,174.0,1800.0,1000.0,2800.0,Forest,Carnivore,,No,Invertivore
AVIBASE-46E2FA49,87.5,,,,Forest,Carnivore,,No,Invertivore
AVIBASE-A9003A7B,205.83333,0.0,2200.0,2200.0,Forest,Carnivore,PL,No,Invertivore
AVIBASE-BA1D64E2,389.16667,0.0,1000.0,1000.0,Grassland,Carnivore,PL,No,Invertivore
AVIBASE-8500F130,430.0,0.0,,,Forest,Carnivore,PL,No,Invertivore
AVIBASE-42B0D7C0,188.0,0.0,700.0,700.0,Forest,Carnivore,PL,No,Invertivore
AVIBASE-9E4E307A,206.0,0.0,300.0,300.0,Forest,Carnivore,PL,No,Invertivore
AVIBASE-F595D563,206.0,600.0,630.0,1230.0,Forest,Carnivore,CP,No,Invertivore
AVIBASE-360A309E,84.7,0.0,2500.0,2500.0,Forest,Carnivore,CP,No,Invertivore
AVIBASE-E325D317,52.05,0.0,500.0,500.0,Forest,Carnivore,HC,No,Invertivore
AVIBASE-8739173E,52.75,0.0,1850.0,1850.0,Woodland,Carnivore,HC,No,Invertivore
AVIBASE-5CB94E3D,51.0,300.0,1600.0,1900.0,Forest,Carnivore,PL,No,Invertivore
AVIBASE-5825E595,,600.0,800.0,1400.0,Forest,Carnivore,HC,No,Invertivore
AVIBASE-E882E75A,,610.0,1065.0,1675.0,Forest,Carnivore,,No,Invertivore
AVIBASE-E91D453A,46.33333,0.0,2150.0,2150.0,Forest,Carnivore,"HC,PL",No,Invertivore
AVIBASE-30D8DCD5,47.8,0.0,800.0,800.0,Forest,Carnivore,"HC,PL",No,Invertivore
AVIBASE-383DFFD1,40.0,,,,Forest,Carnivore,,No,Invertivore
AVIBASE-D3AF2371,,0.0,1000.0,1000.0,Forest,Carnivore,HC,No,Invertivore
AVIBASE-76F38417,76.53333,1150.0,1650.0,2800.0,Forest,Carnivore,CV,No,Invertivore
AVIBASE-EBD55D2E,52.0,10.0,115.0,125.0,Forest,Carnivore,,No,Invertivore
AVIBASE-83BA78F5,136.0,0.0,1800.0,1800.0,Forest,Carnivore,,No,Invertivore
AVIBASE-27853C12,49.9,0.0,1540.0,1540.0,Forest,Carnivore,,No,Invertivore
AVIBASE-6974CD34,32.0,2062.0,1538.0,3600.0,Forest,Carnivore,,No,Invertivore
AVIBASE-482087E5,37.6,800.0,2900.0,3700.0,Forest,Carnivore,CV,No,Invertivore
AVIBASE-7D6D30A3,55.5,0.0,1000.0,1000.0,Forest,Carnivore,,No,Invertivore
AVIBASE-32292757,52.41667,0.0,1100.0,1100.0,Forest,Carnivore,CV,No,Invertivore
AVIBASE-A2A0B21A,52.3,80.0,1420.0,1500.0,Forest,Carnivore,,No,Invertivore
AVIBASE-175A7534,48.0,0.0,1000.0,1000.0,Woodland,Carnivore,"CV,NO",No,Invertivore
AVIBASE-509C8FD4,27.4,0.0,1400.0,1400.0,Woodland,Carnivore,HC,No,Invertivore
AVIBASE-9B8B422F,35.9,0.0,1550.0,1550.0,Forest,Carnivore,HC,No,Invertivore
AVIBASE-76477B32,21.05,0.0,1100.0,1100.0,Forest,Carnivore,SA,No,Invertivore
AVIBASE-C689BD7E,70.16667,0.0,1580.0,1580.0,Woodland,Carnivore,SA,No,Invertivore
AVIBASE-258B1B37,22.725,1100.0,1100.0,2200.0,Forest,Carnivore,"CP,HC",No,Invertivore
AVIBASE-0770CE13,35.95,0.0,3000.0,3000.0,Forest,Carnivore,HC,No,Invertivore
AVIBASE-DD9CB478,39.25,1500.0,1000.0,2500.0,Forest,Carnivore,,No,Invertivore
AVIBASE-9054A7CA,41.66667,700.0,1400.0,2100.0,Forest,Carnivore,,No,Invertivore
AVIBASE-CB21F7A7,43.0,500.0,1500.0,2000.0,Forest,Carnivore,,No,Invertivore
AVIBASE-7FB66FEB,41.55,0.0,3560.0,3560.0,Rock,Carnivore,,No,Invertivore
AVIBASE-B66A13A9,28.4,1000.0,300.0,1300.0,Forest,Carnivore,,No,Invertivore
AVIBASE-61C74CAD,83.0,0.0,1000.0,1000.0,Forest,Carnivore,CR,No,Invertivore
AVIBASE-152D907A,22.24,200.0,2000.0,2200.0,Forest,Carnivore,DM,No,Invertivore
AVIBASE-50222B1F,21.8,300.0,2800.0,3100.0,Forest,Carnivore,HC,No,Invertivore
AVIBASE-88D7E68D,106.45,0.0,3600.0,3600.0,Forest,Carnivore,HC,No,Invertivore
AVIBASE-5267D127,106.68,0.0,2000.0,2000.0,Forest,Carnivore,HC,No,Invertivore
AVIBASE-6CDEB3D1,175.0,1500.0,1500.0,3000.0,Forest,Carnivore,SC,No,Invertivore
AVIBASE-18E79DA7,38.54,300.0,1200.0,1500.0,Riverine,Carnivore,HC,No,Invertivore
AVIBASE-5AF6B3D9,8.65,0.0,2000.0,2000.0,Forest,Carnivore,CP,No,Invertivore
AVIBASE-80265F80,7.2,0.0,1750.0,1750.0,Forest,Carnivore,CP,No,Invertivore
AVIBASE-415182DB,6.48333,0.0,2600.0,2600.0,Forest,Carnivore,CP,No,Invertivore
AVIBASE-8E6A673A,5.9,,,,Forest,Carnivore,CP,No,Invertivore
AVIBASE-3BD2491C,5.9,0.0,2000.0,2000.0,Human Modified,Carnivore,CP,No,Invertivore
AVIBASE-4603DB3F,8.66,0.0,3600.0,3600.0,Forest,Carnivore,HC,No,Invertivore
AVIBASE-CB1DD39F,5.4,,,,Forest,Carnivore,CP,No,Invertivore
AVIBASE-2EF40362,6.1,,,,Forest,Carnivore,CP,No,Invertivore
AVIBASE-4BA9A5D1,6.05,0.0,500.0,500.0,Forest,Carnivore,HC,No,Invertivore
AVIBASE-48E1BFD0,4.75,,,,Forest,Carnivore,CP,No,Invertivore
AVIBASE-2BC9E234,5.55,,,,Forest,Carnivore,HC,No,Invertivore
AVIBASE-C983661F,11.26667,0.0,930.0,930.0,Forest,Carnivore,HC,No,Invertivore
AVIBASE-C831C041,10.42,0.0,3069.0,3069.0,Forest,Carnivore,HC,No,Invertivore
AVIBASE-F14B0031,11.0,0.0,2200.0,2200.0,Rock,Carnivore,HC,No,Invertivore
AVIBASE-E1E2B0EB,11.5,700.0,900.0,1600.0,Forest,Carnivore,SA,No,Invertivore
AVIBASE-9CC0E11C,15.25,0.0,2500.0,2500.0,Forest,Carnivore,,No,Invertivore
AVIBASE-942DE41C,9.7,0.0,4000.0,4000.0,Forest,Carnivore,,No,Invertivore
AVIBASE-E1989B1D,7.4,0.0,1890.0,1890.0,Forest,Carnivore,SA,No,Invertivore
AVIBASE-CB433EED,11.2,0.0,500.0,500.0,Grassland,Carnivore,CV,No,Invertivore
AVIBASE-2F1D27B4,12.65,600.0,3975.0,4575.0,Riverine,Carnivore,HC,No,Invertivore
AVIBASE-F3417B87,14.4,2200.0,800.0,3000.0,Rock,Carnivore,HC,No,Invertivore
AVIBASE-239F660C,14.0,1000.0,,,Forest,Carnivore,HC,No,Invertivore
AVIBASE-31CA6790,,30.0,,,Forest,Carnivore,,No,Invertivore
AVIBASE-49FEFB24,,,,,Forest,Carnivore,,No,Invertivore
AVIBASE-8630DD29,11.3,,,,Rock,Carnivore,HC,No,Invertivore
AVIBASE-4ADF31A6,10.4,0.0,1600.0,1600.0,Forest,Carnivore,HC,No,Invertivore
AVIBASE-6F1B12CA,17.9,0.0,900.0,900.0,Forest,Carnivore,SP,No,Invertivore
AVIBASE-FF57D121,,0.0,,,Forest,Carnivore,HC,No,Invertivore
AVIBASE-F8E58F0F,7.25,0.0,600.0,600.0,Forest,Carnivore,HC,No,Invertivore
AVIBASE-FEC866D0,11.0,,,,Forest,Carnivore,CP,No,Invertivore
AVIBASE-C5561B75,13.4,0.0,1000.0,1000.0,Forest,Carnivore,,No,Invertivore
AVIBASE-C6C43CDC,8.6,,,,Forest,Carnivore,CP,No,Invertivore
AVIBASE-E4A4B821,9.5,0.0,1100.0,1100.0,Forest,Carnivore,CP,No,Invertivore
AVIBASE-76179577,16.8,,,,Forest,Carnivore,,No,Invertivore
AVIBASE-842DAA43,13.04,0.0,2800.0,2800.0,Forest,Carnivore,HC,No,Invertivore
AVIBASE-10591B00,20.4,0.0,2400.0,2400.0,Rock,Carnivore,,No,Invertivore
AVIBASE-89C5B5C4,26.91667,500.0,2000.0,2500.0,Forest,Carnivore,,No,Invertivore
AVIBASE-5B67443F,11.5,,,,Forest,Carnivore,,No,Invertivore
AVIBASE-BC8996E2,34.0,0.0,550.0,550.0,Forest,Carnivore,CV,No,Invertivore
AVIBASE-B0A0EA81,9.25,0.0,1950.0,1950.0,Forest,Carnivore,"CR,CV",No,Invertivore
AVIBASE-66F1256F,8.0,0.0,1500.0,1500.0,Forest,Carnivore,CP,No,Invertivore
AVIBASE-A24E5001,13.0,0.0,1770.0,1770.0,Forest,Carnivore,SC,No,Invertivore
AVIBASE-8ACC245F,32.65,0.0,2200.0,2200.0,Woodland,Carnivore,,No,Invertivore
AVIBASE-4B79BD9A,52.0,,,,Forest,Carnivore,CR,No,Invertivore
AVIBASE-737C55FF,13.65,0.0,1500.0,1500.0,Forest,Carnivore,CV,No,Invertivore
AVIBASE-1E12D857,17.75,700.0,1000.0,1700.0,Forest,Carnivore,"CV,HC",No,Invertivore
AVIBASE-4CB38AE8,39.5,,,,Forest,Carnivore,,No,Invertivore
AVIBASE-0D52DFC7,16.225,0.0,600.0,600.0,Woodland,Carnivore,CP,No,Invertivore
AVIBASE-EA55CA27,101.475,0.0,4000.0,4000.0,Woodland,Carnivore,SC,No,Invertivore
AVIBASE-E4875B29,85.98,0.0,3350.0,3350.0,Forest,Carnivore,,No,Invertivore
AVIBASE-468C27AD,145.0,0.0,1800.0,1800.0,Forest,Carnivore,SC,No,Invertivore
AVIBASE-0685479A,186.5,150.0,1850.0,2000.0,Forest,Carnivore,,No,Invertivore
AVIBASE-0F898234,16.15,0.0,1800.0,1800.0,Forest,Carnivore,"HC,CV",No,Invertivore
AVIBASE-AEFB8157,16.4,0.0,1500.0,1500.0,Forest,Carnivore,CV,No,Invertivore
AVIBASE-0E688C13,12.6,0.0,1000.0,1000.0,Forest,Carnivore,HC,No,Invertivore
AVIBASE-7DBCF8E4,18.2,,,900.0,Forest,Carnivore,,No,Invertivore
AVIBASE-33352866,23.68,200.0,900.0,1100.0,Forest,Carnivore,,No,Invertivore
AVIBASE-C3AD1AFF,22.66667,0.0,3200.0,3200.0,Human Modified,Carnivore,"HC,O",No,Invertivore
AVIBASE-0EB30FB8,18.03333,0.0,2000.0,2000.0,Forest,Carnivore,"CV,HC",No,Invertivore
AVIBASE-3792D735,23.41667,0.0,1600.0,1600.0,Forest,Carnivore,HC,No,Invertivore
AVIBASE-3857901C,17.1,0.0,1800.0,1800.0,Woodland,Carnivore,,No,Invertivore
AVIBASE-C2288064,19.8,0.0,900.0,900.0,Forest,Carnivore,"CV,HC",No,Invertivore
AVIBASE-5368983F,18.625,0.0,1900.0,1900.0,Forest,Carnivore,,No,Invertivore
AVIBASE-B401C2DD,34.03,-55.0,3424.0,3369.0,Rock,Carnivore,"CP,O",No,Invertivore
AVIBASE-A3093269,20.21667,500.0,2100.0,2600.0,Forest,Carnivore,CR,No,Invertivore
AVIBASE-B9CF96D5,17.1,340.0,3560.0,3900.0,Shrubland,Carnivore,CV,No,Invertivore
AVIBASE-C2077AD8,10.0,0.0,1700.0,1700.0,Grassland,Carnivore,CP,No,Invertivore
AVIBASE-F986369F,6.75,,,,Forest,Carnivore,PN,No,Invertivore
AVIBASE-F0D08AFF,10.4,0.0,1000.0,1000.0,Forest,Carnivore,PN,No,Invertivore
AVIBASE-88679F12,48.41667,600.0,1600.0,2200.0,Forest,Carnivore,PN,No,Invertivore
AVIBASE-9E39F33E,21.8,0.0,1500.0,1500.0,Forest,Carnivore,,No,Invertivore
AVIBASE-DA106373,14.38,0.0,1780.0,1780.0,Woodland,Carnivore,CP,No,Invertivore
AVIBASE-07AB7B3F,12.0,0.0,1100.0,1100.0,Woodland,Carnivore,SA,No,Invertivore
AVIBASE-83C40F89,8.83333,0.0,1500.0,1500.0,Woodland,Carnivore,HC,No,Invertivore
AVIBASE-FA1CAD29,97.5,0.0,4000.0,4000.0,Rock,Carnivore,SA,No,Invertivore
AVIBASE-91429F78,94.0,1400.0,1600.0,3000.0,Shrubland,Carnivore,HC,No,Invertivore
AVIBASE-1C0A5AD9,39.4,0.0,2830.0,2830.0,Rock,Carnivore,CR,No,Invertivore
AVIBASE-4E6EF3F9,41.5,0.0,4000.0,4000.0,Grassland,Carnivore,CP,No,Invertivore
AVIBASE-59A5A24E,24.2,0.0,2500.0,2500.0,Coastal,Carnivore,"SA,CV,CR",No,Invertivore
AVIBASE-2103011F,32.4,,,,Rock,Carnivore,"CV,HC",No,Invertivore
AVIBASE-332BC664,42.25,0.0,2700.0,2700.0,Rock,Carnivore,"CP,NO",No,Invertivore
AVIBASE-5086F50B,42.66667,0.0,2400.0,2400.0,Rock,Carnivore,PL,No,Invertivore
AVIBASE-20022FF9,46.125,0.0,2450.0,2450.0,Rock,Carnivore,,No,Invertivore
AVIBASE-8B5BD4F2,42.0,1000.0,1000.0,2000.0,Rock,Carnivore,,No,Invertivore
AVIBASE-45D3FD5A,43.16667,0.0,1200.0,1200.0,Rock,Carnivore,"PL,SA",No,Invertivore
AVIBASE-11507BB3,44.25,,,,Desert,Carnivore,CP,No,Invertivore
AVIBASE-68E950E5,41.51667,0.0,3000.0,3000.0,Forest,Carnivore,HC,No,Invertivore
AVIBASE-E8B1998F,42.95,3400.0,,,Human Modified,Carnivore,,No,Invertivore
AVIBASE-EB2DAF39,42.95,400.0,3600.0,4000.0,Forest,Carnivore,"HC,O",No,Invertivore
AVIBASE-AF4B00DC,42.95,,,,Rock,Carnivore,CP,No,Invertivore
AVIBASE-2FAB9911,37.43,200.0,2270.0,2470.0,Forest,Carnivore,CP,No,Invertivore
AVIBASE-D209A90C,25.0,0.0,3000.0,3000.0,Human Modified,Carnivore,PN,No,Invertivore
AVIBASE-2A241F0C,28.15,0.0,2100.0,2100.0,Human Modified,Carnivore,"O,PN",No,Invertivore
AVIBASE-FF79A533,27.5,1500.0,900.0,2400.0,Shrubland,Carnivore,PL,No,Invertivore
AVIBASE-FA9F6019,23.0,0.0,2500.0,2500.0,Grassland,Carnivore,"HC,O",No,Invertivore
AVIBASE-16A54020,22.1,500.0,1000.0,1500.0,Forest,Carnivore,O,No,Invertivore
AVIBASE-9F291BC2,12.625,0.0,500.0,500.0,Forest,Herbivore,CP,No,Nectarivore
AVIBASE-66D9C57E,12.8,0.0,400.0,400.0,Forest,Herbivore,CP,No,Nectarivore
AVIBASE-80DA0464,7.66667,0.0,900.0,900.0,Forest,Herbivore,CP,No,Nectarivore
AVIBASE-77B4C75D,8.0,0.0,1400.0,1400.0,Woodland,Herbivore,CP,No,Nectarivore
AVIBASE-656474D9,11.36667,0.0,2100.0,2100.0,Forest,Herbivore,CP,No,Nectarivore
AVIBASE-198F8B56,9.98,180.0,3120.0,3300.0,Forest,Herbivore,CP,No,Nectarivore
AVIBASE-4CAAC972,7.15,0.0,500.0,500.0,Forest,Herbivore,CP,No,Nectarivore
AVIBASE-3593CF6A,6.66,0.0,500.0,500.0,Forest,Herbivore,CP,No,Nectarivore
AVIBASE-2ABFB40A,4.65,0.0,800.0,800.0,Forest,Herbivore,CP,No,Nectarivore
AVIBASE-2486FC78,6.53333,0.0,1000.0,1000.0,Forest,Herbivore,CP,No,Nectarivore
AVIBASE-DDCF894E,6.0,0.0,1200.0,1200.0,Forest,Herbivore,CP,No,Nectarivore
AVIBASE-488FDA28,5.42,0.0,1200.0,1200.0,Forest,Herbivore,,No,Nectarivore
AVIBASE-2CF064E4,5.8,0.0,500.0,500.0,Forest,Herbivore,CP,No,Nectarivore
AVIBASE-0475490E,3.0,40.0,1150.0,1190.0,Shrubland,Herbivore,CP,No,Nectarivore
AVIBASE-B9A214AC,3.0,0.0,2250.0,2250.0,Forest,Herbivore,CP,No,Nectarivore
AVIBASE-D7585C3D,3.1,0.0,500.0,500.0,Forest,Herbivore,,No,Nectarivore
AVIBASE-95CAE4C3,3.3,0.0,500.0,500.0,Forest,Herbivore,CP,No,Nectarivore
AVIBASE-B5AA306A,3.0,,,,Forest,Herbivore,,No,Nectarivore
AVIBASE-6B680669,2.25,0.0,500.0,500.0,Forest,Herbivore,CP,No,Nectarivore
AVIBASE-9397CA04,2.8,0.0,500.0,500.0,Forest,Herbivore,,No,Nectarivore
AVIBASE-BF1FDF21,2.8,0.0,1200.0,1200.0,Forest,Herbivore,,No,Nectarivore
AVIBASE-2FF56FC2,2.64,0.0,1500.0,1500.0,Forest,Herbivore,CP,No,Nectarivore
AVIBASE-8373BE52,2.41667,600.0,1200.0,1800.0,Forest,Herbivore,CP,No,Nectarivore
AVIBASE-FE15C28A,2.5,400.0,1600.0,2000.0,Forest,Herbivore,CP,No,Nectarivore
AVIBASE-1EAB2C48,2.4,0.0,1500.0,1500.0,Forest,Herbivore,CP,No,Nectarivore
AVIBASE-98F9AA07,2.48,500.0,500.0,1000.0,Forest,Herbivore,,No,Nectarivore
AVIBASE-4D3CD91A,4.0,150.0,650.0,800.0,Forest,Herbivore,,No,Nectarivore
AVIBASE-F7DEB8B1,4.91667,500.0,3000.0,3500.0,Forest,Herbivore,CP,No,Nectarivore
AVIBASE-3338E424,5.02,400.0,1700.0,2100.0,Forest,Herbivore,CP,No,Nectarivore
AVIBASE-8AB95776,4.96,100.0,2150.0,2250.0,Forest,Herbivore,CP,No,Nectarivore
AVIBASE-0636BA02,5.16667,0.0,1500.0,1500.0,Forest,Herbivore,CP,No,Nectarivore
AVIBASE-2FA996CE,4.975,,,1200.0,Forest,Herbivore,CP,No,Nectarivore
AVIBASE-0D34BFF1,5.41667,0.0,1200.0,1200.0,Forest,Herbivore,CP,No,Nectarivore
AVIBASE-5C47DAE8,5.41667,300.0,1700.0,2000.0,Forest,Herbivore,CP,No,Nectarivore
AVIBASE-F8E58273,7.35,1000.0,1300.0,2300.0,Forest,Herbivore,CP,No,Nectarivore
AVIBASE-EB1D2D33,4.95,450.0,850.0,1300.0,Forest,Herbivore,CP,No,Nectarivore
AVIBASE-ACCDFD22,4.9,,,325.0,Forest,Herbivore,,No,Nectarivore
AVIBASE-D666062A,4.2,0.0,1600.0,1600.0,Forest,Herbivore,CP,No,Nectarivore
AVIBASE-7CD76C6B,4.25,,,,Forest,Herbivore,,No,Nectarivore
AVIBASE-64C06E6B,4.5,0.0,2000.0,2000.0,Forest,Herbivore,,No,Nectarivore
AVIBASE-273F3EBE,5.8,0.0,2500.0,2500.0,Forest,Herbivore,CP,No,Nectarivore
AVIBASE-A5F512AD,5.75,0.0,1300.0,1300.0,Forest,Herbivore,,No,Nectarivore
AVIBASE-0F0B7973,5.15,0.0,1400.0,1400.0,Forest,Herbivore,CP,No,Nectarivore
AVIBASE-97C2A2A4,6.48,0.0,2400.0,2400.0,Forest,Herbivore,,No,Nectarivore
AVIBASE-0EB01930,5.95,550.0,2050.0,2600.0,Forest,Herbivore,CP,No,Nectarivore
AVIBASE-60EFC383,4.54,800.0,800.0,1600.0,Forest,Herbivore,CP,No,Nectarivore
AVIBASE-DBD9E3FF,3.925,800.0,1200.0,2000.0,Forest,Herbivore,,No,Nectarivore
AVIBASE-1638D555,3.8,900.0,1900.0,2800.0,Forest,Herbivore,CP,No,Nectarivore
AVIBASE-443B3BC2,3.3,1000.0,1000.0,2000.0,Grassland,Herbivore,CP,No,Nectarivore
AVIBASE-DFFC8C88,4.4,900.0,1100.0,2000.0,Shrubland,Herbivore,CP,No,Nectarivore
AVIBASE-A76C26A1,6.2,100.0,2700.0,2800.0,Forest,Herbivore,CP,No,Nectarivore
AVIBASE-94CB63F7,5.0925,1000.0,2000.0,3000.0,Shrubland,Herbivore,CP,No,Nectarivore
AVIBASE-94CB63F7,4.86667,600.0,2400.0,3000.0,Forest,Herbivore,CP,No,Nectarivore
AVIBASE-51F7C361,6.68333,1700.0,2800.0,4500.0,Forest,Herbivore,CP,No,Nectarivore
AVIBASE-5C5475AC,6.2,1000.0,500.0,1500.0,Shrubland,Herbivore,CP,No,Nectarivore
AVIBASE-E82816C6,7.22,0.0,1100.0,1100.0,Forest,Omnivore,,No,Omnivore
AVIBASE-00B132B4,2.3,0.0,500.0,500.0,Riverine,Herbivore,CP,No,Nectarivore
AVIBASE-B70BC2CB,5.48,0.0,1675.0,1675.0,Forest,Herbivore,CP,No,Nectarivore
AVIBASE-EFBDAE18,5.15,0.0,400.0,400.0,Forest,Herbivore,CP,No,Nectarivore
AVIBASE-D78E94DF,4.7,0.0,600.0,600.0,Grassland,Herbivore,CP,No,Nectarivore
AVIBASE-E424717B,4.76,1300.0,900.0,2200.0,Forest,Herbivore,CP,No,Nectarivore
AVIBASE-5CA2331E,3.575,100.0,200.0,300.0,Forest,Herbivore,CP,No,Nectarivore
AVIBASE-6B46AD2F,4.25,0.0,800.0,800.0,Grassland,Herbivore,CP,No,Nectarivore
AVIBASE-0ED012F9,3.75,0.0,1700.0,1700.0,Shrubland,Herbivore,CP,No,Nectarivore
AVIBASE-99EDC044,8.7,0.0,1500.0,1500.0,Forest,Herbivore,CP,No,Nectarivore
AVIBASE-781FA842,7.7,0.0,500.0,500.0,Coastal,Herbivore,CP,No,Nectarivore
AVIBASE-3625DE61,6.48333,0.0,300.0,300.0,Shrubland,Herbivore,HC,No,Nectarivore
AVIBASE-24DDBD0D,7.0,,,,Grassland,Herbivore,,No,Nectarivore
AVIBASE-36FEAD7A,7.33333,0.0,1000.0,1000.0,Shrubland,Herbivore,CP,No,Nectarivore
AVIBASE-C8DB5DBF,6.3,0.0,2600.0,2600.0,Shrubland,Herbivore,CP,No,Nectarivore
AVIBASE-3C70A96A,5.6,0.0,800.0,800.0,Forest,Herbivore,CP,No,Nectarivore
AVIBASE-03680018,6.86667,800.0,400.0,1200.0,Forest,Herbivore,CP,No,Nectarivore
AVIBASE-C68FB697,5.91667,0.0,1000.0,1000.0,Forest,Herbivore,CP,No,Nectarivore
AVIBASE-BFD2BE29,9.31667,70.0,1130.0,1200.0,Forest,Herbivore,CP,No,Nectarivore
AVIBASE-B9ADD845,4.15,2000.0,1200.0,3200.0,Forest,Herbivore,,No,Nectarivore
AVIBASE-D9EBF49B,5.43333,1800.0,1400.0,3200.0,Forest,Herbivore,CP,No,Nectarivore
AVIBASE-7AA56690,5.5,1800.0,1800.0,3600.0,Forest,Herbivore,,No,Nectarivore
AVIBASE-DA50B42A,5.0,2000.0,1600.0,3600.0,Forest,Herbivore,CP,No,Nectarivore
AVIBASE-D88EA528,5.4,1200.0,1600.0,2800.0,Forest,Herbivore,,No,Nectarivore
AVIBASE-D13C5D60,5.3,2300.0,1100.0,3400.0,Forest,Herbivore,,No,Nectarivore
AVIBASE-99E728A9,3.85,2300.0,1100.0,3400.0,Forest,Herbivore,,No,Nectarivore
AVIBASE-E9C20F6C,5.43333,2150.0,850.0,3000.0,Forest,Herbivore,,No,Nectarivore
AVIBASE-80D6D83B,3.95,1500.0,700.0,2200.0,Forest,Herbivore,,No,Nectarivore
AVIBASE-F9E46CF4,6.58333,0.0,700.0,700.0,Grassland,Herbivore,CP,No,Nectarivore
AVIBASE-E251911A,8.5,0.0,800.0,800.0,Forest,Herbivore,CP,No,Nectarivore
AVIBASE-88B5FB8A,3.0,60.0,1090.0,1150.0,Forest,Herbivore,,No,Nectarivore
AVIBASE-592083CC,2.5,500.0,1000.0,1500.0,Forest,Herbivore,,No,Nectarivore
AVIBASE-67671AD1,3.2,100.0,200.0,300.0,Forest,Herbivore,CP,No,Nectarivore
AVIBASE-E77089BB,2.8,,,,Forest,Herbivore,,No,Nectarivore
AVIBASE-831ECD37,3.35,0.0,200.0,200.0,Forest,Herbivore,CP,No,Nectarivore
AVIBASE-73CC49C7,2.43333,500.0,450.0,950.0,Forest,Herbivore,CP,No,Nectarivore
AVIBASE-F643911E,2.53333,0.0,800.0,800.0,Shrubland,Herbivore,,No,Nectarivore
AVIBASE-C2C5F2E3,2.7,0.0,1000.0,1000.0,Shrubland,Herbivore,CP,No,Nectarivore
AVIBASE-B4FBA85D,2.7,900.0,900.0,1800.0,Forest,Herbivore,,No,Nectarivore
AVIBASE-043F6C71,2.8,600.0,1400.0,2000.0,Forest,Herbivore,,No,Nectarivore
AVIBASE-09271BAD,2.7,0.0,1300.0,1300.0,Forest,Herbivore,,No,Nectarivore
AVIBASE-32949A7C,3.0,0.0,1000.0,1000.0,Forest,Herbivore,CP,No,Nectarivore
AVIBASE-BF9C468D,3.0,0.0,1000.0,1000.0,Forest,Herbivore,,No,Nectarivore
AVIBASE-FF8E6E09,3.0,500.0,1500.0,2000.0,Forest,Herbivore,CP,No,Nectarivore
AVIBASE-DA45F747,2.7,100.0,1400.0,1500.0,Forest,Herbivore,CP,No,Nectarivore
AVIBASE-277C3C50,2.645,0.0,1220.0,1220.0,Forest,Herbivore,CP,No,Nectarivore
AVIBASE-F231A8EA,2.56,500.0,700.0,1200.0,Forest,Herbivore,CP,No,Nectarivore
AVIBASE-BDFF6CEB,2.45,1000.0,500.0,1500.0,Forest,Herbivore,,No,Nectarivore
AVIBASE-0A1A1F0F,4.3,1000.0,1500.0,2500.0,Forest,Herbivore,CP,No,Nectarivore
AVIBASE-F9C6A653,5.25,900.0,2100.0,3000.0,Shrubland,Herbivore,DM,No,Nectarivore
AVIBASE-C1C10CEC,5.48333,1000.0,1000.0,2000.0,Forest,Herbivore,DM,No,Nectarivore
AVIBASE-0EDAC7F1,5.0,1450.0,350.0,1800.0,Shrubland,Herbivore,DM,No,Nectarivore
AVIBASE-66F7D229,5.4,2000.0,2200.0,4200.0,Forest,Herbivore,CP,No,Nectarivore
AVIBASE-EA348366,5.125,2100.0,1300.0,3400.0,Shrubland,Herbivore,CP,No,Nectarivore
AVIBASE-D055D315,8.94,2600.0,900.0,3500.0,Shrubland,Herbivore,,No,Nectarivore
AVIBASE-0DA1CA5D,8.3,3500.0,1000.0,4500.0,Grassland,Herbivore,CP,No,Nectarivore
AVIBASE-927CB5B7,6.6,1200.0,2800.0,4000.0,Shrubland,Herbivore,CP,No,Nectarivore
AVIBASE-49B76084,8.38333,3500.0,1700.0,5200.0,Grassland,Herbivore,,No,Nectarivore
AVIBASE-7503BD8B,7.6,3325.0,355.0,3680.0,Shrubland,Herbivore,,No,Nectarivore
AVIBASE-CFFF4296,8.01667,3600.0,600.0,4200.0,Grassland,Herbivore,CP,No,Nectarivore
AVIBASE-2385057C,7.75,3500.0,900.0,4400.0,Grassland,Herbivore,CP,No,Nectarivore
AVIBASE-E187A21B,7.85,2600.0,1400.0,4000.0,Forest,Herbivore,CP,No,Nectarivore
AVIBASE-42C0AED1,6.4,2400.0,1200.0,3600.0,Shrubland,Herbivore,,No,Nectarivore
AVIBASE-E90F598E,4.9,2600.0,1400.0,4000.0,Forest,Herbivore,CP,No,Nectarivore
AVIBASE-5DEE6DC8,3.73333,1700.0,2100.0,3800.0,Shrubland,Herbivore,CP,No,Nectarivore
AVIBASE-868924FC,3.5,2000.0,2600.0,4600.0,Forest,Herbivore,,No,Nectarivore
AVIBASE-B2CD184B,3.3,1700.0,1900.0,3600.0,Forest,Herbivore,CP,No,Nectarivore
AVIBASE-CB2CE584,8.33333,2500.0,1400.0,3900.0,Forest,Herbivore,CP,No,Nectarivore
AVIBASE-D598D0EB,9.0,2500.0,1300.0,3800.0,Woodland,Herbivore,,No,Nectarivore
AVIBASE-876F6202,5.4,3000.0,2200.0,5200.0,Shrubland,Herbivore,,No,Nectarivore
AVIBASE-2B7764F8,4.8,3000.0,1800.0,4800.0,Grassland,Herbivore,,No,Nectarivore
AVIBASE-D750141B,4.8,3600.0,900.0,4500.0,Shrubland,Herbivore,,No,Nectarivore
AVIBASE-5C67D209,5.175,3000.0,2200.0,5200.0,Shrubland,Herbivore,,No,Nectarivore
AVIBASE-38D52634,5.65,3000.0,900.0,3900.0,Forest,Herbivore,,No,Nectarivore
AVIBASE-C14098B2,6.18333,2700.0,1000.0,3700.0,Grassland,Herbivore,,No,Nectarivore
AVIBASE-8A7C972F,3.66667,1400.0,2100.0,3500.0,Forest,Herbivore,,No,Nectarivore
AVIBASE-7D513D31,7.4,3100.0,1600.0,4700.0,Forest,Herbivore,,No,Nectarivore
AVIBASE-A9F8C658,5.275,3000.0,1200.0,4200.0,Grassland,Herbivore,,No,Nectarivore
AVIBASE-7AEDC014,3.72,2000.0,1300.0,3300.0,Forest,Herbivore,PN,No,Nectarivore
AVIBASE-5A77A647,3.85,2400.0,800.0,3200.0,Forest,Herbivore,,No,Nectarivore
AVIBASE-8023D26D,4.6,2700.0,1300.0,4000.0,Grassland,Herbivore,,No,Nectarivore
AVIBASE-E301DB9E,4.4,3000.0,900.0,3900.0,Forest,Herbivore,,No,Nectarivore
AVIBASE-48C9549A,5.05,2900.0,500.0,3400.0,Forest,Herbivore,CP,No,Nectarivore
AVIBASE-CD38DC4D,4.925,2800.0,750.0,3550.0,Forest,Herbivore,,No,Nectarivore
AVIBASE-AC4A332A,4.8,2900.0,1100.0,4000.0,Forest,Herbivore,,No,Nectarivore
AVIBASE-611C0D47,5.3,3000.0,600.0,3600.0,Forest,Herbivore,,No,Nectarivore
AVIBASE-19A9FCEC,5.7325,2700.0,1800.0,4500.0,Shrubland,Herbivore,PN,No,Nectarivore
AVIBASE-A10F06E5,5.66667,1500.0,1000.0,2500.0,Forest,Herbivore,CP,No,Nectarivore
AVIBASE-053F6E2A,5.05,1500.0,1000.0,2500.0,Forest,Herbivore,,No,Nectarivore
AVIBASE-745C796B,6.9,1200.0,1300.0,2500.0,Forest,Herbivore,SP,No,Nectarivore
AVIBASE-B0BFCB56,4.45,2400.0,2200.0,4600.0,Forest,Herbivore,,No,Nectarivore
AVIBASE-12F472A3,4.3,2600.0,300.0,2900.0,Forest,Herbivore,,No,Nectarivore
AVIBASE-B8D63EF5,4.71667,2800.0,700.0,3500.0,Grassland,Herbivore,,No,Nectarivore
AVIBASE-AD8A1A5A,5.25,2900.0,700.0,3600.0,Forest,Herbivore,,No,Nectarivore
AVIBASE-250E2A41,5.06,2100.0,200.0,2300.0,Forest,Herbivore,,No,Nectarivore
AVIBASE-3AA14D7D,5.1,2500.0,500.0,3000.0,Forest,Herbivore,,No,Nectarivore
AVIBASE-5419B5F2,6.05,2400.0,1300.0,3700.0,Forest,Herbivore,CP,No,Nectarivore
AVIBASE-423FF2C5,5.75,2600.0,900.0,3500.0,Forest,Herbivore,,No,Nectarivore
AVIBASE-E1D0A144,5.625,2600.0,1000.0,3600.0,Woodland,Herbivore,CP,No,Nectarivore
AVIBASE-43D99D3F,3.75,2000.0,500.0,2500.0,Forest,Herbivore,,No,Nectarivore
AVIBASE-CD3CA2CC,5.06,2200.0,240.0,2440.0,Forest,Herbivore,,No,Nectarivore
AVIBASE-39F4DE42,3.75,2300.0,500.0,2800.0,Forest,Herbivore,,No,Nectarivore
AVIBASE-7969608C,3.0,2100.0,800.0,2900.0,Shrubland,Herbivore,,No,Nectarivore
AVIBASE-58759895,7.54,2500.0,1800.0,4300.0,Shrubland,Herbivore,CP,No,Nectarivore
AVIBASE-0386C00C,7.35,3500.0,800.0,4300.0,Forest,Herbivore,,No,Nectarivore
AVIBASE-F1B1E02E,7.4,3000.0,500.0,3500.0,Shrubland,Herbivore,,No,Nectarivore
AVIBASE-5370CAE1,5.5,2500.0,1700.0,4200.0,Forest,Herbivore,,No,Nectarivore
AVIBASE-97D31AA6,7.025,1500.0,1100.0,2600.0,Forest,Herbivore,CP,No,Nectarivore
AVIBASE-F2DABE41,6.88,700.0,1200.0,1900.0,Forest,Herbivore,CP,No,Nectarivore
AVIBASE-76079E12,7.0,1200.0,1600.0,2800.0,Forest,Herbivore,CP,No,Nectarivore
AVIBASE-507994F5,6.9,1800.0,1200.0,3000.0,Forest,Herbivore,,No,Nectarivore
AVIBASE-9FC505EA,7.675,1600.0,1600.0,3200.0,Forest,Herbivore,CP,No,Nectarivore
AVIBASE-DD97104D,6.72,1600.0,1400.0,3000.0,Forest,Herbivore,,No,Nectarivore
AVIBASE-3DC76B80,7.0,1600.0,1600.0,3200.0,Forest,Herbivore,CP,No,Nectarivore
AVIBASE-715C54AF,7.675,1300.0,2400.0,3700.0,Forest,Herbivore,,No,Nectarivore
AVIBASE-019CD871,7.3,1900.0,1800.0,3700.0,Forest,Herbivore,,No,Nectarivore
AVIBASE-2FB91850,9.0,2250.0,1350.0,3600.0,Forest,Herbivore,,No,Nectarivore
AVIBASE-33D28854,7.0,2000.0,1700.0,3700.0,Forest,Herbivore,,No,Nectarivore
AVIBASE-91FF8A0A,7.26667,1700.0,1600.0,3300.0,Forest,Herbivore,CP,No,Nectarivore
AVIBASE-2954B874,6.1,1400.0,2300.0,3700.0,Forest,Herbivore,,No,Nectarivore
AVIBASE-A6DBD3C6,6.95,3100.0,400.0,3500.0,Forest,Herbivore,,No,Nectarivore
AVIBASE-0702D924,7.025,2600.0,2200.0,4800.0,Forest,Herbivore,CP,No,Nectarivore
AVIBASE-ED9636C0,6.49,1400.0,1800.0,3200.0,Forest,Herbivore,,No,Nectarivore
AVIBASE-BABFAFDA,6.8,2150.0,850.0,3000.0,Forest,Herbivore,,No,Nectarivore
AVIBASE-D58197D4,6.6,1400.0,1800.0,3200.0,Forest,Herbivore,CP,No,Nectarivore
AVIBASE-F9BD34D8,6.775,1900.0,1400.0,3300.0,Forest,Herbivore,,No,Nectarivore
AVIBASE-9ECA2AFB,5.6,2000.0,800.0,2800.0,Forest,Herbivore,CP,No,Nectarivore
AVIBASE-191F838F,12.75,2500.0,500.0,3000.0,Forest,Herbivore,,No,Nectarivore
AVIBASE-D370EC58,10.05,2600.0,1100.0,3700.0,Forest,Herbivore,CP,No,Nectarivore
AVIBASE-8DA07483,8.03333,2000.0,1500.0,3500.0,Forest,Herbivore,CP,No,Nectarivore
AVIBASE-AF91A813,7.4125,1500.0,1800.0,3300.0,Forest,Herbivore,CP,No,Nectarivore
AVIBASE-1A8C5D44,9.4,800.0,1400.0,2200.0,Forest,Herbivore,CP,No,Nectarivore
AVIBASE-D3ECED63,2.8,1600.0,600.0,2200.0,Forest,Herbivore,CP,No,Nectarivore
AVIBASE-A0A70C2E,3.0,1000.0,1400.0,2400.0,Forest,Herbivore,CP,No,Nectarivore
AVIBASE-8DF99F2B,3.0,1000.0,1300.0,2300.0,Forest,Herbivore,CP,No,Nectarivore
AVIBASE-34C779B1,11.35,1800.0,1000.0,2800.0,Forest,Herbivore,CP,No,Nectarivore
AVIBASE-41B02B1C,9.775,800.0,2000.0,2800.0,Forest,Herbivore,,No,Nectarivore
AVIBASE-AE7EE8C8,4.0,700.0,900.0,1600.0,Forest,Herbivore,CP,No,Nectarivore
AVIBASE-C43B3BAC,4.15,1600.0,800.0,2400.0,Forest,Herbivore,CP,No,Nectarivore
AVIBASE-73340764,6.83333,700.0,1300.0,2000.0,Forest,Herbivore,CP,No,Nectarivore
AVIBASE-79CC5B96,6.53333,250.0,800.0,1050.0,Forest,Herbivore,,No,Nectarivore
AVIBASE-BC678304,5.54,650.0,1050.0,1700.0,Forest,Herbivore,,No,Nectarivore
AVIBASE-31F0678A,8.5,400.0,600.0,1000.0,Forest,Herbivore,,No,Nectarivore
AVIBASE-2088F99E,9.17,600.0,650.0,1250.0,Forest,Herbivore,,No,Nectarivore
AVIBASE-0BCA95F5,5.975,0.0,1000.0,1000.0,Forest,Herbivore,,No,Nectarivore
AVIBASE-06B7366C,7.368,1100.0,1500.0,2600.0,Forest,Herbivore,,No,Nectarivore
AVIBASE-826BF290,7.63333,300.0,1900.0,2200.0,Forest,Herbivore,CP,No,Nectarivore
AVIBASE-5F1473EE,8.8,400.0,1600.0,2000.0,Forest,Herbivore,CP,No,Nectarivore
AVIBASE-1368181F,7.18333,400.0,2000.0,2400.0,Forest,Herbivore,,No,Nectarivore
AVIBASE-A8BB091D,7.42,0.0,500.0,500.0,Forest,Herbivore,CP,No,Nectarivore
AVIBASE-59067C71,18.925,0.0,4800.0,4800.0,Grassland,Herbivore,CP,No,Nectarivore
AVIBASE-B1A4A6A0,7.81667,700.0,1300.0,2000.0,Forest,Herbivore,CP,No,Nectarivore
AVIBASE-E6180714,7.25,500.0,700.0,1200.0,Forest,Herbivore,,No,Nectarivore
AVIBASE-29019748,7.81,900.0,2100.0,3000.0,Forest,Herbivore,CP,No,Nectarivore
AVIBASE-8FAFB437,9.025,1600.0,2250.0,3850.0,Forest,Herbivore,CP,No,Nectarivore
AVIBASE-09E88F83,6.1,1400.0,1800.0,3200.0,Forest,Herbivore,CP,No,Nectarivore
AVIBASE-7DB659EF,6.54,0.0,1500.0,1500.0,Forest,Herbivore,CP,No,Nectarivore
AVIBASE-CFE2C8C8,7.375,0.0,1500.0,1500.0,Woodland,Herbivore,CP,No,Nectarivore
AVIBASE-CE6CB6B7,5.75,0.0,800.0,800.0,Forest,Herbivore,CP,No,Nectarivore
AVIBASE-8E2B55E8,5.7,0.0,1000.0,1000.0,Forest,Herbivore,CP,No,Nectarivore
AVIBASE-2A90E635,5.6,700.0,700.0,1400.0,Forest,Herbivore,,No,Nectarivore
AVIBASE-97FB2BC9,7.25,980.0,2520.0,3500.0,Woodland,Herbivore,CP,No,Nectarivore
AVIBASE-474AA2CF,5.6,900.0,2100.0,3000.0,Forest,Herbivore,CP,No,Nectarivore
AVIBASE-9A164FA0,5.54,900.0,1800.0,2700.0,Forest,Herbivore,,No,Nectarivore
AVIBASE-4EF75683,5.975,1400.0,800.0,2200.0,Forest,Herbivore,,No,Nectarivore
AVIBASE-C3F849E6,5.625,800.0,1700.0,2500.0,Forest,Herbivore,CP,No,Nectarivore
AVIBASE-AA0E632A,5.425,1250.0,1900.0,3150.0,Forest,Herbivore,CP,No,Nectarivore
AVIBASE-12399C50,5.58,1000.0,2350.0,3350.0,Forest,Herbivore,CP,No,Nectarivore
AVIBASE-AD61E929,7.55,1500.0,800.0,2300.0,Forest,Herbivore,CP,No,Nectarivore
AVIBASE-0431F843,2.9,0.0,1500.0,1500.0,Forest,Herbivore,,No,Nectarivore
AVIBASE-18D09F79,2.4,1000.0,1000.0,2000.0,Shrubland,Herbivore,CP,No,Nectarivore
AVIBASE-D3AA7BB0,4.08,0.0,3800.0,3800.0,Shrubland,Herbivore,CP,No,Nectarivore
AVIBASE-B7B7F11C,2.2,0.0,200.0,200.0,Forest,Herbivore,CP,No,Nectarivore
AVIBASE-5382241A,2.4,0.0,2800.0,2800.0,Coastal,Herbivore,CP,No,Nectarivore
AVIBASE-B1AABA96,3.4,700.0,1150.0,1850.0,Forest,Herbivore,,No,Nectarivore
AVIBASE-A6345E7E,3.15,1000.0,1400.0,2400.0,Forest,Herbivore,CP,No,Nectarivore
AVIBASE-5A1EC393,2.38,200.0,1640.0,1840.0,Shrubland,Herbivore,,No,Nectarivore
AVIBASE-661BA735,2.09,1100.0,1900.0,3000.0,Shrubland,Herbivore,CP,No,Nectarivore
AVIBASE-1C5AB704,3.9,2200.0,600.0,2800.0,Forest,Herbivore,,No,Nectarivore
AVIBASE-E15587CB,6.5,0.0,3000.0,3000.0,Forest,Herbivore,,No,Nectarivore
AVIBASE-42C220C5,2.225,1200.0,1800.0,3000.0,Forest,Herbivore,CP,No,Nectarivore
AVIBASE-5506AB34,2.605,825.0,1175.0,2000.0,Forest,Herbivore,,No,Nectarivore
AVIBASE-7A28F870,2.505,0.0,750.0,750.0,Forest,Herbivore,CP,No,Nectarivore
AVIBASE-956D9AB7,3.26,900.0,1600.0,2500.0,Shrubland,Herbivore,,No,Nectarivore
AVIBASE-8BDFE96C,2.2,750.0,1750.0,2500.0,Forest,Herbivore,,No,Nectarivore
AVIBASE-FF6D92AA,2.43333,1000.0,2000.0,3000.0,Forest,Herbivore,,No,Nectarivore
AVIBASE-FAF780DF,2.5,0.0,1390.0,1390.0,Shrubland,Herbivore,CP,No,Nectarivore
AVIBASE-AB658C2D,3.4,1150.0,1210.0,2360.0,Shrubland,Herbivore,CP,No,Nectarivore
AVIBASE-B569CB1E,2.6575,1000.0,1200.0,2200.0,Shrubland,Herbivore,CP,No,Nectarivore
AVIBASE-4BB4F257,3.64,0.0,2500.0,2500.0,Woodland,Herbivore,CP,No,Nectarivore
AVIBASE-DEC3D8D0,4.0,0.0,3000.0,3000.0,Woodland,Herbivore,CP,No,Nectarivore
AVIBASE-84644567,2.174,0.0,1600.0,1600.0,Woodland,Herbivore,CP,No,Nectarivore
AVIBASE-2AA5F01C,2.1,0.0,800.0,800.0,Woodland,Herbivore,CP,No,Nectarivore
AVIBASE-00D11273,2.85,0.0,63.0,63.0,Coastal,Herbivore,CP,No,Nectarivore
AVIBASE-0CE9F483,2.425,0.0,37.0,37.0,Shrubland,Herbivore,,No,Nectarivore
AVIBASE-42393721,4.55,0.0,1500.0,1500.0,Woodland,Herbivore,CP,No,Nectarivore
AVIBASE-145F1116,3.4,0.0,1820.0,1820.0,Desert,Herbivore,CP,No,Nectarivore
AVIBASE-5816834E,2.76333,1200.0,2200.0,3400.0,Shrubland,Herbivore,CP,No,Nectarivore
AVIBASE-1E1B6D19,3.72,0.0,3000.0,3000.0,Forest,Herbivore,CP,No,Nectarivore
AVIBASE-C25794D5,3.15,0.0,300.0,300.0,Shrubland,Herbivore,CP,No,Nectarivore
AVIBASE-AFBD5A5F,3.4875,1580.0,1650.0,3230.0,Woodland,Herbivore,CP,No,Nectarivore
AVIBASE-FDB8FCFF,2.35,1500.0,1500.0,3000.0,Forest,Herbivore,,No,Nectarivore
AVIBASE-A5C2B7FB,3.0,1500.0,2000.0,3500.0,Forest,Herbivore,,No,Nectarivore
AVIBASE-BBA56D2E,2.7,2000.0,1500.0,3500.0,Shrubland,Herbivore,CP,No,Nectarivore
AVIBASE-81D324D0,2.188,900.0,1100.0,2000.0,Forest,Herbivore,CP,No,Nectarivore
AVIBASE-DA7DAB3E,,750.0,1050.0,1800.0,Shrubland,Herbivore,,No,Nectarivore
AVIBASE-F0258298,3.92,900.0,1300.0,2200.0,Shrubland,Herbivore,CP,No,Nectarivore
AVIBASE-1AE81F8C,3.75,0.0,1300.0,1300.0,Forest,Herbivore,CP,No,Nectarivore
AVIBASE-10787A38,3.54,0.0,23.0,23.0,Shrubland,Herbivore,,No,Nectarivore
AVIBASE-DD88EB5A,3.75,300.0,2200.0,2500.0,Forest,Herbivore,CP,No,Nectarivore
AVIBASE-E985A051,4.25,0.0,800.0,800.0,Forest,Herbivore,CP,No,Nectarivore
AVIBASE-3DBAC388,4.55,800.0,200.0,1000.0,Forest,Herbivore,CP,No,Nectarivore
AVIBASE-C29BA985,3.33333,150.0,2850.0,3000.0,Woodland,Herbivore,CP,No,Nectarivore
AVIBASE-74CFA678,3.05,,,,Shrubland,Herbivore,CP,No,Nectarivore
AVIBASE-052BEA40,3.075,0.0,3000.0,3000.0,Shrubland,Herbivore,CP,No,Nectarivore
AVIBASE-05C96F92,2.2,0.0,1800.0,1800.0,Grassland,Herbivore,CP,No,Nectarivore
AVIBASE-3737BCB9,2.5,0.0,15.0,15.0,Shrubland,Herbivore,,No,Nectarivore
AVIBASE-FF34508D,2.4,0.0,1900.0,1900.0,Grassland,Herbivore,CP,No,Nectarivore
AVIBASE-C99DAFD1,3.55,0.0,1500.0,1500.0,Grassland,Herbivore,,No,Nectarivore
AVIBASE-99625377,2.675,600.0,2100.0,2700.0,Human Modified,Herbivore,,No,Nectarivore
AVIBASE-114CC90E,3.4,0.0,1300.0,1300.0,Grassland,Herbivore,CP,No,Nectarivore
AVIBASE-99625377,2.64667,750.0,1850.0,2600.0,Shrubland,Herbivore,CP,No,Nectarivore
AVIBASE-727A9FFC,3.7,800.0,800.0,1600.0,Shrubland,Herbivore,,No,Nectarivore
AVIBASE-69D81B74,3.66667,500.0,2000.0,2500.0,Shrubland,Herbivore,CP,No,Nectarivore
AVIBASE-3B22C2E7,3.3,500.0,1200.0,1700.0,Shrubland,Herbivore,CP,No,Nectarivore
AVIBASE-142F4F29,3.4,1000.0,2000.0,3000.0,Forest,Herbivore,CP,No,Nectarivore
AVIBASE-D4F4C613,3.5,700.0,1100.0,1800.0,Forest,Herbivore,CP,No,Nectarivore
AVIBASE-0A7F307E,3.5,750.0,1450.0,2200.0,Forest,Herbivore,CP,No,Nectarivore
AVIBASE-D49E0B95,3.4,1200.0,2300.0,3500.0,Forest,Herbivore,CP,No,Nectarivore
AVIBASE-2A5C6788,3.525,0.0,1500.0,1500.0,Shrubland,Herbivore,CP,No,Nectarivore
AVIBASE-A5502452,6.375,270.0,1230.0,1500.0,Forest,Herbivore,,No,Nectarivore
AVIBASE-BA9F2935,7.18333,900.0,1100.0,2000.0,Forest,Herbivore,CP,No,Nectarivore
AVIBASE-B3F5E5E2,3.06667,1000.0,1200.0,2200.0,Forest,Herbivore,CP,No,Nectarivore
AVIBASE-CFA062CB,2.775,50.0,1650.0,1700.0,Forest,Herbivore,CP,No,Nectarivore
AVIBASE-47928606,3.26,0.0,500.0,500.0,Woodland,Herbivore,CP,No,Nectarivore
AVIBASE-5DC3CCCD,3.45,400.0,1300.0,1700.0,Forest,Herbivore,,No,Nectarivore
AVIBASE-C072BD0D,3.45,1200.0,1300.0,2500.0,Forest,Herbivore,,No,Nectarivore
AVIBASE-C9F9F99A,3.15,0.0,1500.0,1500.0,Forest,Herbivore,CP,No,Nectarivore
AVIBASE-C85BE5CC,3.2,0.0,900.0,900.0,Forest,Herbivore,CP,No,Nectarivore
AVIBASE-6EF5884B,7.98,100.0,700.0,800.0,Forest,Herbivore,CP,No,Nectarivore
AVIBASE-F61125C8,6.35,460.0,420.0,880.0,Forest,Herbivore,,No,Nectarivore
AVIBASE-670295B0,8.26667,1000.0,1050.0,2050.0,Forest,Herbivore,,No,Nectarivore
AVIBASE-FA507528,6.01667,1000.0,1000.0,2000.0,Forest,Herbivore,,No,Nectarivore
AVIBASE-31CE3D30,9.86667,1000.0,600.0,1600.0,Forest,Herbivore,CP,No,Nectarivore
AVIBASE-D6C1978F,7.1,1200.0,1100.0,2300.0,Forest,Herbivore,,No,Nectarivore
AVIBASE-1BA07F2C,6.825,1200.0,3600.0,4800.0,Forest,Herbivore,,No,Nectarivore
AVIBASE-66CE8345,11.025,500.0,1900.0,2400.0,Forest,Herbivore,CP,No,Nectarivore
AVIBASE-786A881C,6.31,1220.0,480.0,1700.0,Forest,Herbivore,,No,Nectarivore
AVIBASE-A99D6174,7.325,1000.0,800.0,1800.0,Forest,Herbivore,,No,Nectarivore
AVIBASE-46979A37,6.55,0.0,900.0,900.0,Forest,Herbivore,CP,No,Nectarivore
AVIBASE-B9AD5428,6.75,0.0,2000.0,2000.0,Forest,Herbivore,CP,No,Nectarivore
AVIBASE-EE7180C8,4.34,0.0,2000.0,2000.0,Forest,Herbivore,CP,No,Nectarivore
AVIBASE-EB8F11B5,4.4,0.0,1700.0,1700.0,Forest,Herbivore,CP,No,Nectarivore
AVIBASE-56FF9424,4.4,0.0,700.0,700.0,Forest,Herbivore,CP,No,Nectarivore
AVIBASE-F83FDFF6,4.78,0.0,850.0,850.0,Forest,Herbivore,CP,No,Nectarivore
AVIBASE-B99E16AF,2.7,300.0,700.0,1000.0,Forest,Herbivore,CP,No,Nectarivore
AVIBASE-8C7E0086,3.15,700.0,800.0,1500.0,Forest,Herbivore,CP,No,Nectarivore
AVIBASE-DE53A419,3.2,750.0,1250.0,2000.0,Forest,Herbivore,,No,Nectarivore
AVIBASE-2CF120F2,3.86667,600.0,600.0,1200.0,Forest,Herbivore,,No,Nectarivore
AVIBASE-1AA6F28B,3.375,600.0,1050.0,1650.0,Forest,Herbivore,,No,Nectarivore
AVIBASE-E5800BE4,3.73333,250.0,950.0,1200.0,Forest,Herbivore,,No,Nectarivore
AVIBASE-A972DFB2,4.625,800.0,1640.0,2440.0,Forest,Herbivore,,No,Nectarivore
AVIBASE-F6C75582,4.725,700.0,1100.0,1800.0,Forest,Herbivore,CP,No,Nectarivore
AVIBASE-67E2FF53,4.334,600.0,1400.0,2000.0,Forest,Herbivore,CP,No,Nectarivore
AVIBASE-7369E5C3,3.32,900.0,1100.0,2000.0,Forest,Herbivore,CP,No,Nectarivore
AVIBASE-058A126E,8.96,0.0,1200.0,1200.0,Forest,Herbivore,CP,No,Nectarivore
AVIBASE-ACCC88A9,5.53333,0.0,800.0,800.0,Shrubland,Herbivore,CP,No,Nectarivore
AVIBASE-ECDD6FE6,4.525,0.0,1275.0,1275.0,Shrubland,Herbivore,,No,Nectarivore
AVIBASE-F09720C2,6.83333,350.0,2450.0,2800.0,Forest,Herbivore,,No,Nectarivore
AVIBASE-FBF86EEA,7.4,400.0,1100.0,1500.0,Forest,Herbivore,CP,No,Nectarivore
AVIBASE-BEB1ADD2,7.94,0.0,1500.0,1500.0,Shrubland,Herbivore,CP,No,Nectarivore
AVIBASE-881147F1,8.05,0.0,700.0,700.0,Forest,Herbivore,CP,No,Nectarivore
AVIBASE-ACC50DCF,4.85,0.0,400.0,400.0,Riverine,Herbivore,CP,No,Nectarivore
AVIBASE-07E19970,4.9,0.0,1500.0,1500.0,Forest,Herbivore,CP,No,Nectarivore
AVIBASE-7D8643AF,4.7,0.0,1000.0,1000.0,Forest,Herbivore,CP,No,Nectarivore
AVIBASE-824C89C3,5.43333,0.0,2400.0,2400.0,Shrubland,Herbivore,CP,No,Nectarivore
AVIBASE-16219C14,6.16667,60.0,1340.0,1400.0,Forest,Herbivore,CP,No,Nectarivore
AVIBASE-822E745E,5.6,600.0,1800.0,2400.0,Forest,Herbivore,CP,No,Nectarivore
AVIBASE-0595E528,4.85,0.0,1800.0,1800.0,Shrubland,Herbivore,CP,No,Nectarivore
AVIBASE-EDCAC4EA,4.3,500.0,1300.0,1800.0,Forest,Herbivore,CP,No,Nectarivore
AVIBASE-33C0BBAE,4.35,0.0,1800.0,1800.0,Forest,Herbivore,,No,Nectarivore
AVIBASE-A5F5E555,4.92,0.0,1600.0,1600.0,Grassland,Herbivore,CP,No,Nectarivore
AVIBASE-0595E528,4.45,0.0,2000.0,2000.0,Shrubland,Herbivore,CP,No,Nectarivore
AVIBASE-E9468157,5.0,400.0,1600.0,2000.0,Forest,Herbivore,CP,No,Nectarivore
AVIBASE-CDB37FB8,4.58,600.0,50.0,650.0,Forest,Herbivore,,No,Nectarivore
AVIBASE-73879DB0,5.0,500.0,1000.0,1500.0,Forest,Herbivore,,No,Nectarivore
AVIBASE-2E35624C,4.36667,400.0,1300.0,1700.0,Forest,Herbivore,,No,Nectarivore
AVIBASE-B6547FA5,4.06667,400.0,1300.0,1700.0,Forest,Herbivore,CP,No,Nectarivore
AVIBASE-8FBB6521,4.41667,0.0,2000.0,2000.0,Forest,Herbivore,CP,No,Nectarivore
AVIBASE-26A37098,4.725,0.0,1650.0,1650.0,Woodland,Herbivore,CP,No,Nectarivore
AVIBASE-76D9954B,4.175,0.0,1200.0,1200.0,Woodland,Herbivore,CP,No,Nectarivore
AVIBASE-7739D5A5,5.04,0.0,2500.0,2500.0,Shrubland,Herbivore,CP,No,Nectarivore
AVIBASE-B1DACE3B,4.5,200.0,300.0,500.0,Forest,Herbivore,CP,No,Nectarivore
AVIBASE-62AFA922,5.06667,0.0,2700.0,2700.0,Shrubland,Herbivore,CP,No,Nectarivore
AVIBASE-3FFAFC07,5.26667,1000.0,1100.0,2100.0,Forest,Herbivore,CP,No,Nectarivore
AVIBASE-2BE9465C,3.93333,0.0,1000.0,1000.0,Shrubland,Herbivore,CP,No,Nectarivore
AVIBASE-1E1E7878,5.15,0.0,1500.0,1500.0,Forest,Herbivore,,No,Nectarivore
AVIBASE-9CAB5D95,3.56,50.0,1200.0,1250.0,Forest,Herbivore,CP,No,Nectarivore
AVIBASE-837E6B04,4.5,0.0,0.0,0.0,Coastal,Herbivore,CP,No,Nectarivore
AVIBASE-D3D0C21B,4.13333,0.0,100.0,100.0,Shrubland,Herbivore,CP,No,Nectarivore
AVIBASE-7AADCEC0,4.3,0.0,100.0,100.0,Forest,Herbivore,,No,Nectarivore
AVIBASE-8BF8D468,6.275,0.0,50.0,50.0,Coastal,Herbivore,,No,Nectarivore
AVIBASE-D4920C92,5.65,500.0,1500.0,2000.0,Shrubland,Herbivore,,No,Nectarivore
AVIBASE-90782929,4.25,0.0,500.0,500.0,Forest,Herbivore,CP,No,Nectarivore
AVIBASE-FB0419E0,4.42,0.0,250.0,250.0,Coastal,Herbivore,CP,No,Nectarivore
AVIBASE-DEB293EB,5.95,0.0,1000.0,1000.0,Forest,Herbivore,CP,No,Nectarivore
AVIBASE-91AD1DE4,4.76667,0.0,500.0,500.0,Forest,Herbivore,CP,No,Nectarivore
AVIBASE-6FD57E23,4.33333,0.0,1400.0,1400.0,Forest,Herbivore,CP,No,Nectarivore
AVIBASE-584DC7EF,4.24,200.0,300.0,500.0,Forest,Herbivore,CP,No,Nectarivore
AVIBASE-B507381B,4.5,200.0,800.0,1000.0,Forest,Herbivore,CP,No,Nectarivore
AVIBASE-18C03F5D,5.525,450.0,1550.0,2000.0,Forest,Herbivore,CP,No,Nectarivore
AVIBASE-8F6E114E,5.85,1000.0,1500.0,2500.0,Forest,Herbivore,CP,No,Nectarivore
AVIBASE-98B261C6,4.15,0.0,500.0,500.0,Forest,Herbivore,CP,No,Nectarivore
AVIBASE-F3516A3B,4.335,0.0,1200.0,1200.0,Forest,Herbivore,,No,Nectarivore
AVIBASE-2F2D76A4,3.8,0.0,600.0,600.0,Forest,Herbivore,CP,No,Nectarivore
AVIBASE-D6040531,3.675,0.0,1600.0,1600.0,Forest,Herbivore,CP,No,Nectarivore
AVIBASE-1939B2C8,3.66,0.0,1000.0,1000.0,Forest,Herbivore,CP,No,Nectarivore
AVIBASE-8564ACE3,3.35,200.0,1050.0,1250.0,Forest,Herbivore,CP,No,Nectarivore
AVIBASE-F730C44E,3.176,0.0,1750.0,1750.0,Forest,Herbivore,CP,No,Nectarivore
AVIBASE-7849DFD9,4.0,0.0,500.0,500.0,Forest,Herbivore,CP,No,Nectarivore
AVIBASE-002445CB,964.75,0.0,2700.0,2700.0,Forest,Herbivore,PL,No,Frugivore
AVIBASE-71A552DA,,1360.0,490.0,1850.0,Woodland,Herbivore,PL,No,Frugivore
AVIBASE-BEDA5DA6,255.0,500.0,1100.0,1600.0,Shrubland,Herbivore,PL,No,Frugivore
AVIBASE-DEBCA587,254.0,0.0,1500.0,1500.0,Woodland,Herbivore,PL,No,Frugivore
AVIBASE-2AA4BC58,217.5,0.0,1700.0,1700.0,Grassland,Herbivore,PL,No,Frugivore
AVIBASE-3C3092F9,370.0,0.0,1300.0,1300.0,Woodland,Herbivore,PL,No,Frugivore
AVIBASE-10B14696,541.0,0.0,1500.0,1500.0,Woodland,Herbivore,PL,No,Frugivore
AVIBASE-76E45A19,264.66667,0.0,1850.0,1850.0,Woodland,Herbivore,PL,No,Frugivore
AVIBASE-FE42CA06,239.0,1770.0,1930.0,3700.0,Forest,Herbivore,PL,No,Frugivore
AVIBASE-E1F0E4B5,257.5,2200.0,1000.0,3200.0,Forest,Herbivore,PL,No,Frugivore
AVIBASE-F9A59545,245.0,1250.0,610.0,1860.0,Forest,Herbivore,PL,No,Frugivore
AVIBASE-3893974C,360.0,0.0,1000.0,1000.0,Riverine,Herbivore,PL,No,Frugivore
AVIBASE-2C7BA3A6,396.16667,0.0,1800.0,1800.0,Forest,Herbivore,PL,No,Frugivore
AVIBASE-EEC520B0,243.0,0.0,1600.0,1600.0,Forest,Herbivore,PL,No,Frugivore
AVIBASE-2226EEC4,224.66667,1700.0,1250.0,2950.0,Forest,Herbivore,PL,No,Frugivore
AVIBASE-FF2AF138,212.25,100.0,2100.0,2200.0,Riverine,Herbivore,PL,No,Frugivore
AVIBASE-91187A52,267.5,0.0,2000.0,2000.0,Forest,Herbivore,PL,No,Frugivore
AVIBASE-0B36500B,290.66667,0.0,1100.0,1100.0,Forest,Herbivore,PL,No,Frugivore
AVIBASE-12FE1ED5,314.75,0.0,2500.0,2500.0,Forest,Herbivore,PL,No,Frugivore
AVIBASE-22952180,235.66667,600.0,1900.0,2500.0,Forest,Herbivore,PL,No,Frugivore
AVIBASE-45CE1202,317.83333,0.0,1800.0,1800.0,Forest,Herbivore,PL,No,Frugivore
AVIBASE-C9A1C773,238.25,500.0,2300.0,2800.0,Forest,Herbivore,PL,No,Frugivore
AVIBASE-D5846D2A,252.25,0.0,1250.0,1250.0,Forest,Herbivore,PL,No,Frugivore
AVIBASE-94214F1C,234.16667,1500.0,1700.0,3200.0,Forest,Herbivore,PL,No,Frugivore
AVIBASE-C6F33176,8100.0,0.0,1800.0,1800.0,Grassland,Omnivore,"NO,SC",No,Omnivore
AVIBASE-6A394479,6733.33333,0.0,920.0,920.0,Grassland,Omnivore,SC,No,Omnivore
AVIBASE-4FC41CA0,9300.0,0.0,2000.0,2000.0,Grassland,Omnivore,SC,No,Omnivore
AVIBASE-2799567A,8187.5,0.0,1000.0,1000.0,Grassland,Omnivore,SC,No,Omnivore
AVIBASE-5D1DFB96,4570.0,0.0,500.0,500.0,Grassland,Omnivore,NO,No,Omnivore
AVIBASE-5714C710,1875.0,0.0,1850.0,1850.0,Grassland,Omnivore,SC,No,Omnivore
AVIBASE-1BCEB0FD,2068.75,0.0,1000.0,1000.0,Grassland,Omnivore,SC,No,Omnivore
AVIBASE-FB9132DC,3450.0,0.0,500.0,500.0,Grassland,Omnivore,SC,No,Omnivore
AVIBASE-4FDBC0CB,5567.75,0.0,3000.0,3000.0,Grassland,Omnivore,SC,No,Omnivore
AVIBASE-4971D1EF,4400.0,0.0,700.0,700.0,Desert,Omnivore,SC,No,Omnivore
AVIBASE-22160251,5420.0,0.0,500.0,500.0,Shrubland,Omnivore,,No,Omnivore
AVIBASE-3B287014,934.0,950.0,1050.0,2000.0,Grassland,Omnivore,SC,No,Omnivore
AVIBASE-501B3D62,1370.4,1500.0,1500.0,3000.0,Grassland,Omnivore,,No,Omnivore
AVIBASE-199B6280,1560.0,0.0,500.0,500.0,Grassland,Omnivore,SC,No,Omnivore
AVIBASE-303DD648,1129.0,0.0,500.0,500.0,Desert,Omnivore,,No,Omnivore
AVIBASE-1BF89BB6,700.0,0.0,1000.0,1000.0,Grassland,Omnivore,NO,No,Omnivore
AVIBASE-8F3D1E6F,712.1,0.0,500.0,500.0,Woodland,Carnivore,,No,Invertivore
AVIBASE-968D57F9,788.75,0.0,1800.0,1800.0,Shrubland,Omnivore,,No,Omnivore
AVIBASE-02BE4F8A,617.0,0.0,1150.0,1150.0,Woodland,Carnivore,,No,Invertivore
AVIBASE-C84BD649,693.6,0.0,500.0,500.0,Shrubland,Omnivore,NO,No,Omnivore
AVIBASE-A6720AF5,714.5,0.0,1000.0,1000.0,Grassland,Carnivore,SC,No,Invertivore
AVIBASE-562F4456,1552.5,0.0,2500.0,2500.0,Grassland,Carnivore,SC,No,Invertivore
AVIBASE-402E7401,1430.0,0.0,1600.0,1600.0,Grassland,Omnivore,,No,Omnivore
AVIBASE-4E2CA7F7,1825.0,0.0,500.0,500.0,Grassland,Omnivore,SC,No,Omnivore
AVIBASE-FEA2C3CD,610.0,0.0,1000.0,1000.0,Grassland,Herbivore,,No,Omnivore
AVIBASE-56E3016D,840.66667,0.0,500.0,500.0,Grassland,Omnivore,SC,No,Omnivore
AVIBASE-E565F8E6,141.73333,0.0,1200.0,1200.0,Shrubland,Carnivore,PL,No,Invertivore
AVIBASE-0DD11B75,184.625,0.0,500.0,500.0,Forest,Carnivore,PL,No,Invertivore
AVIBASE-469BC7B8,125.375,0.0,1200.0,1200.0,Shrubland,Omnivore,PL,No,Omnivore
AVIBASE-C5B34740,80.3,0.0,2300.0,2300.0,Shrubland,Carnivore,PL,No,Invertivore
AVIBASE-505739E9,49.98,0.0,1500.0,1500.0,Shrubland,Carnivore,NO,No,Invertivore
AVIBASE-D3951510,88.48333,0.0,1600.0,1600.0,Forest,Carnivore,NO,No,Invertivore
AVIBASE-489295C7,47.25,0.0,1600.0,1600.0,Forest,Carnivore,"NO,O",No,Invertivore
AVIBASE-BE08306A,66.6,0.0,1500.0,1500.0,Shrubland,Carnivore,CP,No,Invertivore
AVIBASE-DB5DABCF,338.0,0.0,2300.0,2300.0,Shrubland,Carnivore,PL,No,Omnivore
AVIBASE-531820DD,184.1,0.0,3000.0,3000.0,Shrubland,Carnivore,PL,No,Invertivore
AVIBASE-28261C35,350.2,0.0,1450.0,1450.0,Forest,Carnivore,CP,No,Invertivore
AVIBASE-6B6C661C,340.0,,,,Forest,Carnivore,,No,Invertivore
AVIBASE-AD3195D1,399.0,700.0,500.0,1200.0,Forest,Carnivore,CP,No,Invertivore
AVIBASE-712BCA85,381.25,100.0,1000.0,1100.0,Forest,Carnivore,,No,Invertivore
AVIBASE-CE4505F8,330.0,0.0,700.0,700.0,Forest,Carnivore,,No,Invertivore
AVIBASE-DA9831A2,766.0,,,,Forest,Carnivore,,No,Invertivore
AVIBASE-AFAACBF6,336.75,0.0,1300.0,1300.0,Forest,Carnivore,CV,No,Invertivore
AVIBASE-741223A5,461.25,0.0,800.0,800.0,Forest,Carnivore,PL,No,Omnivore
AVIBASE-2FC6E4CC,,,,,Forest,Carnivore,,No,Omnivore
AVIBASE-8AA36B21,178.4,0.0,1200.0,1200.0,Forest,Carnivore,,No,Invertivore
AVIBASE-F1F1A913,,0.0,800.0,800.0,Forest,Carnivore,SP,No,Invertivore
AVIBASE-E0882F01,219.75,0.0,1200.0,1200.0,Forest,Carnivore,,No,Invertivore
AVIBASE-7F4345B1,200.75,0.0,750.0,750.0,Forest,Carnivore,,No,Invertivore
AVIBASE-B4E9B5B6,200.625,0.0,600.0,600.0,Forest,Carnivore,SP,No,Invertivore
AVIBASE-A3CDA02C,,0.0,1000.0,1000.0,Forest,Carnivore,,No,Invertivore
AVIBASE-120AEEC0,210.0,,,,Forest,Carnivore,,No,Omnivore
AVIBASE-A0CB9C06,309.0,,,,Forest,Carnivore,SP,No,Invertivore
AVIBASE-4A83155B,164.83333,,,2200.0,Shrubland,Carnivore,SP,No,Omnivore
AVIBASE-7C879D6D,207.25,0.0,2500.0,2500.0,Wetland,Carnivore,DM,No,Omnivore
AVIBASE-DD7B1DD7,264.0,0.0,1670.0,1670.0,Riverine,Carnivore,DM,No,Omnivore
AVIBASE-BD2BC35C,165.0,0.0,2800.0,2800.0,Riverine,Carnivore,CP,No,Omnivore
AVIBASE-F592E384,,0.0,,,Coastal,Carnivore,,No,Omnivore
AVIBASE-F5F991AC,281.5,0.0,1200.0,1200.0,Forest,Carnivore,SP,No,Omnivore
AVIBASE-6F7BCBE5,154.5,0.0,1800.0,1800.0,Forest,Carnivore,SP,No,Invertivore
AVIBASE-27F3C2C3,509.0,0.0,250.0,250.0,Forest,Carnivore,,No,Invertivore
AVIBASE-DB09507D,117.66667,0.0,2700.0,2700.0,Grassland,Carnivore,SP,No,Invertivore
AVIBASE-AA694535,153.5,0.0,2000.0,2000.0,Grassland,Carnivore,SP,No,Invertivore
AVIBASE-FD7D022A,172.075,0.0,2000.0,2000.0,Grassland,Carnivore,DM,No,Invertivore
AVIBASE-C6B5882B,500.0,0.0,950.0,950.0,Forest,Carnivore,,No,Invertivore
AVIBASE-D4162FE4,162.5,0.0,500.0,500.0,Shrubland,Carnivore,DM,No,Invertivore
AVIBASE-2EDD1757,,,,,Forest,Carnivore,,No,Omnivore
AVIBASE-598BC113,331.5,0.0,,,Shrubland,Carnivore,DM,No,Omnivore
AVIBASE-FB6D6920,199.0,0.0,,,Forest,Carnivore,DM,No,Invertivore
AVIBASE-24128162,455.0,300.0,1400.0,1700.0,Forest,Carnivore,,No,Invertivore
AVIBASE-64A8C1C5,,300.0,1100.0,1400.0,Forest,Carnivore,,No,Invertivore
AVIBASE-15594C17,400.0,0.0,900.0,900.0,Forest,Carnivore,PL,No,Invertivore
AVIBASE-CBAC0BBC,110.0,0.0,,,Forest,Carnivore,,No,Invertivore
AVIBASE-A7812333,104.0,0.0,700.0,700.0,Forest,Carnivore,HC,No,Invertivore
AVIBASE-3BE9C6C1,149.5,0.0,800.0,800.0,Forest,Carnivore,CP,No,Invertivore
AVIBASE-BD0EDFE1,98.66667,0.0,225.0,225.0,Shrubland,Carnivore,PL,No,Invertivore
AVIBASE-B569EDF7,247.5,0.0,2000.0,2000.0,Forest,Carnivore,"DM,CP",No,Invertivore
AVIBASE-7F73F191,172.66667,0.0,350.0,350.0,Forest,Carnivore,CP,No,Invertivore
AVIBASE-9547E39A,182.0,0.0,900.0,900.0,Forest,Carnivore,CP,No,Invertivore
AVIBASE-7B86087B,148.5,0.0,2500.0,2500.0,Forest,Carnivore,CP,No,Invertivore
AVIBASE-39649172,147.5,0.0,1000.0,1000.0,Forest,Carnivore,CP,No,Invertivore
AVIBASE-6643841C,110.5,0.0,200.0,200.0,Shrubland,Carnivore,CP,No,Invertivore
AVIBASE-CAFE4C4C,430.0,0.0,800.0,800.0,Forest,Carnivore,CP,No,Invertivore
AVIBASE-CC72DA7A,293.0,0.0,1000.0,1000.0,Forest,Herbivore,CP,No,Frugivore
AVIBASE-75CE1C40,52.5,0.0,1100.0,1100.0,Forest,Carnivore,SA,No,Invertivore
AVIBASE-E0D521B7,65.0,0.0,2300.0,2300.0,Forest,Omnivore,DM,No,Omnivore
AVIBASE-3A46A20C,64.2,0.0,1300.0,1300.0,Forest,Carnivore,PL,No,Invertivore
AVIBASE-4D3AFA75,175.75,0.0,1000.0,1000.0,Forest,Carnivore,SA,No,Invertivore
AVIBASE-AD32C303,115.5,0.0,1200.0,1200.0,Forest,Carnivore,PL,No,Invertivore
AVIBASE-A515DB77,,0.0,1300.0,1300.0,Forest,Carnivore,,No,Invertivore
AVIBASE-529F2C76,151.525,0.0,1100.0,1100.0,Forest,Carnivore,PL,No,Invertivore
AVIBASE-C3BD8307,154.0,0.0,,,Forest,Carnivore,,No,Invertivore
AVIBASE-E868D55C,,0.0,920.0,920.0,Forest,Carnivore,SA,No,Invertivore
AVIBASE-104B295D,97.2,0.0,1200.0,1200.0,Forest,Carnivore,PL,No,Invertivore
AVIBASE-6E40B45B,67.0,0.0,1000.0,1000.0,Woodland,Carnivore,SA,No,Invertivore
AVIBASE-FCE039DC,65.4,0.0,1200.0,1200.0,Forest,Carnivore,SA,No,Invertivore
AVIBASE-147BEFCD,121.0,0.0,1600.0,1600.0,Forest,Carnivore,PL,No,Invertivore
AVIBASE-00F880FA,119.5,100.0,700.0,800.0,Forest,Carnivore,,No,Invertivore
AVIBASE-653D9BD0,167.175,0.0,2000.0,2000.0,Forest,Carnivore,CP,No,Invertivore
AVIBASE-575C66D2,76.2,0.0,2000.0,2000.0,Woodland,Carnivore,NO,No,Invertivore
AVIBASE-3D67C56A,145.95,500.0,1500.0,2000.0,Woodland,Carnivore,NO,No,Invertivore
AVIBASE-3C8C3A31,121.8,0.0,2100.0,2100.0,Woodland,Carnivore,NO,No,Invertivore
AVIBASE-BF0A0954,83.5,0.0,4200.0,4200.0,Woodland,Carnivore,NO,No,Invertivore
AVIBASE-07DD8007,37.5,0.0,900.0,900.0,Forest,Carnivore,CP,No,Invertivore
AVIBASE-F0677C4B,41.96,0.0,1000.0,1000.0,Forest,Carnivore,PL,No,Invertivore
AVIBASE-83A0647B,43.76,0.0,900.0,900.0,Shrubland,Carnivore,PL,No,Invertivore
AVIBASE-6AA111B5,103.85,0.0,2800.0,2800.0,Forest,Carnivore,HC,No,Invertivore
AVIBASE-239A7DE6,,0.0,2000.0,2000.0,Forest,Carnivore,PL,No,Invertivore
AVIBASE-1AE8B7CD,102.4,0.0,800.0,800.0,Forest,Carnivore,CP,No,Invertivore
AVIBASE-5426F64E,53.125,0.0,950.0,950.0,Woodland,Carnivore,PL,No,Invertivore
AVIBASE-0CF12F81,56.73333,0.0,2500.0,2500.0,Woodland,Carnivore,PL,No,Invertivore
AVIBASE-BBA3CB9A,52.46667,0.0,900.0,900.0,Forest,Carnivore,PL,No,Invertivore
AVIBASE-84F096F7,66.85,0.0,1250.0,1250.0,Coastal,Carnivore,PL,No,Invertivore
AVIBASE-8DCC542B,70.0,0.0,400.0,400.0,Forest,Carnivore,HC,No,Invertivore
AVIBASE-41E9F54B,53.2,0.0,2400.0,2400.0,Forest,Carnivore,"HC,PL",No,Invertivore
AVIBASE-618790D9,51.0,0.0,1800.0,1800.0,Forest,Carnivore,PL,No,Invertivore
AVIBASE-9580F5D9,159.5,0.0,1500.0,1500.0,Forest,Carnivore,SA,No,Vertivore
AVIBASE-AB5C68F1,128.0,0.0,900.0,900.0,Forest,Carnivore,PL,No,Vertivore
AVIBASE-ECDCF2B9,95.5,0.0,1200.0,1200.0,Forest,Carnivore,PL,No,Vertivore
AVIBASE-107F0A70,172.16667,0.0,1250.0,1250.0,Woodland,Carnivore,SA,No,Omnivore
AVIBASE-7390B9DD,100.0,0.0,27.0,27.0,Shrubland,Carnivore,,No,Omnivore
AVIBASE-3B78A0C9,86.0,0.0,900.0,900.0,Forest,Carnivore,PL,No,Vertivore
AVIBASE-C6180718,101.93333,0.0,2200.0,2200.0,Woodland,Carnivore,PL,No,Invertivore
AVIBASE-2AD52363,104.0,0.0,1600.0,1600.0,Woodland,Carnivore,NO,No,Invertivore
AVIBASE-FADB9F50,49.075,0.0,1450.0,1450.0,Forest,Herbivore,NO,No,Frugivore
AVIBASE-61503588,230.0,0.0,1800.0,1800.0,Forest,Herbivore,NO,No,Frugivore
AVIBASE-8D85687A,199.875,0.0,1400.0,1400.0,Forest,Herbivore,NO,No,Frugivore
AVIBASE-8D85687A,239.33333,0.0,1500.0,1500.0,Forest,Herbivore,NO,No,Frugivore
AVIBASE-3BD58F08,113.5,,,,Forest,Carnivore,NO,No,Invertivore
AVIBASE-D9638667,680.5,0.0,,,Forest,Herbivore,NO,No,Frugivore
AVIBASE-DD1544E8,25.6,0.0,2500.0,2500.0,Forest,Carnivore,NO,No,Invertivore
AVIBASE-A6C03533,22.2,0.0,700.0,700.0,Forest,Carnivore,NO,No,Invertivore
AVIBASE-0482FA7E,32.44,0.0,1200.0,1200.0,Shrubland,Carnivore,NO,No,Invertivore
AVIBASE-1FACD210,27.92,0.0,3000.0,3000.0,Woodland,Carnivore,NO,No,Invertivore
AVIBASE-A4427701,29.25,,,,Forest,Carnivore,NO,No,Invertivore
AVIBASE-1B309CB5,38.0,0.0,3000.0,3000.0,Woodland,Carnivore,NO,No,Invertivore
AVIBASE-14B0CB57,31.25,0.0,70.0,70.0,Forest,Carnivore,,No,Invertivore
AVIBASE-91248B47,24.2,0.0,,,Woodland,Carnivore,NO,No,Invertivore
AVIBASE-087C279E,32.0,,,,Shrubland,Carnivore,NO,No,Invertivore
AVIBASE-4049465F,22.25,1600.0,1000.0,2600.0,Forest,Carnivore,NO,No,Invertivore
AVIBASE-19268395,33.35,0.0,1920.0,1920.0,Forest,Carnivore,NO,No,Invertivore
AVIBASE-AD3C4F31,20.225,500.0,1500.0,2000.0,Forest,Carnivore,NO,No,Invertivore
AVIBASE-9C8CCBA3,18.6,,,,Forest,Carnivore,NO,No,Invertivore
AVIBASE-D2B68684,90.5,0.0,,,Forest,Carnivore,NO,No,Invertivore
AVIBASE-22208B0E,112.75,0.0,1500.0,1500.0,Forest,Carnivore,,No,Invertivore
AVIBASE-26360764,31.5,1200.0,900.0,2100.0,Forest,Carnivore,NO,No,Invertivore
AVIBASE-D86848D4,53.8,1500.0,1500.0,3000.0,Forest,Carnivore,NO,No,Invertivore
AVIBASE-9E932BD4,32.95,0.0,900.0,900.0,Forest,Carnivore,NO,No,Invertivore
AVIBASE-54089C78,25.75,0.0,3000.0,3000.0,Woodland,Carnivore,NO,No,Invertivore
AVIBASE-84D36C76,24.885,400.0,1900.0,2300.0,Woodland,Carnivore,NO,No,Invertivore
AVIBASE-05824D50,35.0,0.0,1300.0,1300.0,Forest,Carnivore,NO,No,Invertivore
AVIBASE-3523C73F,35.8,0.0,1500.0,1500.0,Forest,Carnivore,NO,No,Invertivore
AVIBASE-D64491E4,57.0,,,,Forest,Carnivore,NO,No,Invertivore
AVIBASE-D64491E4,54.9,,,,Forest,Carnivore,,No,Invertivore
AVIBASE-CB8FBD65,65.83333,,,,Forest,Carnivore,NO,No,Invertivore
AVIBASE-B8D42059,58.0,0.0,2800.0,2800.0,Forest,Carnivore,NO,No,Invertivore
AVIBASE-7187E85C,38.48,0.0,1000.0,1000.0,Forest,Carnivore,,No,Invertivore
AVIBASE-A6A5EE59,31.65,0.0,2100.0,2100.0,Forest,Carnivore,NO,No,Invertivore
AVIBASE-89141C11,34.96667,200.0,1600.0,1800.0,Forest,Carnivore,NO,No,Invertivore
AVIBASE-1D90D496,29.7,100.0,1100.0,1200.0,Forest,Carnivore,NO,No,Invertivore
AVIBASE-7B055529,58.2,0.0,900.0,900.0,Forest,Carnivore,NO,No,Invertivore
AVIBASE-CC033E81,144.75,900.0,2600.0,3500.0,Woodland,Carnivore,NO,No,Invertivore
AVIBASE-985D5E9E,137.0,800.0,1200.0,2000.0,Forest,Carnivore,NO,No,Invertivore
AVIBASE-0880DDC8,101.5,0.0,1000.0,1000.0,Woodland,Carnivore,NO,No,Invertivore
AVIBASE-207B3537,120.15,,,2800.0,Forest,Carnivore,NO,No,Invertivore
AVIBASE-0A04334E,78.25,0.0,2400.0,2400.0,Forest,Carnivore,NO,No,Invertivore
AVIBASE-FBCC3C2F,69.25,0.0,1700.0,1700.0,Forest,Carnivore,NO,No,Invertivore
AVIBASE-099F2928,81.1,200.0,2100.0,2300.0,Forest,Carnivore,NO,No,Invertivore
AVIBASE-EDB84334,86.86667,0.0,2000.0,2000.0,Forest,Carnivore,NO,No,Invertivore
AVIBASE-26A34DA5,75.83333,1000.0,2000.0,3000.0,Forest,Carnivore,NO,No,Invertivore
AVIBASE-FF41B79F,51.5,1200.0,2460.0,3660.0,Forest,Carnivore,NO,No,Invertivore
AVIBASE-D2EB8DC9,85.0,500.0,900.0,1400.0,Forest,Carnivore,,No,Invertivore
AVIBASE-5CFEDF61,120.5,0.0,2100.0,2100.0,Forest,Carnivore,NO,No,Invertivore
AVIBASE-C2E0717C,62.0,0.0,1950.0,1950.0,Forest,Carnivore,NO,No,Invertivore
AVIBASE-66931B3F,105.0,,,,Woodland,Carnivore,NO,No,Invertivore
AVIBASE-565F83B3,94.86667,0.0,4500.0,4500.0,Forest,Carnivore,NO,No,Invertivore
AVIBASE-6A735030,102.26667,1400.0,600.0,2000.0,Woodland,Carnivore,NO,No,Invertivore
AVIBASE-BC2989BC,78.0,500.0,2250.0,2750.0,Forest,Carnivore,NO,No,Invertivore
AVIBASE-B3D2C3C5,116.25,0.0,3800.0,3800.0,Forest,Carnivore,O,No,Invertivore
AVIBASE-AD251783,171.0,,,,Forest,Carnivore,,No,Invertivore
AVIBASE-ABDA1FE5,107.0,0.0,150.0,150.0,Forest,Carnivore,PL,No,Invertivore
AVIBASE-9963109A,148.0,0.0,1200.0,1200.0,Forest,Carnivore,PL,Partial,Invertivore
AVIBASE-E3662B23,139.0,0.0,130.0,130.0,Shrubland,Carnivore,PL,No,Invertivore
AVIBASE-06AC42C7,347.0,3800.0,2200.0,6000.0,Grassland,Herbivore,SC,No,Omnivore
AVIBASE-BDCB55F1,250.0,1850.0,1400.0,3250.0,Grassland,Herbivore,SC,No,Granivore
AVIBASE-493C4CF8,308.75,0.0,1000.0,1000.0,Grassland,Herbivore,SC,No,Granivore
AVIBASE-AAEF597A,172.66667,0.0,1000.0,1000.0,Grassland,Herbivore,SC,No,Granivore
AVIBASE-F5DE9155,211.5,0.0,1500.0,1500.0,Grassland,Herbivore,SC,No,Granivore
AVIBASE-942BC618,277.8,0.0,1000.0,1000.0,Desert,Herbivore,SC,No,Granivore
AVIBASE-06B41945,427.5,0.0,1000.0,1000.0,Grassland,Herbivore,SC,No,Granivore
AVIBASE-8B6EA5FA,342.5,800.0,1200.0,2000.0,Grassland,Herbivore,SC,No,Granivore
AVIBASE-90194DA5,280.0,0.0,1200.0,1200.0,Desert,Herbivore,SC,No,Granivore
AVIBASE-70AFED2C,180.83333,0.0,1600.0,1600.0,Grassland,Herbivore,SC,No,Granivore
AVIBASE-AFBB3FB7,212.5,0.0,1200.0,1200.0,Grassland,Herbivore,SC,No,Granivore
AVIBASE-F3715F7B,211.25,0.0,1800.0,1800.0,Desert,Herbivore,SC,No,Granivore
AVIBASE-03CF8CB5,185.5,0.0,1000.0,1000.0,Grassland,Herbivore,SC,No,Granivore
AVIBASE-461482EA,179.62667,0.0,500.0,500.0,Shrubland,Herbivore,SC,No,Granivore
AVIBASE-54059277,233.8,0.0,1000.0,1000.0,Grassland,Herbivore,SC,No,Granivore
AVIBASE-176A4101,184.4,0.0,1000.0,1000.0,Grassland,Herbivore,SC,No,Granivore
AVIBASE-BBA263C2,349.4,0.0,3000.0,3000.0,Rock,Herbivore,CP,No,Granivore
AVIBASE-BF20B94D,238.682,1500.0,4600.0,6100.0,Rock,Herbivore,PL,No,Granivore
AVIBASE-F5750571,284.75,3000.0,2000.0,5000.0,Rock,Herbivore,PL,No,Granivore
AVIBASE-A6EA9F02,307.5,0.0,3000.0,3000.0,Woodland,Herbivore,"PL,SC",No,Granivore
AVIBASE-DD7C4C78,277.0,2400.0,2000.0,4400.0,Woodland,Herbivore,CR,No,Granivore
AVIBASE-68E4C0D1,300.25,,,2300.0,Grassland,Herbivore,CR,No,Granivore
AVIBASE-38AA824B,200.25,0.0,2000.0,2000.0,Grassland,Herbivore,CV,No,Granivore
AVIBASE-37B66CCF,,75.0,675.0,750.0,Rock,Herbivore,PL,No,Granivore
AVIBASE-760F307A,487.0,0.0,1600.0,1600.0,Woodland,Herbivore,PL,No,Omnivore
AVIBASE-BAAC66AF,456.82,0.0,850.0,850.0,Forest,Herbivore,"CR,PL",No,Frugivore
AVIBASE-1ED914E6,360.0,1300.0,200.0,1500.0,Forest,Herbivore,PL,No,Frugivore
AVIBASE-396E6311,400.0,0.0,1600.0,1600.0,Forest,Herbivore,,No,Frugivore
AVIBASE-1A145C89,401.5,0.0,1600.0,1600.0,Forest,Herbivore,PL,No,Frugivore
AVIBASE-EEDB8253,354.33333,1400.0,1800.0,3200.0,Forest,Herbivore,PL,No,Frugivore
AVIBASE-757ABA94,,1000.0,1500.0,2500.0,Forest,Herbivore,PL,No,Frugivore
AVIBASE-8288E54D,466.66667,0.0,2024.0,2024.0,Forest,Herbivore,,No,Frugivore
AVIBASE-05BBFC8E,,0.0,1750.0,1750.0,Forest,Herbivore,,No,Frugivore
AVIBASE-3503F769,,1800.0,2200.0,4000.0,Forest,Herbivore,PL,No,Frugivore
AVIBASE-A1B9BB88,302.5,700.0,1100.0,1800.0,Forest,Herbivore,,No,Frugivore
AVIBASE-6E814856,330.0,1200.0,2000.0,3200.0,Forest,Herbivore,,No,Frugivore
AVIBASE-5813ADBE,379.0,0.0,2000.0,2000.0,Forest,Herbivore,PL,No,Frugivore
AVIBASE-EEEDA1B2,,1000.0,1100.0,2100.0,Forest,Herbivore,PL,No,Frugivore
AVIBASE-D5C3E9C9,440.0,0.0,1600.0,1600.0,Forest,Herbivore,PL,No,Frugivore
AVIBASE-036DC7FC,,0.0,100.0,100.0,Coastal,Herbivore,PL,No,Frugivore
AVIBASE-95059E5A,515.0,,,,Forest,Herbivore,,No,Frugivore
AVIBASE-E2209F71,397.0,,,,Forest,Herbivore,CV,No,Granivore
AVIBASE-0EFF2CA3,,,,,Forest,,,No,
AVIBASE-33D2620F,,,,,Forest,,,No,
AVIBASE-CE7203C7,372.83333,0.0,2750.0,2750.0,Forest,Herbivore,PL,No,Omnivore
AVIBASE-8F3CF81A,359.0,0.0,1000.0,1000.0,Forest,Herbivore,PL,No,Omnivore
AVIBASE-3C0E1CD4,459.0,0.0,1300.0,1300.0,Forest,Herbivore,,No,Omnivore
AVIBASE-870E4DDA,149.5,500.0,2300.0,2800.0,Forest,Herbivore,PL,No,Frugivore
AVIBASE-3FC9BA60,126.0,0.0,1500.0,1500.0,Forest,Herbivore,PL,No,Frugivore
AVIBASE-E6393B15,,400.0,100.0,500.0,Forest,Herbivore,PL,No,Frugivore
AVIBASE-B01378DF,,,,,Forest,Herbivore,,No,Omnivore
AVIBASE-EE40DDB6,163.5,0.0,3030.0,3030.0,Forest,Herbivore,PL,No,Omnivore
AVIBASE-D397FE25,298.0,0.0,,,Forest,Herbivore,SA,No,Omnivore
AVIBASE-5F571C8A,242.33333,0.0,1500.0,1500.0,Coastal,Herbivore,PL,No,Frugivore
AVIBASE-D15BB73D,311.5,0.0,2000.0,2000.0,Forest,Herbivore,,No,Frugivore
AVIBASE-3EAF0903,279.0,0.0,1524.0,1524.0,Forest,Herbivore,PL,No,Frugivore
AVIBASE-C7405D19,320.0,0.0,1100.0,1100.0,Woodland,Herbivore,PL,No,Omnivore
AVIBASE-A87AEB78,272.5,0.0,400.0,400.0,Shrubland,Herbivore,PL,No,Omnivore
AVIBASE-CC3675BF,347.0,0.0,1000.0,1000.0,Woodland,Herbivore,,No,Granivore
AVIBASE-9DAE7539,,2000.0,2200.0,4200.0,Forest,Herbivore,,No,Granivore
AVIBASE-0693123F,364.0,0.0,3500.0,3500.0,Forest,Herbivore,PL,No,Granivore
AVIBASE-3B008E78,315.0,750.0,2950.0,3700.0,Woodland,Herbivore,,No,Omnivore
AVIBASE-2BD38691,270.0,0.0,1600.0,1600.0,Forest,Herbivore,PL,No,Omnivore
AVIBASE-05E3F3DF,250.0,150.0,1850.0,2000.0,Forest,Herbivore,PL,No,Frugivore
AVIBASE-A8908194,232.16667,0.0,800.0,800.0,Forest,Herbivore,PL,No,Frugivore
AVIBASE-F8174D40,274.4,0.0,2100.0,2100.0,Forest,Herbivore,PL,No,Frugivore
AVIBASE-2328CDB8,265.0,850.0,1550.0,2400.0,Forest,Herbivore,,No,Granivore
AVIBASE-C4BD9E16,326.66667,0.0,2000.0,2000.0,Forest,Herbivore,,No,Frugivore
AVIBASE-CD161B09,184.66667,200.0,1700.0,1900.0,Forest,Herbivore,,No,Frugivore
AVIBASE-F4F72BD9,155.5,0.0,1500.0,1500.0,Forest,Herbivore,PL,No,Frugivore
AVIBASE-1D706BD0,161.33333,0.0,1500.0,1500.0,Forest,Herbivore,PL,No,Frugivore
AVIBASE-A057002F,,0.0,1500.0,1500.0,Forest,Herbivore,,No,Frugivore
AVIBASE-CDDEA7EB,171.33333,0.0,2000.0,2000.0,Forest,Herbivore,PL,No,Granivore
AVIBASE-E54E8DE6,,,,,Forest,,,No,
AVIBASE-2BB91092,,,,,Forest,,,No,
AVIBASE-602F4DD0,308.0,300.0,500.0,800.0,Forest,Herbivore,,No,Omnivore
AVIBASE-5788552B,127.5,0.0,1300.0,1300.0,Woodland,Herbivore,"PL,O",No,Granivore
AVIBASE-8770C6A7,181.66667,1800.0,1400.0,3200.0,Forest,Herbivore,PL,No,Granivore
AVIBASE-3D386DBA,161.0,,,1200.0,Forest,Herbivore,PL,No,Granivore
AVIBASE-6658BAC5,234.83333,0.0,4000.0,4000.0,Woodland,Herbivore,PL,No,Granivore
AVIBASE-DFC8E556,157.0,600.0,200.0,800.0,Coastal,Herbivore,PL,No,Granivore
AVIBASE-E9FDB2B9,157.0,0.0,600.0,600.0,Grassland,Herbivore,,No,Granivore
AVIBASE-0C1EFC9B,179.66667,0.0,2400.0,2400.0,Grassland,Herbivore,PL,No,Granivore
AVIBASE-4B62C0C3,,0.0,500.0,500.0,Grassland,Herbivore,PL,No,Granivore
AVIBASE-273A4A2F,152.33333,0.0,1000.0,1000.0,Shrubland,Herbivore,CP,No,Granivore
AVIBASE-65FE8029,117.33333,0.0,750.0,750.0,Forest,Herbivore,PL,No,Frugivore
AVIBASE-70BD722B,168.83333,0.0,1400.0,1400.0,Woodland,Herbivore,PL,No,Granivore
AVIBASE-9888B3AE,210.33333,0.0,2100.0,2100.0,Woodland,Herbivore,PL,No,Granivore
AVIBASE-AB937AEB,144.66667,0.0,1000.0,1000.0,Woodland,Herbivore,,No,Granivore
AVIBASE-DDEF7228,105.66667,0.0,2000.0,2000.0,Woodland,Herbivore,PL,No,Granivore
AVIBASE-BC140778,109.33333,0.0,1300.0,1300.0,Woodland,Herbivore,PL,No,Granivore
AVIBASE-BAD2AC99,156.66667,0.0,1000.0,1000.0,Forest,Herbivore,,No,Granivore
AVIBASE-AEF9E7D3,,0.0,2900.0,2900.0,Woodland,Herbivore,,No,Granivore
AVIBASE-B2D6AB06,105.0,0.0,3000.0,3000.0,Grassland,Herbivore,PL,No,Granivore
AVIBASE-C0181886,165.66667,450.0,2550.0,3000.0,Forest,Herbivore,PL,No,Granivore
AVIBASE-FD516092,174.0,0.0,1800.0,1800.0,Forest,Herbivore,PL,No,Frugivore
AVIBASE-A8BFA3EA,143.0,0.0,2000.0,2000.0,Woodland,Herbivore,PL,No,Frugivore
AVIBASE-4254A9CB,161.0,300.0,1220.0,1520.0,Forest,Herbivore,PL,No,Frugivore
AVIBASE-F30B6A47,,0.0,1520.0,1520.0,Forest,Herbivore,,No,Frugivore
AVIBASE-94D0405A,,0.0,1520.0,1520.0,Forest,Herbivore,,No,Frugivore
AVIBASE-E3CD28EA,,0.0,1000.0,1000.0,Forest,Herbivore,,No,Frugivore
AVIBASE-DA25D77D,,0.0,1000.0,1000.0,Forest,Herbivore,,No,Frugivore
AVIBASE-EDF138FC,,0.0,1000.0,1000.0,Forest,Herbivore,,No,Frugivore
AVIBASE-C1066969,178.0,0.0,2000.0,2000.0,Forest,Herbivore,SC,No,Frugivore
AVIBASE-1CFF2F57,211.0,0.0,1000.0,1000.0,Forest,Herbivore,CP,No,Frugivore
AVIBASE-DC1A2059,257.5,0.0,500.0,500.0,Forest,Herbivore,,No,Frugivore
AVIBASE-8BA75FED,86.7,0.0,2600.0,2600.0,Forest,Herbivore,,No,Frugivore
AVIBASE-A497EDE2,86.8,200.0,1395.0,1595.0,Forest,Herbivore,PL,No,Omnivore
AVIBASE-890C54C3,82.43333,300.0,2200.0,2500.0,Forest,Herbivore,PL,No,Frugivore
AVIBASE-DA7BFF77,240.0,0.0,3380.0,3380.0,Forest,Herbivore,PL,No,Omnivore
AVIBASE-567966D3,302.66667,0.0,1000.0,1000.0,Forest,Herbivore,,No,Frugivore
AVIBASE-F7DED186,259.0,0.0,1100.0,1100.0,Forest,Herbivore,,No,Frugivore
AVIBASE-D14CE6AB,212.5,0.0,800.0,800.0,Forest,Herbivore,,No,Frugivore
AVIBASE-E9B2FCFC,,0.0,900.0,900.0,Forest,Herbivore,,No,Frugivore
AVIBASE-A8B4CB21,,0.0,1100.0,1100.0,Forest,Herbivore,,No,Frugivore
AVIBASE-BDF442F2,65.36667,0.0,1650.0,1650.0,Woodland,Herbivore,PL,No,Granivore
AVIBASE-72B71F11,62.5,0.0,1800.0,1800.0,Woodland,Herbivore,PL,No,Granivore
AVIBASE-23D5FC36,61.4,0.0,2000.0,2000.0,Woodland,Herbivore,PL,No,Granivore
AVIBASE-7308278F,69.23333,0.0,3000.0,3000.0,Forest,Herbivore,"PL,O",No,Granivore
AVIBASE-0CA6EE59,121.2,0.0,750.0,750.0,Forest,Omnivore,CP,No,Omnivore
AVIBASE-DDC2CC92,39.33333,0.0,1600.0,1600.0,Grassland,Herbivore,PL,No,Granivore
AVIBASE-05E5E8F6,130.5,0.0,2200.0,2200.0,Forest,Herbivore,PL,No,Granivore
AVIBASE-826A9742,146.0,0.0,1300.0,1300.0,Forest,Herbivore,CP,No,Granivore
AVIBASE-7330DBCF,122.0,0.0,750.0,750.0,Forest,Herbivore,,No,Granivore
AVIBASE-A91318C0,247.0,0.0,1200.0,1200.0,Forest,Omnivore,PL,No,Omnivore
AVIBASE-0165D38B,247.0,0.0,700.0,700.0,Forest,Omnivore,,No,Omnivore
AVIBASE-8D30DDA6,341.25,0.0,1000.0,1000.0,Forest,Herbivore,"PL,O",No,Granivore
AVIBASE-020BE546,201.25,0.0,1000.0,1000.0,Woodland,Herbivore,PL,No,Granivore
AVIBASE-9560088E,286.16667,0.0,1000.0,1000.0,Grassland,Herbivore,,No,Granivore
AVIBASE-245D312A,201.0,0.0,1000.0,1000.0,Grassland,Herbivore,PL,No,Omnivore
AVIBASE-89DA10B8,95.75,0.0,1000.0,1000.0,Grassland,Herbivore,SC,No,Granivore
AVIBASE-AD62DDA5,215.5,0.0,1000.0,1000.0,Woodland,Herbivore,SC,No,Granivore
AVIBASE-888803D1,198.16667,0.0,250.0,250.0,Forest,Herbivore,SC,No,Granivore
AVIBASE-7EFA1E93,375.75,0.0,700.0,700.0,Forest,Herbivore,PL,No,Granivore
AVIBASE-E91C72D9,401.66667,0.0,900.0,900.0,Forest,Herbivore,PL,No,Omnivore
AVIBASE-9D10537C,154.0,0.0,500.0,500.0,Rock,Herbivore,PL,No,Granivore
AVIBASE-5AC3491A,130.5,0.0,500.0,500.0,Rock,Herbivore,PL,No,Granivore
AVIBASE-4A80DFC5,33.5,0.0,1000.0,1000.0,Grassland,Herbivore,PL,No,Granivore
AVIBASE-91C3A5E9,61.0,0.0,900.0,900.0,Woodland,Herbivore,,No,Granivore
AVIBASE-8DF7FC3F,53.5,0.0,1000.0,1000.0,Woodland,Herbivore,PL,No,Granivore
AVIBASE-745E4C3D,53.25,0.0,1400.0,1400.0,Woodland,Herbivore,,No,Granivore
AVIBASE-A39F91F0,128.66667,0.0,1000.0,1000.0,Woodland,Herbivore,PL,No,Granivore
AVIBASE-BFE74235,45.16667,0.0,3000.0,3000.0,Woodland,Herbivore,HC,No,Granivore
AVIBASE-26085D75,54.0,0.0,1200.0,1200.0,Grassland,Herbivore,CP,No,Granivore
AVIBASE-F9AED548,32.5,0.0,2500.0,2500.0,Grassland,Herbivore,HC,No,Granivore
AVIBASE-37691FA2,33.4,0.0,1400.0,1400.0,Shrubland,Herbivore,HC,No,Granivore
AVIBASE-19BFB346,49.16667,0.0,2000.0,2000.0,Forest,Herbivore,CP,No,Granivore
AVIBASE-ADD11A5F,46.16667,0.0,2600.0,2600.0,Woodland,Herbivore,PL,No,Granivore
AVIBASE-C5E145EC,48.2,0.0,3700.0,3700.0,Grassland,Herbivore,,No,Granivore
AVIBASE-E981792A,48.475,0.0,2400.0,2400.0,Grassland,Herbivore,,No,Granivore
AVIBASE-C6FA453A,,,,800.0,Shrubland,Herbivore,,No,Granivore
AVIBASE-C4C9F313,73.75,0.0,1300.0,1300.0,Forest,Herbivore,SA,No,Granivore
AVIBASE-1652D541,225.0,0.0,1400.0,1400.0,Forest,Herbivore,,No,Granivore
AVIBASE-B3FE23FB,91.23333,900.0,2100.0,3000.0,Forest,Herbivore,PL,No,Granivore
AVIBASE-2F40A0F8,57.5,2000.0,2500.0,4500.0,Grassland,Herbivore,CV,No,Granivore
AVIBASE-D6484023,28.6,1800.0,1400.0,3200.0,Grassland,Herbivore,CV,No,Granivore
AVIBASE-C28815B3,102.21667,900.0,4000.0,4900.0,Grassland,Herbivore,,No,Granivore
AVIBASE-A12A84C3,64.1,2800.0,2200.0,5000.0,Grassland,Herbivore,,No,Granivore
AVIBASE-B83876CC,35.2,0.0,1100.0,1100.0,Grassland,Herbivore,,No,Granivore
AVIBASE-F117ED15,244.5,0.0,500.0,500.0,Forest,Herbivore,,No,Omnivore
AVIBASE-B18C3C10,142.0,200.0,900.0,1100.0,Forest,Omnivore,,No,Omnivore
AVIBASE-B6C1516E,171.2,,,1100.0,Forest,Omnivore,PL,No,Omnivore
AVIBASE-CA19EB97,225.0,100.0,1700.0,1800.0,Forest,Herbivore,,No,Granivore
AVIBASE-4817EC01,125.03333,0.0,2600.0,2600.0,Forest,Herbivore,"CP,PL",No,Omnivore
AVIBASE-39197875,120.0,0.0,1650.0,1650.0,Forest,Herbivore,,No,Granivore
AVIBASE-947E8D75,201.0,0.0,1200.0,1200.0,Forest,Herbivore,,No,Granivore
AVIBASE-6200936B,162.5,0.0,1685.0,1685.0,Forest,Omnivore,CP,No,Omnivore
AVIBASE-913CBCDF,160.5,0.0,500.0,500.0,Woodland,Herbivore,,No,Granivore
AVIBASE-CA7BC4DA,197.0,0.0,600.0,600.0,Forest,Herbivore,PL,No,Frugivore
AVIBASE-BB65071B,152.5,0.0,900.0,900.0,Forest,Herbivore,,No,Granivore
AVIBASE-6141E8C8,151.0,0.0,2200.0,2200.0,Forest,Herbivore,HC,No,Granivore
AVIBASE-BAB92B27,218.0,900.0,1900.0,2800.0,Forest,Herbivore,,No,Granivore
AVIBASE-684B9362,149.0,0.0,550.0,550.0,Forest,Herbivore,PL,No,Granivore
AVIBASE-41E03340,172.0,0.0,2600.0,2600.0,Forest,Herbivore,,No,Granivore
AVIBASE-D4CDB0EA,143.0,0.0,800.0,800.0,Forest,Herbivore,,No,Granivore
AVIBASE-CC39ED20,161.0,0.0,750.0,750.0,Forest,Herbivore,,No,Granivore
AVIBASE-4A922076,200.0,0.0,150.0,150.0,Woodland,Herbivore,PL,No,Granivore
AVIBASE-401B5C83,161.18333,0.0,2000.0,2000.0,Shrubland,Herbivore,PL,No,Granivore
AVIBASE-34B0DFFA,150.16667,0.0,1400.0,1400.0,Forest,Herbivore,PL,No,Granivore
AVIBASE-597CE4E8,146.0,500.0,1300.0,1800.0,Forest,Herbivore,,No,Granivore
AVIBASE-52700241,154.5,1200.0,1300.0,2500.0,Forest,Herbivore,,No,Granivore
AVIBASE-3A16532D,270.5,350.0,1750.0,2100.0,Forest,Herbivore,PL,No,Granivore
AVIBASE-944159C3,287.0,1000.0,2000.0,3000.0,Forest,Herbivore,PL,No,Granivore
AVIBASE-DCC794E5,220.0,400.0,700.0,1100.0,Forest,Herbivore,HC,No,Granivore
AVIBASE-AE2BFE95,276.75,1000.0,1700.0,2700.0,Forest,Herbivore,PL,No,Granivore
AVIBASE-ADE69C27,295.0,900.0,2100.0,3000.0,Forest,Herbivore,PL,No,Granivore
AVIBASE-A7F898C1,267.33333,0.0,2500.0,2500.0,Forest,Herbivore,CP,No,Granivore
AVIBASE-E9476773,301.5,600.0,1900.0,2500.0,Forest,Herbivore,HC,No,Granivore
AVIBASE-1751C006,258.0,750.0,850.0,1600.0,Forest,Herbivore,,No,Granivore
AVIBASE-00124D98,127.0,0.0,2500.0,2500.0,Grassland,Herbivore,,No,Granivore
AVIBASE-5428D897,191.0,500.0,630.0,1130.0,Forest,Herbivore,,No,Frugivore
AVIBASE-71958FA9,117.83333,0.0,3500.0,3500.0,Shrubland,Herbivore,CP,No,Granivore
AVIBASE-85BD24D1,151.5,0.0,1500.0,1500.0,Woodland,Herbivore,,No,Frugivore
AVIBASE-E0DFC281,102.0,0.0,1600.0,1600.0,Rock,Herbivore,SA,No,Granivore
AVIBASE-BFBC73AF,147.5,0.0,2592.0,2592.0,Shrubland,Herbivore,PL,No,Granivore
AVIBASE-542D7AFA,209.5,0.0,3000.0,3000.0,Grassland,Herbivore,HC,No,Granivore
AVIBASE-0FFC77EF,518.75,0.0,700.0,700.0,Forest,Herbivore,PL,No,Frugivore
AVIBASE-6E8B492E,,,,,Forest,Herbivore,,No,Frugivore
AVIBASE-F991F61F,275.0,0.0,2000.0,2000.0,Forest,Herbivore,,No,Granivore
AVIBASE-B4901E1B,129.33333,0.0,1000.0,1000.0,Forest,Herbivore,PL,No,Granivore
AVIBASE-804BBC8C,179.25,0.0,1400.0,1400.0,Forest,Herbivore,,No,Granivore
AVIBASE-F868CF77,192.5,100.0,500.0,600.0,Forest,Herbivore,PL,No,Granivore
AVIBASE-6505921E,196.0,0.0,400.0,400.0,Forest,Herbivore,PL,No,Granivore
AVIBASE-A5C58F88,190.5,900.0,300.0,1200.0,Forest,Herbivore,PL,No,Frugivore
AVIBASE-521FCF00,196.0,,,,Forest,Herbivore,,No,Granivore
AVIBASE-CD21DBC9,158.5,0.0,950.0,950.0,Forest,Herbivore,,No,Frugivore
AVIBASE-424F7705,139.66667,0.0,2300.0,2300.0,Forest,Herbivore,,No,Frugivore
AVIBASE-2E50E5DA,162.0,0.0,180.0,180.0,Forest,Omnivore,PL,No,Omnivore
AVIBASE-DD2985FA,113.5,0.0,80.0,80.0,Forest,Omnivore,,No,Omnivore
AVIBASE-41AF6D10,115.75,0.0,400.0,400.0,Forest,Herbivore,,No,Frugivore
AVIBASE-8D0BB075,,,,,Forest,,,No,
AVIBASE-39CA325C,138.6,0.0,1500.0,1500.0,Forest,Herbivore,,No,Omnivore
AVIBASE-C7C949AE,165.5,0.0,1000.0,1000.0,Forest,Herbivore,,No,Omnivore
AVIBASE-8832822E,,,,,Forest,Herbivore,,No,Granivore
AVIBASE-71BE72FC,,0.0,300.0,300.0,Forest,,,No,
AVIBASE-AA66FD08,60.0,0.0,428.0,428.0,Forest,Herbivore,PL,No,Granivore
AVIBASE-6B1966F8,78.11667,1200.0,1700.0,2900.0,Forest,Herbivore,PL,No,Frugivore
AVIBASE-40866A35,58.25,0.0,200.0,200.0,Forest,Herbivore,,No,Granivore
AVIBASE-75D098B5,,0.0,,,Forest,Herbivore,NO,No,Frugivore
AVIBASE-409ADAA1,381.5,100.0,1800.0,1900.0,Forest,Herbivore,PL,No,Omnivore
AVIBASE-F197D25F,,0.0,240.0,240.0,Forest,Herbivore,,No,Omnivore
AVIBASE-F8AAD9E7,421.0,0.0,2600.0,2600.0,Forest,Herbivore,,No,Omnivore
AVIBASE-857C5AD5,500.0,610.0,361.0,971.0,Forest,Herbivore,,No,Omnivore
AVIBASE-556137A4,2100.0,0.0,500.0,500.0,Forest,Herbivore,,No,Frugivore
AVIBASE-6551B257,2120.0,0.0,800.0,800.0,Forest,Herbivore,PL,No,Granivore
AVIBASE-9965E32D,2117.5,0.0,500.0,500.0,Forest,Herbivore,,No,Granivore
AVIBASE-EAA06956,2669.0,400.0,200.0,600.0,Forest,Herbivore,PL,No,Frugivore
AVIBASE-DEF95927,18000.0,,,,Forest,Herbivore,HC,Yes,Omnivore
AVIBASE-2FC54A50,22500.0,,,,Forest,Herbivore,HC,Yes,Frugivore
AVIBASE-987DE55E,400.0,300.0,1300.0,1600.0,Forest,Herbivore,,No,Frugivore
AVIBASE-62F7778F,120.0,450.0,1050.0,1500.0,Woodland,Herbivore,PL,No,Frugivore
AVIBASE-5B745F61,112.5,0.0,1600.0,1600.0,Shrubland,Herbivore,,No,Frugivore
AVIBASE-52286EF3,104.0,0.0,1600.0,1600.0,Shrubland,Herbivore,,No,Frugivore
AVIBASE-A80D4FC6,131.36,1000.0,1500.0,2500.0,Forest,Herbivore,,No,Frugivore
AVIBASE-A8A5F2FC,145.0,500.0,2000.0,2500.0,Forest,Herbivore,,No,Frugivore
AVIBASE-DF9C629B,145.0,1000.0,1500.0,2500.0,Forest,Herbivore,,No,Frugivore
AVIBASE-ADE5FE2C,145.33333,0.0,500.0,500.0,Forest,Herbivore,,No,Frugivore
AVIBASE-43A48647,131.2,900.0,1100.0,2000.0,Forest,Herbivore,,No,Frugivore
AVIBASE-614EC457,167.0,0.0,200.0,200.0,Forest,Herbivore,PL,No,Frugivore
AVIBASE-23E07E95,77.0,0.0,1400.0,1400.0,Forest,Herbivore,PL,No,Frugivore
AVIBASE-D0772401,132.5,0.0,1200.0,1200.0,Forest,Herbivore,PL,No,Frugivore
AVIBASE-0EF5FB3C,174.5,0.0,1500.0,1500.0,Forest,Herbivore,PL,No,Frugivore
AVIBASE-539F8993,204.8,0.0,1000.0,1000.0,Forest,Herbivore,PL,No,Frugivore
AVIBASE-B30C3132,234.0,0.0,1000.0,1000.0,Forest,Herbivore,PL,No,Frugivore
AVIBASE-4116FF6B,200.5,0.0,1000.0,1000.0,Forest,Herbivore,PL,No,Frugivore
AVIBASE-34FED63C,234.0,0.0,1500.0,1500.0,Forest,Herbivore,,No,Frugivore
AVIBASE-455CE570,190.325,0.0,1000.0,1000.0,Forest,Herbivore,PL,No,Frugivore
AVIBASE-BA506943,234.0,0.0,730.0,730.0,Forest,Herbivore,,No,Frugivore
AVIBASE-3F61AB07,143.16667,0.0,1500.0,1500.0,Forest,Herbivore,PL,No,Frugivore
AVIBASE-72CCDB5A,166.0,0.0,2500.0,2500.0,Grassland,Herbivore,PL,No,Frugivore
AVIBASE-6676140F,166.0,0.0,800.0,800.0,Forest,Herbivore,,No,Frugivore
AVIBASE-F9BAD31C,166.0,0.0,1000.0,1000.0,Forest,Herbivore,,No,Frugivore
AVIBASE-6EB63FA4,166.0,0.0,160.0,160.0,Forest,Herbivore,,No,Frugivore
AVIBASE-28F77A79,415.0,0.0,1300.0,1300.0,Forest,Herbivore,,No,Frugivore
AVIBASE-F6C3F6DB,235.66667,,,,Forest,Herbivore,PL,No,Frugivore
AVIBASE-46C90944,254.5,0.0,2000.0,2000.0,Forest,Herbivore,PL,No,Frugivore
AVIBASE-BA5B5935,216.66667,0.0,1000.0,1000.0,Forest,Herbivore,PL,No,Frugivore
AVIBASE-4E869790,229.0,0.0,790.0,790.0,Forest,Herbivore,,No,Frugivore
AVIBASE-831FA9D7,208.8,0.0,2200.0,2200.0,Forest,Herbivore,PL,No,Frugivore
AVIBASE-09ABE5B6,232.0,0.0,,,Forest,Herbivore,,No,Frugivore
AVIBASE-1DC1F8E7,205.0,0.0,80.0,80.0,Forest,Herbivore,PL,No,Frugivore
AVIBASE-8F575A0E,205.0,300.0,1300.0,1600.0,Forest,Herbivore,PL,No,Frugivore
AVIBASE-CB6653B4,220.0,300.0,1500.0,1800.0,Forest,Herbivore,PL,No,Frugivore
AVIBASE-30CA850D,205.0,350.0,2650.0,3000.0,Forest,Herbivore,,No,Frugivore
AVIBASE-B3C1CC2E,158.0,0.0,1000.0,1000.0,Forest,Herbivore,,No,Frugivore
AVIBASE-CCE99BC4,209.5,1000.0,2000.0,3000.0,Forest,Herbivore,PL,No,Frugivore
AVIBASE-002105C7,245.0,0.0,2300.0,2300.0,Forest,Herbivore,PL,No,Frugivore
AVIBASE-1EE907AC,,0.0,550.0,550.0,Woodland,Herbivore,,No,Frugivore
AVIBASE-020464B6,221.5,0.0,2000.0,2000.0,Forest,Herbivore,,No,Frugivore
AVIBASE-01FF30C9,510.0,0.0,1800.0,1800.0,Forest,Herbivore,,No,Frugivore
AVIBASE-8601021F,228.0,0.0,1500.0,1500.0,Forest,Herbivore,PL,No,Frugivore
AVIBASE-A4ECD089,,500.0,500.0,1000.0,Forest,Herbivore,,No,Frugivore
AVIBASE-367BB605,168.0,500.0,1700.0,2200.0,Forest,Herbivore,PL,No,Frugivore
AVIBASE-96974565,326.5,450.0,1050.0,1500.0,Forest,Herbivore,,No,Frugivore
AVIBASE-EE491959,263.0,0.0,1300.0,1300.0,Forest,Herbivore,,No,Frugivore
AVIBASE-23DE9E3D,230.66667,0.0,1800.0,1800.0,Forest,Herbivore,,No,Frugivore
AVIBASE-69505704,177.0,2000.0,1000.0,3000.0,Forest,Herbivore,PL,No,Frugivore
AVIBASE-8416E781,135.0,0.0,1500.0,1500.0,Forest,Herbivore,PL,No,Frugivore
AVIBASE-E5F5E7D2,142.0,0.0,900.0,900.0,Forest,Herbivore,PL,No,Frugivore
AVIBASE-595C339A,,0.0,800.0,800.0,Forest,Herbivore,,No,Frugivore
AVIBASE-401E8718,,0.0,1100.0,1100.0,Forest,Herbivore,,No,Frugivore
AVIBASE-E71B6E82,167.2,0.0,700.0,700.0,Forest,Herbivore,PL,No,Frugivore
AVIBASE-58064CF2,,180.0,1970.0,2150.0,Forest,Herbivore,PL,No,Frugivore
AVIBASE-1A279952,275.66667,0.0,1400.0,1400.0,Forest,Herbivore,PL,No,Frugivore
AVIBASE-1BDDFB1D,233.5,0.0,1220.0,1220.0,Forest,Herbivore,PL,No,Frugivore
AVIBASE-A7A6D5C5,163.5,200.0,1150.0,1350.0,Forest,Herbivore,PL,No,Frugivore
AVIBASE-E0D24D45,185.0,200.0,1150.0,1350.0,Forest,Herbivore,,No,Frugivore
AVIBASE-8D278968,211.5,0.0,1500.0,1500.0,Forest,Herbivore,PL,No,Frugivore
AVIBASE-BBC4C9DF,154.5,0.0,300.0,300.0,Forest,Herbivore,PL,No,Frugivore
AVIBASE-614982D5,,0.0,250.0,250.0,Forest,Herbivore,,No,Frugivore
AVIBASE-205515E9,117.25,0.0,1640.0,1640.0,Forest,Herbivore,PL,No,Frugivore
AVIBASE-722E8494,118.0,500.0,1000.0,1500.0,Forest,Herbivore,,No,Frugivore
AVIBASE-4267B4F7,93.5,0.0,700.0,700.0,Forest,Herbivore,PL,No,Frugivore
AVIBASE-6AD10A4C,99.9,0.0,500.0,500.0,Forest,Herbivore,PL,No,Frugivore
AVIBASE-9F3042D2,,0.0,1000.0,1000.0,Forest,Herbivore,PL,No,Frugivore
AVIBASE-29277750,105.0,0.0,800.0,800.0,Forest,Herbivore,,No,Frugivore
AVIBASE-96FDF70C,,,,,Forest,Herbivore,,No,Frugivore
AVIBASE-A87BEC71,93.0,0.0,200.0,200.0,Forest,Herbivore,PL,No,Frugivore
AVIBASE-779F6508,,0.0,652.0,652.0,Forest,Herbivore,,No,Frugivore
AVIBASE-3D223FA4,92.0,0.0,460.0,460.0,Forest,Herbivore,PL,No,Frugivore
AVIBASE-3EC888E4,103.83333,0.0,1000.0,1000.0,Forest,Herbivore,PL,No,Frugivore
AVIBASE-34A37399,102.9,0.0,500.0,500.0,Forest,Herbivore,PL,No,Frugivore
AVIBASE-94543CFF,110.0,0.0,450.0,450.0,Forest,Herbivore,CP,No,Frugivore
AVIBASE-68341502,103.5,0.0,1000.0,1000.0,Forest,Herbivore,PL,No,Frugivore
AVIBASE-506DEB9C,,0.0,80.0,80.0,Forest,Omnivore,,No,Omnivore
AVIBASE-31FFAD02,85.0,0.0,30.0,30.0,Woodland,Omnivore,PL,No,Omnivore
AVIBASE-FA53C613,83.5,0.0,500.0,500.0,Forest,Herbivore,PL,No,Frugivore
AVIBASE-0D3C62C9,130.0,40.0,410.0,450.0,Forest,Herbivore,,No,Frugivore
AVIBASE-BEDBBD83,100.0,0.0,500.0,500.0,Forest,Herbivore,PL,No,Frugivore
AVIBASE-B526D1AE,,0.0,1370.0,1370.0,Forest,Herbivore,,No,Frugivore
AVIBASE-C57C1B5C,101.75,0.0,330.0,330.0,Forest,Herbivore,,No,Frugivore
AVIBASE-6ECCC45D,72.8,0.0,1200.0,1200.0,Forest,Herbivore,PL,No,Frugivore
AVIBASE-CAF11212,72.0,0.0,750.0,750.0,Forest,Herbivore,PL,No,Frugivore
AVIBASE-7D88F8A3,53.0,0.0,750.0,750.0,Forest,Herbivore,,No,Frugivore
AVIBASE-98F7FF1F,160.0,1000.0,2260.0,3260.0,Forest,Herbivore,PL,No,Frugivore
AVIBASE-BE752C4F,86.33333,0.0,2000.0,2000.0,Forest,Herbivore,PL,No,Frugivore
AVIBASE-C15DD431,109.5,600.0,965.0,1565.0,Forest,Herbivore,PL,No,Frugivore
AVIBASE-49DBBA0C,115.5,600.0,600.0,1200.0,Forest,Herbivore,PL,No,Frugivore
AVIBASE-E1257137,111.75,0.0,700.0,700.0,Forest,Herbivore,,No,Frugivore
AVIBASE-91B85A8E,109.5,0.0,1000.0,1000.0,Forest,Herbivore,PL,No,Frugivore
AVIBASE-77EDD972,134.0,0.0,1200.0,1200.0,Forest,Herbivore,PL,No,Frugivore
AVIBASE-101A4B84,137.0,0.0,1000.0,1000.0,Forest,Herbivore,,No,Frugivore
AVIBASE-A8AAFCCE,,40.0,510.0,550.0,Forest,Herbivore,,No,Frugivore
AVIBASE-0DF234C1,106.0,0.0,800.0,800.0,Forest,Herbivore,PL,No,Frugivore
AVIBASE-46E62FF6,48.0,0.0,1100.0,1100.0,Forest,Herbivore,,No,Frugivore
AVIBASE-15C0303A,,1097.0,31.0,1128.0,Forest,Herbivore,,No,Frugivore
AVIBASE-6A9470B3,81.0,420.0,560.0,980.0,Woodland,Herbivore,PL,No,Frugivore
AVIBASE-79FF7D13,75.0,60.0,1940.0,2000.0,Forest,Herbivore,PL,No,Frugivore
AVIBASE-457D9C38,75.65,0.0,800.0,800.0,Forest,Herbivore,PL,No,Frugivore
AVIBASE-91E82CA2,202.5,100.0,900.0,1000.0,Forest,Herbivore,PL,No,Frugivore
AVIBASE-BE8566B0,195.21,,,,Forest,Herbivore,,No,Frugivore
AVIBASE-05E1097F,,,,,Forest,,,No,
AVIBASE-F87511B3,161.5,0.0,2000.0,2000.0,Forest,Herbivore,PL,No,Frugivore
AVIBASE-E396A643,154.33333,0.0,1800.0,1800.0,Forest,Herbivore,PL,No,Frugivore
AVIBASE-576B77A3,165.0,0.0,500.0,500.0,Forest,Herbivore,PL,No,Frugivore
AVIBASE-31042F32,548.6,400.0,1100.0,1500.0,Forest,Herbivore,,No,Frugivore
AVIBASE-E137A724,510.0,800.0,800.0,1600.0,Forest,Herbivore,,No,Frugivore
AVIBASE-A9994B26,,1000.0,800.0,1800.0,Forest,Herbivore,,No,Frugivore
AVIBASE-C7729D54,295.0,1600.0,600.0,2200.0,Forest,Herbivore,"CV,PL",No,Frugivore
AVIBASE-0A96A8F5,289.0,0.0,2400.0,2400.0,Forest,Herbivore,PL,No,Frugivore
AVIBASE-2C2B5EE2,504.6,0.0,1300.0,1300.0,Forest,Herbivore,PL,No,Frugivore
AVIBASE-16485EEB,545.0,0.0,1000.0,1000.0,Forest,Herbivore,,No,Frugivore
AVIBASE-2EB3A410,,0.0,600.0,600.0,Forest,Herbivore,PL,No,Frugivore
AVIBASE-1F49D2C5,675.0,0.0,1400.0,1400.0,Forest,Herbivore,,No,Frugivore
AVIBASE-E80F617D,,0.0,1000.0,1000.0,Forest,Herbivore,,No,Frugivore
AVIBASE-D3D367E9,812.5,0.0,850.0,850.0,Forest,Herbivore,,No,Frugivore
AVIBASE-2081777C,395.0,0.0,1000.0,1000.0,Forest,Herbivore,PL,No,Frugivore
AVIBASE-069F34CF,373.0,0.0,500.0,500.0,Forest,Herbivore,PL,No,Frugivore
AVIBASE-ED21D49D,,0.0,1100.0,1100.0,Forest,Herbivore,,No,Frugivore
AVIBASE-2B8F92F2,600.0,700.0,600.0,1300.0,Forest,Herbivore,PL,No,Frugivore
AVIBASE-D03EA6BA,662.5,0.0,1100.0,1100.0,Forest,Herbivore,,No,Frugivore
AVIBASE-83E8AEB2,535.0,0.0,500.0,500.0,Forest,Herbivore,,No,Frugivore
AVIBASE-5866B8A1,,0.0,500.0,500.0,Forest,Herbivore,,No,Frugivore
AVIBASE-18C4B783,498.0,0.0,600.0,600.0,Forest,Herbivore,,No,Frugivore
AVIBASE-8FCE398B,,0.0,1040.0,1040.0,Forest,Herbivore,,No,Frugivore
AVIBASE-AAC23740,,150.0,1060.0,1210.0,Forest,Herbivore,,No,Frugivore
AVIBASE-CEA2177E,358.33333,0.0,600.0,600.0,Forest,Herbivore,,No,Frugivore
AVIBASE-1A397CE8,553.5,1400.0,1100.0,2500.0,Forest,Herbivore,,No,Frugivore
AVIBASE-FF2005EB,497.5,0.0,600.0,600.0,Forest,Herbivore,PL,No,Frugivore
AVIBASE-EED4B6F5,386.5,0.0,1100.0,1100.0,Forest,Herbivore,,No,Frugivore
AVIBASE-DDC4CBBB,570.83333,0.0,310.0,310.0,Forest,Herbivore,PL,No,Frugivore
AVIBASE-9EC10FC3,377.0,0.0,500.0,500.0,Forest,Herbivore,,No,Frugivore
AVIBASE-F834A4DD,,0.0,1000.0,1000.0,Forest,Herbivore,PL,No,Frugivore
AVIBASE-C7FDE047,380.0,200.0,500.0,700.0,Forest,Herbivore,,No,Frugivore
AVIBASE-E5C4225B,394.0,600.0,1200.0,1800.0,Forest,Herbivore,,No,Frugivore
AVIBASE-C9742D0B,782.6,,,,Forest,Herbivore,PL,No,Frugivore
AVIBASE-26098F7A,756.0,0.0,500.0,500.0,Forest,Herbivore,PL,No,Frugivore
AVIBASE-231207AB,663.0,150.0,1700.0,1850.0,Forest,Herbivore,PL,No,Frugivore
AVIBASE-03BCD297,581.66667,0.0,200.0,200.0,Forest,Herbivore,PL,No,Frugivore
AVIBASE-7656697A,580.0,0.0,1450.0,1450.0,Forest,Herbivore,,No,Frugivore
AVIBASE-A938A06D,486.0,0.0,2000.0,2000.0,Forest,Herbivore,,No,Frugivore
AVIBASE-16E10A30,490.5,0.0,2300.0,2300.0,Forest,Herbivore,PL,No,Frugivore
AVIBASE-DE801C89,150.0,850.0,1650.0,2500.0,Forest,Herbivore,PL,No,Frugivore
AVIBASE-29227A7D,507.19,0.0,2200.0,2200.0,Forest,Herbivore,,No,Frugivore
AVIBASE-61DC1C21,420.0,0.0,1100.0,1100.0,Forest,Herbivore,PL,No,Frugivore
AVIBASE-86B2EAA5,410.0,0.0,475.0,475.0,Woodland,Herbivore,,No,Frugivore
AVIBASE-A251CB8F,459.33333,0.0,300.0,300.0,Forest,Herbivore,,No,Frugivore
AVIBASE-E3B13C16,458.73333,0.0,940.0,940.0,Forest,Herbivore,,No,Frugivore
AVIBASE-B6416BD3,517.25,0.0,500.0,500.0,Forest,Herbivore,PL,No,Frugivore
AVIBASE-335C2C80,652.5,0.0,1100.0,1100.0,Forest,Herbivore,"PL,CP",No,Frugivore
AVIBASE-1819B63F,734.5,0.0,1100.0,1100.0,Forest,Herbivore,PL,No,Frugivore
AVIBASE-86420547,467.0,950.0,1350.0,2300.0,Forest,Herbivore,,No,Frugivore
AVIBASE-B7440FF2,259.0,0.0,3350.0,3350.0,Forest,Herbivore,PL,No,Frugivore
AVIBASE-534A2A6A,334.0,650.0,1110.0,1760.0,Forest,Herbivore,,No,Frugivore
AVIBASE-8A28C238,334.0,1200.0,1100.0,2300.0,Forest,Herbivore,CR,No,Frugivore
AVIBASE-42F486DA,347.5,100.0,1850.0,1950.0,Forest,Herbivore,SC,No,Frugivore
AVIBASE-46DECAEE,555.0,0.0,1000.0,1000.0,Wetland,Carnivore,PL,No,Invertivore
AVIBASE-EC6869E2,,0.0,1220.0,1220.0,Wetland,Carnivore,PL,No,Invertivore
AVIBASE-097FAA36,136.66667,0.0,500.0,500.0,Riverine,Carnivore,PL,No,Invertivore
AVIBASE-047A7C80,226.0,0.0,1550.0,1550.0,Forest,Carnivore,CP,No,Invertivore
AVIBASE-3FD76AAD,,100.0,220.0,320.0,Forest,Carnivore,,No,Invertivore
AVIBASE-6EF64F69,45.3,0.0,2000.0,2000.0,Forest,Carnivore,HC,No,Invertivore
AVIBASE-E75BA92C,49.5,0.0,3200.0,3200.0,Forest,Carnivore,DM,No,Invertivore
AVIBASE-10B56544,37.0,0.0,2700.0,2700.0,Wetland,Carnivore,"CP,DM",No,Invertivore
AVIBASE-32CE9C63,,0.0,700.0,700.0,Grassland,Carnivore,,No,Invertivore
AVIBASE-EBA9F2C4,32.25,500.0,1500.0,2000.0,Grassland,Omnivore,CP,No,Omnivore
AVIBASE-534D524C,31.8,0.0,2600.0,2600.0,Wetland,Carnivore,CP,No,Invertivore
AVIBASE-D4A066EA,27.5,0.0,3700.0,3700.0,Grassland,Carnivore,CP,No,Invertivore
AVIBASE-258E8923,27.83333,0.0,2300.0,2300.0,Shrubland,Carnivore,DM,No,Invertivore
AVIBASE-E3A4AF84,26.5,900.0,400.0,1300.0,Wetland,Carnivore,,No,Invertivore
AVIBASE-0934B6E1,76.625,1500.0,1550.0,3050.0,Forest,Carnivore,DM,No,Invertivore
AVIBASE-545ECAD4,113.75,1000.0,850.0,1850.0,Forest,Carnivore,DM,No,Invertivore
AVIBASE-5AD47186,86.25,1100.0,2100.0,3200.0,Forest,Carnivore,"DM,PL",No,Invertivore
AVIBASE-8F99953C,123.5,1100.0,1100.0,2200.0,Forest,Carnivore,,No,Invertivore
AVIBASE-AF31F966,276.0,0.0,500.0,500.0,Forest,Carnivore,,No,Invertivore
AVIBASE-2A9074F9,126.0,0.0,1500.0,1500.0,Forest,Carnivore,CP,No,Invertivore
AVIBASE-E202D760,170.83333,0.0,2000.0,2000.0,Wetland,Carnivore,CP,No,Invertivore
AVIBASE-01FE1D04,217.0,,,2200.0,Wetland,Carnivore,CP,No,Invertivore
AVIBASE-E20AD288,224.8,0.0,2500.0,2500.0,Wetland,Carnivore,,No,Invertivore
AVIBASE-65A6922D,104.0,0.0,1200.0,1200.0,Wetland,Carnivore,CP,No,Invertivore
AVIBASE-F7E6722E,,0.0,,,Wetland,Carnivore,,No,Vertivore
AVIBASE-E016F3AC,,0.0,2100.0,2100.0,Wetland,Carnivore,,No,Invertivore
AVIBASE-993DE54F,55.83333,0.0,3375.0,3375.0,Wetland,Carnivore,CP,No,Invertivore
AVIBASE-C25C4DCB,114.0,0.0,1000.0,1000.0,Forest,Omnivore,CP,No,Omnivore
AVIBASE-4EAFBF4C,285.66667,0.0,1400.0,1400.0,Coastal,Carnivore,"CP,PL",No,Invertivore
AVIBASE-23A0F1AC,183.0,0.0,900.0,900.0,Coastal,Carnivore,CP,No,Invertivore
AVIBASE-29D34534,499.75,0.0,2000.0,2000.0,Forest,Carnivore,CP,No,Invertivore
AVIBASE-A52752EF,400.0,0.0,2000.0,2000.0,Forest,Carnivore,HC,No,Invertivore
AVIBASE-56FEE337,474.0,0.0,900.0,900.0,Forest,Carnivore,CP,No,Invertivore
AVIBASE-2C9F186F,711.25,0.0,500.0,500.0,Wetland,Carnivore,HC,No,Invertivore
AVIBASE-807F142A,320.5,0.0,1200.0,1200.0,Forest,Carnivore,,No,Invertivore
AVIBASE-AEB80F9B,500.0,0.0,1000.0,1000.0,Forest,Carnivore,,No,Invertivore
AVIBASE-4185F617,295.0,0.0,,,Wetland,Carnivore,"CP,PL",No,Invertivore
AVIBASE-E893F98D,309.25,0.0,0.0,0.0,Wetland,Carnivore,"CP,PL",No,Invertivore
AVIBASE-8C41ABD3,273.5,800.0,1700.0,2500.0,Wetland,Carnivore,DM,No,Invertivore
AVIBASE-89DB7F74,288.83333,0.0,0.0,0.0,Wetland,Carnivore,"CP,PL",No,Invertivore
AVIBASE-0BB84341,333.5,0.0,2500.0,2500.0,Wetland,Carnivore,"CP,PL",No,Invertivore
AVIBASE-C452272A,217.5,0.0,0.0,0.0,Coastal,Carnivore,PL,No,Invertivore
AVIBASE-4880DC55,83.8,0.0,2370.0,2370.0,Wetland,Carnivore,"CP,PL",No,Invertivore
AVIBASE-64D0CACB,,2500.0,1100.0,3600.0,Wetland,Carnivore,,No,Invertivore
AVIBASE-3DA5C1B9,60.4,0.0,570.0,570.0,Wetland,Carnivore,SC,No,Invertivore
AVIBASE-DE1D2DF4,122.5,0.0,2000.0,2000.0,Wetland,Omnivore,CP,No,Omnivore
AVIBASE-ACD9E3E1,133.0,0.0,2000.0,2000.0,Wetland,Carnivore,CP,No,Invertivore
AVIBASE-5B443EDE,160.25,0.0,3000.0,3000.0,Wetland,Carnivore,HC,No,Omnivore
AVIBASE-DBBFE96E,128.0,0.0,1800.0,1800.0,Wetland,Carnivore,,No,Invertivore
AVIBASE-09A0F2EB,120.66667,0.0,2000.0,2000.0,Grassland,Omnivore,HC,No,Omnivore
AVIBASE-5889EE23,195.0,2000.0,2100.0,4100.0,Wetland,Carnivore,,No,Invertivore
AVIBASE-41D9C3F5,199.4,0.0,1100.0,1100.0,Forest,Carnivore,"CP,SC",Partial,Invertivore
AVIBASE-7881EDFF,,,,,Wetland,,,Yes,
AVIBASE-7E257242,158.75,0.0,3000.0,3000.0,Grassland,Omnivore,"HC,SC",No,Omnivore
AVIBASE-80EC4AB6,,0.0,1000.0,1000.0,Shrubland,Carnivore,,Yes,Invertivore
AVIBASE-139D3221,121.0,0.0,1500.0,1500.0,Wetland,Carnivore,PL,No,Invertivore
AVIBASE-F7CE0777,64.0,550.0,2140.0,2690.0,Grassland,Carnivore,,No,Invertivore
AVIBASE-8B6FB21F,78.5,0.0,2600.0,2600.0,Wetland,Carnivore,HC,No,Invertivore
AVIBASE-C5AFD635,78.75,0.0,500.0,500.0,Human Modified,Carnivore,HC,No,Invertivore
AVIBASE-FFFAC0E6,2000.0,,,,Forest,Carnivore,,Yes,Invertivore
AVIBASE-CB7F715F,244.5,0.0,300.0,300.0,Forest,Carnivore,,Yes,Invertivore
AVIBASE-2BE28F60,,0.0,700.0,700.0,Wetland,Omnivore,,Yes,Omnivore
AVIBASE-0136C1F3,880.5,0.0,1500.0,1500.0,Forest,Omnivore,,Yes,Omnivore
AVIBASE-EC514143,699.0,0.0,,,Coastal,Carnivore,PL,No,Invertivore
AVIBASE-C3A12025,,0.0,915.0,915.0,Forest,Carnivore,,Yes,Omnivore
AVIBASE-CB21BCEA,83.1,,,,Grassland,Carnivore,,Yes,Invertivore
AVIBASE-4060A1CC,434.0,0.0,498.0,498.0,Forest,Carnivore,,Partial,Invertivore
AVIBASE-19FA27ED,270.5,0.0,1000.0,1000.0,Grassland,Carnivore,,No,Invertivore
AVIBASE-732D08C3,186.66667,0.0,3600.0,3600.0,Wetland,Omnivore,"CP,PL",No,Omnivore
AVIBASE-8E3F31AB,230.25,0.0,500.0,500.0,Forest,Omnivore,HC,Partial,Omnivore
AVIBASE-73EDAFFC,,0.0,1130.0,1130.0,Forest,Carnivore,,Partial,Invertivore
AVIBASE-6BAC1873,,0.0,600.0,600.0,Shrubland,Omnivore,SC,Yes,Omnivore
AVIBASE-0269AE28,531.33333,0.0,1000.0,1000.0,Forest,Carnivore,SA,Yes,Invertivore
AVIBASE-FF379387,,0.0,692.0,692.0,Grassland,Carnivore,,Yes,Invertivore
AVIBASE-BE7D254A,540.0,0.0,500.0,500.0,Forest,Carnivore,,Yes,Invertivore
AVIBASE-F175515D,509.7,,,,Forest,,BU,Yes,
AVIBASE-A2D6E35A,533.75,0.0,875.0,875.0,Forest,Carnivore,HC,Yes,Invertivore
AVIBASE-2215EBD4,274.6,,,,Shrubland,,,Yes,
AVIBASE-6872F033,158.5,,,,Grassland,Carnivore,,Yes,Invertivore
AVIBASE-0C903B9A,106.1,0.0,6.4,6.4,Shrubland,Omnivore,SA,Yes,Omnivore
AVIBASE-43AF4EA8,189.5,0.0,3000.0,3000.0,Wetland,Herbivore,,No,Herbivore terrestrial
AVIBASE-2CC21529,86.33333,0.0,4080.0,4080.0,Wetland,Herbivore,CP,No,Granivore
AVIBASE-460708F9,97.0,0.0,2420.0,2420.0,Wetland,Omnivore,CP,No,Omnivore
AVIBASE-C1F82F7A,62.33333,0.0,500.0,500.0,Wetland,Omnivore,"CP,DM,PL",No,Omnivore
AVIBASE-B0A6B924,376.75,0.0,500.0,500.0,Wetland,Omnivore,CP,No,Omnivore
AVIBASE-EF2367D0,250.0,,,,Riverine,Herbivore,,Yes,Omnivore
AVIBASE-4CF76CCF,1292.5,0.0,500.0,500.0,Wetland,Herbivore,CP,Yes,Omnivore
AVIBASE-A927C1AE,137.4,0.0,2000.0,2000.0,Wetland,Omnivore,HC,No,Omnivore
AVIBASE-0BA183A7,540.0,0.0,1000.0,1000.0,Wetland,Omnivore,PL,No,Omnivore
AVIBASE-3EF081A8,374.83333,0.0,4000.0,4000.0,Wetland,Herbivore,,No,Omnivore
AVIBASE-8F82FF8C,297.5,0.0,3000.0,3000.0,Wetland,Omnivore,SA,No,Omnivore
AVIBASE-75F40338,517.5,300.0,200.0,500.0,Forest,Omnivore,,Yes,Omnivore
AVIBASE-28501BF5,517.5,300.0,200.0,500.0,Forest,Omnivore,CP,Partial,Omnivore
AVIBASE-81D7CF63,450.0,0.0,580.0,580.0,Forest,Carnivore,,Yes,Invertivore
AVIBASE-B24640E2,450.0,0.0,580.0,580.0,Forest,Carnivore,"HC,BU",Yes,Invertivore
AVIBASE-CFC1D518,675.0,0.0,800.0,800.0,Wetland,Herbivore,,No,Herbivore terrestrial
AVIBASE-8D86F054,1863.5,3000.0,2200.0,5200.0,Wetland,Herbivore,PL,No,Herbivore terrestrial
AVIBASE-2E7A75E7,2324.0,3600.0,1400.0,5000.0,Wetland,Herbivore,CP,Partial,Herbivore terrestrial
AVIBASE-92F60241,1060.0,0.0,2100.0,2100.0,Wetland,Herbivore,PL,No,Herbivore terrestrial
AVIBASE-B682B2A9,722.83333,0.0,3500.0,3500.0,Wetland,Omnivore,CP,No,Omnivore
AVIBASE-53235FDC,754.0,0.0,3000.0,3000.0,Wetland,Herbivore,PL,No,Herbivore terrestrial
AVIBASE-358AF9D9,,,,,Wetland,,,No,
AVIBASE-5E3BDB15,544.7,0.0,400.0,400.0,Wetland,Herbivore,PL,No,Herbivore terrestrial
AVIBASE-4FB248BA,568.16667,0.0,2500.0,2500.0,Wetland,Herbivore,PL,No,Herbivore terrestrial
AVIBASE-D24D9266,1000.0,2100.0,2600.0,4700.0,Wetland,Herbivore,,No,Herbivore terrestrial
AVIBASE-477BF6B9,706.75,0.0,2550.0,2550.0,Wetland,Herbivore,PL,No,Herbivore terrestrial
AVIBASE-53288666,141.8,0.0,1900.0,1900.0,Wetland,Herbivore,CP,No,Omnivore
AVIBASE-72A4F8EB,239.56667,0.0,4080.0,4080.0,Wetland,Herbivore,CP,No,Omnivore
AVIBASE-1CE84B66,92.5,0.0,500.0,500.0,Wetland,Omnivore,CP,No,Omnivore
AVIBASE-865C039E,777.5,0.0,2500.0,2500.0,Wetland,Omnivore,"HC,PL",No,Omnivore
AVIBASE-865C039E,608.0,0.0,2500.0,2500.0,Wetland,Herbivore,CP,No,Herbivore terrestrial
AVIBASE-BFAE9B04,659.5,0.0,2500.0,2500.0,Wetland,Herbivore,PL,No,Herbivore terrestrial
AVIBASE-B9E73FA9,604.45,0.0,,,Wetland,Herbivore,CP,No,Herbivore terrestrial
AVIBASE-62092383,773.9,0.0,,,Wetland,Herbivore,CP,No,Herbivore terrestrial
AVIBASE-0E0D8AE7,1006.5,0.0,2300.0,2300.0,Wetland,Herbivore,CP,No,Herbivore terrestrial
AVIBASE-1A365A3F,,,,,Forest,,,Yes,
AVIBASE-FFC0A02E,,,,,Wetland,Herbivore,,No,Omnivore
AVIBASE-027313B6,2487.5,1050.0,470.0,1520.0,Grassland,Herbivore,"HC,SA,SC",Yes,Herbivore terrestrial
AVIBASE-6001C6A8,2487.5,1050.0,470.0,1520.0,Grassland,Herbivore,CP,Yes,Herbivore terrestrial
AVIBASE-A80C7FDD,,,,,Wetland,,,Yes,
AVIBASE-7FA1E8FC,740.5,,,,Grassland,,,Partial,
AVIBASE-99374A39,59.75,0.0,1000.0,1000.0,Wetland,Carnivore,,No,Invertivore
AVIBASE-68948FC6,43.0,0.0,900.0,900.0,Wetland,Carnivore,SP,No,Invertivore
AVIBASE-BE9214E6,69.0,0.0,500.0,500.0,Wetland,Carnivore,DM,No,Invertivore
AVIBASE-0B09BDCD,31.575,0.0,1400.0,1400.0,Grassland,Carnivore,SP,No,Invertivore
AVIBASE-4B5BBB61,65.0,0.0,1200.0,1200.0,Shrubland,Carnivore,SP,No,Invertivore
AVIBASE-D312C873,55.9,0.0,500.0,500.0,Wetland,Carnivore,,No,Invertivore
AVIBASE-2B100B36,55.66667,0.0,2500.0,2500.0,Wetland,Carnivore,CP,No,Invertivore
AVIBASE-0E761CC4,27.5,0.0,1500.0,1500.0,Grassland,Herbivore,,No,Granivore
AVIBASE-AB374CD7,56.5,0.0,500.0,500.0,Wetland,Omnivore,,No,Omnivore
AVIBASE-0712580C,40.0,0.0,500.0,500.0,Grassland,Carnivore,DM,Yes,Invertivore
AVIBASE-C5DF08E7,32.96667,0.0,4100.0,4100.0,Wetland,Carnivore,CP,No,Invertivore
AVIBASE-07CC2FDB,32.56,4080.0,11.0,4091.0,Wetland,Carnivore,,No,Invertivore
AVIBASE-B757AC6B,40.0,0.0,1700.0,1700.0,Shrubland,Carnivore,CP,No,Invertivore
AVIBASE-B79D2D56,24.825,0.0,2500.0,2500.0,Wetland,Carnivore,,No,Invertivore
AVIBASE-8ABC8268,33.875,0.0,1700.0,1700.0,Wetland,Carnivore,SP,No,Invertivore
AVIBASE-011EB942,47.5,0.0,1600.0,1600.0,Wetland,Omnivore,SP,No,Omnivore
AVIBASE-E75C88E2,45.2,0.0,1500.0,1500.0,Wetland,Carnivore,SP,No,Invertivore
AVIBASE-288377C3,43.5,20.0,580.0,600.0,Wetland,Carnivore,,No,Invertivore
AVIBASE-2202698C,54.1,0.0,1000.0,1000.0,Wetland,Carnivore,,No,Invertivore
AVIBASE-350C5D1E,,,,,Desert,Carnivore,,Yes,Herbivore terrestrial
AVIBASE-11CBD603,,,,,Rock,Carnivore,,Yes,Omnivore
AVIBASE-148F0B01,92.5,0.0,1800.0,1800.0,Wetland,Carnivore,CP,No,Omnivore
AVIBASE-60DB3117,121.5,0.0,100.0,100.0,Wetland,Carnivore,,No,Invertivore
AVIBASE-14C2B730,65.9,0.0,2000.0,2000.0,Wetland,Carnivore,"DM,PL",No,Invertivore
AVIBASE-3FEE66C7,108.4,0.0,1000.0,1000.0,Wetland,Carnivore,SC,No,Invertivore
AVIBASE-A108727C,107.0,1000.0,2600.0,3600.0,Forest,Carnivore,HC,No,Invertivore
AVIBASE-457C01A2,133.5,0.0,800.0,800.0,Wetland,Carnivore,SC,No,Invertivore
AVIBASE-34D5B04D,35.33333,0.0,2450.0,2450.0,Wetland,Carnivore,"HC,PL",No,Invertivore
AVIBASE-B25D90D3,,,,,Rock,Carnivore,,Yes,Invertivore
AVIBASE-9106EBE6,50.75,0.0,2000.0,2000.0,Wetland,Carnivore,HC,No,Invertivore
AVIBASE-C15FF1EB,42.25,0.0,3300.0,3300.0,Wetland,Carnivore,CP,No,Omnivore
AVIBASE-9DAE5526,,0.0,,,Wetland,,,Yes,
AVIBASE-B60D85A9,,,,,Wetland,,,Yes,
AVIBASE-09B78B87,77.5,0.0,40.0,40.0,Forest,Carnivore,"CP,SP",Yes,Invertivore
AVIBASE-FC472EB7,,,,,Grassland,,,Yes,
AVIBASE-2699DCAF,46.3,0.0,12.0,12.0,Grassland,Carnivore,CP,Yes,Invertivore
AVIBASE-B056B57C,123.66667,0.0,1600.0,1600.0,Forest,Carnivore,HC,No,Invertivore
AVIBASE-83C41CA8,148.5,0.0,700.0,700.0,Wetland,Carnivore,,No,Invertivore
AVIBASE-1DFAA1B7,88.4,0.0,800.0,800.0,Wetland,Carnivore,,No,Invertivore
AVIBASE-EBD8C251,184.66667,0.0,1370.0,1370.0,Forest,Carnivore,"CP,SC",No,Invertivore
AVIBASE-87A94D23,294.0,150.0,1550.0,1700.0,Forest,Carnivore,,No,Invertivore
AVIBASE-732EAD28,288.0,0.0,500.0,500.0,Wetland,Carnivore,,No,Invertivore
AVIBASE-A3BFE353,287.5,0.0,1600.0,1600.0,Forest,Carnivore,,No,Invertivore
AVIBASE-8D6E495E,589.75,0.0,500.0,500.0,Forest,Carnivore,,No,Invertivore
AVIBASE-770830AC,1012.5,0.0,500.0,500.0,Wetland,Carnivore,,Yes,Invertivore
AVIBASE-498A4369,51.25,0.0,1830.0,1830.0,Coastal,Carnivore,PL,No,Invertivore
AVIBASE-13967506,51.25,0.0,1000.0,1000.0,Grassland,Carnivore,"CP,PL",No,Invertivore
AVIBASE-39B7A3C7,426.66667,0.0,1000.0,1000.0,Wetland,Herbivore,"CP,DM",No,Omnivore
AVIBASE-F53518E3,212.66667,0.0,2000.0,2000.0,Wetland,Omnivore,HC,No,Omnivore
AVIBASE-907D1FEC,281.0,0.0,500.0,500.0,Wetland,Omnivore,CP,No,Omnivore
AVIBASE-A5928AAE,250.0,0.0,300.0,300.0,Forest,Omnivore,,No,Omnivore
AVIBASE-535DB169,168.5,0.0,800.0,800.0,Riverine,Omnivore,,No,Omnivore
AVIBASE-8CB46BDE,179.25,0.0,1500.0,1500.0,Wetland,Omnivore,DM,No,Omnivore
AVIBASE-3DC77A87,,,,,Forest,Carnivore,,Yes,Invertivore
AVIBASE-EAA2FCBD,,,,,Forest,Carnivore,,Yes,Herbivore terrestrial
AVIBASE-C7C6DD9A,1003.16667,0.0,750.0,750.0,Forest,Herbivore,CV,No,Frugivore
AVIBASE-14E33FEB,1145.0,0.0,750.0,750.0,Forest,Herbivore,CV,No,Frugivore
AVIBASE-C59A3228,1286.66667,0.0,750.0,750.0,Forest,Herbivore,CV,No,Frugivore
AVIBASE-C863872A,1100.0,0.0,410.0,410.0,Forest,Herbivore,,No,Frugivore
AVIBASE-A4CEB29F,1071.0,0.0,800.0,800.0,Forest,Herbivore,,No,Frugivore
AVIBASE-223DE9CC,1071.0,0.0,800.0,800.0,Forest,Herbivore,,No,Frugivore
AVIBASE-D10CAC5D,3636.25,0.0,500.0,500.0,Wetland,Omnivore,PL,No,Omnivore
AVIBASE-31413BFF,3412.5,0.0,500.0,500.0,Wetland,Carnivore,PL,No,Omnivore
AVIBASE-77845DAD,6153.33333,0.0,500.0,500.0,Wetland,Omnivore,HC,No,Omnivore
AVIBASE-E196D6F9,3855.0,0.0,1500.0,1500.0,Wetland,Omnivore,HC,No,Omnivore
AVIBASE-1125F89D,5581.5,0.0,1000.0,1000.0,Wetland,Omnivore,HC,No,Omnivore
AVIBASE-8D891DB7,6890.0,0.0,1000.0,1000.0,Wetland,Omnivore,HC,No,Omnivore
AVIBASE-A4480D02,6093.25,0.0,500.0,500.0,Wetland,Omnivore,HC,No,Omnivore
AVIBASE-38963CAC,7998.5,0.0,2000.0,2000.0,Wetland,Omnivore,HC,No,Herbivore terrestrial
AVIBASE-361AC269,4803.83333,0.0,2000.0,2000.0,Grassland,Omnivore,PL,No,Omnivore
AVIBASE-64DDD14D,2530.0,0.0,3000.0,3000.0,Grassland,Omnivore,HC,No,Omnivore
AVIBASE-0777AB3C,9500.0,0.0,300.0,300.0,Wetland,Omnivore,,No,Omnivore
AVIBASE-B87D744D,6789.4,0.0,500.0,500.0,Wetland,Omnivore,,No,Omnivore
AVIBASE-99B8841E,5420.0,0.0,1000.0,1000.0,Wetland,Omnivore,M,No,Omnivore
AVIBASE-38F36091,3821.0,0.0,1000.0,1000.0,Wetland,Omnivore,,No,Omnivore
AVIBASE-7A78AD1C,6000.0,1375.0,3525.0,4900.0,Wetland,Omnivore,HC,No,Omnivore
AVIBASE-5D864313,1153.33333,0.0,1500.0,1500.0,Wetland,Carnivore,,No,Invertivore
AVIBASE-16E62DC4,,750.0,0.0,750.0,Wetland,Carnivore,,Partial,Aquatic predator
AVIBASE-215FEA89,150.66667,0.0,4000.0,4000.0,Wetland,Carnivore,PL,No,Invertivore
AVIBASE-1ABF840F,190.5,0.0,1500.0,1500.0,Wetland,Carnivore,PL,No,Aquatic predator
AVIBASE-092C1484,172.75,0.0,2000.0,2000.0,Wetland,Carnivore,PL,No,Aquatic predator
AVIBASE-267BDB86,134.75,0.0,2500.0,2500.0,Wetland,Carnivore,PL,No,Invertivore
AVIBASE-9A8E55D0,407.0,0.0,4080.0,4080.0,Wetland,Carnivore,PL,No,Invertivore
AVIBASE-5B2C899D,682.66667,1500.0,60.0,1560.0,Wetland,Carnivore,PL,Yes,Aquatic predator
AVIBASE-8C75F227,336.0,3500.0,1000.0,4500.0,Wetland,Carnivore,PL,No,Aquatic predator
AVIBASE-83F61B45,706.0,3000.0,1300.0,4300.0,Wetland,Carnivore,PL,Yes,Aquatic predator
AVIBASE-64866E2A,243.16667,0.0,1000.0,1000.0,Wetland,Carnivore,PL,No,Invertivore
AVIBASE-5DE62468,230.5,0.0,800.0,800.0,Wetland,Carnivore,PL,No,Invertivore
AVIBASE-EA53492B,1388.5,0.0,500.0,500.0,Wetland,Carnivore,PL,No,Aquatic predator
AVIBASE-1CBD2CED,1120.66667,0.0,3016.0,3016.0,Wetland,Carnivore,PL,No,Aquatic predator
AVIBASE-8F269702,843.83333,0.0,3000.0,3000.0,Wetland,Carnivore,PL,No,Aquatic predator
AVIBASE-018B3169,414.66667,0.0,1000.0,1000.0,Wetland,Carnivore,PL,No,Invertivore
AVIBASE-32DCEC14,414.33333,0.0,3530.0,3530.0,Wetland,Carnivore,PL,No,Invertivore
AVIBASE-A62CBDD6,,2600.0,415.0,3015.0,Wetland,Carnivore,,No,Invertivore
AVIBASE-CEF706B0,333.0,0.0,4850.0,4850.0,Wetland,Carnivore,PL,No,Invertivore
AVIBASE-79EB0827,370.0,2300.0,2200.0,4500.0,Wetland,Carnivore,PL,No,Invertivore
AVIBASE-BB1BF3D9,391.5,4080.0,0.0,4080.0,Wetland,Carnivore,PL,Yes,Aquatic predator
AVIBASE-A17592A3,580.0,500.0,1000.0,1500.0,Wetland,Carnivore,PL,No,Invertivore
AVIBASE-C6E1197B,1302.5,0.0,2100.0,2100.0,Wetland,Carnivore,PL,No,Aquatic predator
AVIBASE-D05FFEF7,1137.66667,0.0,2100.0,2100.0,Wetland,Carnivore,PL,No,Aquatic predator
AVIBASE-0F9B5174,2953.66,0.0,3200.0,3200.0,Wetland,Carnivore,"CP,HC",No,Invertivore
AVIBASE-E3FF6313,3090.0,0.0,0.0,0.0,Wetland,Carnivore,,No,Invertivore
AVIBASE-4F28673C,2460.0,0.0,4500.0,4500.0,Coastal,Carnivore,CP,No,Invertivore
AVIBASE-B06A9079,1766.66667,0.0,500.0,500.0,Wetland,Herbivore,,No,Herbivore terrestrial
AVIBASE-F85B3F92,3100.0,3000.0,1000.0,4000.0,Wetland,Herbivore,CP,No,Herbivore terrestrial
AVIBASE-5E41A832,2250.0,3500.0,1400.0,4900.0,Wetland,Herbivore,CP,No,Herbivore terrestrial
AVIBASE-950909C3,67.25,0.0,1200.0,1200.0,Grassland,Herbivore,SC,No,Granivore
AVIBASE-32878BDD,36.25,0.0,2400.0,2400.0,Grassland,Omnivore,,No,Omnivore
AVIBASE-FDA8873B,50.5,0.0,2500.0,2500.0,Grassland,Herbivore,SC,No,Granivore
AVIBASE-81E773CB,110.0,0.0,2200.0,2200.0,Grassland,Omnivore,SC,No,Omnivore
AVIBASE-0DA8BB90,51.25,0.0,2400.0,2400.0,Shrubland,Omnivore,SC,No,Omnivore
AVIBASE-640EA208,43.75,0.0,1000.0,1000.0,Grassland,Herbivore,SC,No,Granivore
AVIBASE-E58A7C97,46.75,0.0,1000.0,1000.0,Grassland,Omnivore,SC,No,Omnivore
AVIBASE-8517D68D,67.0,0.0,1100.0,1100.0,Grassland,Carnivore,,No,Invertivore
AVIBASE-C801E3DF,28.33333,0.0,220.0,220.0,Grassland,Herbivore,,No,Granivore
AVIBASE-0874B4D5,51.475,0.0,1800.0,1800.0,Shrubland,Omnivore,SC,No,Omnivore
AVIBASE-FE5E2530,51.475,0.0,1300.0,1300.0,Grassland,Herbivore,SC,No,Granivore
AVIBASE-46184F93,87.25,0.0,500.0,500.0,Woodland,Omnivore,SC,No,Omnivore
AVIBASE-0D9258BF,,0.0,400.0,400.0,Grassland,Omnivore,DM,No,Omnivore
AVIBASE-53E15B4C,88.25,0.0,800.0,800.0,Shrubland,Herbivore,CP,No,Omnivore
AVIBASE-ABB5B3B0,,,,,Grassland,Omnivore,,No,Omnivore
AVIBASE-DE127941,104.0,0.0,800.0,800.0,Forest,Carnivore,SC,No,Invertivore
AVIBASE-598966B2,64.41667,0.0,1900.0,1900.0,Grassland,Omnivore,SC,No,Omnivore
AVIBASE-B605A049,17.6,0.0,2000.0,2000.0,Grassland,Omnivore,SC,No,Omnivore
AVIBASE-984EC0A0,730.66667,0.0,1300.0,1300.0,Grassland,Carnivore,SC,No,Invertivore
AVIBASE-B3DA97E9,461.66667,0.0,1000.0,1000.0,Grassland,Carnivore,SC,No,Invertivore
AVIBASE-C2178ACC,790.0,0.0,1300.0,1300.0,Riverine,Carnivore,SC,No,Invertivore
AVIBASE-0CD2083B,1000.0,0.0,500.0,500.0,Coastal,Carnivore,SC,No,Invertivore
AVIBASE-862F6F04,461.33333,0.0,2450.0,2450.0,Woodland,Carnivore,SC,No,Invertivore
AVIBASE-96CCAFEE,315.0,0.0,1800.0,1800.0,Wetland,Carnivore,SC,No,Invertivore
AVIBASE-C61A821B,670.0,0.0,500.0,500.0,Woodland,Carnivore,SC,No,Invertivore
AVIBASE-C7DB323E,412.5,0.0,2300.0,2300.0,Grassland,Carnivore,SC,No,Omnivore
AVIBASE-89404B93,383.0,0.0,1000.0,1000.0,Grassland,Carnivore,SC,No,Invertivore
AVIBASE-85DF723B,334.0,0.0,1880.0,1880.0,Wetland,Carnivore,SC,No,Omnivore
AVIBASE-FB5103C9,84.375,0.0,1200.0,1200.0,Wetland,Carnivore,SC,No,Invertivore
AVIBASE-62AC9C19,682.5,0.0,0.0,0.0,Coastal,Carnivore,"CP,CV",No,Omnivore
AVIBASE-7C15B681,595.0,0.0,0.0,0.0,Coastal,Carnivore,,No,Omnivore
AVIBASE-BC5DF5FA,620.0,0.0,1000.0,1000.0,Coastal,Carnivore,,No,Invertivore
AVIBASE-4AF23A6F,717.5,0.0,0.0,0.0,Coastal,Carnivore,SC,No,Invertivore
AVIBASE-BD49DB46,600.25,0.0,0.0,0.0,Coastal,Carnivore,SC,No,Invertivore
AVIBASE-981CE782,590.66667,0.0,,,Coastal,Carnivore,SC,No,Invertivore
AVIBASE-D74FDD2D,,0.0,0.0,0.0,Coastal,Carnivore,,No,Invertivore
AVIBASE-C078081E,690.33333,0.0,0.0,0.0,Coastal,Carnivore,SC,No,Invertivore
AVIBASE-ED663165,600.0,0.0,500.0,500.0,Coastal,Carnivore,SC,No,Invertivore
AVIBASE-3FCE29E8,534.25,0.0,1800.0,1800.0,Wetland,Carnivore,SC,No,Invertivore
AVIBASE-D828B84D,617.0,0.0,500.0,500.0,Coastal,Carnivore,SC,No,Invertivore
AVIBASE-B8CF5A97,683.16667,0.0,0.0,0.0,Coastal,Carnivore,SC,No,Invertivore
AVIBASE-C6485E53,580.0,0.0,200.0,200.0,Coastal,Carnivore,SC,No,Invertivore
AVIBASE-D89E4A2C,737.4,0.0,0.0,0.0,Coastal,Carnivore,SC,No,Invertivore
AVIBASE-0C1F2A47,295.0,270.0,4130.0,4400.0,Riverine,Carnivore,,No,Invertivore
AVIBASE-3CAEB7CE,215.5,0.0,3330.0,3330.0,Wetland,Carnivore,"SC,M",No,Invertivore
AVIBASE-C2830C86,173.0,0.0,,,Wetland,Carnivore,"SC,CP",No,Invertivore
AVIBASE-D543132B,173.0,0.0,1000.0,1000.0,Wetland,Carnivore,SC,No,Invertivore
AVIBASE-C26304D6,207.5,0.0,500.0,500.0,Riverine,Carnivore,CP,No,Omnivore
AVIBASE-9A90A865,215.0,0.0,500.0,500.0,Wetland,Carnivore,SC,No,Invertivore
AVIBASE-C73ED2F5,315.0,0.0,3000.0,3000.0,Wetland,Carnivore,SC,No,Invertivore
AVIBASE-8EB0C1FA,307.5,0.0,2500.0,2500.0,Wetland,Carnivore,SC,No,Invertivore
AVIBASE-DDFB54DB,322.33333,0.0,500.0,500.0,Wetland,Carnivore,SC,No,Invertivore
AVIBASE-30CBE57B,325.25,2500.0,2100.0,4600.0,Wetland,Carnivore,SA,No,Invertivore
AVIBASE-27903EF7,229.66667,0.0,3700.0,3700.0,Grassland,Carnivore,SC,No,Invertivore
AVIBASE-25A20BA6,226.0,0.0,1200.0,1200.0,Grassland,Carnivore,SC,No,Invertivore
AVIBASE-07C11CF3,141.83333,0.0,2500.0,2500.0,Grassland,Carnivore,SC,No,Invertivore
AVIBASE-2143A852,154.33333,0.0,4000.0,4000.0,Grassland,Carnivore,SC,No,Invertivore
AVIBASE-C9754B38,139.8,0.0,4600.0,4600.0,Grassland,Carnivore,SC,No,Invertivore
AVIBASE-42D62A12,82.76667,0.0,2000.0,2000.0,Coastal,Carnivore,CP,No,Invertivore
AVIBASE-0BFE075B,34.25,2000.0,3000.0,5000.0,Grassland,Carnivore,PL,No,Invertivore
AVIBASE-20BE9DF1,110.75,0.0,2720.0,2720.0,Grassland,Carnivore,SC,No,Invertivore
AVIBASE-BCF9A19A,100.4,0.0,2438.0,2438.0,Grassland,Carnivore,SC,No,Invertivore
AVIBASE-EDA37B7C,63.25,0.0,1200.0,1200.0,Coastal,Carnivore,SC,No,Invertivore
AVIBASE-95E28A57,50.41667,0.0,500.0,500.0,Wetland,Carnivore,SC,No,Invertivore
AVIBASE-671B69FE,53.4,0.0,500.0,500.0,Wetland,Carnivore,SC,No,Invertivore
AVIBASE-37C6EE35,94.5,0.0,500.0,500.0,Coastal,Carnivore,SC,No,Invertivore
AVIBASE-4EBB9A28,47.5,0.0,1550.0,1550.0,Rock,Carnivore,SC,No,Invertivore
AVIBASE-F5D22166,35.0,0.0,2800.0,2800.0,Wetland,Carnivore,SC,No,Invertivore
AVIBASE-3A47E205,37.25,0.0,1400.0,1400.0,Coastal,Carnivore,SC,No,Invertivore
AVIBASE-124EBA0D,34.5,0.0,500.0,500.0,Wetland,Carnivore,SC,No,Invertivore
AVIBASE-2F5B5D5B,60.0,0.0,50.0,50.0,Coastal,Carnivore,"CV,SC",No,Invertivore
AVIBASE-35EC3BBF,39.5,0.0,800.0,800.0,Wetland,Carnivore,SC,No,Invertivore
AVIBASE-8294655E,55.5,0.0,1570.0,1570.0,Riverine,Carnivore,SC,No,Invertivore
AVIBASE-FC943B05,72.33333,0.0,850.0,850.0,Wetland,Carnivore,SC,No,Invertivore
AVIBASE-F029489A,223.0,0.0,1300.0,1300.0,Wetland,Carnivore,SC,No,Invertivore
AVIBASE-F7D5320E,181.75,0.0,1300.0,1300.0,Wetland,Carnivore,"CP,PL,SC",No,Invertivore
AVIBASE-2F23EDC6,164.0,0.0,1400.0,1400.0,Wetland,Carnivore,SC,No,Invertivore
AVIBASE-F5E92B22,159.0,0.0,2500.0,2500.0,Grassland,Carnivore,SC,No,Invertivore
AVIBASE-DDE5A01E,164.0,0.0,2400.0,2400.0,Riverine,Carnivore,SC,No,Invertivore
AVIBASE-0BEDE250,155.5,0.0,1000.0,1000.0,Human Modified,Carnivore,SC,No,Invertivore
AVIBASE-D531B5D3,106.33333,0.0,1940.0,1940.0,Grassland,Carnivore,SC,No,Invertivore
AVIBASE-C4EC6263,187.5,0.0,1100.0,1100.0,Wetland,Carnivore,SC,No,Invertivore
AVIBASE-42D3918F,122.0,0.0,1600.0,1600.0,Grassland,Carnivore,"NO,SC",No,Invertivore
AVIBASE-83D95620,186.0,0.0,3050.0,3050.0,Grassland,Carnivore,SC,No,Invertivore
AVIBASE-D0FA8EBE,157.25,0.0,1970.0,1970.0,Grassland,Carnivore,SC,No,Invertivore
AVIBASE-074251A3,214.66667,0.0,2200.0,2200.0,Wetland,Carnivore,SC,No,Invertivore
AVIBASE-C76146F3,213.5,1800.0,2300.0,4100.0,Grassland,Carnivore,SC,No,Invertivore
AVIBASE-881C954D,150.0,0.0,500.0,500.0,Grassland,Carnivore,SC,No,Invertivore
AVIBASE-8F8F0CF0,259.5,0.0,1300.0,1300.0,Wetland,Carnivore,SC,No,Invertivore
AVIBASE-4A30C572,170.0,0.0,2300.0,2300.0,Wetland,Carnivore,SC,No,Invertivore
AVIBASE-12216EF6,325.0,,,,Wetland,Carnivore,SC,No,Invertivore
AVIBASE-581FD9E8,178.0,0.0,500.0,500.0,Grassland,Herbivore,SC,No,Granivore
AVIBASE-A956C6B5,310.0,0.0,500.0,500.0,Grassland,Carnivore,SC,No,Invertivore
AVIBASE-AD2AE997,354.0,0.0,1800.0,1800.0,Coastal,Carnivore,SC,No,Invertivore
AVIBASE-D348C2D6,208.66667,0.0,2800.0,2800.0,Grassland,Carnivore,SC,No,Invertivore
AVIBASE-A480FDDF,145.33333,0.0,500.0,500.0,Wetland,Carnivore,SC,No,Invertivore
AVIBASE-AE459A9B,291.5,0.0,1200.0,1200.0,Grassland,Carnivore,SC,No,Invertivore
AVIBASE-D0591043,211.5,2700.0,2300.0,5000.0,Grassland,Carnivore,SC,No,Invertivore
AVIBASE-A358D6BF,55.33333,0.0,500.0,500.0,Wetland,Carnivore,SC,No,Invertivore
AVIBASE-C1DC658F,91.33333,0.0,500.0,500.0,Grassland,Omnivore,SC,No,Omnivore
AVIBASE-264D0351,75.66667,0.0,2300.0,2300.0,Desert,Carnivore,SC,No,Invertivore
AVIBASE-02091964,87.35,0.0,500.0,500.0,Wetland,Carnivore,,No,Invertivore
AVIBASE-828D3D5A,60.16667,0.0,5500.0,5500.0,Grassland,Carnivore,SC,No,Invertivore
AVIBASE-8A4C4629,74.5,0.0,5500.0,5500.0,Grassland,Carnivore,SC,No,Invertivore
AVIBASE-98B9C10B,88.0,0.0,3000.0,3000.0,Grassland,Carnivore,SC,No,Invertivore
AVIBASE-79420720,68.0,0.0,600.0,600.0,Riverine,Carnivore,SC,No,Invertivore
AVIBASE-719334FB,56.575,0.0,600.0,600.0,Riverine,Carnivore,SC,No,Invertivore
AVIBASE-B41D547B,152.66667,0.0,300.0,300.0,Grassland,Carnivore,SC,No,Invertivore
AVIBASE-3313E068,148.5,0.0,2400.0,2400.0,Coastal,Carnivore,SC,No,Invertivore
AVIBASE-654D660C,63.1,0.0,0.0,0.0,Coastal,Carnivore,SC,No,Invertivore
AVIBASE-03D0649C,33.9,0.0,1500.0,1500.0,Coastal,Carnivore,,No,Invertivore
AVIBASE-1FFFEF4E,101.59,0.0,3250.0,3250.0,Grassland,Carnivore,SC,No,Invertivore
AVIBASE-AA52C3B1,45.0,3000.0,1500.0,4500.0,Grassland,Carnivore,,No,Invertivore
AVIBASE-A931ED99,67.0,0.0,1200.0,1200.0,Coastal,Carnivore,,No,Invertivore
AVIBASE-0E8EC2EA,30.96,0.0,0.0,0.0,Coastal,Carnivore,,No,Invertivore
AVIBASE-0F0DCC2F,36.91667,0.0,2730.0,2730.0,Wetland,Carnivore,SC,No,Invertivore
AVIBASE-9EB06C93,48.65,0.0,680.0,680.0,Grassland,Carnivore,SC,No,Invertivore
AVIBASE-1EDCA978,38.73333,0.0,500.0,500.0,Coastal,Carnivore,SC,No,Invertivore
AVIBASE-F012ED4B,45.25,0.0,3048.0,3048.0,Coastal,Carnivore,SC,No,Invertivore
AVIBASE-61F0E581,32.0,0.0,1200.0,1200.0,Coastal,Carnivore,SC,No,Invertivore
AVIBASE-5D09A657,46.0,0.0,,,Coastal,Carnivore,SC,No,Invertivore
AVIBASE-214B3533,43.55,0.0,1500.0,1500.0,Coastal,Carnivore,SC,No,Invertivore
AVIBASE-EF94AF2E,,0.0,500.0,500.0,Coastal,Carnivore,,No,Invertivore
AVIBASE-AA4385A2,47.725,0.0,3000.0,3000.0,Coastal,Carnivore,SC,No,Invertivore
AVIBASE-5E8E69CA,42.3,0.0,50.0,50.0,Coastal,Carnivore,,No,Invertivore
AVIBASE-1B28A4B6,82.33333,0.0,500.0,500.0,Riverine,Carnivore,SC,No,Invertivore
AVIBASE-7516E687,129.83333,0.0,1800.0,1800.0,Wetland,Omnivore,HC,No,Omnivore
AVIBASE-8CB3B219,128.0,0.0,700.0,700.0,Human Modified,Carnivore,SC,No,Invertivore
AVIBASE-585E1D52,74.3,0.0,1000.0,1000.0,Wetland,Carnivore,SC,No,Invertivore
AVIBASE-6F672FA3,175.75,0.0,1000.0,1000.0,Wetland,Carnivore,PL,No,Invertivore
AVIBASE-3E6F686E,110.725,0.0,1500.0,1500.0,Wetland,Carnivore,"NO,PL",No,Invertivore
AVIBASE-D324ED7D,119.75,0.0,930.0,930.0,Wetland,Carnivore,PL,No,Invertivore
AVIBASE-29B03FAE,40.86667,0.0,3000.0,3000.0,Wetland,Carnivore,PL,No,Invertivore
AVIBASE-570239AA,113.25,0.0,500.0,500.0,Wetland,Carnivore,,No,Invertivore
AVIBASE-CE89BE6D,205.5,0.0,1000.0,1000.0,Wetland,Herbivore,PL,No,Herbivore terrestrial
AVIBASE-D16D486D,199.0,0.0,2000.0,2000.0,Wetland,Carnivore,"NO,PL",No,Invertivore
AVIBASE-640D2B03,189.0,0.0,750.0,750.0,Wetland,Carnivore,PL,No,Invertivore
AVIBASE-1CE50BE8,67.25,0.0,700.0,700.0,Grassland,Omnivore,SC,No,Omnivore
AVIBASE-7C72CD00,339.4,700.0,4800.0,5500.0,Rock,Herbivore,SC,No,Herbivore terrestrial
AVIBASE-1D9989DE,339.33333,0.0,2200.0,2200.0,Shrubland,Herbivore,SC,No,Herbivore terrestrial
AVIBASE-2A1A2F3A,115.25,1000.0,4000.0,5000.0,Grassland,Herbivore,,No,Herbivore terrestrial
AVIBASE-4262DA5A,54.75,0.0,400.0,400.0,Grassland,Herbivore,SC,No,Herbivore terrestrial
AVIBASE-BF1DA86E,160.83333,0.0,1585.0,1585.0,Grassland,Carnivore,,No,Invertivore
AVIBASE-2507326E,457.16667,0.0,500.0,500.0,Shrubland,Omnivore,SC,No,Omnivore
AVIBASE-F9305BAA,380.16667,0.0,3600.0,3600.0,Grassland,Carnivore,"CP,M",No,Invertivore
AVIBASE-C00E1EB8,230.0,0.0,950.0,950.0,Grassland,Carnivore,SC,No,Invertivore
AVIBASE-FB9305DB,362.0,0.0,350.0,350.0,Grassland,Carnivore,SC,No,Invertivore
AVIBASE-5284C27B,689.5,0.0,1220.0,1220.0,Grassland,Carnivore,,No,Invertivore
AVIBASE-DAF8F22B,815.0,0.0,500.0,500.0,Wetland,Carnivore,M,No,Invertivore
AVIBASE-7A35DE81,307.5,0.0,500.0,500.0,Wetland,Carnivore,,No,Invertivore
AVIBASE-3BB5CBA6,813.75,0.0,760.0,760.0,Wetland,Carnivore,SC,No,Invertivore
AVIBASE-9A684C99,441.33333,0.0,440.0,440.0,Grassland,Carnivore,SC,No,Invertivore
AVIBASE-454B5CD5,330.25,0.0,500.0,500.0,Wetland,Carnivore,SC,No,Invertivore
AVIBASE-93013964,285.16667,0.0,3700.0,3700.0,Wetland,Carnivore,SC,No,Invertivore
AVIBASE-249AE8DF,369.66667,0.0,500.0,500.0,Wetland,Carnivore,SC,No,Invertivore
AVIBASE-B7E68EC8,186.0,0.0,1000.0,1000.0,Wetland,Carnivore,SC,No,Invertivore
AVIBASE-CB343E43,114.5,0.0,1600.0,1600.0,Wetland,Carnivore,,No,Invertivore
AVIBASE-4A3B2CFF,110.68333,0.0,500.0,500.0,Wetland,Carnivore,,No,Invertivore
AVIBASE-1A15F0C6,57.33333,0.0,1000.0,1000.0,Wetland,Carnivore,SC,No,Invertivore
AVIBASE-F4829920,192.0,0.0,500.0,500.0,Forest,Carnivore,,No,Invertivore
AVIBASE-BFE14290,288.33333,0.0,2000.0,2000.0,Forest,Carnivore,SC,No,Invertivore
AVIBASE-540030A1,473.0,0.0,1000.0,1000.0,Forest,Carnivore,,No,Invertivore
AVIBASE-EC0ADB10,251.5,1260.0,390.0,1650.0,Forest,Carnivore,,No,Invertivore
AVIBASE-B12B5C0D,204.5,1350.0,1650.0,3000.0,Forest,Carnivore,PL,No,Invertivore
AVIBASE-6D3CC1FB,209.66667,2300.0,1500.0,3800.0,Forest,Carnivore,,No,Invertivore
AVIBASE-5306D33E,,1100.0,1400.0,2500.0,Forest,Carnivore,,No,Invertivore
AVIBASE-49C57A6B,,15.0,1135.0,1150.0,Forest,Carnivore,,No,Invertivore
AVIBASE-36D14881,,,,,Grassland,Carnivore,,No,Invertivore
AVIBASE-8DE52990,,,,,Grassland,Carnivore,,No,Invertivore
AVIBASE-168E3626,82.66667,0.0,287.0,287.0,Forest,Carnivore,SC,No,Invertivore
AVIBASE-90E8B13B,110.0,0.0,250.0,250.0,Forest,Carnivore,CP,No,Invertivore
AVIBASE-02884D9E,106.16667,0.0,600.0,600.0,Grassland,Carnivore,CP,No,Invertivore
AVIBASE-3AA9C3BA,196.0,2745.0,1055.0,3800.0,Wetland,Carnivore,,No,Invertivore
AVIBASE-4A691A33,196.0,2100.0,1700.0,3800.0,Forest,Carnivore,SA,No,Invertivore
AVIBASE-9890A5DC,198.0,0.0,800.0,800.0,Wetland,Carnivore,,No,Invertivore
AVIBASE-F6B72EAF,152.66667,1500.0,3500.0,5000.0,Riverine,Carnivore,SC,No,Invertivore
AVIBASE-34ABFEB7,170.0,1200.0,3320.0,4520.0,Forest,Carnivore,,No,Invertivore
AVIBASE-BCCD5840,185.25,0.0,2300.0,2300.0,Riverine,Carnivore,SC,No,Invertivore
AVIBASE-9E66B47A,128.66667,0.0,3700.0,3700.0,Woodland,Carnivore,SC,No,Invertivore
AVIBASE-EE61E2CA,125.33333,0.0,2500.0,2500.0,Wetland,Carnivore,SC,No,Invertivore
AVIBASE-C9B4E3D5,167.33333,0.0,3500.0,3500.0,Human Modified,Carnivore,SC,No,Invertivore
AVIBASE-831FC147,124.25,1500.0,1200.0,2700.0,Wetland,Carnivore,PL,No,Invertivore
AVIBASE-9151E0BA,114.16667,0.0,2800.0,2800.0,Wetland,Carnivore,SC,No,Invertivore
AVIBASE-F5C8516D,114.4,0.0,4000.0,4000.0,Wetland,Carnivore,CP,No,Invertivore
AVIBASE-CBB7DCF0,327.5,0.0,2200.0,2200.0,Forest,Carnivore,,No,Vertivore
AVIBASE-0A79923B,188.66667,2500.0,1400.0,3900.0,Wetland,Carnivore,SC,No,Invertivore
AVIBASE-F9BBBC1F,103.5,2000.0,3000.0,5000.0,Riverine,Carnivore,,No,Invertivore
AVIBASE-11B37CB0,216.0,0.0,2500.0,2500.0,Wetland,Carnivore,SC,No,Invertivore
AVIBASE-8E841A61,120.38,0.0,1300.0,1300.0,Wetland,Carnivore,,No,Invertivore
AVIBASE-3B942738,,0.0,2000.0,2000.0,Wetland,Carnivore,SC,No,Invertivore
AVIBASE-667C6969,78.0,0.0,2500.0,2500.0,Wetland,Carnivore,SC,No,Invertivore
AVIBASE-18A19380,60.1,0.0,,,Coastal,Carnivore,SC,No,Invertivore
AVIBASE-E6F3BA54,35.16667,0.0,1300.0,1300.0,Wetland,Carnivore,SC,No,Invertivore
AVIBASE-6D5992EE,80.4,0.0,1530.0,1530.0,Grassland,Carnivore,SC,No,Invertivore
AVIBASE-8548B07E,63.0,0.0,4000.0,4000.0,Wetland,Carnivore,SC,No,Invertivore
AVIBASE-0D88C072,45.0,0.0,4700.0,4700.0,Riverine,Carnivore,SC,No,Invertivore
AVIBASE-A7B17EFC,85.0,0.0,3000.0,3000.0,Wetland,Carnivore,O,No,Invertivore
AVIBASE-D4A73324,49.43333,0.0,2500.0,2500.0,Wetland,Carnivore,O,No,Invertivore
AVIBASE-29256A38,121.0,0.0,1800.0,1800.0,Riverine,Carnivore,SC,No,Invertivore
AVIBASE-13854B6E,118.65,0.0,1230.0,1230.0,Riverine,Carnivore,"PL,SC",No,Invertivore
AVIBASE-15CF9352,81.5,0.0,2880.0,2880.0,Wetland,Carnivore,SC,No,Aquatic predator
AVIBASE-8E67DC5F,67.5,0.0,1000.0,1000.0,Wetland,Carnivore,"O,SC",No,Invertivore
AVIBASE-D6BFC73A,122.66667,0.0,3100.0,3100.0,Coastal,Carnivore,SC,No,Invertivore
AVIBASE-2C7A2673,87.83333,0.0,3800.0,3800.0,Wetland,Carnivore,,No,Invertivore
AVIBASE-C7E9D357,146.0,0.0,500.0,500.0,Wetland,Carnivore,,No,Omnivore
AVIBASE-E7A14E91,271.5,0.0,500.0,500.0,Coastal,Carnivore,,No,Invertivore
AVIBASE-0895DD84,163.5,0.0,3750.0,3750.0,Grassland,Carnivore,SC,No,Invertivore
AVIBASE-18B415D2,212.5,0.0,1200.0,1200.0,Forest,Carnivore,SC,No,Invertivore
AVIBASE-6EB81C98,169.25,0.0,4100.0,4100.0,Wetland,Carnivore,,No,Invertivore
AVIBASE-F51DBA0D,38.0,,,,Shrubland,Carnivore,,No,Invertivore
AVIBASE-750808C3,,,,,Riverine,Carnivore,,No,Invertivore
AVIBASE-F1D2DE72,,,,,Riverine,Carnivore,,No,Invertivore
AVIBASE-40EB31D0,38.0,0.0,20.0,20.0,Coastal,Carnivore,,No,Invertivore
AVIBASE-DC3050A9,126.0,0.0,4500.0,4500.0,Coastal,Carnivore,SC,No,Invertivore
AVIBASE-0413ED30,128.33333,0.0,600.0,600.0,Coastal,Carnivore,SC,No,Invertivore
AVIBASE-09C51FA9,181.0,0.0,1700.0,1700.0,Grassland,Carnivore,,No,Invertivore
AVIBASE-B5CE8FAD,187.0,0.0,300.0,300.0,Coastal,Carnivore,SC,No,Invertivore
AVIBASE-11CF8C9A,190.33333,0.0,1800.0,1800.0,Rock,Carnivore,SC,No,Invertivore
AVIBASE-2DABF98F,156.0,0.0,1000.0,1000.0,Wetland,Carnivore,SC,No,Invertivore
AVIBASE-0A14882F,48.0,0.0,1000.0,1000.0,Wetland,Carnivore,CP,No,Invertivore
AVIBASE-A0A67A81,77.75,0.0,800.0,800.0,Wetland,Omnivore,SC,No,Omnivore
AVIBASE-ECDE73F2,62.35,0.0,2500.0,2500.0,Wetland,Carnivore,SC,No,Invertivore
AVIBASE-143A681C,75.21667,0.0,500.0,500.0,Coastal,Carnivore,,No,Invertivore
AVIBASE-5ACF7FB3,25.61667,0.0,2400.0,2400.0,Grassland,Carnivore,SC,No,Invertivore
AVIBASE-7D629288,25.66667,0.0,1100.0,1100.0,Wetland,Carnivore,SC,No,Invertivore
AVIBASE-BBDF2F1B,29.31667,0.0,450.0,450.0,Grassland,Carnivore,SC,No,Invertivore
AVIBASE-3FC8CA50,31.75,0.0,70.0,70.0,Coastal,Carnivore,SC,No,Invertivore
AVIBASE-3A3C62BC,66.5,0.0,1000.0,1000.0,Grassland,Carnivore,,No,Invertivore
AVIBASE-06B9BD24,61.0,0.0,60.0,60.0,Coastal,Carnivore,CP,No,Invertivore
AVIBASE-15369E8E,60.45,0.0,500.0,500.0,Wetland,Carnivore,CP,No,Invertivore
AVIBASE-0A0B8431,76.66667,0.0,1400.0,1400.0,Grassland,Carnivore,SC,No,Invertivore
AVIBASE-C5971E25,92.35,0.0,300.0,300.0,Grassland,Carnivore,,No,Invertivore
AVIBASE-1F1AD154,42.7,0.0,4500.0,4500.0,Grassland,Carnivore,SC,No,Invertivore
AVIBASE-9936FF4A,27.075,0.0,500.0,500.0,Grassland,Carnivore,SC,No,Invertivore
AVIBASE-A47B0BD4,24.83333,0.0,1500.0,1500.0,Wetland,Carnivore,SC,No,Invertivore
AVIBASE-153BA306,42.03333,0.0,1200.0,1200.0,Wetland,Carnivore,CP,No,Invertivore
AVIBASE-ACC99F35,92.0,0.0,4500.0,4500.0,Wetland,Carnivore,SC,No,Invertivore
AVIBASE-01060BFD,28.23333,0.0,2500.0,2500.0,Shrubland,Carnivore,SC,No,Invertivore
AVIBASE-F35821AA,32.22,0.0,400.0,400.0,Grassland,Carnivore,SC,No,Invertivore
AVIBASE-C3E33FEB,293.33333,0.0,,,Coastal,Carnivore,BU,No,Invertivore
AVIBASE-C130193B,87.06667,0.0,1800.0,1800.0,Grassland,Carnivore,"NO,SC",No,Invertivore
AVIBASE-F5145338,144.75,0.0,1700.0,1700.0,Grassland,Carnivore,"NO,SC",No,Invertivore
AVIBASE-29D50ED5,119.55,0.0,2200.0,2200.0,Shrubland,Carnivore,SC,No,Invertivore
AVIBASE-A632F945,,,,,Shrubland,Carnivore,,No,Invertivore
AVIBASE-236D9272,,0.0,275.0,275.0,Grassland,Carnivore,SC,No,Invertivore
AVIBASE-7A841F83,69.8,0.0,3000.0,3000.0,Grassland,Carnivore,"NO,SC",No,Invertivore
AVIBASE-5FBB9662,82.8,0.0,500.0,500.0,Grassland,Carnivore,NO,No,Invertivore
AVIBASE-DE0A72A7,150.0,0.0,800.0,800.0,Desert,Carnivore,SC,No,Invertivore
AVIBASE-6091E70B,100.0,0.0,1800.0,1800.0,Desert,Carnivore,SC,No,Invertivore
AVIBASE-5B08743F,59.0,0.0,1740.0,1740.0,Grassland,Carnivore,"NO,SC",No,Invertivore
AVIBASE-95820ED1,62.75,0.0,1820.0,1820.0,Rock,Carnivore,NO,No,Invertivore
AVIBASE-B21AF428,37.4,0.0,500.0,500.0,Coastal,Carnivore,SC,No,Invertivore
AVIBASE-D9A310F1,38.875,0.0,1800.0,1800.0,Riverine,Carnivore,"NO,SC",No,Invertivore
AVIBASE-3222F80F,81.95,0.0,1700.0,1700.0,Grassland,Carnivore,SC,No,Invertivore
AVIBASE-E1F6A875,94.5,0.0,1590.0,1590.0,Grassland,Carnivore,SC,No,Invertivore
AVIBASE-D56ABB4E,79.0,0.0,3550.0,3550.0,Grassland,Carnivore,SC,No,Invertivore
AVIBASE-AC0F25BB,103.0,0.0,1500.0,1500.0,Coastal,Carnivore,SC,No,Invertivore
AVIBASE-907B1140,165.66667,0.0,1800.0,1800.0,Riverine,Carnivore,SC,No,Aquatic predator
AVIBASE-88151F23,,0.0,500.0,500.0,Riverine,Carnivore,SC,No,Aquatic predator
AVIBASE-88AB027C,293.66667,0.0,600.0,600.0,Coastal,Carnivore,SC,No,Aquatic predator
AVIBASE-38B88F11,138.0,0.0,50.0,50.0,Marine,Carnivore,NO,No,Aquatic predator
AVIBASE-850AB2F1,105.75,0.0,0.0,0.0,Marine,Carnivore,,No,Aquatic predator
AVIBASE-A070171E,184.66667,0.0,50.0,50.0,Marine,Carnivore,"NO,PL,SC",No,Aquatic predator
AVIBASE-03F9EB15,106.35,0.0,,,Marine,Carnivore,PL,No,Aquatic predator
AVIBASE-C67DCF31,112.5,0.0,50.0,50.0,Coastal,Carnivore,PL,No,Aquatic predator
AVIBASE-26DE68F8,67.0,0.0,600.0,600.0,Coastal,Carnivore,"CR,NO",No,Invertivore
AVIBASE-D021AB6A,51.85,0.0,0.0,0.0,Coastal,Carnivore,NO,No,Aquatic predator
AVIBASE-BEE4F34A,104.88,0.0,0.0,0.0,Coastal,Carnivore,"NO,SC",No,Omnivore
AVIBASE-3E7F825D,183.0,0.0,50.0,50.0,Marine,Carnivore,"NO,SC",No,Omnivore
AVIBASE-E6518B9D,129.13333,0.0,50.0,50.0,Coastal,Carnivore,,No,Aquatic predator
AVIBASE-1A965D60,126.21667,0.0,300.0,300.0,Coastal,Carnivore,SC,No,Aquatic predator
AVIBASE-17310BF0,55.0,0.0,2000.0,2000.0,Coastal,Carnivore,"NO,PL",No,Omnivore
AVIBASE-4B21F4D8,41.825,0.0,0.0,0.0,Coastal,Carnivore,SC,No,Omnivore
AVIBASE-BE78E765,46.75,0.0,500.0,500.0,Coastal,Carnivore,SC,No,Aquatic predator
AVIBASE-8B4BBC2A,47.8,0.0,500.0,500.0,Coastal,Carnivore,,No,Omnivore
AVIBASE-F9A32D38,52.0,0.0,0.0,0.0,Coastal,Carnivore,SC,No,Aquatic predator
AVIBASE-67D8B0BA,68.5,0.0,0.0,0.0,Coastal,Carnivore,SC,No,Aquatic predator
AVIBASE-9F9A13D8,50.675,0.0,0.0,0.0,Coastal,Carnivore,SC,No,Aquatic predator
AVIBASE-C3C30D03,241.5,0.0,500.0,500.0,Riverine,Carnivore,"NO,SC",No,Aquatic predator
AVIBASE-87168739,214.075,0.0,500.0,500.0,Coastal,Carnivore,SC,No,Omnivore
AVIBASE-C5F70BBE,246.66667,0.0,100.0,100.0,Coastal,Carnivore,SC,No,Invertivore
AVIBASE-BC06BC0D,656.0,0.0,500.0,500.0,Coastal,Carnivore,SC,No,Aquatic predator
AVIBASE-FF6C3B9C,199.5,0.0,0.0,0.0,Coastal,Carnivore,"BU,CR",No,Aquatic predator
AVIBASE-7AB4E42B,84.5,0.0,2000.0,2000.0,Wetland,Carnivore,"O,PL",No,Invertivore
AVIBASE-37868999,93.0,0.0,1860.0,1860.0,Riverine,Carnivore,SC,No,Aquatic predator
AVIBASE-115AF02D,73.15,0.0,1540.0,1540.0,Wetland,Carnivore,PL,No,Aquatic predator
AVIBASE-43CAAEE3,60.5,0.0,2000.0,2000.0,Wetland,Carnivore,HC,No,Invertivore
AVIBASE-A874F334,187.5,0.0,600.0,600.0,Riverine,Carnivore,SC,No,Omnivore
AVIBASE-D13B9122,151.25,0.0,2500.0,2500.0,Wetland,Carnivore,SC,No,Aquatic predator
AVIBASE-98FBF9CA,149.75,0.0,500.0,500.0,Wetland,Carnivore,PL,No,Aquatic predator
AVIBASE-BDC5CF80,115.16667,0.0,100.0,100.0,Coastal,Carnivore,SC,No,Aquatic predator
AVIBASE-ECAE1DA1,190.25,0.0,0.0,0.0,Coastal,Carnivore,SC,No,Aquatic predator
AVIBASE-E9C409B5,151.0,0.0,180.0,180.0,Rock,Carnivore,SC,No,Aquatic predator
AVIBASE-754993F1,127.5,0.0,0.0,0.0,Coastal,Carnivore,SC,No,Omnivore
AVIBASE-4D2FF6F1,125.75,0.0,4000.0,4000.0,Coastal,Carnivore,SC,No,Aquatic predator
AVIBASE-CF5C013D,118.75,0.0,0.0,0.0,Coastal,Carnivore,SC,No,Omnivore
AVIBASE-9D6704AC,103.75,0.0,0.0,0.0,Coastal,Carnivore,SC,No,Aquatic predator
AVIBASE-74236837,114.33333,0.0,18.0,18.0,Coastal,Carnivore,SC,No,Aquatic predator
AVIBASE-E1F9123B,131.5,0.0,0.0,0.0,Coastal,Carnivore,SC,No,Aquatic predator
AVIBASE-807E1277,159.5,0.0,700.0,700.0,Riverine,Carnivore,SC,No,Omnivore
AVIBASE-F7504353,223.5,0.0,50.0,50.0,Coastal,Carnivore,SC,No,Aquatic predator
AVIBASE-3F9E1C51,236.16667,0.0,100.0,100.0,Coastal,Carnivore,,No,Aquatic predator
AVIBASE-D01CDECD,212.25,0.0,0.0,0.0,Coastal,Carnivore,SC,No,Aquatic predator
AVIBASE-CF8461BF,380.0,0.0,0.0,0.0,Coastal,Carnivore,BU,No,Aquatic predator
AVIBASE-719935EF,402.33333,0.0,100.0,100.0,Coastal,Carnivore,SC,No,Aquatic predator
AVIBASE-526978C4,367.75,0.0,0.0,0.0,Coastal,Carnivore,SC,No,Aquatic predator
AVIBASE-FCEF84DC,280.0,0.0,0.0,0.0,Coastal,Carnivore,,No,Aquatic predator
AVIBASE-07357A25,695.0,0.0,0.0,0.0,Marine,Carnivore,SC,No,Invertivore
AVIBASE-F89FD6E3,114.08333,0.0,500.0,500.0,Coastal,Carnivore,HC,No,Invertivore
AVIBASE-4CD353D2,185.0,0.0,0.0,0.0,Coastal,Carnivore,,No,Invertivore
AVIBASE-FB4D08F0,439.33333,0.0,0.0,0.0,Marine,Carnivore,HC,No,Aquatic predator
AVIBASE-58B576ED,401.66667,0.0,0.0,0.0,Marine,Carnivore,HC,No,Aquatic predator
AVIBASE-FED91A1F,578.33333,0.0,1900.0,1900.0,Marine,Carnivore,HC,No,Aquatic predator
AVIBASE-86182656,182.16667,0.0,0.0,0.0,Coastal,Carnivore,HC,No,Omnivore
AVIBASE-88BBD516,195.0,0.0,500.0,500.0,Coastal,Carnivore,,No,Invertivore
AVIBASE-27CE7132,285.0,0.0,0.0,0.0,Coastal,Carnivore,SC,No,Aquatic predator
AVIBASE-0337440E,204.575,0.0,600.0,600.0,Coastal,Carnivore,PL,No,Omnivore
AVIBASE-AD086862,285.33333,0.0,900.0,900.0,Coastal,Carnivore,HC,No,Omnivore
AVIBASE-1E12A4D6,216.83333,0.0,500.0,500.0,Coastal,Carnivore,SC,No,Invertivore
AVIBASE-A971CBD4,478.0,0.0,5300.0,5300.0,Coastal,Carnivore,,No,Invertivore
AVIBASE-F8F183DD,364.5,0.0,1200.0,1200.0,Coastal,Carnivore,"CP,O,PL",No,Invertivore
AVIBASE-FB02DD96,261.0,0.0,500.0,500.0,Wetland,Carnivore,SC,No,Invertivore
AVIBASE-C2868E7A,584.0,0.0,4500.0,4500.0,Coastal,Carnivore,,No,Aquatic predator
AVIBASE-6EB497FA,357.5,0.0,1000.0,1000.0,Coastal,Carnivore,"SC,HC",No,Omnivore
AVIBASE-5941F453,287.5,0.0,0.0,0.0,Coastal,Carnivore,SC,No,Omnivore
AVIBASE-804CCA3A,325.0,0.0,500.0,500.0,Coastal,Carnivore,SC,No,Invertivore
AVIBASE-683C03D9,519.0,0.0,0.0,0.0,Coastal,Carnivore,HC,No,Omnivore
AVIBASE-6CDC3C9C,307.33333,0.0,0.0,0.0,Coastal,Carnivore,,No,Invertivore
AVIBASE-57C93A74,279.83333,0.0,2500.0,2500.0,Coastal,Carnivore,PL,No,Omnivore
AVIBASE-D97BE642,380.0,0.0,0.0,0.0,Coastal,Carnivore,SC,No,Omnivore
AVIBASE-EF930CDC,1413.33333,0.0,500.0,500.0,Coastal,Carnivore,SC,No,Omnivore
AVIBASE-166CE0D7,516.75,0.0,500.0,500.0,Coastal,Carnivore,SC,No,Invertivore
AVIBASE-F7B9355E,610.5,0.0,100.0,100.0,Coastal,Carnivore,SC,No,Aquatic predator
AVIBASE-052BFA8A,282.5,0.0,0.0,0.0,Coastal,Carnivore,SC,No,Invertivore
AVIBASE-67D43542,455.0,0.0,0.0,0.0,Marine,Scavenger,SC,No,Scavenger
AVIBASE-A7F240E3,343.33333,0.0,0.0,0.0,Coastal,Carnivore,SC,No,Aquatic predator
AVIBASE-C08157E7,1232.5,0.0,0.0,0.0,Coastal,Carnivore,,No,Omnivore
AVIBASE-2864A5B0,642.5,0.0,0.0,0.0,Coastal,Carnivore,"SC,NO",No,Omnivore
AVIBASE-8C4CE60F,675.0,0.0,0.0,0.0,Coastal,Carnivore,,No,Aquatic predator
AVIBASE-E2967A3F,850.0,0.0,0.0,0.0,Coastal,Carnivore,SC,No,Invertivore
AVIBASE-6996D540,448.26667,0.0,50.0,50.0,Coastal,Carnivore,,No,Aquatic predator
AVIBASE-00DA9D91,431.33333,0.0,1400.0,1400.0,Coastal,Carnivore,HC,No,Omnivore
AVIBASE-342F6965,395.0,0.0,1280.0,1280.0,Coastal,Carnivore,CP,No,Invertivore
AVIBASE-23863F65,500.0,0.0,100.0,100.0,Coastal,Carnivore,,No,Omnivore
AVIBASE-87E74BBF,1295.0,0.0,50.0,50.0,Coastal,Carnivore,,No,Omnivore
AVIBASE-575A3E3B,957.5,0.0,0.0,0.0,Coastal,Carnivore,,No,Aquatic predator
AVIBASE-93CA037F,1090.0,0.0,3000.0,3000.0,Coastal,Carnivore,,No,Omnivore
AVIBASE-E6536E4E,955.83333,0.0,760.0,760.0,Coastal,Carnivore,SC,No,Omnivore
AVIBASE-F002188E,1110.0,0.0,2000.0,2000.0,Coastal,Carnivore,SC,No,Omnivore
AVIBASE-E074D706,1106.66667,0.0,2000.0,2000.0,Coastal,Carnivore,SC,No,Omnivore
AVIBASE-F6951FF7,864.16667,0.0,2200.0,2200.0,Coastal,Carnivore,SC,No,Omnivore
AVIBASE-E826E9F3,1678.33333,0.0,0.0,0.0,Coastal,Carnivore,HC,No,Omnivore
AVIBASE-A59FA446,1933.33333,0.0,0.0,0.0,Coastal,Carnivore,HC,No,Omnivore
AVIBASE-2D52E3A5,841.33333,0.0,0.0,0.0,Coastal,Carnivore,SC,No,Omnivore
AVIBASE-7FCE8A43,717.5,0.0,2770.0,2770.0,Coastal,Carnivore,,No,Omnivore
AVIBASE-60F32AF8,1108.0,0.0,2000.0,2000.0,Coastal,Carnivore,SC,No,Omnivore
AVIBASE-03AC32BA,1095.01667,0.0,0.0,0.0,Coastal,Carnivore,,No,Omnivore
AVIBASE-456C7FAE,1280.5,0.0,0.0,0.0,Coastal,Carnivore,,No,Omnivore
AVIBASE-FB4FCB27,911.5,0.0,0.0,0.0,Coastal,Carnivore,CP,No,Aquatic predator
AVIBASE-1D446440,315.75,0.0,1300.0,1300.0,Marine,Carnivore,SC,No,Omnivore
AVIBASE-39086887,459.0,0.0,700.0,700.0,Marine,Carnivore,SC,No,Vertivore
AVIBASE-7CB8F5B7,760.5,0.0,300.0,300.0,Coastal,Carnivore,SC,No,Vertivore
AVIBASE-BB041C6E,1370.0,0.0,0.0,0.0,Marine,Carnivore,SC,No,Aquatic predator
AVIBASE-22214CD3,1387.5,0.0,0.0,0.0,Marine,Carnivore,SC,No,Omnivore
AVIBASE-4D5D2BC3,1591.66667,0.0,0.0,0.0,Marine,Carnivore,SC,No,Vertivore
AVIBASE-7D1A9D5C,1315.0,0.0,0.0,0.0,Marine,Carnivore,SC,No,Omnivore
AVIBASE-53D94597,503.75,0.0,200.0,200.0,Marine,Carnivore,"BU,CV",No,Aquatic predator
AVIBASE-F7937349,767.3,0.0,0.0,0.0,Marine,Carnivore,"BU,CR",No,Aquatic predator
AVIBASE-2771624B,432.5,0.0,100.0,100.0,Marine,Carnivore,"BU,CR",No,Aquatic predator
AVIBASE-24111FA5,559.83333,0.0,0.0,0.0,Coastal,Carnivore,"CR,BU",No,Aquatic predator
AVIBASE-2CF6D6F6,175.0,0.0,100.0,100.0,Coastal,Carnivore,"CR,BU",No,Invertivore
AVIBASE-044509DA,84.33333,0.0,0.0,0.0,Marine,Carnivore,CV,No,Invertivore
AVIBASE-E3893615,119.83333,0.0,0.0,0.0,Marine,Carnivore,"CR,NO",No,Invertivore
AVIBASE-3DC4EBB8,260.0,0.0,500.0,500.0,Marine,Carnivore,"CR,CV",No,Invertivore
AVIBASE-2B46719D,271.0,0.0,0.0,0.0,Marine,Carnivore,"CR,CV,SC",No,Invertivore
AVIBASE-0518820F,308.0,0.0,700.0,700.0,Coastal,Carnivore,PL,No,Aquatic predator
AVIBASE-7AD855E2,233.03333,0.0,2555.0,2555.0,Coastal,Carnivore,"CR,SC",No,Aquatic predator
AVIBASE-31557374,215.98333,0.0,1100.0,1100.0,Coastal,Carnivore,PL,No,Aquatic predator
AVIBASE-B5AA5952,421.86667,0.0,100.0,100.0,Marine,Carnivore,"CR,CV,SC",No,Aquatic predator
AVIBASE-90680520,480.0,0.0,120.0,120.0,Marine,Carnivore,"CR,CV",No,Aquatic predator
AVIBASE-2F5DF476,493.66667,0.0,100.0,100.0,Marine,Carnivore,"CV,BU,SC",No,Omnivore
AVIBASE-64F4DD81,646.66667,0.0,0.0,0.0,Marine,Carnivore,"BU,CR,CV",No,Aquatic predator
AVIBASE-57D2F32E,4750.0,0.0,0.0,0.0,Marine,Carnivore,NO,Yes,Aquatic predator
AVIBASE-B0932D89,170.0,0.0,0.0,0.0,Marine,Carnivore,"BU,CR",No,Invertivore
AVIBASE-B70B5840,945.75,0.0,0.0,0.0,Marine,Carnivore,"NO,SC",No,Aquatic predator
AVIBASE-39F29B55,984.0,0.0,0.0,0.0,Marine,Carnivore,NO,No,Aquatic predator
AVIBASE-ACA4FEFE,208.16667,0.0,100.0,100.0,Marine,Carnivore,"BU,CR,CV,SC",No,Invertivore
AVIBASE-A332A7CE,171.6,0.0,0.0,0.0,Marine,Carnivore,"CR,O",No,Omnivore
AVIBASE-85FE327B,175.5,0.0,0.0,0.0,Marine,Carnivore,"CR,SC,O",No,Aquatic predator
AVIBASE-2A8D086D,160.5,0.0,0.0,0.0,Marine,Carnivore,CR,No,Aquatic predator
AVIBASE-E04DDBBB,150.5,0.0,0.0,0.0,Marine,Carnivore,"SC,CR,CV,BU",No,Aquatic predator
AVIBASE-227D77FB,915.0,0.0,1400.0,1400.0,Forest,Carnivore,,Yes,Invertivore
AVIBASE-900C590B,227.66667,0.0,1800.0,1800.0,Riverine,Carnivore,CP,No,Omnivore
AVIBASE-7EE005BD,632.0,0.0,0.0,0.0,Marine,Carnivore,"CR,SC",No,Aquatic predator
AVIBASE-C412CD62,599.0,0.0,250.0,250.0,Marine,Carnivore,"CR,SC",No,Aquatic predator
AVIBASE-1D07B501,399.0,0.0,0.0,0.0,Marine,Carnivore,"CR,SC",No,Aquatic predator
AVIBASE-6C50988A,1816.66667,0.0,1070.0,1070.0,Wetland,Carnivore,SC,No,Aquatic predator
AVIBASE-CA5852BE,2955.0,0.0,500.0,500.0,Wetland,Carnivore,M,No,Aquatic predator
AVIBASE-B7D7EF23,1756.16667,0.0,500.0,500.0,Wetland,Carnivore,,No,Aquatic predator
AVIBASE-7E022378,4898.33333,0.0,500.0,500.0,Wetland,Carnivore,M,No,Aquatic predator
AVIBASE-5349255D,5125.0,0.0,500.0,500.0,Wetland,Carnivore,M,No,Aquatic predator
AVIBASE-827A77C7,11983.33333,0.0,100.0,100.0,Marine,Carnivore,NO,Yes,Aquatic predator
AVIBASE-58848B71,33175.0,0.0,500.0,500.0,Marine,Carnivore,NO,Yes,Aquatic predator
AVIBASE-4A947BE7,5425.0,0.0,0.0,0.0,Marine,Carnivore,SC,Yes,Invertivore
AVIBASE-75B943A3,4105.83333,0.0,0.0,0.0,Marine,Carnivore,PL,Yes,Invertivore
AVIBASE-F2B3BF2A,6225.0,0.0,0.0,0.0,Marine,Carnivore,,Yes,Invertivore
AVIBASE-151738D5,1321.66667,0.0,50.0,50.0,Marine,Carnivore,BU,Yes,Aquatic predator
AVIBASE-ACAA25BF,2040.0,0.0,40.0,40.0,Marine,Carnivore,,Yes,Aquatic predator
AVIBASE-37FC130F,4416.66667,0.0,80.0,80.0,Marine,Carnivore,"BU,CR",Yes,Aquatic predator
AVIBASE-3B4B29E0,4585.0,0.0,85.0,85.0,Marine,Carnivore,BU,Yes,Aquatic predator
AVIBASE-9B183BDD,3017.5,0.0,50.0,50.0,Marine,Carnivore,BU,Yes,Aquatic predator
AVIBASE-9DF07165,5636.66667,0.0,75.0,75.0,Marine,Carnivore,,Yes,Aquatic predator
AVIBASE-2C2BC004,4650.0,0.0,200.0,200.0,Marine,Carnivore,,Yes,Invertivore
AVIBASE-01A11B3A,4900.0,0.0,150.0,150.0,Marine,Carnivore,SC,Yes,Invertivore
AVIBASE-8722DFC2,2850.0,0.0,170.0,170.0,Marine,Carnivore,SC,Yes,Invertivore
AVIBASE-4023CC81,2615.0,0.0,60.0,60.0,Marine,Carnivore,"SC,NO",Yes,Invertivore
AVIBASE-A143FB33,3755.0,0.0,30.0,30.0,Marine,Carnivore,SC,Yes,Omnivore
AVIBASE-5EA37AA8,3191.66667,0.0,70.0,70.0,Marine,Carnivore,PL,Yes,Invertivore
AVIBASE-3B58C04E,5529.0,0.0,75.0,75.0,Marine,Carnivore,SC,Yes,Invertivore
AVIBASE-D295D249,37.5,0.0,600.0,600.0,Marine,Carnivore,"BU,CR",No,Invertivore
AVIBASE-934FEF66,18.65,0.0,0.0,0.0,Marine,Carnivore,CR,No,Omnivore
AVIBASE-7A8599C2,26.0,0.0,0.0,0.0,Marine,Carnivore,,No,Omnivore
AVIBASE-F5C74C92,32.5,0.0,0.0,0.0,Marine,Carnivore,"BU,CR",No,Invertivore
AVIBASE-E9DF118E,54.0,0.0,0.0,0.0,Marine,Carnivore,"BU,CR",No,Invertivore
AVIBASE-224E1093,53.9,0.0,450.0,450.0,Marine,Carnivore,"BU,CR",No,Aquatic predator
AVIBASE-ACE8EADE,53.0,0.0,0.0,0.0,Marine,Carnivore,"BU,CR",No,Invertivore
AVIBASE-AF97355A,,0.0,0.0,0.0,Marine,Carnivore,,No,Aquatic predator
AVIBASE-5DB83DA9,34.75,0.0,750.0,750.0,Marine,Carnivore,"BU,CR",No,Invertivore
AVIBASE-89BF14AC,71.0,0.0,0.0,0.0,Marine,Carnivore,"BU,CR",No,Invertivore
AVIBASE-1A5E5AE7,7577.0,0.0,0.0,0.0,Marine,Carnivore,M,No,Invertivore
AVIBASE-4D8C9B97,8480.0,0.0,0.0,0.0,Marine,Carnivore,M,No,Invertivore
AVIBASE-A28D8D38,8410.0,0.0,0.0,0.0,Marine,Carnivore,M,No,Invertivore
AVIBASE-1048BC8A,7100.0,0.0,700.0,700.0,Marine,Carnivore,M,No,Invertivore
AVIBASE-47BA9D53,6500.0,0.0,100.0,100.0,Marine,Carnivore,M,No,Invertivore
AVIBASE-D93548A7,6466.66667,0.0,640.0,640.0,Marine,Carnivore,M,No,Invertivore
AVIBASE-1BC289CB,3395.0,0.0,50.0,50.0,Marine,Scavenger,M,No,Scavenger
AVIBASE-98FB6D4B,2983.33333,0.0,50.0,50.0,Marine,Carnivore,HC,No,Invertivore
AVIBASE-EE8ECB1D,3180.0,0.0,50.0,50.0,Marine,Carnivore,SC,No,Omnivore
AVIBASE-B5565AD8,5955.5,0.0,150.0,150.0,Marine,Carnivore,M,No,Invertivore
AVIBASE-4976BF1D,2641.66667,0.0,500.0,500.0,Marine,Carnivore,HC,No,Invertivore
AVIBASE-1819ECCE,3155.0,0.0,0.0,0.0,Marine,Carnivore,HC,No,Invertivore
AVIBASE-EA2FA918,2295.0,0.0,0.0,0.0,Marine,Carnivore,M,No,Invertivore
AVIBASE-65882F71,2515.0,0.0,0.0,0.0,Marine,Carnivore,M,No,Invertivore
AVIBASE-0E4475F6,3614.0,0.0,0.0,0.0,Marine,Carnivore,M,No,Invertivore
AVIBASE-F79F09E1,2912.5,0.0,50.0,50.0,Marine,Carnivore,M,No,Invertivore
AVIBASE-3B6E922E,4150.0,0.0,150.0,150.0,Marine,Carnivore,M,No,Invertivore
AVIBASE-8E41D91E,3916.66667,0.0,0.0,0.0,Marine,Carnivore,M,No,Invertivore
AVIBASE-25428EB1,3800.0,0.0,50.0,50.0,Marine,Carnivore,M,No,Omnivore
AVIBASE-253271CB,3825.0,0.0,50.0,50.0,Marine,Carnivore,M,No,Invertivore
AVIBASE-F9CBC9EB,3198.33333,0.0,300.0,300.0,Marine,Carnivore,M,No,Invertivore
AVIBASE-4CDB783A,2975.0,0.0,0.0,0.0,Marine,Carnivore,M,No,Invertivore
AVIBASE-E1638A37,26.5,0.0,0.0,0.0,Marine,Carnivore,CR,No,Aquatic predator
AVIBASE-DD814006,63.5,0.0,0.0,0.0,Marine,Carnivore,"BU,CR",No,Aquatic predator
AVIBASE-5F5C5FD3,39.25,0.0,2225.0,2225.0,Marine,Carnivore,BU,No,Aquatic predator
AVIBASE-80DE8670,39.55,0.0,0.0,0.0,Marine,Carnivore,BU,No,Aquatic predator
AVIBASE-6AA236DD,62.0,0.0,0.0,0.0,Marine,Carnivore,BU,No,Aquatic predator
AVIBASE-C5FB15C6,42.58333,0.0,0.0,0.0,Marine,Carnivore,"BU,CR",No,Aquatic predator
AVIBASE-C794DCC7,33.2,0.0,0.0,0.0,Marine,Carnivore,"BU,CR",No,Aquatic predator
AVIBASE-B57A7ED2,41.15,0.0,0.0,0.0,Marine,Carnivore,"BU,CR",No,Aquatic predator
AVIBASE-04B43245,36.33333,0.0,0.0,0.0,Marine,Carnivore,BU,No,Aquatic predator
AVIBASE-D3FAE385,49.25,0.0,3200.0,3200.0,Marine,Carnivore,"BU,CR",No,Aquatic predator
AVIBASE-3E579E5B,45.5,0.0,0.0,0.0,Marine,Carnivore,BU,No,Omnivore
AVIBASE-0F6A5DD6,40.65,0.0,0.0,0.0,Marine,Carnivore,"BU,CR",No,Aquatic predator
AVIBASE-7BE70E1F,27.0,0.0,0.0,0.0,Marine,Carnivore,CR,No,Aquatic predator
AVIBASE-149499C6,66.2,0.0,0.0,0.0,Marine,Carnivore,"BU,CR",No,Omnivore
AVIBASE-6FC4B715,36.71,0.0,800.0,800.0,Marine,Carnivore,BU,No,Aquatic predator
AVIBASE-326E50B4,53.0,0.0,1100.0,1100.0,Marine,Carnivore,"BU,CR",No,Aquatic predator
AVIBASE-EDF95934,89.0,0.0,0.0,0.0,Marine,Carnivore,"BU,CR",No,Invertivore
AVIBASE-183CC218,18.0,0.0,0.0,0.0,Marine,Carnivore,CR,No,Invertivore
AVIBASE-C1706A8B,4425.0,0.0,300.0,300.0,Marine,Scavenger,M,No,Scavenger
AVIBASE-F504C8DE,4362.5,0.0,0.0,0.0,Marine,Carnivore,M,No,Omnivore
AVIBASE-049D9AEA,751.33333,0.0,300.0,300.0,Marine,Carnivore,SA,No,Omnivore
AVIBASE-10C2881A,897.5,0.0,300.0,300.0,Marine,Carnivore,CR,No,Invertivore
AVIBASE-53518617,658.33333,0.0,700.0,700.0,Marine,Carnivore,,No,Invertivore
AVIBASE-AAC2D613,444.66667,0.0,300.0,300.0,Marine,Carnivore,CR,No,Invertivore
AVIBASE-BB999943,386.0,0.0,2500.0,2500.0,Marine,Carnivore,CR,No,Aquatic predator
AVIBASE-68D6A13A,201.5,0.0,200.0,200.0,Marine,Carnivore,BU,No,Invertivore
AVIBASE-93860B9B,187.0,0.0,300.0,300.0,Marine,Carnivore,BU,No,Invertivore
AVIBASE-A819451A,162.5,0.0,300.0,300.0,Marine,Carnivore,BU,No,Invertivore
AVIBASE-A8433A58,162.5,0.0,450.0,450.0,Marine,Carnivore,BU,No,Invertivore
AVIBASE-105C306C,149.0,0.0,300.0,300.0,Marine,Carnivore,"BU,CR",No,Invertivore
AVIBASE-0D885A80,152.0,0.0,300.0,300.0,Marine,Carnivore,BU,No,Invertivore
AVIBASE-ED1DDABB,136.75,0.0,0.0,0.0,Marine,Carnivore,"BU,CR",No,Invertivore
AVIBASE-FF7A685E,142.83333,0.0,0.0,0.0,Marine,Carnivore,CR,No,Invertivore
AVIBASE-62797BD3,353.0,0.0,450.0,450.0,Marine,Carnivore,BU,No,Invertivore
AVIBASE-508E7E59,548.75,0.0,400.0,400.0,Marine,Carnivore,"BU,CR",No,Invertivore
AVIBASE-7C787E7D,695.0,0.0,300.0,300.0,Marine,Carnivore,BU,No,Invertivore
AVIBASE-DF92B7F9,632.0,0.0,400.0,400.0,Marine,Carnivore,"BU,CR",No,Invertivore
AVIBASE-23865D25,515.0,0.0,300.0,300.0,Marine,Carnivore,BU,No,Invertivore
AVIBASE-F654D59E,480.33333,0.0,800.0,800.0,Marine,Carnivore,BU,No,Aquatic predator
AVIBASE-44C20FFF,487.5,0.0,0.0,0.0,Marine,Carnivore,BU,No,Invertivore
AVIBASE-32AC75A8,380.0,0.0,0.0,0.0,Marine,Carnivore,,No,Invertivore
AVIBASE-12286A1E,315.0,0.0,0.0,0.0,Marine,Carnivore,BU,No,Invertivore
AVIBASE-A6EA486B,227.5,0.0,1600.0,1600.0,Marine,Carnivore,BU,No,Aquatic predator
AVIBASE-CFE78BAC,303.0,0.0,2200.0,2200.0,Marine,Carnivore,"BU,CR",No,Invertivore
AVIBASE-F93629B0,315.0,0.0,300.0,300.0,Marine,Carnivore,BU,No,Invertivore
AVIBASE-F6533C4B,329.8,0.0,79.0,79.0,Marine,Carnivore,"BU,CR",No,Invertivore
AVIBASE-DCD73C3A,443.83333,0.0,2350.0,2350.0,Marine,Carnivore,"BU,CP",No,Invertivore
AVIBASE-8B2FD890,278.0,0.0,1600.0,1600.0,Marine,Carnivore,"BU,CR",No,Invertivore
AVIBASE-DC2BA23B,432.5,0.0,1000.0,1000.0,Marine,Carnivore,BU,No,Invertivore
AVIBASE-371701A1,325.0,0.0,0.0,0.0,Marine,Carnivore,BU,No,Aquatic predator
AVIBASE-889232C7,452.5,0.0,50.0,50.0,Marine,Carnivore,"CR,SC",No,Invertivore
AVIBASE-6C348817,278.5,0.0,1000.0,1000.0,Marine,Carnivore,"CR,NO",No,Invertivore
AVIBASE-8116523B,371.0,0.0,1000.0,1000.0,Marine,Carnivore,"CR,NO",No,Invertivore
AVIBASE-A98DB170,320.0,0.0,33.0,33.0,Marine,Carnivore,SC,No,Invertivore
AVIBASE-4B5CC270,279.0,0.0,475.0,475.0,Marine,Carnivore,SC,No,Invertivore
AVIBASE-D956176F,416.5,0.0,2900.0,2900.0,Marine,Carnivore,BU,No,Invertivore
AVIBASE-E4AFFBF2,479.5,0.0,3000.0,3000.0,Marine,Carnivore,"BU,CR",No,Invertivore
AVIBASE-0DF68A87,410.5,0.0,900.0,900.0,Marine,Carnivore,"BU,CR",No,Invertivore
AVIBASE-B829AC03,344.0,0.0,350.0,350.0,Marine,Carnivore,"BU,CR",No,Invertivore
AVIBASE-371701A1,462.5,0.0,50.0,50.0,Marine,Carnivore,BU,No,Invertivore
AVIBASE-AE186136,179.5,0.0,0.0,0.0,Marine,Carnivore,"BU,CR",No,Invertivore
AVIBASE-C398A0EA,226.25,0.0,,,Marine,Carnivore,BU,No,Invertivore
AVIBASE-C69447E2,229.0,0.0,918.0,918.0,Marine,Carnivore,BU,No,Omnivore
AVIBASE-A27F9AF6,194.5,0.0,650.0,650.0,Marine,Carnivore,,No,Invertivore
AVIBASE-6983FAD1,137.0,0.0,465.0,465.0,Marine,Carnivore,"BU,CR",No,Invertivore
AVIBASE-5C61DD1B,194.33333,0.0,700.0,700.0,Marine,Carnivore,BU,No,Invertivore
AVIBASE-41E264AA,173.83333,0.0,500.0,500.0,Marine,Carnivore,,No,Invertivore
AVIBASE-0F0F66EF,140.5,0.0,1100.0,1100.0,Marine,Carnivore,BU,No,Invertivore
AVIBASE-3786AD4E,156.5,0.0,0.0,0.0,Marine,Carnivore,BU,No,Invertivore
AVIBASE-9331EDA7,220.66667,0.0,1150.0,1150.0,Marine,Carnivore,"BU,CR",No,Invertivore
AVIBASE-DC04FCD9,,0.0,0.0,0.0,Marine,,,No,
AVIBASE-FCFBB7D9,410.5,0.0,2000.0,2000.0,Marine,Carnivore,"BU,CR",No,Invertivore
AVIBASE-AA1E16FC,185.0,0.0,0.0,0.0,Marine,Carnivore,"BU,CR",No,Invertivore
AVIBASE-54D9B4DB,132.5,0.0,0.0,0.0,Marine,Carnivore,,No,Invertivore
AVIBASE-843C1B86,1140.0,0.0,350.0,350.0,Marine,Carnivore,BU,No,Invertivore
AVIBASE-35EB45A0,1432.5,0.0,420.0,420.0,Marine,Carnivore,BU,No,Invertivore
AVIBASE-F2ED14C9,1162.5,0.0,500.0,500.0,Marine,Carnivore,BU,No,Invertivore
AVIBASE-DB67DB1F,737.83333,0.0,300.0,300.0,Marine,Carnivore,BU,No,Invertivore
AVIBASE-9057992B,1111.5,0.0,0.0,0.0,Marine,Carnivore,BU,No,Invertivore
AVIBASE-13B165A3,530.5,0.0,0.0,0.0,Marine,Carnivore,BU,No,Aquatic predator
AVIBASE-710BB4E6,787.5,0.0,435.0,435.0,Marine,Carnivore,"BU,CR",No,Aquatic predator
AVIBASE-CA4D268D,707.0,0.0,435.0,435.0,Marine,Carnivore,"BU,CR",No,Aquatic predator
AVIBASE-D6AB20A5,470.0,0.0,1000.0,1000.0,Marine,Carnivore,BU,No,Aquatic predator
AVIBASE-E94A7272,435.0,0.0,100.0,100.0,Marine,Carnivore,BU,No,Aquatic predator
AVIBASE-83F9C058,388.5,0.0,200.0,200.0,Marine,Carnivore,"BU,CR",No,Aquatic predator
AVIBASE-1725B07D,814.0,0.0,1500.0,1500.0,Marine,Carnivore,"BU,CV",No,Aquatic predator
AVIBASE-60825BF6,695.0,0.0,0.0,0.0,Marine,Carnivore,BU,No,Invertivore
AVIBASE-9A77D2B0,718.0,0.0,390.0,390.0,Marine,Carnivore,BU,No,Invertivore
AVIBASE-08F22F84,649.0,0.0,0.0,0.0,Marine,Carnivore,BU,No,Omnivore
AVIBASE-8B879DFA,832.5,0.0,600.0,600.0,Marine,Carnivore,"BU,CR",No,Omnivore
AVIBASE-EBFA76B4,357.5,0.0,10.0,10.0,Marine,Carnivore,CR,No,Aquatic predator
AVIBASE-5AEDC002,482.25,0.0,1000.0,1000.0,Marine,Carnivore,BU,No,Aquatic predator
AVIBASE-FD97EC1E,422.5,0.0,0.0,0.0,Marine,Carnivore,"CR,CV,BU",No,Aquatic predator
AVIBASE-42F573C7,514.8,0.0,0.0,0.0,Marine,Carnivore,"BU,CV",No,Aquatic predator
AVIBASE-4D3C7770,147.0,0.0,0.0,0.0,Marine,Carnivore,BU,No,Aquatic predator
AVIBASE-4FC153E1,420.58333,0.0,50.0,50.0,Marine,Carnivore,"BU,CV",No,Aquatic predator
AVIBASE-85EB0CC4,324.0,0.0,900.0,900.0,Marine,Carnivore,BU,No,Invertivore
AVIBASE-445A0B00,382.5,0.0,1200.0,1200.0,Marine,Carnivore,BU,No,Omnivore
AVIBASE-869D13F7,237.5,0.0,0.0,0.0,Marine,Carnivore,BU,No,Omnivore
AVIBASE-426C93D3,267.66667,0.0,0.0,0.0,Marine,Carnivore,BU,No,Aquatic predator
AVIBASE-27FAC807,345.41667,0.0,1800.0,1800.0,Marine,Carnivore,BU,No,Aquatic predator
AVIBASE-06C36D41,209.0,0.0,0.0,0.0,Marine,Carnivore,"BU,CR",No,Aquatic predator
AVIBASE-198120BB,194.0,0.0,800.0,800.0,Marine,Carnivore,,No,Aquatic predator
AVIBASE-6DA05B66,212.0,0.0,900.0,900.0,Marine,Carnivore,"BU,CR",No,Aquatic predator
AVIBASE-5FE42C6D,176.5,0.0,0.0,0.0,Marine,Carnivore,"BU,CR",No,Aquatic predator
AVIBASE-6B59E687,,0.0,0.0,0.0,Marine,Carnivore,,No,Aquatic predator
AVIBASE-2ABFA6CC,82.0,0.0,0.0,0.0,Marine,Carnivore,,No,Aquatic predator
AVIBASE-0205EDC6,198.0,0.0,0.0,0.0,Marine,Carnivore,"BU,CR",No,Invertivore
AVIBASE-6F4BBFE2,222.5,0.0,0.0,0.0,Marine,Carnivore,"BU,CR",No,Invertivore
AVIBASE-5F555FDD,164.5,0.0,0.0,0.0,Marine,Carnivore,"BU,CR",No,Aquatic predator
AVIBASE-C817F455,,0.0,500.0,500.0,Marine,Carnivore,"CR,BU",No,Aquatic predator
AVIBASE-770BA3E8,193.0,0.0,100.0,100.0,Marine,Carnivore,"BU,CR",No,Invertivore
AVIBASE-C849C714,149.25,0.0,0.0,0.0,Marine,Carnivore,BU,No,Invertivore
AVIBASE-1838EC86,129.0,0.0,751.0,751.0,Marine,Carnivore,BU,No,Invertivore
AVIBASE-8A40716A,135.5,0.0,0.0,0.0,Marine,Carnivore,BU,No,Invertivore
AVIBASE-058773E4,103.16667,0.0,0.0,0.0,Marine,Carnivore,"BU,CR",No,Aquatic predator
AVIBASE-ED16EA1F,167.17,0.0,0.0,0.0,Marine,Carnivore,,No,Invertivore
AVIBASE-F501ED18,167.5,0.0,80.0,80.0,Marine,Carnivore,,No,Invertivore
AVIBASE-0F14ECE4,1014.0,0.0,500.0,500.0,Wetland,Carnivore,PL,No,Invertivore
AVIBASE-0DF27D63,1590.0,0.0,3840.0,3840.0,Wetland,Carnivore,,No,Invertivore
AVIBASE-03C0F97C,6366.66667,0.0,500.0,500.0,Grassland,Scavenger,,No,Scavenger
AVIBASE-74907154,4615.0,0.0,500.0,500.0,Coastal,Carnivore,CP,No,Aquatic predator
AVIBASE-81E1FC1C,9050.0,0.0,,,Wetland,Carnivore,,No,Omnivore
AVIBASE-19196211,2655.0,0.0,800.0,800.0,Wetland,Carnivore,,No,Aquatic predator
AVIBASE-4F92C892,1895.6,0.0,500.0,500.0,Wetland,Carnivore,,No,Omnivore
AVIBASE-547013E2,2750.0,0.0,500.0,500.0,Wetland,Carnivore,PL,No,Aquatic predator
AVIBASE-44B6A65A,,0.0,200.0,200.0,Coastal,Carnivore,,No,Aquatic predator
AVIBASE-49BD1F79,6164.5,0.0,700.0,700.0,Wetland,Carnivore,,No,Aquatic predator
AVIBASE-3D155653,6089.8,0.0,500.0,500.0,Wetland,Carnivore,PL,No,Aquatic predator
AVIBASE-27A758E6,4100.0,0.0,500.0,500.0,Wetland,Carnivore,,No,Aquatic predator
AVIBASE-26CD0319,1365.0,0.0,500.0,500.0,Grassland,Carnivore,,No,Invertivore
AVIBASE-5157C558,2190.0,0.0,3000.0,3000.0,Wetland,Carnivore,PL,No,Omnivore
AVIBASE-F76E7B80,2190.0,0.0,1400.0,1400.0,Wetland,Carnivore,PL,No,Omnivore
AVIBASE-0C6D8B19,,0.0,240.0,240.0,Wetland,Carnivore,PL,No,Aquatic predator
AVIBASE-E2817DAE,2963.0,0.0,2000.0,2000.0,Woodland,Carnivore,PL,No,Aquatic predator
AVIBASE-4AB9F632,4000.0,0.0,900.0,900.0,Wetland,Carnivore,,No,Omnivore
AVIBASE-28825494,3310.0,0.0,3500.0,3500.0,Grassland,Carnivore,PL,No,Omnivore
AVIBASE-C417573F,4675.0,0.0,500.0,500.0,Wetland,Carnivore,,No,Aquatic predator
AVIBASE-00E090F8,1435.0,0.0,0.0,0.0,Marine,Carnivore,,No,Aquatic predator
AVIBASE-8AA3B42E,1498.66667,0.0,0.0,0.0,Marine,Carnivore,PL,No,Aquatic predator
AVIBASE-09ED7E92,803.75,0.0,2750.0,2750.0,Marine,Carnivore,PL,No,Aquatic predator
AVIBASE-788EBCAB,1161.16667,0.0,150.0,150.0,Marine,Carnivore,PL,No,Aquatic predator
AVIBASE-67200E8E,1475.0,0.0,200.0,200.0,Marine,Carnivore,PL,No,Aquatic predator
AVIBASE-92A2CCFC,1540.0,0.0,260.0,260.0,Marine,Carnivore,PL,No,Aquatic predator
AVIBASE-534FB490,3030.0,0.0,200.0,200.0,Marine,Carnivore,CP,No,Aquatic predator
AVIBASE-775E93D7,2592.66667,0.0,0.0,0.0,Marine,Carnivore,M,No,Aquatic predator
AVIBASE-13610344,2512.5,0.0,0.0,0.0,Marine,Carnivore,M,No,Aquatic predator
AVIBASE-0A4609D1,1086.6,0.0,100.0,100.0,Marine,Carnivore,PL,No,Aquatic predator
AVIBASE-5EC21767,1378.675,0.0,15.0,15.0,Marine,Carnivore,CP,No,Aquatic predator
AVIBASE-22D1B4A2,1811.8,0.0,0.0,0.0,Marine,Carnivore,SC,No,Aquatic predator
AVIBASE-0C4DB4A5,1752.5,0.0,100.0,100.0,Marine,Carnivore,,No,Aquatic predator
AVIBASE-649F85B5,1590.0,0.0,100.0,100.0,Marine,Carnivore,,No,Aquatic predator
AVIBASE-AD43BCD9,1406.25,0.0,100.0,100.0,Marine,Carnivore,"M,NO",No,Aquatic predator
AVIBASE-FBDAE86A,1085.0,0.0,900.0,900.0,Wetland,Carnivore,PL,No,Aquatic predator
AVIBASE-C57D9973,1612.16667,0.0,500.0,500.0,Wetland,Carnivore,PL,No,Aquatic predator
AVIBASE-CA0C901A,1436.5,0.0,500.0,500.0,Wetland,Carnivore,PL,No,Aquatic predator
AVIBASE-5C7936A7,1417.5,0.0,500.0,500.0,Wetland,Carnivore,PL,No,Aquatic predator
AVIBASE-AFF49475,693.33333,0.0,500.0,500.0,Wetland,Carnivore,PL,No,Aquatic predator
AVIBASE-E255DCE1,557.5,0.0,500.0,500.0,Wetland,Carnivore,,No,Aquatic predator
AVIBASE-446E8F9D,768.0,0.0,0.0,0.0,Coastal,Carnivore,,No,Aquatic predator
AVIBASE-60EA3FA9,442.5,0.0,500.0,500.0,Wetland,Carnivore,,No,Aquatic predator
AVIBASE-DF8F84C3,743.5,0.0,500.0,500.0,Wetland,Carnivore,,No,Aquatic predator
AVIBASE-1636D621,1416.66667,0.0,0.0,0.0,Coastal,Carnivore,CV,No,Aquatic predator
AVIBASE-987A703D,2280.16667,0.0,50.0,50.0,Coastal,Carnivore,,No,Aquatic predator
AVIBASE-05DDE8C1,2013.0,0.0,0.0,0.0,Marine,Carnivore,,No,Aquatic predator
AVIBASE-A429B5B8,1767.33333,0.0,50.0,50.0,Marine,Carnivore,,No,Aquatic predator
AVIBASE-F7CFAA5D,,0.0,0.0,0.0,Coastal,Carnivore,,Yes,Aquatic predator
AVIBASE-37D2AC51,1930.0,0.0,0.0,0.0,Marine,Carnivore,,No,Aquatic predator
AVIBASE-7947E603,,0.0,0.0,0.0,Marine,Carnivore,"M,SC",No,Aquatic predator
AVIBASE-5B0295B2,1043.75,0.0,0.0,0.0,Marine,Carnivore,,No,Aquatic predator
AVIBASE-CB10D093,1211.66667,0.0,0.0,0.0,Marine,Carnivore,CR,No,Aquatic predator
AVIBASE-100C8781,1515.0,0.0,0.0,0.0,Coastal,Carnivore,,No,Aquatic predator
AVIBASE-E5FAABD0,1868.16667,0.0,500.0,500.0,Coastal,Carnivore,,No,Aquatic predator
AVIBASE-DA51102A,971.66667,0.0,500.0,500.0,Wetland,Carnivore,,No,Aquatic predator
AVIBASE-2D189E70,695.0,0.0,1000.0,1000.0,Wetland,Carnivore,,No,Aquatic predator
AVIBASE-AE61BF48,1223.75,0.0,0.0,0.0,Coastal,Carnivore,PL,No,Aquatic predator
AVIBASE-EF2F3A05,2837.5,0.0,0.0,0.0,Marine,Carnivore,,No,Aquatic predator
AVIBASE-3DF5C587,2874.16667,0.0,0.0,0.0,Coastal,Carnivore,"PL,M",No,Aquatic predator
AVIBASE-CECC7B26,1777.25,0.0,0.0,0.0,Marine,Carnivore,PL,No,Aquatic predator
AVIBASE-CEA9048D,3241.66667,0.0,0.0,0.0,Marine,Carnivore,,Yes,Aquatic predator
AVIBASE-56036504,1452.5,0.0,4000.0,4000.0,Wetland,Carnivore,,No,Aquatic predator
AVIBASE-3AC46C54,1936.0,0.0,2000.0,2000.0,Coastal,Carnivore,,No,Aquatic predator
AVIBASE-1EA575E0,1500.0,0.0,0.0,0.0,Marine,Carnivore,CP,No,Aquatic predator
AVIBASE-86B80955,2280.5,0.0,0.0,0.0,Marine,Carnivore,"M,SC",No,Aquatic predator
AVIBASE-0866195D,2475.0,0.0,0.0,0.0,Marine,Carnivore,,No,Aquatic predator
AVIBASE-09D4D411,2577.5,0.0,50.0,50.0,Marine,Carnivore,,No,Aquatic predator
AVIBASE-6EE1B0CE,2095.0,0.0,0.0,0.0,Marine,Carnivore,,No,Aquatic predator
AVIBASE-483FA17D,2368.75,0.0,0.0,0.0,Marine,Carnivore,CP,No,Aquatic predator
AVIBASE-3B5B61A0,2000.0,0.0,0.0,0.0,Marine,Carnivore,,No,Invertivore
AVIBASE-961A9CE2,1820.0,0.0,0.0,0.0,Marine,Carnivore,,No,Aquatic predator
AVIBASE-1A941EF8,2294.66667,0.0,800.0,800.0,Marine,Carnivore,PL,No,Aquatic predator
AVIBASE-1A941EF8,2678.0,0.0,0.0,0.0,Coastal,Carnivore,CP,No,Aquatic predator
AVIBASE-89CBCA28,2780.0,0.0,0.0,0.0,Coastal,Carnivore,CP,No,Aquatic predator
AVIBASE-C6DA25F4,2500.0,0.0,800.0,800.0,Coastal,Carnivore,DM,No,Aquatic predator
AVIBASE-550DE745,1522.0,0.0,1800.0,1800.0,Wetland,Carnivore,PL,No,Invertivore
AVIBASE-EE3DD029,,0.0,191.0,191.0,Coastal,Carnivore,PL,No,Invertivore
AVIBASE-14762870,,,,,Forest,Carnivore,,No,Invertivore
AVIBASE-423DDA5A,,0.0,500.0,500.0,Wetland,Carnivore,CP,No,Omnivore
AVIBASE-8C461E3F,1895.0,0.0,500.0,500.0,Wetland,Carnivore,CP,No,Omnivore
AVIBASE-073C56D1,1340.0,0.0,500.0,500.0,Grassland,Carnivore,CP,No,Invertivore
AVIBASE-2B954EC3,823.0,0.0,500.0,500.0,Grassland,Carnivore,PL,No,Omnivore
AVIBASE-9FDF4A2E,1588.0,0.0,500.0,500.0,Wetland,Carnivore,,No,Invertivore
AVIBASE-F12CC061,3515.0,,,500.0,Wetland,Carnivore,,No,Invertivore
AVIBASE-B20FECE2,1342.0,0.0,2270.0,2270.0,Grassland,Carnivore,PL,No,Invertivore
AVIBASE-645134D3,,1200.0,650.0,1850.0,Grassland,Carnivore,PL,No,Invertivore
AVIBASE-3E328C3C,1900.0,470.0,830.0,1300.0,Wetland,Carnivore,PL,No,Omnivore
AVIBASE-23ACB56E,,0.0,3700.0,3700.0,Forest,Carnivore,PL,No,Invertivore
AVIBASE-8B771A3B,,0.0,450.0,450.0,Forest,Carnivore,,No,Invertivore
AVIBASE-44E9A521,,0.0,500.0,500.0,Riverine,Carnivore,PL,No,Invertivore
AVIBASE-CAFBA217,1252.5,0.0,500.0,500.0,Grassland,Carnivore,PL,No,Invertivore
AVIBASE-AC5B7A01,,1500.0,2600.0,4100.0,Riverine,Carnivore,PL,No,Invertivore
AVIBASE-4FCC3FE0,1500.0,0.0,600.0,600.0,Grassland,Carnivore,PL,No,Invertivore
AVIBASE-5E393799,1708.0,0.0,1000.0,1000.0,Grassland,Carnivore,PL,No,Invertivore
AVIBASE-7DE15211,1612.5,0.0,3000.0,3000.0,Grassland,Carnivore,PL,No,Invertivore
AVIBASE-B7BFD1E9,1492.0,3700.0,800.0,4500.0,Grassland,Carnivore,,No,Invertivore
AVIBASE-237E5445,,0.0,500.0,500.0,Wetland,Carnivore,,No,Invertivore
AVIBASE-08DD4E80,758.75,0.0,600.0,600.0,Forest,Carnivore,,No,Invertivore
AVIBASE-89289A1D,546.5,0.0,2600.0,2600.0,Wetland,Carnivore,PL,No,Invertivore
AVIBASE-74EDE3CA,894.16667,0.0,150.0,150.0,Wetland,Carnivore,PL,No,Invertivore
AVIBASE-45039A43,778.75,0.0,500.0,500.0,Coastal,Carnivore,PL,No,Invertivore
AVIBASE-D4540F88,620.83333,0.0,500.0,500.0,Wetland,Carnivore,PL,No,Invertivore
AVIBASE-FD2B0309,574.83333,0.0,2200.0,2200.0,Wetland,Carnivore,CP,No,Invertivore
AVIBASE-A3ED02A0,593.5,3500.0,1300.0,4800.0,Wetland,Carnivore,PL,No,Invertivore
AVIBASE-F6DD994A,,0.0,1250.0,1250.0,Woodland,Carnivore,PL,No,Invertivore
AVIBASE-A0A584C1,1605.0,0.0,500.0,500.0,Wetland,Carnivore,PL,No,Invertivore
AVIBASE-DFD1DDFF,1228.0,0.0,500.0,500.0,Wetland,Carnivore,PL,No,Aquatic predator
AVIBASE-F86BB1D3,1460.0,0.0,500.0,500.0,Wetland,Carnivore,PL,No,Aquatic predator
AVIBASE-DEAF523A,1731.66667,0.0,500.0,500.0,Wetland,Carnivore,PL,No,Aquatic predator
AVIBASE-62A22779,1782.0,0.0,500.0,500.0,Wetland,Carnivore,PL,No,Invertivore
AVIBASE-70924157,1475.0,0.0,1000.0,1000.0,Wetland,Carnivore,PL,No,Aquatic predator
AVIBASE-F3DE951B,,0.0,500.0,500.0,Wetland,Carnivore,PL,No,Omnivore
AVIBASE-435D9988,805.0,0.0,900.0,900.0,Wetland,Carnivore,PL,No,Aquatic predator
AVIBASE-9DB9D675,974.66667,0.0,1000.0,1000.0,Coastal,Carnivore,PL,No,Omnivore
AVIBASE-4F6C5988,850.0,300.0,1900.0,2200.0,Riverine,Carnivore,PL,No,Aquatic predator
AVIBASE-74368984,644.0,0.0,650.0,650.0,Wetland,Carnivore,PL,No,Aquatic predator
AVIBASE-86095930,527.5,0.0,300.0,300.0,Wetland,Carnivore,CP,No,Aquatic predator
AVIBASE-5917AF01,123.0,0.0,500.0,500.0,Forest,Carnivore,PL,No,Aquatic predator
AVIBASE-0F42F11A,1264.0,0.0,200.0,200.0,Wetland,Carnivore,PL,No,Aquatic predator
AVIBASE-F18D7DF7,1166.5,0.0,300.0,300.0,Wetland,Carnivore,PL,No,Aquatic predator
AVIBASE-13E9F9B4,734.75,0.0,2500.0,2500.0,Wetland,Carnivore,PL,No,Omnivore
AVIBASE-A3E4F16C,775.0,0.0,400.0,400.0,Wetland,Carnivore,HC,No,Aquatic predator
AVIBASE-097783CD,87.58333,0.0,3500.0,3500.0,Wetland,Carnivore,PL,No,Omnivore
AVIBASE-0B361ED8,77.1,0.0,2500.0,2500.0,Wetland,Carnivore,PL,No,Aquatic predator
AVIBASE-003BE0C5,314.0,0.0,1200.0,1200.0,Wetland,Carnivore,PL,No,Omnivore
AVIBASE-CBDC8AA3,126.5,0.0,1980.0,1980.0,Human Modified,Carnivore,PL,No,Omnivore
AVIBASE-E04AFC71,130.16667,0.0,500.0,500.0,Wetland,Carnivore,,No,Omnivore
AVIBASE-87EEBD3E,140.66667,0.0,1700.0,1700.0,Wetland,Carnivore,PL,No,Omnivore
AVIBASE-7AAD57AC,104.5,0.0,2400.0,2400.0,Wetland,Carnivore,PL,No,Omnivore
AVIBASE-1BFBF5D5,91.5,0.0,1500.0,1500.0,Wetland,Carnivore,PL,No,Invertivore
AVIBASE-32C3CEF7,89.5,0.0,0.0,0.0,Wetland,Carnivore,PL,No,Omnivore
AVIBASE-051759B5,104.5,0.0,1800.0,1800.0,Wetland,Carnivore,,No,Invertivore
AVIBASE-C6772490,703.75,0.0,1000.0,1000.0,Coastal,Carnivore,,No,Invertivore
AVIBASE-CEFC0BD6,,,,,Wetland,Carnivore,,No,Invertivore
AVIBASE-6BB94D7E,779.425,0.0,4816.0,4816.0,Wetland,Carnivore,PL,No,Omnivore
AVIBASE-22DE8CD0,,,,,Wetland,Carnivore,,No,Aquatic predator
AVIBASE-36F142BD,,,,,Wetland,Carnivore,,Partial,Aquatic predator
AVIBASE-9BF54783,,,,,Wetland,Carnivore,,No,Aquatic predator
AVIBASE-FDD00863,832.0,0.0,1600.0,1600.0,Wetland,Carnivore,,No,Omnivore
AVIBASE-DC10105A,414.0,0.0,2100.0,2100.0,Wetland,Carnivore,PL,No,Omnivore
AVIBASE-6667DD1A,527.0,50.0,190.0,240.0,Riverine,Carnivore,PL,No,Invertivore
AVIBASE-9A0A9C74,550.83333,0.0,900.0,900.0,Wetland,Carnivore,,No,Aquatic predator
AVIBASE-D3CAA0B6,462.5,0.0,500.0,500.0,Wetland,Carnivore,PL,No,Invertivore
AVIBASE-11512CF4,352.0,0.0,1700.0,1700.0,Wetland,Carnivore,,No,Omnivore
AVIBASE-031409C7,317.0,0.0,1000.0,1000.0,Coastal,Carnivore,PL,No,Aquatic predator
AVIBASE-D8A24A3E,616.5,0.0,50.0,50.0,Coastal,Carnivore,,No,Aquatic predator
AVIBASE-510E9BFA,295.0,0.0,1400.0,1400.0,Wetland,Carnivore,,No,Aquatic predator
AVIBASE-74853F89,330.0,0.0,1600.0,1600.0,Wetland,Carnivore,,No,Aquatic predator
AVIBASE-C79F1BF8,515.0,0.0,400.0,400.0,Coastal,Carnivore,,No,Omnivore
AVIBASE-A8E3A3DA,468.0,0.0,500.0,500.0,Coastal,Carnivore,,No,Aquatic predator
AVIBASE-AA7901D8,370.0,0.0,1280.0,1280.0,Wetland,Carnivore,PL,No,Aquatic predator
AVIBASE-F2858F9F,403.5,0.0,2270.0,2270.0,Wetland,Carnivore,PL,No,Omnivore
AVIBASE-DF32B1F9,463.33333,0.0,300.0,300.0,Coastal,Carnivore,,No,Omnivore
AVIBASE-2D0ED462,291.0,0.0,500.0,500.0,Coastal,Carnivore,PL,No,Invertivore
AVIBASE-21044CEC,544.83333,0.0,1500.0,1500.0,Wetland,Carnivore,CR,No,Omnivore
AVIBASE-3C12AA44,440.0,0.0,1300.0,1300.0,Riverine,Carnivore,,No,Omnivore
AVIBASE-DED23735,,0.0,1300.0,1300.0,Forest,Carnivore,,No,Omnivore
AVIBASE-9973F7CE,162.0,0.0,3000.0,3000.0,Wetland,Carnivore,PL,No,Omnivore
AVIBASE-86D45B8F,192.5,0.0,,,Forest,Carnivore,CP,No,Aquatic predator
AVIBASE-5F70C7F3,,100.0,200.0,300.0,Riverine,Carnivore,,No,Omnivore
AVIBASE-AEB2DA9B,,0.0,1800.0,1800.0,Wetland,Carnivore,PL,No,Omnivore
AVIBASE-CE73EBD7,300.0,0.0,2000.0,2000.0,Wetland,Carnivore,PL,No,Invertivore
AVIBASE-EA2C460A,287.5,0.0,1800.0,1800.0,Wetland,Carnivore,,No,Omnivore
AVIBASE-E5E0B92F,256.0,0.0,2150.0,2150.0,Wetland,Carnivore,,No,Omnivore
AVIBASE-56292AA8,306.0,0.0,1450.0,1450.0,Wetland,Carnivore,,No,Omnivore
AVIBASE-CC13DEBE,,0.0,1500.0,1500.0,Wetland,Carnivore,PL,No,Omnivore
AVIBASE-69F7C030,910.0,0.0,1800.0,1800.0,Wetland,Carnivore,PL,No,Omnivore
AVIBASE-49D9148A,1013.1,0.0,4000.0,4000.0,Wetland,Carnivore,PL,No,Aquatic predator
AVIBASE-C3ABF863,110.0,0.0,2350.0,2350.0,Wetland,Carnivore,PL,No,Omnivore
AVIBASE-30785911,466.0,0.0,1450.0,1450.0,Wetland,Carnivore,,No,Aquatic predator
AVIBASE-97558974,450.0,0.0,1450.0,1450.0,Wetland,Carnivore,PL,No,Aquatic predator
AVIBASE-6CCDAC53,385.68333,0.0,1500.0,1500.0,Grassland,Carnivore,PL,No,Invertivore
AVIBASE-6429024D,1546.5,0.0,4000.0,4000.0,Wetland,Carnivore,PL,No,Aquatic predator
AVIBASE-93694BB5,2536.33333,0.0,2500.0,2500.0,Wetland,Carnivore,PL,No,Aquatic predator
AVIBASE-B49AB613,1899.5,0.0,2550.0,2550.0,Wetland,Carnivore,PL,No,Aquatic predator
AVIBASE-3395DCF1,873.75,0.0,2000.0,2000.0,Wetland,Carnivore,PL,No,Omnivore
AVIBASE-A8EE526F,,0.0,1500.0,1500.0,Coastal,Carnivore,,No,Aquatic predator
AVIBASE-1E1181E6,,800.0,700.0,1500.0,Wetland,Carnivore,PL,No,Aquatic predator
AVIBASE-9B073071,1950.0,0.0,600.0,600.0,Coastal,Carnivore,CP,No,Aquatic predator
AVIBASE-25A648FE,1355.0,0.0,2300.0,2300.0,Wetland,Carnivore,,No,Omnivore
AVIBASE-C7888A15,4389.0,0.0,2100.0,2100.0,Wetland,Carnivore,PL,No,Aquatic predator
AVIBASE-FC10F6ED,493.33333,0.0,2400.0,2400.0,Wetland,Carnivore,CV,No,Vertivore
AVIBASE-47C7FDFD,5992.0,,,,Wetland,Carnivore,M,No,Aquatic predator
AVIBASE-8BAFB01E,9600.0,0.0,1372.0,1372.0,Wetland,Carnivore,M,No,Aquatic predator
AVIBASE-8D24E93C,5416.66667,0.0,500.0,500.0,Wetland,Carnivore,PL,No,Aquatic predator
AVIBASE-793E3F20,5150.0,0.0,500.0,500.0,Wetland,Carnivore,PL,No,Aquatic predator
AVIBASE-7C6D8BA2,10291.66667,0.0,500.0,500.0,Wetland,Carnivore,M,No,Aquatic predator
AVIBASE-507E4975,5400.0,0.0,,,Wetland,Carnivore,CP,No,Aquatic predator
AVIBASE-866903B9,6530.0,0.0,1300.0,1300.0,Wetland,Carnivore,M,No,Aquatic predator
AVIBASE-F59AB6B3,3040.0,0.0,,,Coastal,Carnivore,"M,PL",No,Aquatic predator
AVIBASE-13048FE0,6042.5,0.0,,,Coastal,Carnivore,"PL,SC",No,Aquatic predator
AVIBASE-7E83A1B3,771.5,0.0,600.0,600.0,Riverine,Herbivore,PL,No,Herbivore terrestrial
AVIBASE-24F14328,9283.33333,0.0,2000.0,2000.0,Woodland,Scavenger,NO,No,Scavenger
AVIBASE-9306DA2F,4031.25,0.0,1500.0,1500.0,Forest,Scavenger,NO,No,Scavenger
AVIBASE-659E8F5C,11325.0,0.0,5000.0,5000.0,Grassland,Scavenger,,No,Scavenger
AVIBASE-4FF7DE80,1811.83333,0.0,2000.0,2000.0,Shrubland,Scavenger,NO,No,Scavenger
AVIBASE-36B3872D,1495.5,0.0,2500.0,2500.0,Grassland,Scavenger,"NO,SC,O",No,Scavenger
AVIBASE-4807686B,1185.0,0.0,1100.0,1100.0,Grassland,Scavenger,,No,Scavenger
AVIBASE-2432C7DD,1440.0,0.0,1100.0,1100.0,Forest,Scavenger,,No,Scavenger
AVIBASE-DCBCCEB8,3650.0,0.0,3150.0,3150.0,Grassland,Carnivore,PL,No,Invertivore
AVIBASE-1327AC55,1510.0,0.0,1000.0,1000.0,Coastal,Carnivore,PL,No,Aquatic predator
AVIBASE-D36BA361,99.625,0.0,1000.0,1000.0,Shrubland,Carnivore,PL,No,Vertivore
AVIBASE-22832FF4,110.0,0.0,500.0,500.0,Shrubland,Carnivore,,No,Invertivore
AVIBASE-CAA5E106,308.0,0.0,1500.0,1500.0,Grassland,Carnivore,"O,PL",No,Vertivore
AVIBASE-97C47F3E,259.0,0.0,3000.0,3000.0,Grassland,Carnivore,PL,No,Vertivore
AVIBASE-67E74DD0,266.25,0.0,1500.0,1500.0,Grassland,Carnivore,PL,No,Vertivore
AVIBASE-468F7841,308.16667,0.0,1000.0,1000.0,Grassland,Carnivore,PL,No,Vertivore
AVIBASE-C505EA72,700.33333,0.0,3000.0,3000.0,Forest,Carnivore,,No,Vertivore
AVIBASE-0513AFBF,124.0,0.0,1300.0,1300.0,Forest,Carnivore,,No,Vertivore
AVIBASE-14885C18,1500.0,0.0,1500.0,1500.0,Forest,Herbivore,PL,No,Frugivore
AVIBASE-81DB7410,5800.0,400.0,4000.0,4400.0,Rock,Scavenger,PL,No,Scavenger
AVIBASE-6D3480A6,2000.0,0.0,3000.0,3000.0,Grassland,Scavenger,"PL,O",No,Scavenger
AVIBASE-D5EF2E20,700.0,0.0,1000.0,1000.0,Forest,Carnivore,,No,Vertivore
AVIBASE-34457827,295.0,0.0,1500.0,1500.0,Forest,Carnivore,HC,No,Invertivore
AVIBASE-B028452B,286.66667,0.0,500.0,500.0,Forest,Carnivore,,No,Invertivore
AVIBASE-C2A2B363,506.75,0.0,1000.0,1000.0,Forest,Carnivore,,No,Omnivore
AVIBASE-D54F02A6,570.0,0.0,600.0,600.0,Forest,Carnivore,,No,Omnivore
AVIBASE-648936C0,261.0,0.0,3000.0,3000.0,Forest,Carnivore,PL,No,Vertivore
AVIBASE-C8E60C39,284.5,0.0,1000.0,1000.0,Forest,Carnivore,,No,Vertivore
AVIBASE-0C89F1D6,358.0,150.0,950.0,1100.0,Forest,Carnivore,,No,Invertivore
AVIBASE-010AC994,331.0,0.0,1000.0,1000.0,Forest,Carnivore,PL,No,Omnivore
AVIBASE-139A5705,196.0,0.0,1200.0,1200.0,Forest,Carnivore,,No,Invertivore
AVIBASE-ED5A7E8F,698.25,0.0,1000.0,1000.0,Forest,Carnivore,PL,No,Invertivore
AVIBASE-1192205B,1117.5,0.0,2000.0,2000.0,Woodland,Carnivore,PL,No,Invertivore
AVIBASE-16CC2698,722.0,0.0,1100.0,1100.0,Forest,Carnivore,,No,Invertivore
AVIBASE-2588C5AF,715.25,90.0,1910.0,2000.0,Forest,Carnivore,,No,Invertivore
AVIBASE-1BAC6645,438.16667,0.0,1600.0,1600.0,Forest,Carnivore,,No,Invertivore
AVIBASE-2775A1ED,1310.0,0.0,1000.0,1000.0,Woodland,Carnivore,PL,No,Vertivore
AVIBASE-E5D782FB,590.33333,0.0,1000.0,1000.0,Forest,Carnivore,PL,No,Vertivore
AVIBASE-AC3B7AD4,572.5,0.0,1800.0,1800.0,Forest,Carnivore,,No,Invertivore
AVIBASE-36DD499F,650.5,0.0,1300.0,1300.0,Forest,Carnivore,,No,Invertivore
AVIBASE-21D7169D,4500.0,0.0,2500.0,2500.0,Grassland,Scavenger,,No,Scavenger
AVIBASE-93D7EC56,3710.0,0.0,4000.0,4000.0,Woodland,Scavenger,PL,No,Scavenger
AVIBASE-158BDC90,9625.0,200.0,4300.0,4500.0,Forest,Scavenger,PL,No,Scavenger
AVIBASE-672EA454,7400.0,0.0,2800.0,2800.0,Grassland,Scavenger,PL,No,Scavenger
AVIBASE-131038AD,2050.0,0.0,4000.0,4000.0,Woodland,Scavenger,,No,Scavenger
AVIBASE-9BB5551E,10000.0,1500.0,2500.0,4000.0,Rock,Scavenger,,No,Scavenger
AVIBASE-FC2346E6,4750.0,0.0,1500.0,1500.0,Grassland,Scavenger,,No,Scavenger
AVIBASE-0419DDC2,5675.0,0.0,3500.0,3500.0,Woodland,Scavenger,PL,No,Scavenger
AVIBASE-C255F69A,5900.0,0.0,2000.0,2000.0,Grassland,Scavenger,PL,No,Scavenger
AVIBASE-11324DC8,5600.0,200.0,1300.0,1500.0,Grassland,Scavenger,,No,Scavenger
AVIBASE-F85BEEB4,8985.0,0.0,3000.0,3000.0,Grassland,Scavenger,PL,No,Scavenger
AVIBASE-76B512B1,7900.0,0.0,4500.0,4500.0,Grassland,Scavenger,PL,No,Scavenger
AVIBASE-5D1987CE,7866.66667,0.0,3000.0,3000.0,Rock,Scavenger,"O,PL",No,Scavenger
AVIBASE-827AE888,,0.0,100.0,100.0,Forest,Carnivore,,No,Vertivore
AVIBASE-7DF17358,,0.0,1000.0,1000.0,Forest,Carnivore,,No,Vertivore
AVIBASE-2FDECDDE,,1500.0,1000.0,2500.0,Forest,Carnivore,,No,Vertivore
AVIBASE-3EEEE78A,1065.16667,0.0,2000.0,2000.0,Forest,Carnivore,,No,Vertivore
AVIBASE-B7C2D213,837.83333,0.0,1500.0,1500.0,Forest,Carnivore,,No,Vertivore
AVIBASE-FEADBB9B,895.0,0.0,700.0,700.0,Forest,Carnivore,,No,Vertivore
AVIBASE-B3B046EC,5791.0,0.0,2000.0,2000.0,Forest,Carnivore,,No,Vertivore
AVIBASE-6CBD8724,2400.0,0.0,3000.0,3000.0,Woodland,Carnivore,PL,No,Omnivore
AVIBASE-4327F813,1220.5,0.0,2000.0,2000.0,Riverine,Carnivore,PL,No,Vertivore
AVIBASE-9F2839A9,992.66667,0.0,1500.0,1500.0,Coastal,Carnivore,,No,Vertivore
AVIBASE-3DA062BF,,0.0,900.0,900.0,Forest,Carnivore,,No,Vertivore
AVIBASE-F4E78AFA,,0.0,1500.0,1500.0,Woodland,Carnivore,,No,Vertivore
AVIBASE-BF553D32,1739.0,0.0,3400.0,3400.0,Grassland,Carnivore,PL,No,Vertivore
AVIBASE-8372FFBA,1701.0,0.0,2000.0,2000.0,Woodland,Carnivore,"O,PL",No,Vertivore
AVIBASE-6904D83F,2000.0,0.0,3400.0,3400.0,Woodland,Carnivore,PL,No,Vertivore
AVIBASE-DAE4C523,625.0,0.0,2000.0,2000.0,Forest,Carnivore,PL,No,Vertivore
AVIBASE-1076B5CE,2000.0,0.0,2000.0,2000.0,Forest,Carnivore,PL,No,Vertivore
AVIBASE-E19434C9,1629.6,0.0,600.0,600.0,Forest,Carnivore,,No,Vertivore
AVIBASE-4D324C9C,6349.5,0.0,800.0,800.0,Forest,Carnivore,PL,No,Vertivore
AVIBASE-1E3B3515,3483.75,0.0,3300.0,3300.0,Forest,Carnivore,,No,Vertivore
AVIBASE-42B300D2,555.0,0.0,500.0,500.0,Forest,Carnivore,,No,Vertivore
AVIBASE-38856722,,,,,Forest,Carnivore,,No,Vertivore
AVIBASE-38856722,2850.0,600.0,3400.0,4000.0,Forest,Carnivore,,No,Vertivore
AVIBASE-76745280,830.0,500.0,1000.0,1500.0,Forest,Carnivore,,No,Vertivore
AVIBASE-A4AB4FBA,,200.0,1000.0,1200.0,Forest,Carnivore,,No,Vertivore
AVIBASE-4A033B09,,250.0,1250.0,1500.0,Forest,Carnivore,,No,Vertivore
AVIBASE-573C98D5,1240.5,0.0,1900.0,1900.0,Forest,Carnivore,,No,Vertivore
AVIBASE-7E5E739E,1224.0,0.0,1050.0,1050.0,Forest,Carnivore,,No,Vertivore
AVIBASE-2C0FA6E3,1540.0,0.0,1500.0,1500.0,Forest,Carnivore,,No,Vertivore
AVIBASE-FF57DFD2,,0.0,1700.0,1700.0,Forest,Carnivore,,No,Vertivore
AVIBASE-7680293A,1024.0,0.0,2000.0,2000.0,Forest,Carnivore,PL,No,Vertivore
AVIBASE-9131A970,880.25,0.0,1700.0,1700.0,Forest,Carnivore,,No,Vertivore
AVIBASE-EA4FB522,1144.33333,0.0,1500.0,1500.0,Forest,Carnivore,PL,No,Vertivore
AVIBASE-D31EE719,2950.0,400.0,2800.0,3200.0,Forest,Carnivore,,No,Vertivore
AVIBASE-BEB2A9A8,799.25,300.0,900.0,1200.0,Forest,Carnivore,,No,Vertivore
AVIBASE-FDA2E4A3,4237.0,0.0,1500.0,1500.0,Grassland,Carnivore,,No,Vertivore
AVIBASE-14B9664A,1177.0,0.0,2000.0,2000.0,Forest,Carnivore,PL,No,Vertivore
AVIBASE-28D7E7CC,1265.0,300.0,1700.0,2000.0,Forest,Carnivore,,No,Vertivore
AVIBASE-3A985C9F,,0.0,2200.0,2200.0,Forest,Carnivore,,No,Vertivore
AVIBASE-C2565B65,1476.0,0.0,2200.0,2200.0,Forest,Carnivore,CP,No,Vertivore
AVIBASE-BAC4CA22,2125.0,0.0,1000.0,1000.0,Forest,Carnivore,PL,No,Vertivore
AVIBASE-535F3C99,892.75,0.0,1800.0,1800.0,Woodland,Carnivore,PL,No,Vertivore
AVIBASE-7DF00403,839.5,0.0,3000.0,3000.0,Woodland,Carnivore,,No,Vertivore
AVIBASE-BB8B4113,521.0,0.0,1950.0,1950.0,Forest,Carnivore,,No,Vertivore
AVIBASE-4B8CC285,842.5,0.0,3000.0,3000.0,Forest,Carnivore,PL,No,Vertivore
AVIBASE-1117758C,811.25,0.0,1500.0,1500.0,Forest,Carnivore,PL,No,Vertivore
AVIBASE-A635F565,3155.0,0.0,3000.0,3000.0,Grassland,Carnivore,PL,No,Vertivore
AVIBASE-F6D547B2,2299.0,0.0,3000.0,3000.0,Woodland,Carnivore,PL,No,Vertivore
AVIBASE-69742EE4,3523.33333,0.0,1000.0,1000.0,Forest,Carnivore,CP,No,Vertivore
AVIBASE-469DCF57,3215.0,0.0,2000.0,2000.0,Forest,Carnivore,CP,No,Vertivore
AVIBASE-51FD3E3C,1046.66667,0.0,2300.0,2300.0,Forest,Carnivore,,No,Vertivore
AVIBASE-5F8E7CA8,4258.33333,0.0,3630.0,3630.0,Grassland,Carnivore,PL,No,Vertivore
AVIBASE-05F11441,2191.25,0.0,3750.0,3750.0,Rock,Carnivore,PL,No,Vertivore
AVIBASE-9A418C45,1450.0,0.0,3000.0,3000.0,Woodland,Carnivore,,No,Vertivore
AVIBASE-14F13C32,4235.0,0.0,5000.0,5000.0,Rock,Carnivore,,No,Vertivore
AVIBASE-22A50A54,3060.0,0.0,1500.0,1500.0,Forest,Carnivore,PL,No,Vertivore
AVIBASE-5E574D70,3601.25,0.0,2000.0,2000.0,Forest,Carnivore,PL,No,Vertivore
AVIBASE-0D4EE0EB,356.83333,0.0,1800.0,1800.0,Forest,Carnivore,,No,Vertivore
AVIBASE-4C2DBB2A,255.5,0.0,2000.0,2000.0,Forest,Carnivore,,No,Vertivore
AVIBASE-922DE9C1,170.83333,0.0,2000.0,2000.0,Grassland,Carnivore,,No,Vertivore
AVIBASE-1C209762,492.0,0.0,900.0,900.0,Forest,Carnivore,,No,Vertivore
AVIBASE-D2AFD39B,681.66667,0.0,3000.0,3000.0,Woodland,Carnivore,PL,No,Vertivore
AVIBASE-FA3A1F20,642.5,0.0,1600.0,1600.0,Woodland,Carnivore,PL,No,Vertivore
AVIBASE-389FFA09,765.5,0.0,2000.0,2000.0,Grassland,Carnivore,PL,No,Vertivore
AVIBASE-3EEB66ED,288.25,0.0,1500.0,1500.0,Woodland,Carnivore,,No,Invertivore
AVIBASE-9D80E72A,153.0,0.0,750.0,750.0,Forest,Carnivore,,No,Vertivore
AVIBASE-CD18635A,314.16667,0.0,3000.0,3000.0,Forest,Carnivore,PL,No,Vertivore
AVIBASE-8AFD72B2,274.55,0.0,3300.0,3300.0,Forest,Carnivore,PL,No,Vertivore
AVIBASE-AFD19C47,118.5,0.0,1500.0,1500.0,Forest,Carnivore,,No,Vertivore
AVIBASE-CE1CF6FD,84.0,0.0,1800.0,1800.0,Woodland,Carnivore,PL,No,Vertivore
AVIBASE-AB823002,135.625,0.0,2200.0,2200.0,Forest,Carnivore,,No,Vertivore
AVIBASE-7F1573CA,224.5,900.0,1350.0,2250.0,Forest,Carnivore,,No,Invertivore
AVIBASE-950C5048,156.0,0.0,1450.0,1450.0,Forest,Carnivore,,No,Vertivore
AVIBASE-21957C95,180.0,0.0,2500.0,2500.0,Forest,Carnivore,PL,No,Vertivore
AVIBASE-68BF920B,142.0,0.0,1800.0,1800.0,Forest,Carnivore,,No,Vertivore
AVIBASE-C638D858,188.5,0.0,2000.0,2000.0,Forest,Carnivore,,No,Vertivore
AVIBASE-797C9090,132.75,0.0,1000.0,1000.0,Forest,Carnivore,,No,Vertivore
AVIBASE-8492E4B7,195.75,0.0,1000.0,1000.0,Forest,Carnivore,PL,No,Vertivore
AVIBASE-1A0ECB6E,172.25,0.0,2000.0,2000.0,Woodland,Carnivore,,No,Vertivore
AVIBASE-6B64C150,227.0,0.0,100.0,100.0,Forest,Carnivore,,No,Vertivore
AVIBASE-D188E45C,148.5,0.0,1000.0,1000.0,Forest,Carnivore,,No,Vertivore
AVIBASE-0307D245,135.25,0.0,1600.0,1600.0,Forest,Carnivore,,No,Invertivore
AVIBASE-0BED8100,146.5,250.0,1050.0,1300.0,Forest,Carnivore,,No,Vertivore
AVIBASE-435FF493,260.75,0.0,1500.0,1500.0,Forest,Carnivore,PL,No,Vertivore
AVIBASE-B202721E,273.0,760.0,665.0,1425.0,Forest,Carnivore,,No,Vertivore
AVIBASE-CFB9E213,572.0,0.0,1500.0,1500.0,Forest,Carnivore,PL,No,Vertivore
AVIBASE-004AD91D,266.25,0.0,800.0,800.0,Forest,Carnivore,,No,Vertivore
AVIBASE-CB0C5D93,,0.0,670.0,670.0,Forest,Carnivore,,No,Vertivore
AVIBASE-466CC533,233.0,0.0,1000.0,1000.0,Forest,Carnivore,,No,Vertivore
AVIBASE-1F0322E5,232.2,1090.0,2410.0,3500.0,Forest,Carnivore,,No,Vertivore
AVIBASE-BBB59880,275.0,0.0,1800.0,1800.0,Forest,Carnivore,,No,Vertivore
AVIBASE-5B6F04D7,226.66667,0.0,1200.0,1200.0,Forest,Carnivore,PL,No,Vertivore
AVIBASE-9288286D,345.0,200.0,1100.0,1300.0,Forest,Carnivore,,No,Vertivore
AVIBASE-EA787A01,213.5,200.0,500.0,700.0,Forest,Carnivore,,No,Vertivore
AVIBASE-18B4CE02,219.5,0.0,1000.0,1000.0,Forest,Carnivore,,No,Vertivore
AVIBASE-8257AE54,415.0,0.0,1500.0,1500.0,Forest,Carnivore,PL,No,Vertivore
AVIBASE-0C9E322E,575.0,0.0,1600.0,1600.0,Forest,Carnivore,,No,Vertivore
AVIBASE-235CF06A,937.5,0.0,1000.0,1000.0,Forest,Carnivore,PL,No,Vertivore
AVIBASE-707547BB,362.5,0.0,800.0,800.0,Forest,Carnivore,PL,No,Vertivore
AVIBASE-BAE91683,200.66667,0.0,1800.0,1800.0,Woodland,Carnivore,,No,Vertivore
AVIBASE-5D673E3E,199.25,0.0,1000.0,1000.0,Forest,Carnivore,,No,Vertivore
AVIBASE-3B024163,134.5,0.0,3500.0,3500.0,Forest,Carnivore,PL,No,Vertivore
AVIBASE-DB376A66,209.0,0.0,4500.0,4500.0,Forest,Carnivore,PL,No,Vertivore
AVIBASE-EC0E680F,172.66667,2000.0,1000.0,3000.0,Forest,Carnivore,PL,No,Vertivore
AVIBASE-ADBE44E1,326.75,0.0,2000.0,2000.0,Forest,Carnivore,,No,Vertivore
AVIBASE-EB98812F,429.66667,0.0,3000.0,3000.0,Forest,Carnivore,PL,No,Vertivore
AVIBASE-0EDF5A1C,675.0,0.0,1100.0,1100.0,Forest,Carnivore,PL,No,Vertivore
AVIBASE-420850D6,1153.75,0.0,3000.0,3000.0,Forest,Carnivore,PL,No,Vertivore
AVIBASE-87B94C0E,815.0,1200.0,1500.0,2700.0,Forest,Carnivore,,No,Vertivore
AVIBASE-819AB823,678.33333,0.0,3700.0,3700.0,Forest,Carnivore,,No,Vertivore
AVIBASE-05701150,903.0,0.0,1000.0,1000.0,Forest,Carnivore,,No,Vertivore
AVIBASE-0D0A9D98,837.5,0.0,1100.0,1100.0,Forest,Carnivore,,No,Vertivore
AVIBASE-811762D2,555.25,0.0,1500.0,1500.0,Grassland,Carnivore,PL,No,Vertivore
AVIBASE-22647E26,400.75,0.0,3000.0,3000.0,Grassland,Carnivore,M,No,Vertivore
AVIBASE-A41CD4E7,497.33333,0.0,2000.0,2000.0,Shrubland,Carnivore,PL,No,Vertivore
AVIBASE-F558C7F9,442.0,0.0,2500.0,2500.0,Grassland,Carnivore,M,No,Vertivore
AVIBASE-A091D50A,470.5,0.0,2400.0,2400.0,Wetland,Carnivore,,No,Vertivore
AVIBASE-83DC8765,414.75,0.0,4500.0,4500.0,Grassland,Carnivore,,No,Vertivore
AVIBASE-07E22FE2,474.75,0.0,1000.0,1000.0,Grassland,Carnivore,PL,No,Vertivore
AVIBASE-63B6412E,307.75,0.0,4000.0,4000.0,Grassland,Carnivore,PL,No,Vertivore
AVIBASE-1EA96AE1,356.0,0.0,1500.0,1500.0,Grassland,Carnivore,PL,No,Vertivore
AVIBASE-E2A19474,681.25,0.0,3000.0,3000.0,Wetland,Carnivore,SC,No,Vertivore
AVIBASE-2A2C169B,498.0,0.0,3000.0,3000.0,Wetland,Carnivore,PL,No,Vertivore
AVIBASE-A2F048C0,566.66667,0.0,3000.0,3000.0,Wetland,Carnivore,PL,No,Vertivore
AVIBASE-9D4669E5,890.0,0.0,3800.0,3800.0,Grassland,Carnivore,,No,Vertivore
AVIBASE-1ACF5A6E,708.5,0.0,1700.0,1700.0,Wetland,Carnivore,PL,No,Vertivore
AVIBASE-C194112D,786.66667,0.0,1700.0,1700.0,Grassland,Carnivore,,No,Vertivore
AVIBASE-02B81454,573.0,0.0,1800.0,1800.0,Forest,Carnivore,,No,Vertivore
AVIBASE-F23F7695,103.675,0.0,800.0,800.0,Forest,Carnivore,PL,No,Vertivore
AVIBASE-32760AD5,215.4,500.0,1700.0,2200.0,Forest,Carnivore,,No,Vertivore
AVIBASE-E640A953,216.5,0.0,2100.0,2100.0,Forest,Carnivore,"HC,SA",No,Invertivore
AVIBASE-CE6511AB,187.0,0.0,1400.0,1400.0,Forest,Carnivore,PL,No,Invertivore
AVIBASE-451D6FC8,1134.5,0.0,2500.0,2500.0,Woodland,Scavenger,PL,No,Scavenger
AVIBASE-06D9A2C8,753.83333,0.0,2000.0,2000.0,Woodland,Carnivore,,No,Omnivore
AVIBASE-06D9A2C8,690.0,0.0,2400.0,2400.0,Woodland,Scavenger,,No,Scavenger
AVIBASE-D89A9DC9,567.0,0.0,3000.0,3000.0,Coastal,Carnivore,PL,No,Omnivore
AVIBASE-FEDDD1F2,742.5,0.0,800.0,800.0,Wetland,Carnivore,PL,No,Omnivore
AVIBASE-C481FB24,7078.33333,0.0,1000.0,1000.0,Wetland,Carnivore,,No,Aquatic predator
AVIBASE-F3CCFC18,3052.5,75.0,4805.0,4880.0,Wetland,Carnivore,PL,No,Aquatic predator
AVIBASE-5A3D91D3,4781.25,0.0,500.0,500.0,Coastal,Carnivore,CP,No,Aquatic predator
AVIBASE-FED3756C,4702.5,0.0,2500.0,2500.0,Wetland,Carnivore,HC,No,Aquatic predator
AVIBASE-A19B0CF4,2782.0,0.0,4000.0,4000.0,Wetland,Carnivore,,No,Aquatic predator
AVIBASE-A877BECE,2800.0,0.0,1200.0,1200.0,Coastal,Carnivore,,No,Aquatic predator
AVIBASE-94383EEF,2775.0,0.0,900.0,900.0,Coastal,Carnivore,PL,No,Vertivore
AVIBASE-4CD1AF3E,1776.25,0.0,1100.0,1100.0,Coastal,Carnivore,,No,Omnivore
AVIBASE-B7B03CB8,782.5,200.0,1300.0,1500.0,Wetland,Carnivore,,No,Aquatic predator
AVIBASE-4C057390,2061.66667,0.0,300.0,300.0,Wetland,Carnivore,,No,Aquatic predator
AVIBASE-DAB52BF2,338.0,0.0,800.0,800.0,Grassland,Carnivore,,No,Vertivore
AVIBASE-45A1D850,340.0,0.0,1200.0,1200.0,Forest,Carnivore,,No,Invertivore
AVIBASE-868CD246,325.0,0.0,500.0,500.0,Grassland,Carnivore,,No,Vertivore
AVIBASE-2E1D79FE,413.66667,0.0,1000.0,1000.0,Woodland,Carnivore,,No,Vertivore
AVIBASE-ACFC8EB6,276.0,0.0,600.0,600.0,Woodland,Carnivore,HC,No,Invertivore
AVIBASE-5A97BF27,253.25,0.0,1500.0,1500.0,Forest,Carnivore,PL,No,Invertivore
AVIBASE-25266E29,356.125,0.0,500.0,500.0,Forest,Carnivore,HC,No,Vertivore
AVIBASE-37148B74,926.0,0.0,500.0,500.0,Wetland,Carnivore,,No,Aquatic predator
AVIBASE-6E4430A8,375.75,0.0,500.0,500.0,Wetland,Carnivore,PL,No,Invertivore
AVIBASE-58078CCA,419.25,0.0,750.0,750.0,Forest,Carnivore,,No,Invertivore
AVIBASE-C39D115A,872.0,500.0,2000.0,2500.0,Forest,Carnivore,CR,No,Vertivore
AVIBASE-A6775D0C,482.0,200.0,600.0,800.0,Forest,Carnivore,,No,Omnivore
AVIBASE-B2A7EC84,455.0,0.0,500.0,500.0,Forest,Carnivore,,No,Vertivore
AVIBASE-97FDBB06,958.4,0.0,2300.0,2300.0,Riverine,Carnivore,CP,No,Omnivore
AVIBASE-048545EA,707.66667,0.0,600.0,600.0,Coastal,Carnivore,PL,No,Invertivore
AVIBASE-478C48D0,696.0,0.0,50.0,50.0,Coastal,Carnivore,,No,Invertivore
AVIBASE-BAA762A5,937.0,0.0,1000.0,1000.0,Grassland,Carnivore,,No,Vertivore
AVIBASE-2EA48BBF,520.0,0.0,900.0,900.0,Forest,Carnivore,,No,Invertivore
AVIBASE-EE908632,1163.16667,0.0,900.0,900.0,Forest,Carnivore,,No,Vertivore
AVIBASE-5C9AF2BE,2500.0,500.0,1700.0,2200.0,Forest,Carnivore,,No,Vertivore
AVIBASE-ABDAC20A,2875.0,0.0,2500.0,2500.0,Shrubland,Carnivore,PL,No,Vertivore
AVIBASE-C39CC0F2,315.5,0.0,2500.0,2500.0,Forest,Carnivore,PL,No,Vertivore
AVIBASE-FBED1927,936.0,0.0,600.0,600.0,Shrubland,Carnivore,,No,Vertivore
AVIBASE-8C150371,353.0,1500.0,2000.0,3500.0,Forest,Carnivore,,No,Vertivore
AVIBASE-D0723571,660.0,100.0,1300.0,1400.0,Forest,Carnivore,,No,Vertivore
AVIBASE-E35448DE,702.75,0.0,1500.0,1500.0,Forest,Carnivore,,No,Vertivore
AVIBASE-2C01A6E5,649.0,500.0,1000.0,1500.0,Forest,Carnivore,,No,Vertivore
AVIBASE-72A83836,975.33333,0.0,1600.0,1600.0,Shrubland,Carnivore,,No,Vertivore
AVIBASE-2AAA7F76,983.33333,0.0,5000.0,5000.0,Grassland,Carnivore,,No,Vertivore
AVIBASE-51405606,2457.25,1600.0,2900.0,4500.0,Rock,Carnivore,,No,Vertivore
AVIBASE-B4B9A3B4,287.5,0.0,500.0,500.0,Forest,Carnivore,,No,Vertivore
AVIBASE-95D16974,327.25,0.0,500.0,500.0,Forest,Carnivore,,No,Vertivore
AVIBASE-0DDD022A,340.8,0.0,500.0,500.0,Forest,Carnivore,,No,Vertivore
AVIBASE-99AEACE1,,0.0,79.0,79.0,Forest,,,No,
AVIBASE-943AA4FB,525.2,600.0,800.0,1400.0,Riverine,Carnivore,,No,Vertivore
AVIBASE-4ECE179D,463.75,0.0,800.0,800.0,Forest,Carnivore,,No,Vertivore
AVIBASE-79F3C681,413.0,0.0,1000.0,1000.0,Forest,Carnivore,"CP,O",No,Vertivore
AVIBASE-EA4D6C0B,608.75,0.0,2500.0,2500.0,Woodland,Carnivore,,No,Vertivore
AVIBASE-AE294FD9,352.75,0.0,2000.0,2000.0,Forest,Carnivore,PL,No,Vertivore
AVIBASE-597D7DD6,764.0,0.0,3000.0,3000.0,Grassland,Carnivore,,No,Vertivore
AVIBASE-7B3AB998,490.25,30.0,1670.0,1700.0,Forest,Carnivore,,No,Vertivore
AVIBASE-B7DB09E8,478.75,150.0,3350.0,3500.0,Forest,Carnivore,PL,No,Vertivore
AVIBASE-81463CC0,511.83333,0.0,1800.0,1800.0,Forest,Carnivore,,No,Vertivore
AVIBASE-DE473F42,847.16667,0.0,2750.0,2750.0,Woodland,Carnivore,CP,No,Vertivore
AVIBASE-4D9F58B4,1195.5,0.0,1700.0,1700.0,Coastal,Carnivore,,No,Vertivore
AVIBASE-536A5157,1072.8,0.0,2700.0,2700.0,Woodland,Carnivore,,No,Vertivore
AVIBASE-40692C15,1136.25,0.0,1500.0,1500.0,Forest,Carnivore,PL,No,Vertivore
AVIBASE-90B13ACF,1089.16667,0.0,1200.0,1200.0,Grassland,Carnivore,CP,No,Vertivore
AVIBASE-BA9191BC,1532.75,0.0,2000.0,2000.0,Grassland,Carnivore,CP,No,Vertivore
AVIBASE-A16C3B99,653.75,0.0,2500.0,2500.0,Woodland,Carnivore,PL,No,Vertivore
AVIBASE-D41EDD2E,1090.0,400.0,4200.0,4600.0,Woodland,Carnivore,,No,Vertivore
AVIBASE-22031845,1197.5,1000.0,2500.0,3500.0,Grassland,Carnivore,,No,Vertivore
AVIBASE-5BFEFD9A,700.0,2000.0,1800.0,3800.0,Forest,Carnivore,PL,No,Vertivore
AVIBASE-3C6D4915,865.0,0.0,2000.0,2000.0,Woodland,Carnivore,PL,No,Vertivore
AVIBASE-C2AD2E83,623.0,0.0,1500.0,1500.0,Forest,Carnivore,PL,No,Vertivore
AVIBASE-5CA7B50A,511.0,0.0,2500.0,2500.0,Forest,Carnivore,,No,Vertivore
AVIBASE-9081D32C,750.0,150.0,650.0,800.0,Grassland,Carnivore,,No,Vertivore
AVIBASE-CC65921F,1144.0,0.0,2500.0,2500.0,Grassland,Carnivore,"CP,O",No,Vertivore
AVIBASE-92FFE8FF,1342.5,1000.0,3500.0,4500.0,Grassland,Carnivore,,No,Vertivore
AVIBASE-1029A4CA,,0.0,4300.0,4300.0,Grassland,Carnivore,,No,Vertivore
AVIBASE-3895BE56,808.5,0.0,1300.0,1300.0,Forest,Carnivore,,No,Vertivore
AVIBASE-9900ACA9,767.5,0.0,4000.0,4000.0,Forest,Carnivore,NO,No,Vertivore
AVIBASE-393BDFD3,470.0,400.0,800.0,1200.0,Forest,Carnivore,CV,No,Vertivore
AVIBASE-C54633EE,,100.0,1600.0,1700.0,Forest,Carnivore,,No,Vertivore
AVIBASE-E61687E7,,0.0,900.0,900.0,Forest,Carnivore,,No,Vertivore
AVIBASE-7ED913E9,,,,,Forest,Carnivore,,No,Vertivore
AVIBASE-7ED913E9,540.0,0.0,1350.0,1350.0,Forest,Carnivore,,No,Vertivore
AVIBASE-BCEC0198,,200.0,502.0,702.0,Forest,Carnivore,CV,No,Vertivore
AVIBASE-5F5CAA2E,,0.0,1830.0,1830.0,Forest,Carnivore,,No,Vertivore
AVIBASE-6E574A8D,723.25,0.0,700.0,700.0,Forest,Carnivore,NO,No,Vertivore
AVIBASE-0E9B3C97,,0.0,1200.0,1200.0,Woodland,Carnivore,,No,Vertivore
AVIBASE-BDD10FB1,340.0,800.0,500.0,1300.0,Forest,Carnivore,CV,No,Vertivore
AVIBASE-ED259007,345.66667,0.0,4000.0,4000.0,Grassland,Carnivore,CV,No,Vertivore
AVIBASE-ED259007,,,,,Coastal,Carnivore,,No,Vertivore
AVIBASE-ECC6B122,401.5,0.0,2000.0,2000.0,Woodland,Carnivore,NO,No,Vertivore
AVIBASE-B21A37E7,430.66667,0.0,3200.0,3200.0,Grassland,Carnivore,SA,No,Vertivore
AVIBASE-8BF77421,382.0,0.0,2500.0,2500.0,Grassland,Carnivore,SA,No,Vertivore
AVIBASE-07C0389D,195.0,1830.0,600.0,2430.0,Forest,Carnivore,CV,No,Vertivore
AVIBASE-F14E4D45,269.0,0.0,1800.0,1800.0,Forest,Carnivore,NO,No,Vertivore
AVIBASE-D5D7DE60,230.0,0.0,1100.0,1100.0,Forest,Carnivore,,No,Vertivore
AVIBASE-21835A3B,220.0,0.0,1500.0,1500.0,Forest,Carnivore,,No,Vertivore
AVIBASE-1F14F0A8,600.0,0.0,1800.0,1800.0,Rock,Carnivore,CV,No,Invertivore
AVIBASE-0A4EC595,1007.5,0.0,2150.0,2150.0,Forest,Carnivore,CV,No,Vertivore
AVIBASE-2DF7793A,1463.75,0.0,1500.0,1500.0,Forest,Carnivore,CV,No,Vertivore
AVIBASE-E7FB486F,567.33333,0.0,1500.0,1500.0,Forest,Carnivore,CV,No,Vertivore
AVIBASE-EB43852E,222.0,0.0,500.0,500.0,Forest,Carnivore,CV,No,Invertivore
AVIBASE-AB4EA9A7,237.4,0.0,2300.0,2300.0,Forest,Carnivore,CV,No,Invertivore
AVIBASE-00867CE7,146.0,0.0,,,Forest,Carnivore,,No,Invertivore
AVIBASE-354C2019,180.0,0.0,2300.0,2300.0,Forest,Carnivore,,No,Invertivore
AVIBASE-554D38C8,180.0,0.0,1300.0,1300.0,Forest,Carnivore,,No,Invertivore
AVIBASE-2ED1B123,192.0,0.0,2300.0,2300.0,Forest,Carnivore,CV,No,Invertivore
AVIBASE-E8E9C26D,155.0,0.0,2300.0,2300.0,Forest,Carnivore,CV,No,Invertivore
AVIBASE-A6052ECB,186.9,0.0,1700.0,1700.0,Forest,Carnivore,CV,No,Invertivore
AVIBASE-A5AC4024,188.0,0.0,1700.0,1700.0,Forest,Carnivore,CV,No,Invertivore
AVIBASE-2EE2D67A,191.0,0.0,1500.0,1500.0,Forest,Carnivore,,No,Invertivore
AVIBASE-344F50D2,205.5,0.0,1000.0,1000.0,Forest,Carnivore,CV,No,Invertivore
AVIBASE-719451A5,146.0,0.0,500.0,500.0,Forest,Carnivore,,No,Invertivore
AVIBASE-181430F4,128.66667,0.0,1000.0,1000.0,Forest,Carnivore,CV,No,Invertivore
AVIBASE-581CA4FF,137.0,0.0,1000.0,1000.0,Forest,Carnivore,CV,No,Invertivore
AVIBASE-42ABCF92,,0.0,1600.0,1600.0,Forest,Carnivore,,No,Invertivore
AVIBASE-EA06B173,,0.0,1000.0,1000.0,Forest,Carnivore,,No,Invertivore
AVIBASE-1243079D,128.75,0.0,700.0,700.0,Forest,Carnivore,CV,No,Vertivore
AVIBASE-E27F2664,168.25,0.0,1000.0,1000.0,Forest,Carnivore,,No,Invertivore
AVIBASE-7076C12B,107.75,0.0,1250.0,1250.0,Forest,Carnivore,CV,No,Invertivore
AVIBASE-1BE72E49,90.0,600.0,350.0,950.0,Forest,Carnivore,,No,Invertivore
AVIBASE-BF2E6226,99.0,0.0,400.0,400.0,Forest,Carnivore,,No,Invertivore
AVIBASE-2A4B7EB7,,0.0,1000.0,1000.0,Forest,Carnivore,,No,Invertivore
AVIBASE-CF8433FC,86.0,1100.0,600.0,1700.0,Forest,Carnivore,,No,Invertivore
AVIBASE-6634B781,200.0,0.0,1200.0,1200.0,Forest,Carnivore,,No,Invertivore
AVIBASE-0A01E336,140.0,0.0,1750.0,1750.0,Forest,Carnivore,,No,Invertivore
AVIBASE-4FA9994A,210.0,0.0,1400.0,1400.0,Forest,Carnivore,,No,Invertivore
AVIBASE-EF2010E1,,0.0,320.0,320.0,Forest,Carnivore,,No,Invertivore
AVIBASE-7A047750,172.5,0.0,360.0,360.0,Forest,Carnivore,CV,No,Invertivore
AVIBASE-1DC414D2,237.0,0.0,700.0,700.0,Forest,Carnivore,,No,Invertivore
AVIBASE-0EBDC907,155.0,0.0,2500.0,2500.0,Forest,Carnivore,CV,No,Invertivore
AVIBASE-3E83E4BB,151.0,0.0,1300.0,1300.0,Forest,Carnivore,,No,Invertivore
AVIBASE-1C14F946,224.5,0.0,1100.0,1100.0,Forest,Carnivore,,No,Invertivore
AVIBASE-9564C804,179.0,0.0,1000.0,1000.0,Forest,Carnivore,,No,Invertivore
AVIBASE-C1134C83,95.5,0.0,1400.0,1400.0,Forest,Carnivore,"CR,CV",No,Invertivore
AVIBASE-BD6F3561,57.7,1350.0,1400.0,2750.0,Forest,Carnivore,CV,No,Vertivore
AVIBASE-8A6B2F1F,,544.0,1556.0,2100.0,Forest,Carnivore,,No,Invertivore
AVIBASE-D74BA965,43.83333,0.0,1970.0,1970.0,Woodland,Carnivore,CV,No,Invertivore
AVIBASE-2B03EB0B,46.9,1900.0,500.0,2400.0,Forest,Carnivore,,No,Invertivore
AVIBASE-8AB4EAF6,137.75,1580.0,1470.0,3050.0,Forest,Carnivore,CV,No,Vertivore
AVIBASE-26BA25EF,89.75,0.0,3100.0,3100.0,Woodland,Carnivore,CV,No,Vertivore
AVIBASE-E553A88E,,,,,Forest,,,Partial,
AVIBASE-6439759F,86.0,1660.0,1815.0,3475.0,Forest,Carnivore,,No,Vertivore
AVIBASE-10C68CA3,109.66667,600.0,3200.0,3800.0,Forest,Carnivore,CV,No,Omnivore
AVIBASE-DD89F95C,241.0,200.0,400.0,600.0,Forest,Carnivore,CV,No,Vertivore
AVIBASE-8874AA69,231.0,0.0,800.0,800.0,Shrubland,Carnivore,CV,No,Invertivore
AVIBASE-B9EE9676,193.28333,0.0,4500.0,4500.0,Grassland,Carnivore,BU,No,Vertivore
AVIBASE-9A7B268C,175.0,0.0,2600.0,2600.0,Grassland,Carnivore,"SC,CV",No,Invertivore
AVIBASE-DDE6A352,112.5,0.0,1600.0,1600.0,Desert,Carnivore,CV,No,Invertivore
AVIBASE-20687BEA,247.5,0.0,2000.0,2000.0,Forest,Carnivore,CV,No,Invertivore
AVIBASE-8FB53639,177.0,0.0,1500.0,1500.0,Forest,Carnivore,,No,Invertivore
AVIBASE-B901A687,187.0,900.0,300.0,1200.0,Forest,Carnivore,,No,Invertivore
AVIBASE-AB7D1006,173.5,0.0,920.0,920.0,Forest,Carnivore,,No,Invertivore
AVIBASE-C2018A5D,319.95,0.0,2650.0,2650.0,Grassland,Carnivore,"CV,O",No,Vertivore
AVIBASE-79E2AC7C,67.25,250.0,750.0,1000.0,Forest,Carnivore,CV,No,Vertivore
AVIBASE-70CB00EC,82.14,0.0,1000.0,1000.0,Woodland,Carnivore,CV,No,Invertivore
AVIBASE-E05A96F3,85.88,0.0,2150.0,2150.0,Forest,Carnivore,CV,No,Invertivore
AVIBASE-9C464D6F,139.5,0.0,500.0,500.0,Forest,Carnivore,CV,No,Invertivore
AVIBASE-75E76449,201.5,0.0,2100.0,2100.0,Forest,Carnivore,CV,No,Invertivore
AVIBASE-1EF140AD,137.0,0.0,900.0,900.0,Forest,Carnivore,CV,No,Invertivore
AVIBASE-1986F1AB,101.0,0.0,2000.0,2000.0,Woodland,Carnivore,CV,No,Invertivore
AVIBASE-9CBF957F,100.0,0.0,1950.0,1950.0,Forest,Carnivore,CV,No,Invertivore
AVIBASE-F3BFBAD7,148.16667,0.0,1200.0,1200.0,Woodland,Carnivore,CV,No,Invertivore
AVIBASE-ADBC9DA4,109.5,1000.0,700.0,1700.0,Forest,Carnivore,,No,Invertivore
AVIBASE-AFD0411D,73.0,1100.0,600.0,1700.0,Forest,Carnivore,,No,Invertivore
AVIBASE-43A289F2,70.3,0.0,2190.0,2190.0,Forest,Carnivore,CV,No,Vertivore
AVIBASE-63FB826E,67.15,1800.0,1900.0,3700.0,Forest,Carnivore,CV,No,Vertivore
AVIBASE-9F57819B,57.5,1500.0,600.0,2100.0,Forest,Carnivore,CV,No,Vertivore
AVIBASE-A793D41D,61.5,1000.0,1500.0,2500.0,Forest,Carnivore,CV,No,Vertivore
AVIBASE-B6FBDD30,71.75,900.0,2100.0,3000.0,Forest,Carnivore,CV,No,Vertivore
AVIBASE-F00FC380,77.4,1400.0,600.0,2000.0,Forest,Carnivore,,No,Vertivore
AVIBASE-431CE379,65.83333,1500.0,2000.0,3500.0,Forest,Carnivore,CV,No,Vertivore
AVIBASE-230E64EB,60.36667,1400.0,2500.0,3900.0,Forest,Carnivore,CV,No,Omnivore
AVIBASE-C831526B,47.13333,0.0,1500.0,1500.0,Forest,Carnivore,CV,No,Omnivore
AVIBASE-7081C015,53.5,900.0,1200.0,2100.0,Forest,Carnivore,CV,No,Omnivore
AVIBASE-0F9969E8,54.76667,0.0,1300.0,1300.0,Forest,Carnivore,CV,No,Invertivore
AVIBASE-4F3948B7,61.6,600.0,1400.0,2000.0,Forest,Carnivore,CV,No,Invertivore
AVIBASE-65BD222F,56.33333,0.0,1150.0,1150.0,Forest,Carnivore,CV,No,Invertivore
AVIBASE-199C4CCF,47.125,0.0,1000.0,1000.0,Forest,Carnivore,CV,No,Invertivore
AVIBASE-EAFBF060,51.0,0.0,150.0,150.0,Forest,Carnivore,,No,Invertivore
AVIBASE-40EB82DA,71.8,300.0,1700.0,2000.0,Forest,Carnivore,"BU,CV",No,Invertivore
AVIBASE-7C26D709,61.5,0.0,3500.0,3500.0,Woodland,Carnivore,CV,No,Invertivore
AVIBASE-2A67FFCB,75.0,0.0,2000.0,2000.0,Shrubland,Carnivore,"BU,CV",No,Vertivore
AVIBASE-51EA40FE,67.75,0.0,1500.0,1500.0,Coastal,Carnivore,CV,No,Invertivore
AVIBASE-D3CA5C26,370.0,0.0,1500.0,1500.0,Forest,Carnivore,,No,Vertivore
AVIBASE-379A4F94,122.66667,0.0,700.0,700.0,Forest,Carnivore,CV,No,Invertivore
AVIBASE-7380A531,77.8,0.0,600.0,600.0,Forest,Carnivore,"CV,O",No,Invertivore
AVIBASE-03502D31,,30.0,500.0,530.0,Forest,Carnivore,,No,Invertivore
AVIBASE-9CD0C8FE,70.71667,0.0,1000.0,1000.0,Forest,Carnivore,CV,No,Invertivore
AVIBASE-75194A63,48.76667,50.0,350.0,400.0,Forest,Carnivore,CV,No,Invertivore
AVIBASE-8E1E400D,,0.0,500.0,500.0,Woodland,Carnivore,"CV,O",No,Invertivore
AVIBASE-B25E9418,,590.0,810.0,1400.0,Forest,Carnivore,CV,No,Invertivore
AVIBASE-A0AD0888,81.5,600.0,2000.0,2600.0,Forest,Carnivore,"CV,O",No,Invertivore
AVIBASE-3351369D,81.5,1500.0,500.0,2000.0,Forest,Carnivore,,No,Invertivore
AVIBASE-4F10E91D,63.125,1500.0,1450.0,2950.0,Forest,Carnivore,,No,Invertivore
AVIBASE-71F9BF41,80.66667,360.0,1940.0,2300.0,Forest,Carnivore,CV,No,Invertivore
AVIBASE-96AC0528,,900.0,550.0,1450.0,Forest,Carnivore,,No,Invertivore
AVIBASE-9615535E,96.83333,0.0,,,Forest,Carnivore,"CV,O",No,Invertivore
AVIBASE-9615535E,102.83333,0.0,2050.0,2050.0,Forest,Carnivore,"CV,O",No,Invertivore
AVIBASE-2DF19EB2,120.0,0.0,650.0,650.0,Woodland,Carnivore,CV,No,Invertivore
AVIBASE-A7509E6E,69.75,460.0,1440.0,1900.0,Forest,Carnivore,CV,No,Invertivore
AVIBASE-427BC65A,119.0,300.0,1295.0,1595.0,Forest,Carnivore,CV,No,Invertivore
AVIBASE-EDFC0AD6,105.5,450.0,340.0,790.0,Forest,Carnivore,,No,Invertivore
AVIBASE-42F88785,,,,,Forest,Carnivore,,Partial,Vertivore
AVIBASE-653134CC,,,,,Forest,Carnivore,,No,Vertivore
AVIBASE-180ED7CC,,,,,Forest,Carnivore,,No,Vertivore
AVIBASE-08C90B0F,105.0,0.0,1500.0,1500.0,Woodland,Carnivore,"CR,CV,O",No,Invertivore
AVIBASE-FB19E285,66.5,,,,Desert,Carnivore,,No,Invertivore
AVIBASE-2C7AA154,97.5,0.0,2000.0,2000.0,Woodland,Carnivore,"BU,CV,O",No,Invertivore
AVIBASE-616A1359,90.16667,0.0,1900.0,1900.0,Forest,Carnivore,"CV,O",No,Invertivore
AVIBASE-C6277A45,82.66667,0.0,948.0,948.0,Forest,Carnivore,,No,Invertivore
AVIBASE-1044DCBD,,0.0,79.0,79.0,Forest,Carnivore,CV,No,Invertivore
AVIBASE-991885F0,79.5,0.0,1300.0,1300.0,Forest,Carnivore,,No,Invertivore
AVIBASE-F0AA4FE4,88.0,0.0,2000.0,2000.0,Woodland,Carnivore,"CV,O",No,Invertivore
AVIBASE-D745D124,,400.0,100.0,500.0,Forest,Carnivore,CV,No,Invertivore
AVIBASE-82846EEB,74.5,0.0,850.0,850.0,Forest,Carnivore,CV,No,Invertivore
AVIBASE-DD855E67,68.31667,0.0,1500.0,1500.0,Forest,Carnivore,"CR,CV",No,Invertivore
AVIBASE-3B290974,103.0,0.0,550.0,550.0,Forest,Carnivore,CV,No,Invertivore
AVIBASE-A83F14B2,138.75,0.0,900.0,900.0,Forest,Carnivore,CV,No,Invertivore
AVIBASE-B4C59425,,0.0,700.0,700.0,Forest,Carnivore,,No,Invertivore
AVIBASE-61264002,,0.0,1100.0,1100.0,Forest,Carnivore,,No,Invertivore
AVIBASE-BE2C3A1F,127.0,0.0,1000.0,1000.0,Forest,Carnivore,CV,No,Invertivore
AVIBASE-08454DFF,88.1,0.0,2500.0,2500.0,Forest,Carnivore,CV,No,Invertivore
AVIBASE-5DB57235,,0.0,900.0,900.0,Forest,Carnivore,,No,Invertivore
AVIBASE-07BB7971,88.0,0.0,1500.0,1500.0,Forest,Carnivore,,No,Invertivore
AVIBASE-8AC9C51A,76.0,0.0,900.0,900.0,Forest,Carnivore,,No,Invertivore
AVIBASE-C310E372,105.0,0.0,1000.0,1000.0,Forest,Carnivore,CV,No,Invertivore
AVIBASE-0A22AE9B,143.5,250.0,460.0,710.0,Forest,Carnivore,CV,No,Invertivore
AVIBASE-29998B5F,,0.0,,,Coastal,Carnivore,,No,Invertivore
AVIBASE-CD22C7D7,95.0,0.0,570.0,570.0,Forest,Carnivore,,No,Invertivore
AVIBASE-312BF279,105.0,0.0,280.0,280.0,Forest,Carnivore,CV,No,Invertivore
AVIBASE-55EE7DEF,,0.0,450.0,450.0,Forest,Carnivore,,No,Invertivore
AVIBASE-1F80C7AB,,1200.0,1200.0,2400.0,Forest,Carnivore,,No,Invertivore
AVIBASE-489F3A6A,142.33333,0.0,2130.0,2130.0,Forest,Carnivore,CV,No,Invertivore
AVIBASE-9EC1DBC6,132.01667,0.0,2400.0,2400.0,Forest,Carnivore,CV,No,Invertivore
AVIBASE-BFE3F4EA,134.0,0.0,900.0,900.0,Forest,Carnivore,CV,No,Invertivore
AVIBASE-E7BDCB92,112.5,0.0,2000.0,2000.0,Forest,Carnivore,CV,No,Invertivore
AVIBASE-7D1ACC3E,237.33333,300.0,700.0,1000.0,Forest,Carnivore,,No,Invertivore
AVIBASE-E311114A,99.0,,,,Forest,Carnivore,,No,Invertivore
AVIBASE-000E026B,144.25,0.0,1550.0,1550.0,Forest,Carnivore,CV,No,Invertivore
AVIBASE-FDDACB60,92.0,0.0,290.0,290.0,Forest,Carnivore,,No,Invertivore
AVIBASE-171CE5C6,212.0,350.0,1650.0,2000.0,Forest,Carnivore,,No,Invertivore
AVIBASE-A5AE0987,,25.0,1325.0,1350.0,Forest,Carnivore,,No,Invertivore
AVIBASE-B0AC0750,108.0,0.0,200.0,200.0,Forest,Carnivore,CV,No,Invertivore
AVIBASE-E561A180,204.0,0.0,1700.0,1700.0,Grassland,Carnivore,"CR,CV,PL",No,Vertivore
AVIBASE-023D6E38,235.16667,0.0,1400.0,1400.0,Grassland,Carnivore,"CV,O",No,Invertivore
AVIBASE-F85D5EC3,335.0,0.0,600.0,600.0,Forest,Carnivore,CV,No,Invertivore
AVIBASE-849E5AD2,458.25,0.0,1400.0,1400.0,Woodland,Carnivore,NO,No,Vertivore
AVIBASE-FC4D40D2,296.33333,0.0,2750.0,2750.0,Grassland,Carnivore,"CV,O",No,Vertivore
AVIBASE-250123FB,322.5,1800.0,2150.0,3950.0,Shrubland,Carnivore,O,No,Vertivore
AVIBASE-D3DBC5EE,770.0,0.0,1625.0,1625.0,Forest,Carnivore,O,No,Vertivore
AVIBASE-C1EAF183,547.25,0.0,3000.0,3000.0,Forest,Carnivore,"O,HC",No,Vertivore
AVIBASE-8F123A11,353.75,0.0,4000.0,4000.0,Grassland,Carnivore,SC,No,Vertivore
AVIBASE-83E21A84,313.66667,0.0,1500.0,1500.0,Grassland,Carnivore,SC,No,Vertivore
AVIBASE-8251FDDB,790.0,0.0,800.0,800.0,Forest,Carnivore,CV,No,Vertivore
AVIBASE-15A1DBE8,183.0,0.0,500.0,500.0,Forest,Carnivore,,No,Invertivore
AVIBASE-5B23B360,2089.375,0.0,300.0,300.0,Grassland,Carnivore,SC,No,Vertivore
AVIBASE-FC366114,1392.25,0.0,4500.0,4500.0,Woodland,Carnivore,"O,PL,SC",No,Vertivore
AVIBASE-15F7CE4C,1073.2,0.0,5000.0,5000.0,Shrubland,Carnivore,"CR,CV,PL,O",No,Vertivore
AVIBASE-5516AEB3,2710.0,0.0,4500.0,4500.0,Rock,Carnivore,"CR,O,SC",No,Vertivore
AVIBASE-C4D3F66E,1237.0,0.0,1500.0,1500.0,Rock,Carnivore,SC,No,Vertivore
AVIBASE-9FD4D3D9,2100.0,0.0,500.0,500.0,Desert,Carnivore,"CV,O,SC",No,Vertivore
AVIBASE-3CD0F535,1325.0,1993.0,2207.0,4200.0,Woodland,Carnivore,"O,SC",No,Vertivore
AVIBASE-A2234987,,0.0,2000.0,2000.0,Forest,Carnivore,CR,No,Invertivore
AVIBASE-0018A99B,500.0,,,2500.0,Desert,Carnivore,"O,SC",No,Vertivore
AVIBASE-A2234987,657.16667,0.0,2100.0,2100.0,Rock,Carnivore,"O,SC",No,Vertivore
AVIBASE-2EB9470D,746.83333,0.0,2200.0,2200.0,Forest,Carnivore,CV,No,Vertivore
AVIBASE-B55D5658,538.25,0.0,700.0,700.0,Forest,Carnivore,SC,No,Invertivore
AVIBASE-EBD3129B,2291.25,0.0,3000.0,3000.0,Grassland,Carnivore,"CV,NO,O",No,Vertivore
AVIBASE-AFF21113,1257.0,0.0,500.0,500.0,Forest,Carnivore,,No,Vertivore
AVIBASE-2B0C5E60,3600.0,0.0,500.0,500.0,Riverine,Carnivore,CV,No,Aquatic predator
AVIBASE-CFDF9E89,1206.5,0.0,2000.0,2000.0,Woodland,Carnivore,"CV,O",No,Aquatic predator
AVIBASE-67CA1D26,2315.0,48.0,1452.0,1500.0,Riverine,Carnivore,"CV,O",No,Aquatic predator
AVIBASE-C1AAB74D,1564.0,0.0,1600.0,1600.0,Riverine,Carnivore,"CV,NO,O",No,Aquatic predator
AVIBASE-D84BD94B,1113.0,0.0,600.0,600.0,Forest,Carnivore,CV,No,Vertivore
AVIBASE-F5EBAA64,1400.0,300.0,1830.0,2130.0,Forest,Carnivore,"CV,NO,O",No,Vertivore
AVIBASE-15789B6D,,0.0,250.0,250.0,Woodland,Carnivore,"NO,O",No,Vertivore
AVIBASE-70EBBE58,1013.5,0.0,1170.0,1170.0,Forest,Carnivore,,No,Vertivore
AVIBASE-034B2A6A,2035.0,0.0,1700.0,1700.0,Riverine,Carnivore,CV,No,Aquatic predator
AVIBASE-F07B8BD1,788.5,0.0,500.0,500.0,Riverine,Carnivore,CV,No,Aquatic predator
AVIBASE-E0D3E4C1,637.0,0.0,500.0,500.0,Forest,Carnivore,O,No,Aquatic predator
AVIBASE-1BF907B6,63.65,1500.0,1500.0,3000.0,Forest,Carnivore,"CV,O",No,Invertivore
AVIBASE-80A077C8,132.13333,0.0,900.0,900.0,Forest,Carnivore,"BU,CR,CV",No,Invertivore
AVIBASE-2E2B24EB,93.8,1000.0,1900.0,2900.0,Forest,Carnivore,CV,No,Vertivore
AVIBASE-C24A665C,155.8,900.0,1450.0,2350.0,Forest,Carnivore,CV,No,Invertivore
AVIBASE-F72A3AA5,157.5,2000.0,1000.0,3000.0,Forest,Carnivore,"CP,O",No,Invertivore
AVIBASE-E2B40A6E,133.66667,0.0,2800.0,2800.0,Woodland,Carnivore,CV,No,Invertivore
AVIBASE-E474A4C4,67.25,1800.0,200.0,2000.0,Forest,Carnivore,,No,Invertivore
AVIBASE-ABFEA300,152.8,0.0,1000.0,1000.0,Woodland,Carnivore,"CV,O",No,Invertivore
AVIBASE-89F8B6F5,174.31667,1485.0,265.0,1750.0,Woodland,Carnivore,"CR,CV,O",No,Vertivore
AVIBASE-A69062C8,190.75,0.0,1500.0,1500.0,Forest,Carnivore,"CV,O",No,Vertivore
AVIBASE-1C5C4EBB,160.75,600.0,900.0,1500.0,Woodland,Carnivore,CV,No,Vertivore
AVIBASE-60622A87,111.26667,0.0,1500.0,1500.0,Forest,Carnivore,CV,No,Invertivore
AVIBASE-024EB09F,114.66667,250.0,1550.0,1800.0,Forest,Carnivore,CV,No,Invertivore
AVIBASE-BAC655C3,121.0,1400.0,3100.0,4500.0,Woodland,Carnivore,CV,No,Invertivore
AVIBASE-8FD41544,169.25,700.0,1750.0,2450.0,Forest,Carnivore,CV,No,Invertivore
AVIBASE-C2937B68,101.0,1650.0,800.0,2450.0,Forest,Carnivore,CV,No,Invertivore
AVIBASE-331C23BF,100.33333,1900.0,700.0,2600.0,Forest,Carnivore,CV,No,Invertivore
AVIBASE-A910C62B,121.66667,1000.0,1600.0,2600.0,Forest,Carnivore,"CV,O",No,Invertivore
AVIBASE-6880BD07,114.35,0.0,1000.0,1000.0,Forest,Carnivore,CV,No,Invertivore
AVIBASE-D7F23E22,114.4,250.0,1250.0,1500.0,Forest,Carnivore,"CV,O",No,Invertivore
AVIBASE-2894618C,183.5,300.0,700.0,1000.0,Woodland,Carnivore,"CV,O",No,Invertivore
AVIBASE-74F795BB,132.0,1800.0,700.0,2500.0,Forest,Carnivore,,No,Invertivore
AVIBASE-D103C517,116.0,0.0,1200.0,1200.0,Woodland,Carnivore,CV,No,Invertivore
AVIBASE-D33F0493,143.0,0.0,700.0,700.0,Forest,Carnivore,CV,No,Invertivore
AVIBASE-C904ED78,133.0,0.0,600.0,600.0,Forest,Carnivore,"CV,O",No,Invertivore
AVIBASE-BA3C3A5C,870.33333,0.0,1500.0,1500.0,Forest,Carnivore,CV,No,Vertivore
AVIBASE-6DC70EF3,492.0,0.0,1500.0,1500.0,Forest,Carnivore,CV,No,Vertivore
AVIBASE-AEE70B31,82.0,650.0,1550.0,2200.0,Forest,Carnivore,CV,No,Vertivore
AVIBASE-4DC2A2BF,520.0,0.0,2000.0,2000.0,Forest,Carnivore,CV,No,Invertivore
AVIBASE-F4F6EC81,1011.0,0.0,800.0,800.0,Forest,Carnivore,CV,No,Vertivore
AVIBASE-52A8CE5C,785.0,0.0,,,Woodland,Carnivore,"CV,O",No,Vertivore
AVIBASE-8253A007,923.33333,750.0,2000.0,2750.0,Forest,Carnivore,"CV,SC",No,Vertivore
AVIBASE-37A12174,480.0,0.0,2350.0,2350.0,Forest,Carnivore,"CR,CV,O",No,Vertivore
AVIBASE-6EC64712,383.5,1000.0,1650.0,2650.0,Forest,Carnivore,"CR,CV",No,Vertivore
AVIBASE-F6F87349,212.0,0.0,2800.0,2800.0,Rock,Carnivore,CV,No,Vertivore
AVIBASE-6590EFD4,217.66667,0.0,500.0,500.0,Shrubland,Carnivore,CV,No,Vertivore
AVIBASE-9B26D30B,611.0,0.0,2700.0,2700.0,Forest,Carnivore,"CV,NO,O",No,Vertivore
AVIBASE-BDBB04D5,760.0,0.0,1500.0,1500.0,Forest,Carnivore,"CV,O,CP",No,Vertivore
AVIBASE-4B5D0A00,735.25,,,,Forest,Carnivore,,No,Vertivore
AVIBASE-E3E227D2,714.83333,1200.0,1800.0,3000.0,Forest,Carnivore,CV,No,Vertivore
AVIBASE-06406B92,315.0,0.0,1000.0,1000.0,Forest,Carnivore,CV,No,Vertivore
AVIBASE-4D481B0E,398.0,500.0,800.0,1300.0,Woodland,Carnivore,CV,No,Vertivore
AVIBASE-AA0FBFE2,355.0,0.0,2000.0,2000.0,Forest,Carnivore,"CV,O",No,Vertivore
AVIBASE-7C2108FD,831.5,0.0,5000.0,5000.0,Forest,Carnivore,"CV,O",No,Vertivore
AVIBASE-FA36ABE5,1150.0,0.0,3200.0,3200.0,Forest,Carnivore,"CV,NO,O",No,Vertivore
AVIBASE-2E6575A8,322.16667,0.0,3700.0,3700.0,Woodland,Carnivore,"CV,O",No,Invertivore
AVIBASE-192FC14D,304.66667,0.0,2500.0,2500.0,Forest,Carnivore,"CV,O",No,Omnivore
AVIBASE-557C100E,470.5,0.0,1500.0,1500.0,Forest,Carnivore,"CV,O",No,Invertivore
AVIBASE-FE8F1390,398.0,0.0,500.0,500.0,Forest,Carnivore,CV,No,Invertivore
AVIBASE-2FBDE42C,307.5,1700.0,2000.0,3700.0,Forest,Carnivore,,No,Invertivore
AVIBASE-1FDDABDB,56.16667,0.0,2800.0,2800.0,Woodland,Herbivore,CP,No,Frugivore
AVIBASE-ADDB3611,35.0,0.0,1400.0,1400.0,Shrubland,Herbivore,CP,No,Frugivore
AVIBASE-A7746907,60.5,0.0,2000.0,2000.0,Grassland,Herbivore,CP,No,Frugivore
AVIBASE-CFDC57C6,44.0,,,,Woodland,Herbivore,CP,No,Frugivore
AVIBASE-E45D9EB2,49.5,0.0,2000.0,2000.0,Woodland,Herbivore,CP,No,Frugivore
AVIBASE-AB1A85BF,55.7,0.0,1600.0,1600.0,Woodland,Herbivore,CP,No,Frugivore
AVIBASE-BCC6CD0D,230.5,0.0,2050.0,2050.0,Forest,Carnivore,CV,No,Omnivore
AVIBASE-7FED5700,69.16667,50.0,3350.0,3400.0,Forest,Carnivore,CV,No,Invertivore
AVIBASE-9FCF19F5,,,,,Forest,Carnivore,CV,No,Invertivore
AVIBASE-2F2CB724,54.0,1600.0,1400.0,3000.0,Forest,Carnivore,CV,No,Invertivore
AVIBASE-BE6ABD55,,900.0,1600.0,2500.0,Forest,Carnivore,,No,Invertivore
AVIBASE-E3007B8C,,750.0,1450.0,2200.0,Forest,Carnivore,,No,Invertivore
AVIBASE-FC98A36A,62.66667,0.0,1500.0,1500.0,Forest,Carnivore,CV,No,Invertivore
AVIBASE-D04AAF76,93.5,0.0,600.0,600.0,Forest,Carnivore,CV,No,Invertivore
AVIBASE-ECF71AC7,99.24,0.0,900.0,900.0,Forest,Carnivore,CV,No,Invertivore
AVIBASE-AFED9D54,98.0,200.0,700.0,900.0,Forest,Carnivore,CV,No,Invertivore
AVIBASE-113784EC,73.0,900.0,600.0,1500.0,Forest,Carnivore,O,No,Invertivore
AVIBASE-E5453199,53.18333,0.0,1400.0,1400.0,Forest,Carnivore,CV,No,Invertivore
AVIBASE-80DFB0BE,38.88333,0.0,1070.0,1070.0,Forest,Carnivore,,No,Invertivore
AVIBASE-F663214E,56.75,300.0,1000.0,1300.0,Forest,Carnivore,,No,Invertivore
AVIBASE-B8B765D8,92.5,250.0,2150.0,2400.0,Forest,Carnivore,CV,No,Invertivore
AVIBASE-09E4B98C,117.5,1500.0,1700.0,3200.0,Forest,Carnivore,,No,Invertivore
AVIBASE-83AB5D3D,123.375,1800.0,1200.0,3000.0,Forest,Carnivore,CV,No,Invertivore
AVIBASE-020537E1,163.33333,0.0,700.0,700.0,Forest,Herbivore,CV,No,Frugivore
AVIBASE-BD445FFB,188.0,1200.0,1900.0,3100.0,Forest,Herbivore,,No,Frugivore
AVIBASE-1F414281,195.66667,1000.0,2300.0,3300.0,Forest,Herbivore,CV,No,Frugivore
AVIBASE-A3896AE9,160.0,900.0,1600.0,2500.0,Forest,Herbivore,CV,No,Frugivore
AVIBASE-A968CFA7,160.75,1200.0,1800.0,3000.0,Forest,Herbivore,CV,No,Frugivore
AVIBASE-0FB04758,59.21667,0.0,2000.0,2000.0,Forest,Omnivore,CV,No,Omnivore
AVIBASE-D0BAA2BA,74.1,300.0,2700.0,3000.0,Forest,Carnivore,CV,No,Invertivore
AVIBASE-9DFCC417,130.0,90.0,1270.0,1360.0,Forest,Herbivore,CV,No,Frugivore
AVIBASE-E676EACD,147.8,0.0,1400.0,1400.0,Forest,Herbivore,CV,No,Frugivore
AVIBASE-8E5824B0,113.0,0.0,1800.0,1800.0,Forest,Herbivore,,No,Frugivore
AVIBASE-4A2E1DFB,102.33333,0.0,1000.0,1000.0,Forest,Herbivore,,No,Frugivore
AVIBASE-2CC8DFAA,87.0,0.0,1000.0,1000.0,Forest,Herbivore,CV,No,Frugivore
AVIBASE-9EE5B7C0,81.28333,0.0,600.0,600.0,Woodland,Carnivore,CV,No,Invertivore
AVIBASE-48014ECD,78.5,0.0,1000.0,1000.0,Woodland,Omnivore,,No,Omnivore
AVIBASE-D2C4BCF9,88.0,0.0,1000.0,1000.0,Forest,Herbivore,,No,Frugivore
AVIBASE-8FEE6F95,94.35,0.0,1200.0,1200.0,Forest,Herbivore,CV,No,Frugivore
AVIBASE-BA2F0BFD,89.25,0.0,1300.0,1300.0,Forest,Herbivore,CV,No,Frugivore
AVIBASE-94E42A23,47.5,0.0,1400.0,1400.0,Forest,Herbivore,,No,Frugivore
AVIBASE-09B20241,47.0,0.0,500.0,500.0,Forest,Herbivore,,No,Frugivore
AVIBASE-09B20241,49.0,0.0,1200.0,1200.0,Forest,Herbivore,,No,Frugivore
AVIBASE-706C5A16,52.0,0.0,1750.0,1750.0,Forest,Carnivore,CV,No,Invertivore
AVIBASE-8F2D3109,67.15,0.0,2000.0,2000.0,Forest,Carnivore,CV,No,Invertivore
AVIBASE-899C70E6,73.0,0.0,1550.0,1550.0,Forest,Carnivore,,No,Invertivore
AVIBASE-A70C6C93,54.13333,0.0,1370.0,1370.0,Forest,Carnivore,CV,No,Invertivore
AVIBASE-525CCA55,,0.0,1100.0,1100.0,Forest,Carnivore,CV,No,Invertivore
AVIBASE-EB24DFEE,54.5,0.0,900.0,900.0,Forest,Carnivore,CV,No,Invertivore
AVIBASE-93C2E7E6,56.91667,0.0,500.0,500.0,Forest,Carnivore,CV,No,Invertivore
AVIBASE-C5BEA9D9,68.46667,0.0,2400.0,2400.0,Woodland,Herbivore,CV,No,Frugivore
AVIBASE-CD220856,69.3,500.0,2000.0,2500.0,Woodland,Herbivore,"CV,O",No,Frugivore
AVIBASE-5792B7B2,73.25,800.0,2700.0,3500.0,Forest,Carnivore,CV,No,Invertivore
AVIBASE-A1458984,58.56,700.0,1700.0,2400.0,Forest,Omnivore,CV,No,Omnivore
AVIBASE-DEF06688,66.0,700.0,2900.0,3600.0,Forest,Omnivore,CV,No,Omnivore
AVIBASE-FA2F9125,65.5,0.0,4400.0,4400.0,Grassland,Carnivore,CV,No,Invertivore
AVIBASE-B4EA6FB2,71.91667,0.0,1500.0,1500.0,Shrubland,Carnivore,,No,Invertivore
AVIBASE-3EC85674,,,,,Forest,Carnivore,,Yes,Invertivore
AVIBASE-8CC7216A,24.5,0.0,1500.0,1500.0,Forest,Carnivore,CV,No,Invertivore
AVIBASE-D1FFB474,56.5,0.0,3200.0,3200.0,Forest,Carnivore,CV,No,Invertivore
AVIBASE-28CACA8F,70.0,0.0,2000.0,2000.0,Woodland,Carnivore,CV,No,Invertivore
AVIBASE-68A80086,26.5,0.0,2120.0,2120.0,Shrubland,Carnivore,CV,No,Invertivore
AVIBASE-76FAC9A5,81.66667,0.0,1500.0,1500.0,Shrubland,Carnivore,CV,No,Invertivore
AVIBASE-9C69D0FD,26.5,0.0,2000.0,2000.0,Grassland,Carnivore,CV,No,Invertivore
AVIBASE-B0DD1318,29.9,0.0,2150.0,2150.0,Grassland,Carnivore,CV,No,Invertivore
AVIBASE-46847C50,25.5,0.0,2000.0,2000.0,Grassland,Carnivore,CV,No,Invertivore
AVIBASE-948ED65C,4000.0,0.0,3257.0,3257.0,Grassland,Carnivore,CV,No,Omnivore
AVIBASE-4192DE77,4112.25,0.0,3000.0,3000.0,Woodland,Carnivore,CV,No,Invertivore
AVIBASE-1A34CC23,151.0,,,,Grassland,Carnivore,,No,Invertivore
AVIBASE-1ADEF52B,165.0,,,,Woodland,Carnivore,"CV,O",No,Invertivore
AVIBASE-4C4AADAB,199.0,,,,Shrubland,Carnivore,,No,Invertivore
AVIBASE-73A7F4D0,157.5,0.0,2120.0,2120.0,Grassland,Carnivore,,No,Invertivore
AVIBASE-1A34CC23,137.5,0.0,2120.0,2120.0,Grassland,Carnivore,"CV,O",No,Invertivore
AVIBASE-C8898E88,327.5,0.0,500.0,500.0,Grassland,Omnivore,CV,No,Omnivore
AVIBASE-DE36D3BD,163.0,0.0,1530.0,1530.0,Grassland,Carnivore,CV,No,Omnivore
AVIBASE-427D7FD6,163.5,,,,Grassland,Carnivore,,No,Omnivore
AVIBASE-21A15CDE,188.25,,,,Grassland,Carnivore,CV,No,Invertivore
AVIBASE-3BCD9CB0,215.25,,,,Grassland,Carnivore,CV,No,Invertivore
AVIBASE-336CB959,227.8,,,1200.0,Woodland,Carnivore,CV,No,Invertivore
AVIBASE-1FDA0172,238.0,,,,Forest,Omnivore,CV,No,Omnivore
AVIBASE-89218876,238.0,0.0,900.0,900.0,Forest,Omnivore,CV,No,Omnivore
AVIBASE-4B8F7AF5,263.25,0.0,1300.0,1300.0,Forest,Omnivore,CV,No,Omnivore
AVIBASE-6D72B23C,297.0,0.0,4300.0,4300.0,Riverine,Carnivore,CV,No,Invertivore
AVIBASE-0CCD664D,202.0,0.0,1500.0,1500.0,Woodland,Carnivore,CV,No,Invertivore
AVIBASE-53D72911,105.5,0.0,800.0,800.0,Forest,Carnivore,CV,No,Invertivore
AVIBASE-235F0000,240.0,0.0,1000.0,1000.0,Woodland,Carnivore,CV,No,Invertivore
AVIBASE-EB23C9C9,521.5,0.0,600.0,600.0,Forest,Herbivore,CV,No,Frugivore
AVIBASE-BC28FF7B,514.66667,0.0,1400.0,1400.0,Forest,Herbivore,,No,Frugivore
AVIBASE-3A4D2B44,667.5,0.0,2200.0,2200.0,Forest,Herbivore,CV,No,Frugivore
AVIBASE-F03111B9,921.0,0.0,1000.0,1000.0,Forest,Herbivore,CV,No,Frugivore
AVIBASE-2F7DCF91,1140.5,0.0,1150.0,1150.0,Forest,Herbivore,CV,No,Frugivore
AVIBASE-02428AC1,1213.25,0.0,2600.0,2600.0,Forest,Herbivore,CV,No,Frugivore
AVIBASE-5350D0E8,1291.25,0.0,2600.0,2600.0,Forest,Herbivore,CV,No,Frugivore
AVIBASE-C05BF908,1189.5,0.0,1500.0,1500.0,Forest,Herbivore,CV,No,Frugivore
AVIBASE-CBC236C2,1866.66667,0.0,1000.0,1000.0,Forest,Herbivore,CV,No,Frugivore
AVIBASE-66D85117,105.0,0.0,1000.0,1000.0,Forest,Carnivore,CV,No,Invertivore
AVIBASE-23FEF54E,106.0,0.0,910.0,910.0,Forest,Carnivore,CV,No,Invertivore
AVIBASE-8009A6BC,289.5,0.0,1200.0,1200.0,Forest,Carnivore,CV,No,Invertivore
AVIBASE-EBFEDFB3,277.75,0.0,1500.0,1500.0,Forest,Carnivore,CV,No,Invertivore
AVIBASE-89BFB892,1360.0,0.0,900.0,900.0,Forest,Carnivore,,No,Omnivore
AVIBASE-0D3D9303,2448.75,0.0,1400.0,1400.0,Forest,Herbivore,CV,No,Frugivore
AVIBASE-A9D587B9,2876.25,0.0,2000.0,2000.0,Forest,Herbivore,CV,No,Frugivore
AVIBASE-C09BECA9,1824.0,0.0,400.0,400.0,Forest,Herbivore,CV,No,Frugivore
AVIBASE-45336347,1379.0,0.0,400.0,400.0,Forest,Herbivore,CV,No,Frugivore
AVIBASE-88CDFD67,2836.66667,0.0,1100.0,1100.0,Forest,Herbivore,CV,No,Frugivore
AVIBASE-87269308,700.33333,0.0,900.0,900.0,Forest,Herbivore,CV,No,Frugivore
AVIBASE-082CFEA6,758.25,0.0,700.0,700.0,Forest,Herbivore,CV,No,Frugivore
AVIBASE-079BC769,796.25,100.0,500.0,600.0,Forest,Herbivore,CV,No,Frugivore
AVIBASE-C2775FA0,671.0,,,,Forest,Herbivore,,No,Frugivore
AVIBASE-6DC62BCF,1050.0,0.0,200.0,200.0,Forest,Herbivore,CV,No,Frugivore
AVIBASE-2BE24F91,289.0,600.0,1000.0,1600.0,Forest,Herbivore,CV,No,Frugivore
AVIBASE-51D20ACB,238.0,0.0,1200.0,1200.0,Forest,Herbivore,CV,No,Frugivore
AVIBASE-FD5AD57F,375.0,,,,Woodland,Herbivore,CV,No,Frugivore
AVIBASE-8454CE68,811.5,500.0,1000.0,1500.0,Forest,Herbivore,CV,No,Frugivore
AVIBASE-71A029B9,933.0,500.0,1300.0,1800.0,Forest,Herbivore,CV,No,Frugivore
AVIBASE-1FD5EBCD,1190.5,0.0,750.0,750.0,Forest,Herbivore,CV,No,Frugivore
AVIBASE-01391B1A,2385.0,600.0,1200.0,1800.0,Forest,Herbivore,CV,No,Frugivore
AVIBASE-524408DF,1660.0,0.0,1500.0,1500.0,Forest,Herbivore,CV,No,Frugivore
AVIBASE-E3E8456E,623.5,0.0,750.0,750.0,Forest,Herbivore,CV,No,Frugivore
AVIBASE-3C98DDBC,2343.75,0.0,2560.0,2560.0,Forest,Herbivore,CV,No,Frugivore
AVIBASE-CDBB9B38,975.5,0.0,950.0,950.0,Forest,Herbivore,CV,No,Frugivore
AVIBASE-FAA31B81,2042.5,,,1000.0,Forest,Herbivore,CV,No,Frugivore
AVIBASE-A535F76B,2430.0,0.0,1100.0,1100.0,Forest,Herbivore,CV,No,Frugivore
AVIBASE-522A2DFD,947.0,0.0,1200.0,1200.0,Forest,Herbivore,CV,No,Frugivore
AVIBASE-400BE12E,1153.5,300.0,200.0,500.0,Forest,Herbivore,,No,Frugivore
AVIBASE-C0BD105F,370.0,0.0,650.0,650.0,Forest,Herbivore,CV,No,Frugivore
AVIBASE-9C62A324,1590.0,0.0,30.0,30.0,Forest,Herbivore,CV,No,Frugivore
AVIBASE-FB6FE713,454.75,0.0,900.0,900.0,Forest,Herbivore,CV,No,Frugivore
AVIBASE-ED3D5F4C,462.5,0.0,1000.0,1000.0,Forest,Herbivore,,No,Frugivore
AVIBASE-12D638FA,479.575,0.0,900.0,900.0,Forest,Omnivore,,No,Omnivore
AVIBASE-A6F198A6,469.2375,0.0,750.0,750.0,Forest,Omnivore,,No,Omnivore
AVIBASE-56D5A470,471.5,0.0,1050.0,1050.0,Forest,Herbivore,CV,No,Frugivore
AVIBASE-2624054E,162.5,0.0,1300.0,1300.0,Woodland,Carnivore,CV,No,Invertivore
AVIBASE-4F404CB9,161.66667,,,1500.0,Human Modified,Carnivore,CV,No,Invertivore
AVIBASE-959FEC0D,156.0,0.0,2200.0,2200.0,Woodland,Carnivore,,No,Invertivore
AVIBASE-B8895D02,154.0,0.0,1150.0,1150.0,Woodland,Carnivore,CV,No,Invertivore
AVIBASE-BB456342,93.0,0.0,1800.0,1800.0,Woodland,Carnivore,CV,No,Invertivore
AVIBASE-9E9B6EF9,100.5,0.0,1700.0,1700.0,Woodland,Carnivore,CV,No,Invertivore
AVIBASE-E7C7EE3A,119.75,0.0,2430.0,2430.0,Shrubland,Carnivore,CV,No,Invertivore
AVIBASE-7451A628,141.83333,0.0,3100.0,3100.0,Woodland,Carnivore,CV,No,Invertivore
AVIBASE-306C892E,139.66667,0.0,500.0,500.0,Woodland,Carnivore,CV,No,Invertivore
AVIBASE-8FFDE282,97.91667,,,1600.0,Forest,Carnivore,CV,No,Invertivore
AVIBASE-4F01F416,117.16667,0.0,2200.0,2200.0,Woodland,Carnivore,CV,No,Invertivore
AVIBASE-924BAB9C,153.38333,0.0,800.0,800.0,Woodland,Carnivore,CV,No,Invertivore
AVIBASE-7852EFAE,,0.0,600.0,600.0,Forest,Carnivore,,No,Invertivore
AVIBASE-E86394DA,177.75,0.0,1500.0,1500.0,Forest,Carnivore,CV,No,Invertivore
AVIBASE-7821A1F0,146.875,0.0,600.0,600.0,Forest,Carnivore,BU,No,Invertivore
AVIBASE-D5C06D94,92.58333,800.0,800.0,1600.0,Forest,Carnivore,BU,No,Invertivore
AVIBASE-9D600C9B,78.75,1250.0,500.0,1750.0,Forest,Carnivore,BU,No,Invertivore
AVIBASE-88D07E4B,,0.0,100.0,100.0,Shrubland,Carnivore,BU,No,Invertivore
AVIBASE-26AD22E0,150.0,0.0,1100.0,1100.0,Forest,Carnivore,CV,No,Invertivore
AVIBASE-4C744DC4,,0.0,1300.0,1300.0,Forest,Carnivore,,No,Invertivore
AVIBASE-C0B45D6E,105.0,900.0,1100.0,2000.0,Forest,Carnivore,BU,No,Invertivore
AVIBASE-97D9D953,187.5,900.0,200.0,1100.0,Forest,Carnivore,BU,No,Invertivore
AVIBASE-0FDF970A,95.0,0.0,1200.0,1200.0,Forest,Carnivore,BU,No,Invertivore
AVIBASE-171AA689,121.25,1000.0,1400.0,2400.0,Forest,Carnivore,,No,Invertivore
AVIBASE-4A150CE8,75.2,0.0,1200.0,1200.0,Forest,Carnivore,BU,No,Invertivore
AVIBASE-EC72DAC4,99.0,0.0,700.0,700.0,Forest,Carnivore,CV,No,Invertivore
AVIBASE-7082A89B,47.525,0.0,1000.0,1000.0,Forest,Carnivore,"BU,CV",No,Invertivore
AVIBASE-8F8E7160,50.0,0.0,1700.0,1700.0,Forest,Carnivore,,No,Invertivore
AVIBASE-76D3DC48,60.83333,0.0,300.0,300.0,Forest,Carnivore,CV,No,Invertivore
AVIBASE-4D4F15A4,,0.0,65.0,65.0,Forest,Carnivore,,No,Invertivore
AVIBASE-90BFFCDA,64.875,0.0,300.0,300.0,Forest,Carnivore,,No,Invertivore
AVIBASE-88BC28F6,,0.0,180.0,180.0,Forest,Carnivore,,No,Invertivore
AVIBASE-A82E59C9,33.0,0.0,300.0,300.0,Forest,Carnivore,,No,Invertivore
AVIBASE-44A15B3E,51.0,0.0,900.0,900.0,Forest,Carnivore,,No,Invertivore
AVIBASE-72AD1390,53.9,0.0,500.0,500.0,Forest,Carnivore,CV,No,Invertivore
AVIBASE-9EC3410C,53.66667,0.0,900.0,900.0,Forest,Carnivore,,No,Invertivore
AVIBASE-1FA5EA12,43.75,500.0,500.0,1000.0,Forest,Carnivore,,No,Invertivore
AVIBASE-DE53CCF7,,0.0,1000.0,1000.0,Forest,Carnivore,BU,No,Invertivore
AVIBASE-E9901CE9,,0.0,1000.0,1000.0,Forest,Carnivore,,No,Invertivore
AVIBASE-CCA68E33,275.5,0.0,2400.0,2400.0,Forest,Carnivore,,No,Invertivore
AVIBASE-5B365DF7,146.5,0.0,500.0,500.0,Woodland,Carnivore,BU,No,Invertivore
AVIBASE-8AA36DB0,144.4,0.0,500.0,500.0,Forest,Carnivore,BU,No,Invertivore
AVIBASE-94AF4A47,325.25,0.0,1000.0,1000.0,Forest,Carnivore,CV,No,Invertivore
AVIBASE-6F0C3A53,309.25,0.0,600.0,600.0,Woodland,Carnivore,"BU,CV",No,Omnivore
AVIBASE-E96B0BA9,,0.0,1700.0,1700.0,Forest,Carnivore,BU,No,Invertivore
AVIBASE-2B0E883A,182.5,0.0,1200.0,1200.0,Riverine,Carnivore,BU,No,Aquatic predator
AVIBASE-7CF2B1F8,193.5,0.0,600.0,600.0,Coastal,Carnivore,,No,Invertivore
AVIBASE-19C28D92,162.0,0.0,50.0,50.0,Coastal,Carnivore,BU,No,Invertivore
AVIBASE-6647508A,76.76667,0.0,1800.0,1800.0,Forest,Carnivore,"BU,CV",No,Omnivore
AVIBASE-B30B6781,89.7,0.0,2300.0,2300.0,Human Modified,Carnivore,"BU,CV",No,Invertivore
AVIBASE-8B9E43C7,91.91667,0.0,1000.0,1000.0,Riverine,Carnivore,,No,Omnivore
AVIBASE-E4948338,93.0,0.0,1500.0,1500.0,Human Modified,Carnivore,BU,No,Invertivore
AVIBASE-BD366A8F,57.08333,0.0,1500.0,1500.0,Forest,Carnivore,BU,No,Invertivore
AVIBASE-6B292CA0,79.0,0.0,1525.0,1525.0,Woodland,Carnivore,BU,No,Invertivore
AVIBASE-178B6892,45.0,0.0,2400.0,2400.0,Woodland,Carnivore,BU,No,Invertivore
AVIBASE-C5D3CB2A,53.83333,0.0,1800.0,1800.0,Woodland,Carnivore,BU,No,Invertivore
AVIBASE-AB51824B,41.16667,0.0,2300.0,2300.0,Woodland,Carnivore,CV,No,Invertivore
AVIBASE-0D8BDD35,88.33333,0.0,1800.0,1800.0,Forest,Carnivore,,No,Invertivore
AVIBASE-47E71671,61.16667,0.0,1500.0,1500.0,Woodland,Carnivore,"CV,O",No,Invertivore
AVIBASE-1F360691,61.5,0.0,,,Riverine,Carnivore,"BU,CV,O",No,Invertivore
AVIBASE-67C46F57,54.25,0.0,600.0,600.0,Forest,Carnivore,,No,Omnivore
AVIBASE-E482C372,67.65,0.0,750.0,750.0,Forest,Carnivore,,No,Invertivore
AVIBASE-06CB752D,48.25,0.0,700.0,700.0,Woodland,Carnivore,,No,Invertivore
AVIBASE-6E12BE50,,0.0,640.0,640.0,Forest,Carnivore,,No,Invertivore
AVIBASE-31B7FC11,36.68333,0.0,1700.0,1700.0,Riverine,Carnivore,CV,No,Invertivore
AVIBASE-9487A526,32.0,0.0,1000.0,1000.0,Forest,Carnivore,CV,No,Invertivore
AVIBASE-37921A66,47.5,0.0,2000.0,2000.0,Forest,Carnivore,CV,No,Invertivore
AVIBASE-5EB42312,38.08333,0.0,700.0,700.0,Forest,Carnivore,CV,No,Invertivore
AVIBASE-66629E0A,,0.0,100.0,100.0,Forest,Carnivore,,No,Invertivore
AVIBASE-9654527A,68.91667,0.0,1500.0,1500.0,Coastal,Carnivore,"BU,CV",No,Invertivore
AVIBASE-B8CCA6C7,79.0,,,,Coastal,Carnivore,"CV,O",No,Invertivore
AVIBASE-209FFC49,45.25,,,,Coastal,Carnivore,"CV,O",No,Invertivore
AVIBASE-1776C220,80.675,,,,Coastal,Carnivore,"CV,O",No,Invertivore
AVIBASE-6A71A113,40.8,,,,Coastal,Carnivore,"CV,O",No,Invertivore
AVIBASE-65BDC7D8,52.675,,,,Coastal,Carnivore,"CV,O",No,Invertivore
AVIBASE-90668FE7,,0.0,500.0,500.0,Forest,Carnivore,,No,Invertivore
AVIBASE-4D9CF8EC,62.03333,0.0,,,Forest,Carnivore,CV,No,Invertivore
AVIBASE-2C302D27,58.4,0.0,140.0,140.0,Forest,Carnivore,CV,No,Invertivore
AVIBASE-18B6E8CF,64.25,0.0,,,Forest,Carnivore,SP,No,Invertivore
AVIBASE-4B4D37C8,123.66667,0.0,500.0,500.0,Coastal,Carnivore,CV,No,Omnivore
AVIBASE-D3BC0A03,45.0,0.0,1000.0,1000.0,Woodland,Carnivore,"BU,CV",No,Invertivore
AVIBASE-5AAAB4E4,47.83333,,,1200.0,Woodland,Carnivore,,No,Invertivore
AVIBASE-F9D8B10D,44.4,0.0,700.0,700.0,Forest,Carnivore,,No,Invertivore
AVIBASE-60C7E118,43.0,,,,Forest,Carnivore,CV,No,Invertivore
AVIBASE-398E3D2F,53.35,0.0,1300.0,1300.0,Forest,Carnivore,CV,No,Invertivore
AVIBASE-53C9EF2B,50.5,0.0,1700.0,1700.0,Forest,Carnivore,CV,No,Invertivore
AVIBASE-270BB45F,,0.0,300.0,300.0,Forest,Carnivore,CV,No,Invertivore
AVIBASE-5709225C,39.0,,,,Forest,Carnivore,CV,No,Invertivore
AVIBASE-5709225C,,,,,Woodland,Carnivore,,No,Invertivore
AVIBASE-ED3D4981,45.0,,,,Forest,Carnivore,CV,No,Invertivore
AVIBASE-F103AAE1,54.83333,0.0,1000.0,1000.0,Woodland,Carnivore,"BU,CV",No,Invertivore
AVIBASE-E274D1BF,40.34,0.0,500.0,500.0,Forest,Carnivore,CV,No,Invertivore
AVIBASE-A61FDDF3,56.0,1200.0,1000.0,2200.0,Forest,Carnivore,"BU,CV",No,Invertivore
AVIBASE-9BE54916,10.0,0.0,500.0,500.0,Forest,Carnivore,BU,No,Invertivore
AVIBASE-C0998BB9,12.6,0.0,1000.0,1000.0,Forest,Carnivore,BU,No,Invertivore
AVIBASE-EDF78342,19.0,0.0,1500.0,1500.0,Shrubland,Carnivore,BU,No,Vertivore
AVIBASE-4F94B89C,14.375,0.0,1800.0,1800.0,Forest,Carnivore,BU,No,Omnivore
AVIBASE-12EA0D5A,15.72,0.0,3000.0,3000.0,Wetland,Carnivore,BU,No,Aquatic predator
AVIBASE-0759A4FB,15.0,0.0,,,Grassland,Carnivore,,No,Invertivore
AVIBASE-95031C69,20.0,0.0,1250.0,1250.0,Riverine,Carnivore,,No,Aquatic predator
AVIBASE-FEBCB5F6,19.41667,0.0,1800.0,1800.0,Riverine,Carnivore,BU,No,Omnivore
AVIBASE-8999E4A9,,0.0,800.0,800.0,Riverine,Carnivore,BU,No,Invertivore
AVIBASE-9C5F80D9,43.68333,0.0,1400.0,1400.0,Riverine,Carnivore,,No,Aquatic predator
AVIBASE-64A8A820,,0.0,100.0,100.0,Riverine,Carnivore,BU,No,Aquatic predator
AVIBASE-A376DE65,34.75,0.0,1800.0,1800.0,Wetland,Carnivore,BU,No,Aquatic predator
AVIBASE-39629250,23.5,0.0,1000.0,1000.0,Riverine,Carnivore,BU,No,Aquatic predator
AVIBASE-9505E03D,31.0,0.0,,,Riverine,Carnivore,BU,No,Aquatic predator
AVIBASE-F9F5CAB0,45.5,0.0,2200.0,2200.0,Riverine,Carnivore,BU,No,Aquatic predator
AVIBASE-56A1C8E5,62.5,400.0,600.0,1000.0,Riverine,Carnivore,BU,No,Aquatic predator
AVIBASE-318C3891,17.03333,0.0,900.0,900.0,Forest,Carnivore,BU,No,Omnivore
AVIBASE-2F51076C,17.03333,0.0,1300.0,1300.0,Forest,Carnivore,"BU,M",No,Invertivore
AVIBASE-F0EEF2F8,20.15,0.0,750.0,750.0,Forest,Carnivore,,No,Invertivore
AVIBASE-F76B8DCB,23.0,0.0,750.0,750.0,Forest,Carnivore,,No,Invertivore
AVIBASE-0C0CF67B,18.0,0.0,600.0,600.0,Forest,Carnivore,,No,Invertivore
AVIBASE-E7EB8D33,18.0,0.0,600.0,600.0,Forest,Carnivore,BU,No,Invertivore
AVIBASE-6B0BA4BA,16.6,0.0,1300.0,1300.0,Forest,Carnivore,BU,No,Invertivore
AVIBASE-B797E63F,20.03333,0.0,1000.0,1000.0,Forest,Carnivore,,No,Omnivore
AVIBASE-FE1C0F07,19.0,0.0,500.0,500.0,Forest,Carnivore,,No,Invertivore
AVIBASE-1761DCEB,19.4,0.0,1300.0,1300.0,Forest,Carnivore,,No,Omnivore
AVIBASE-72DE8F42,16.5,0.0,1200.0,1200.0,Forest,Carnivore,,No,Invertivore
AVIBASE-55DAB8DF,20.0,0.0,718.0,718.0,Forest,Carnivore,,No,Invertivore
AVIBASE-629FB560,18.3,0.0,1300.0,1300.0,Forest,Carnivore,,No,Invertivore
AVIBASE-EB20184F,19.56,0.0,1300.0,1300.0,Forest,Carnivore,,No,Invertivore
AVIBASE-86EF27C1,16.225,0.0,1070.0,1070.0,Forest,Carnivore,,No,Invertivore
AVIBASE-416A62A1,21.45,0.0,1100.0,1100.0,Forest,Carnivore,,No,Omnivore
AVIBASE-DF39D0E1,18.84,0.0,1320.0,1320.0,Forest,Carnivore,,No,Invertivore
AVIBASE-1F293B90,25.96667,0.0,900.0,900.0,Forest,Carnivore,,No,Invertivore
AVIBASE-67DF541C,19.0,0.0,1500.0,1500.0,Riverine,Carnivore,BU,No,Omnivore
AVIBASE-617B96C7,,0.0,1000.0,1000.0,Riverine,Carnivore,,No,Omnivore
AVIBASE-FEA93A09,22.21667,0.0,1000.0,1000.0,Riverine,Carnivore,,No,Omnivore
AVIBASE-5514B980,17.75,0.0,750.0,750.0,Riverine,Carnivore,,No,Omnivore
AVIBASE-AC4118FA,31.83333,0.0,1520.0,1520.0,Wetland,Carnivore,BU,No,Aquatic predator
AVIBASE-8ADDDF42,59.33333,0.0,250.0,250.0,Riverine,Carnivore,,No,Omnivore
AVIBASE-9F840FEA,12.5,0.0,750.0,750.0,Coastal,Carnivore,"BU,CV",No,Omnivore
AVIBASE-331DC00B,121.0,0.0,1200.0,1200.0,Riverine,Carnivore,BU,No,Omnivore
AVIBASE-A08C5C06,13.98333,0.0,2600.0,2600.0,Riverine,Carnivore,BU,No,Omnivore
AVIBASE-ED7D6741,32.9,0.0,2100.0,2100.0,Riverine,Carnivore,BU,No,Aquatic predator
AVIBASE-5900955B,53.6,0.0,400.0,400.0,Riverine,Carnivore,BU,No,Aquatic predator
AVIBASE-BE8DC16C,263.83333,0.0,2800.0,2800.0,Riverine,Carnivore,BU,No,Omnivore
AVIBASE-F51C1C4A,335.16667,0.0,1600.0,1600.0,Riverine,Carnivore,BU,No,Aquatic predator
AVIBASE-5EFB075F,323.0,0.0,1500.0,1500.0,Wetland,Carnivore,BU,No,Aquatic predator
AVIBASE-3558066B,157.0,0.0,2750.0,2750.0,Riverine,Carnivore,BU,No,Aquatic predator
AVIBASE-8205077F,87.25,0.0,2500.0,2500.0,Wetland,Carnivore,BU,No,Aquatic predator
AVIBASE-6C2B1135,6.4,0.0,2400.0,2400.0,Woodland,Carnivore,BU,No,Invertivore
AVIBASE-DC4EA5F1,9.0,0.0,1700.0,1700.0,Shrubland,Carnivore,BU,No,Invertivore
AVIBASE-293EAE9A,7.75,900.0,1500.0,2400.0,Forest,Carnivore,BU,No,Invertivore
AVIBASE-F9828C2A,6.35,0.0,1500.0,1500.0,Forest,Carnivore,BU,No,Invertivore
AVIBASE-BB5B94D9,6.16667,0.0,900.0,900.0,Forest,Carnivore,BU,No,Invertivore
AVIBASE-64360684,28.88333,0.0,1850.0,1850.0,Forest,Carnivore,BU,No,Invertivore
AVIBASE-720774A8,65.5,1300.0,1700.0,3000.0,Forest,Carnivore,BU,No,Invertivore
AVIBASE-16892443,84.5,0.0,1800.0,1800.0,Woodland,Carnivore,BU,No,Invertivore
AVIBASE-BB7A884C,120.425,0.0,2150.0,2150.0,Forest,Carnivore,BU,No,Invertivore
AVIBASE-AAADA063,112.5,0.0,2150.0,2150.0,Forest,Carnivore,BU,No,Invertivore
AVIBASE-0DB8CE98,99.5,0.0,1300.0,1300.0,Forest,Carnivore,,No,Invertivore
AVIBASE-77D63A85,112.4,0.0,600.0,600.0,Forest,Carnivore,BU,No,Invertivore
AVIBASE-7CE7EB2F,125.0,0.0,1200.0,1200.0,Forest,Carnivore,BU,No,Invertivore
AVIBASE-6CAC15FB,162.5,1000.0,2100.0,3100.0,Forest,Carnivore,,No,Invertivore
AVIBASE-435AB47D,175.0,0.0,1400.0,1400.0,Forest,Omnivore,BU,No,Omnivore
AVIBASE-C2966A66,137.33333,0.0,1200.0,1200.0,Forest,Carnivore,BU,No,Invertivore
AVIBASE-A8FEEA01,65.0,0.0,1555.0,1555.0,Forest,Carnivore,BU,No,Invertivore
AVIBASE-87A54177,67.5,0.0,1100.0,1100.0,Forest,Carnivore,BU,No,Invertivore
AVIBASE-8564E262,62.8,0.0,1400.0,1400.0,Woodland,Carnivore,BU,No,Invertivore
AVIBASE-793BF787,72.75,0.0,1500.0,1500.0,Forest,Carnivore,BU,No,Invertivore
AVIBASE-5C15B5FC,84.75,0.0,1600.0,1600.0,Forest,Carnivore,BU,No,Invertivore
AVIBASE-34E92BE0,,0.0,1850.0,1850.0,Forest,Carnivore,BU,No,Invertivore
AVIBASE-4A34E9CE,50.0,,,,Forest,Carnivore,BU,No,Invertivore
AVIBASE-72CAA64D,22.8,0.0,1200.0,1200.0,Forest,Carnivore,BU,No,Invertivore
AVIBASE-51ADCEDC,23.7,0.0,1200.0,1200.0,Forest,Carnivore,BU,No,Invertivore
AVIBASE-3B472CF5,28.0,0.0,1000.0,1000.0,Forest,Carnivore,BU,No,Invertivore
AVIBASE-910E6D86,23.5,,,,Woodland,Carnivore,BU,No,Invertivore
AVIBASE-C0A68CA0,15.8,,,,Grassland,Carnivore,BU,No,Invertivore
AVIBASE-A90C512F,22.78,0.0,2400.0,2400.0,Shrubland,Carnivore,BU,No,Invertivore
AVIBASE-D0C68FE0,23.95,1000.0,2200.0,3200.0,Woodland,Carnivore,BU,No,Invertivore
AVIBASE-B85B93BB,26.16667,1800.0,500.0,2300.0,Shrubland,Carnivore,BU,No,Invertivore
AVIBASE-E6DC5DA1,24.5,,,,Grassland,Carnivore,BU,No,Invertivore
AVIBASE-38507A80,33.0,,,,Woodland,Carnivore,BU,No,Invertivore
AVIBASE-AFA39D5A,13.0,0.0,,,Shrubland,Carnivore,BU,No,Invertivore
AVIBASE-03C4A0C9,26.0,0.0,1600.0,1600.0,Grassland,Carnivore,BU,No,Invertivore
AVIBASE-30238523,17.2,50.0,1550.0,1600.0,Shrubland,Carnivore,BU,No,Invertivore
AVIBASE-0AAA530E,13.33333,0.0,1250.0,1250.0,Woodland,Carnivore,BU,No,Invertivore
AVIBASE-681DC913,17.5,0.0,2800.0,2800.0,Desert,Carnivore,BU,No,Invertivore
AVIBASE-759AD1FB,20.5,0.0,1600.0,1600.0,Woodland,Carnivore,BU,No,Invertivore
AVIBASE-6EE45113,47.5,0.0,1500.0,1500.0,Desert,Carnivore,BU,No,Invertivore
AVIBASE-AC89B8FF,40.0,0.0,1500.0,1500.0,Woodland,Carnivore,BU,No,Invertivore
AVIBASE-809951F0,36.0,0.0,,,Wetland,Carnivore,BU,No,Invertivore
AVIBASE-3EDF8B55,26.5,,,2100.0,Grassland,Carnivore,BU,No,Invertivore
AVIBASE-457420DA,36.7,0.0,800.0,800.0,Coastal,Carnivore,BU,No,Invertivore
AVIBASE-883932EE,36.3,0.0,670.0,670.0,Grassland,Carnivore,BU,No,Invertivore
AVIBASE-F8652F4F,28.0,0.0,800.0,800.0,Woodland,Carnivore,BU,No,Invertivore
AVIBASE-66AA3934,54.1,0.0,2400.0,2400.0,Riverine,Carnivore,BU,No,Invertivore
AVIBASE-32E6DB03,49.5,,,,Woodland,Carnivore,BU,No,Invertivore
AVIBASE-2125426A,46.5,0.0,,,Grassland,Carnivore,BU,No,Invertivore
AVIBASE-B34CB92A,59.75,0.0,2200.0,2200.0,Grassland,Carnivore,,No,Invertivore
AVIBASE-E3EC251C,46.25,,,500.0,Forest,Carnivore,CV,No,Invertivore
AVIBASE-46E97893,50.0,,,,Forest,Carnivore,CV,No,Invertivore
AVIBASE-26E37EC3,17.25,0.0,700.0,700.0,Forest,Carnivore,,No,Invertivore
AVIBASE-F3E3C721,17.0,0.0,1100.0,1100.0,Forest,Carnivore,CV,No,Invertivore
AVIBASE-8B22F11F,18.85,0.0,900.0,900.0,Forest,Carnivore,,No,Invertivore
AVIBASE-D4AF382C,17.4,,,600.0,Forest,Carnivore,BU,No,Invertivore
AVIBASE-4051B630,18.325,240.0,860.0,1100.0,Forest,Carnivore,BU,No,Invertivore
AVIBASE-CF872D1D,20.05,0.0,900.0,900.0,Forest,Carnivore,CV,No,Invertivore
AVIBASE-E5C2F0CF,19.9,0.0,600.0,600.0,Forest,Carnivore,,No,Invertivore
AVIBASE-36F7703C,23.5,0.0,900.0,900.0,Forest,Carnivore,CV,No,Invertivore
AVIBASE-2EE639E9,27.0,0.0,1300.0,1300.0,Forest,Carnivore,"BU,CV",No,Invertivore
AVIBASE-CC59842F,23.5,0.0,700.0,700.0,Forest,Carnivore,"BU,CV",No,Invertivore
AVIBASE-988D86DA,31.83333,750.0,750.0,1500.0,Forest,Carnivore,CV,No,Invertivore
AVIBASE-7E2D591F,22.2,,,1200.0,Forest,Carnivore,CV,No,Invertivore
AVIBASE-F5823411,24.0,,,1000.0,Forest,Carnivore,,No,Invertivore
AVIBASE-169A7FC9,24.56667,,,500.0,Forest,Carnivore,,No,Invertivore
AVIBASE-EB348872,16.5,0.0,900.0,900.0,Forest,Carnivore,CV,No,Invertivore
AVIBASE-FBD3D390,27.25,0.0,500.0,500.0,Forest,Carnivore,CV,No,Invertivore
AVIBASE-268D9909,66.5,0.0,600.0,600.0,Forest,Carnivore,CV,No,Invertivore
AVIBASE-6CC108F6,93.5,0.0,1200.0,1200.0,Forest,Carnivore,CV,No,Invertivore
AVIBASE-19CE1F0F,93.5,0.0,250.0,250.0,Forest,Carnivore,"BU,CV",No,Invertivore
AVIBASE-5D3D72E1,73.8,0.0,900.0,900.0,Forest,Carnivore,CV,No,Invertivore
AVIBASE-E2F43007,66.03333,0.0,1000.0,1000.0,Forest,Carnivore,CV,No,Invertivore
AVIBASE-6CA1819D,52.75,150.0,150.0,300.0,Forest,Carnivore,CV,No,Invertivore
AVIBASE-53879CD7,30.5,0.0,1000.0,1000.0,Forest,Carnivore,CV,No,Invertivore
AVIBASE-28CD5EBC,30.5,0.0,300.0,300.0,Forest,Carnivore,CV,No,Invertivore
AVIBASE-C22326DF,25.0,0.0,660.0,660.0,Forest,Carnivore,CV,No,Invertivore
AVIBASE-EE7CBD36,43.5,0.0,1400.0,1400.0,Forest,Carnivore,,No,Invertivore
AVIBASE-C10F8D95,38.9,0.0,100.0,100.0,Forest,Carnivore,CV,No,Invertivore
AVIBASE-6D419BE7,54.0,0.0,1700.0,1700.0,Forest,Carnivore,CV,No,Vertivore
AVIBASE-4B154EA6,61.0,0.0,900.0,900.0,Forest,Carnivore,BU,No,Invertivore
AVIBASE-10A76478,56.0,0.0,2200.0,2200.0,Woodland,Carnivore,CV,No,Invertivore
AVIBASE-012084A9,45.0,0.0,1700.0,1700.0,Forest,Carnivore,CV,No,Invertivore
AVIBASE-012084A9,45.0,,,1850.0,Forest,Carnivore,CV,No,Invertivore
AVIBASE-B591C29D,40.5,0.0,2000.0,2000.0,Shrubland,Carnivore,"CV,BU",No,Invertivore
AVIBASE-C98A8A1B,49.0,0.0,500.0,500.0,Shrubland,Carnivore,CV,No,Invertivore
AVIBASE-7E41141D,45.0,0.0,500.0,500.0,Grassland,Carnivore,CV,No,Invertivore
AVIBASE-289F54DE,43.0,0.0,2100.0,2100.0,Forest,Carnivore,BU,No,Invertivore
AVIBASE-F1599FFA,,,,,Forest,Carnivore,BU,No,Invertivore
AVIBASE-6D14FBBA,46.0,0.0,800.0,800.0,Forest,Carnivore,CV,No,Invertivore
AVIBASE-F767642A,44.0,0.0,1050.0,1050.0,Forest,Carnivore,,No,Invertivore
AVIBASE-0C9C7247,57.4,500.0,1800.0,2300.0,Forest,Carnivore,,No,Invertivore
AVIBASE-ECC19533,46.4,0.0,500.0,500.0,Forest,Carnivore,BU,No,Invertivore
AVIBASE-46451CCE,42.6,0.0,1200.0,1200.0,Forest,Carnivore,CV,No,Invertivore
AVIBASE-C1804C72,50.0,350.0,1750.0,2100.0,Forest,Carnivore,BU,No,Invertivore
AVIBASE-BF431930,20.5,300.0,1200.0,1500.0,Forest,Carnivore,CV,No,Invertivore
AVIBASE-5A555E8C,18.5,0.0,1000.0,1000.0,Forest,Carnivore,"CV,BU",No,Invertivore
AVIBASE-5452880D,17.21667,,,300.0,Forest,Carnivore,,No,Invertivore
AVIBASE-76D78C1C,22.25,,,400.0,Forest,Carnivore,DM,No,Invertivore
AVIBASE-DCC2CCEB,17.0,0.0,1000.0,1000.0,Forest,Carnivore,,No,Invertivore
AVIBASE-C6EC8B37,18.0,,,1650.0,Forest,Carnivore,,No,Invertivore
AVIBASE-77C2E107,15.5,,,,Forest,Carnivore,,No,Invertivore
AVIBASE-4DA23B0B,79.5,1500.0,1400.0,2900.0,Forest,Carnivore,CV,No,Invertivore
AVIBASE-AD7DEF16,89.0,0.0,1000.0,1000.0,Forest,Carnivore,CV,No,Invertivore
AVIBASE-BB158D41,83.0,0.0,1000.0,1000.0,Forest,Carnivore,BU,No,Invertivore
AVIBASE-567942CC,92.5,0.0,300.0,300.0,Forest,Carnivore,BU,No,Invertivore
AVIBASE-0C64158A,53.5,,,1400.0,Forest,Carnivore,,No,Invertivore
AVIBASE-B2B4CA58,35.25,0.0,1000.0,1000.0,Shrubland,Carnivore,CV,No,Invertivore
AVIBASE-0E2B41D8,60.5,,,600.0,Forest,Herbivore,,No,Frugivore
AVIBASE-6C140C83,70.75,950.0,550.0,1500.0,Forest,Herbivore,,No,Frugivore
AVIBASE-080577D1,73.33333,950.0,300.0,1250.0,Forest,Herbivore,,No,Frugivore
AVIBASE-CE90F9E3,53.26667,0.0,900.0,900.0,Forest,Herbivore,CV,No,Frugivore
AVIBASE-5A6490E2,60.0,0.0,800.0,800.0,Forest,Herbivore,CV,No,Frugivore
AVIBASE-9DA6DE60,70.94,700.0,900.0,1600.0,Forest,Herbivore,,No,Frugivore
AVIBASE-26159E52,64.25,50.0,500.0,550.0,Forest,Herbivore,CV,No,Frugivore
AVIBASE-61A82845,58.0,,,,Forest,Carnivore,,No,Invertivore
AVIBASE-59156D53,59.625,0.0,800.0,800.0,Forest,Herbivore,CV,No,Frugivore
AVIBASE-6F0D3DCD,62.25,,,1700.0,Forest,Herbivore,CV,No,Frugivore
AVIBASE-D05AA6D7,60.66667,0.0,350.0,350.0,Forest,Herbivore,"CV,O",No,Frugivore
AVIBASE-486D3B3F,34.0,,,1200.0,Forest,Herbivore,,No,Frugivore
AVIBASE-59B5D6C6,33.26667,,,1100.0,Forest,Herbivore,,No,Frugivore
AVIBASE-81825EC2,37.0,621.0,1329.0,1950.0,Forest,Herbivore,CV,No,Frugivore
AVIBASE-A07A0AB3,42.0,150.0,700.0,850.0,Riverine,Herbivore,CV,No,Frugivore
AVIBASE-0A0C8C98,33.5,1000.0,1000.0,2000.0,Forest,Herbivore,,No,Frugivore
AVIBASE-024383AA,34.0,1000.0,1000.0,2000.0,Forest,Herbivore,,No,Frugivore
AVIBASE-19039B03,33.5,1000.0,1000.0,2000.0,Forest,Herbivore,,No,Frugivore
AVIBASE-B27828B0,58.92,1125.0,1225.0,2350.0,Forest,Herbivore,CV,No,Frugivore
AVIBASE-0283EBE3,98.375,1000.0,1400.0,2400.0,Forest,Herbivore,CV,No,Frugivore
AVIBASE-D42641C0,665.83333,0.0,1750.0,1750.0,Riverine,Herbivore,CV,No,Frugivore
AVIBASE-7C99DFAB,661.25,800.0,1200.0,2000.0,Forest,Herbivore,CV,No,Frugivore
AVIBASE-F1C48E20,672.5,0.0,900.0,900.0,Forest,Herbivore,CV,No,Frugivore
AVIBASE-90D8DD5C,695.83333,0.0,900.0,900.0,Forest,Herbivore,CV,No,Frugivore
AVIBASE-6BACED1E,320.0,100.0,1400.0,1500.0,Forest,Herbivore,CV,No,Frugivore
AVIBASE-D332D1C1,423.5,0.0,1550.0,1550.0,Forest,Herbivore,,No,Frugivore
AVIBASE-BB0FBBA4,401.0,0.0,1500.0,1500.0,Forest,Herbivore,CV,No,Frugivore
AVIBASE-A56AC7CA,360.0,0.0,1700.0,1700.0,Forest,Herbivore,CV,No,Frugivore
AVIBASE-A7F57EE0,361.25,0.0,1700.0,1700.0,Forest,Herbivore,CV,No,Frugivore
AVIBASE-8163B64B,365.0,0.0,1700.0,1700.0,Forest,Herbivore,CV,No,Frugivore
AVIBASE-EBDA00ED,346.25,0.0,1000.0,1000.0,Forest,Herbivore,CV,No,Frugivore
AVIBASE-13435110,149.35,0.0,1550.0,1550.0,Forest,Herbivore,CV,No,Frugivore
AVIBASE-10FE38DF,136.0,0.0,800.0,800.0,Forest,Herbivore,CV,No,Frugivore
AVIBASE-B0B61550,116.75,0.0,500.0,500.0,Forest,Herbivore,CV,No,Frugivore
AVIBASE-45FA2A61,146.0,0.0,1000.0,1000.0,Forest,Herbivore,CV,No,Frugivore
AVIBASE-C98EC8FF,220.5,,,500.0,Forest,Herbivore,,No,Frugivore
AVIBASE-A65471BF,141.5,0.0,800.0,800.0,Forest,Herbivore,CV,No,Frugivore
AVIBASE-FC70352C,145.0,0.0,550.0,550.0,Forest,Herbivore,,No,Frugivore
AVIBASE-E8654FA3,146.66667,0.0,600.0,600.0,Forest,Herbivore,CV,No,Frugivore
AVIBASE-76642513,265.0,0.0,600.0,600.0,Forest,Herbivore,CV,No,Frugivore
AVIBASE-6D83E2D8,255.33333,0.0,750.0,750.0,Forest,Herbivore,,No,Frugivore
AVIBASE-D153FC18,247.16667,0.0,600.0,600.0,Forest,Herbivore,CV,No,Frugivore
AVIBASE-9230DF7D,252.5,0.0,1200.0,1200.0,Forest,Herbivore,CV,No,Frugivore
AVIBASE-542B4FCB,214.5,0.0,1300.0,1300.0,Forest,Herbivore,CV,No,Frugivore
AVIBASE-89DA438E,240.75,0.0,1100.0,1100.0,Forest,Herbivore,"CV,O",No,Frugivore
AVIBASE-897C1A75,275.0,0.0,1100.0,1100.0,Forest,Herbivore,CV,No,Frugivore
AVIBASE-2EF3405B,315.0,1300.0,1200.0,2500.0,Forest,Herbivore,CV,No,Frugivore
AVIBASE-64516AE0,369.5,1700.0,1000.0,2700.0,Forest,Herbivore,CV,No,Frugivore
AVIBASE-D5746888,310.0,2400.0,900.0,3300.0,Forest,Herbivore,,No,Frugivore
AVIBASE-B02554D8,312.66667,2200.0,1450.0,3650.0,Forest,Herbivore,,No,Frugivore
AVIBASE-ABE76F69,210.0,300.0,800.0,1100.0,Forest,Herbivore,,No,Frugivore
AVIBASE-92FB567F,146.5,0.0,600.0,600.0,Forest,Herbivore,CV,No,Frugivore
AVIBASE-82C29C2F,158.0,,,,Forest,Herbivore,,No,Frugivore
AVIBASE-CA8C2FBF,162.33333,,,1000.0,Forest,Herbivore,CV,No,Frugivore
AVIBASE-5A81652E,167.0,,,1000.0,Forest,Herbivore,CV,No,Frugivore
AVIBASE-F0C12CF9,164.5,0.0,1000.0,1000.0,Forest,Herbivore,CV,No,Frugivore
AVIBASE-39C1655E,165.25,0.0,800.0,800.0,Forest,Herbivore,,No,Frugivore
AVIBASE-8A785F55,176.6,550.0,2250.0,2800.0,Forest,Herbivore,CV,No,Frugivore
AVIBASE-B35771C7,186.66667,550.0,2250.0,2800.0,Forest,Herbivore,CV,No,Frugivore
AVIBASE-20DB2669,149.83333,550.0,2250.0,2800.0,Forest,Herbivore,CV,No,Frugivore
AVIBASE-8E12984D,191.25,1600.0,1300.0,2900.0,Forest,Herbivore,CV,No,Frugivore
AVIBASE-C57FFB20,159.0,200.0,1450.0,1650.0,Forest,Herbivore,"CV,O",No,Frugivore
AVIBASE-4BC70F00,177.5,1200.0,1300.0,2500.0,Forest,Herbivore,"CV,O",No,Frugivore
AVIBASE-0224509A,268.66667,2000.0,600.0,2600.0,Forest,Herbivore,,No,Frugivore
AVIBASE-697EA51C,215.0,1600.0,900.0,2500.0,Forest,Herbivore,,No,Frugivore
AVIBASE-23DB8356,203.83333,300.0,1900.0,2200.0,Forest,Herbivore,CV,No,Frugivore
AVIBASE-7E9EAE09,138.8,800.0,1000.0,1800.0,Forest,Herbivore,,No,Frugivore
AVIBASE-D47AF774,213.33333,600.0,1400.0,2000.0,Forest,Herbivore,,No,Frugivore
AVIBASE-96711EDE,172.16667,530.0,1470.0,2000.0,Forest,Omnivore,,No,Omnivore
AVIBASE-48DA6E65,167.0,530.0,1910.0,2440.0,Forest,Omnivore,,No,Omnivore
AVIBASE-9769A702,128.0,900.0,600.0,1500.0,Forest,Herbivore,CV,No,Frugivore
AVIBASE-F5636BF7,210.78333,600.0,2400.0,3000.0,Forest,Herbivore,CV,No,Frugivore
AVIBASE-EB2B281D,,0.0,2100.0,2100.0,Forest,Herbivore,CV,No,Frugivore
AVIBASE-15471F21,113.5,,,1500.0,Forest,Herbivore,CV,No,Frugivore
AVIBASE-4EBAE936,156.0,0.0,1200.0,1200.0,Forest,Herbivore,CV,No,Frugivore
AVIBASE-EAE4A304,81.66667,0.0,1800.0,1800.0,Forest,Herbivore,CV,No,Frugivore
AVIBASE-A233028E,75.25,0.0,900.0,900.0,Forest,Herbivore,CV,No,Frugivore
AVIBASE-2A5A8428,130.0,800.0,1200.0,2000.0,Forest,Herbivore,CV,No,Frugivore
AVIBASE-FA4F17DB,162.5,250.0,750.0,1000.0,Forest,Herbivore,CV,No,Frugivore
AVIBASE-39972C74,124.5,0.0,600.0,600.0,Forest,Herbivore,CV,No,Frugivore
AVIBASE-85DECE79,77.5,0.0,1060.0,1060.0,Forest,Herbivore,CV,No,Frugivore
AVIBASE-3FAAF1EF,115.0,0.0,1500.0,1500.0,Forest,Herbivore,CV,No,Frugivore
AVIBASE-FBFB6ED7,58.5,0.0,2000.0,2000.0,Forest,Herbivore,CV,No,Frugivore
AVIBASE-BB0C3E76,81.66667,600.0,2100.0,2700.0,Forest,Herbivore,CV,No,Frugivore
AVIBASE-95D08E4C,,900.0,1800.0,2700.0,Forest,Herbivore,,No,Frugivore
AVIBASE-ED45D950,82.35,600.0,700.0,1300.0,Forest,Herbivore,CV,No,Frugivore
AVIBASE-5F832168,72.575,750.0,1650.0,2400.0,Forest,Herbivore,,No,Frugivore
AVIBASE-FF5877D7,,250.0,1750.0,2000.0,Human Modified,Herbivore,CV,No,Frugivore
AVIBASE-244D5336,95.0,300.0,2500.0,2800.0,Human Modified,Herbivore,,No,Frugivore
AVIBASE-229575C0,84.96667,150.0,1850.0,2000.0,Forest,Herbivore,CV,No,Frugivore
AVIBASE-F192B01C,90.5,885.0,635.0,1520.0,Forest,Herbivore,"CV,O",No,Frugivore
AVIBASE-67B5D4C8,92.5,600.0,600.0,1200.0,Forest,Herbivore,,No,Frugivore
AVIBASE-0A563359,,400.0,1000.0,1400.0,Forest,Herbivore,CV,No,Frugivore
AVIBASE-E4B545F5,74.1,200.0,550.0,750.0,Forest,Herbivore,CV,No,Frugivore
AVIBASE-1DDCF3CB,69.0,600.0,1900.0,2500.0,Forest,Herbivore,CV,No,Frugivore
AVIBASE-6F858890,65.5,1500.0,1600.0,3100.0,Forest,Herbivore,,No,Frugivore
AVIBASE-4192820D,32.5,0.0,2000.0,2000.0,Forest,Herbivore,CV,No,Frugivore
AVIBASE-E3ADA3B1,34.9,0.0,1600.0,1600.0,Forest,Herbivore,CV,No,Frugivore
AVIBASE-EE82B503,31.88333,0.0,1500.0,1500.0,Forest,Herbivore,CV,No,Frugivore
AVIBASE-8B3434B9,,900.0,487.0,1387.0,Forest,Herbivore,,No,Frugivore
AVIBASE-476E767B,35.75,0.0,1300.0,1300.0,Forest,Herbivore,CV,No,Frugivore
AVIBASE-1E095819,40.25,0.0,1200.0,1200.0,Forest,Herbivore,CV,No,Frugivore
AVIBASE-2B7AC50E,42.8,0.0,1700.0,1700.0,Woodland,Herbivore,CV,No,Frugivore
AVIBASE-F1D6E36C,43.1,0.0,900.0,900.0,Forest,Herbivore,CV,No,Frugivore
AVIBASE-0E20A7CF,46.05,0.0,1065.0,1065.0,Forest,Herbivore,CV,No,Frugivore
AVIBASE-9B1B5FD8,82.7,0.0,1300.0,1300.0,Forest,Omnivore,"CV,O",No,Omnivore
AVIBASE-60FE17E8,76.1,0.0,1300.0,1300.0,Forest,Omnivore,CV,No,Omnivore
AVIBASE-80BC978E,82.83333,0.0,2200.0,2200.0,Forest,Omnivore,CV,No,Omnivore
AVIBASE-546FA5F2,70.55,200.0,1600.0,1800.0,Woodland,Herbivore,CV,No,Omnivore
AVIBASE-570C1121,57.5,,,1820.0,Woodland,Omnivore,CV,No,Omnivore
AVIBASE-685CA6D9,52.8,0.0,1800.0,1800.0,Shrubland,Omnivore,CV,No,Omnivore
AVIBASE-E6D52EF7,28.0,180.0,1720.0,1900.0,Grassland,Omnivore,CV,No,Omnivore
AVIBASE-2AE6CDCF,41.0,200.0,1800.0,2000.0,Woodland,Omnivore,CV,No,Omnivore
AVIBASE-55E9B668,43.75,1100.0,1000.0,2100.0,Shrubland,Omnivore,CV,No,Omnivore
AVIBASE-4568986F,50.0,1170.0,830.0,2000.0,Forest,Herbivore,CV,No,Frugivore
AVIBASE-69968F8E,45.0,,,,Forest,Herbivore,CV,No,Frugivore
AVIBASE-4B1A8533,64.0,900.0,1700.0,2600.0,Forest,Herbivore,CV,No,Frugivore
AVIBASE-57F532BB,45.0,0.0,1000.0,1000.0,Forest,Herbivore,CV,No,Frugivore
AVIBASE-92757910,52.0,0.0,1100.0,1100.0,Forest,Omnivore,CV,No,Omnivore
AVIBASE-44AF29C0,56.2,0.0,1820.0,1820.0,Forest,Herbivore,CV,No,Frugivore
AVIBASE-17D3AF63,59.5,0.0,1820.0,1820.0,Forest,Herbivore,,No,Frugivore
AVIBASE-C1B352F1,55.5,0.0,2600.0,2600.0,Forest,Herbivore,CV,No,Frugivore
AVIBASE-147284D7,54.9,0.0,2000.0,2000.0,Forest,Omnivore,CP,No,Omnivore
AVIBASE-5C629518,56.75,750.0,1750.0,2500.0,Woodland,Herbivore,CV,No,Frugivore
AVIBASE-35145A7E,45.0,900.0,1540.0,2440.0,Woodland,Herbivore,CV,No,Frugivore
AVIBASE-EEA161A8,14.5,0.0,1800.0,1800.0,Forest,Omnivore,CV,No,Omnivore
AVIBASE-5238FF10,8.85,0.0,1700.0,1700.0,Shrubland,Herbivore,CV,No,Frugivore
AVIBASE-7BEB0003,11.25,900.0,1600.0,2500.0,Forest,Herbivore,CV,No,Frugivore
AVIBASE-2D822644,10.5,1900.0,600.0,2500.0,Forest,Herbivore,CV,No,Frugivore
AVIBASE-90373466,18.0,0.0,800.0,800.0,Forest,Herbivore,CV,No,Frugivore
AVIBASE-523991EF,10.25,0.0,2100.0,2100.0,Forest,Herbivore,CV,No,Frugivore
AVIBASE-9EA74ADA,12.9,0.0,3000.0,3000.0,Forest,Herbivore,CV,No,Frugivore
AVIBASE-D1E3DE2E,12.625,0.0,1130.0,1130.0,Forest,Herbivore,CV,No,Frugivore
AVIBASE-A4CF3B9E,10.7,0.0,2000.0,2000.0,Woodland,Herbivore,CV,No,Frugivore
AVIBASE-2F467821,14.0,0.0,3000.0,3000.0,Shrubland,Herbivore,CV,No,Frugivore
AVIBASE-56790B57,40.0,,,2250.0,Forest,Herbivore,CV,No,Frugivore
AVIBASE-56790B57,40.0,,,,Forest,Herbivore,CV,No,Frugivore
AVIBASE-915DABE2,53.0,0.0,1000.0,1000.0,Forest,Omnivore,CV,No,Omnivore
AVIBASE-3E3AFB25,23.5,600.0,1500.0,2100.0,Forest,Herbivore,CV,No,Frugivore
AVIBASE-73470BDF,27.0,500.0,600.0,1100.0,Woodland,Omnivore,CV,No,Omnivore
AVIBASE-7AB16C67,34.0,400.0,1100.0,1500.0,Woodland,Herbivore,CV,No,Omnivore
AVIBASE-F1CCA0AA,22.5,600.0,1500.0,2100.0,Woodland,Herbivore,CV,No,Frugivore
AVIBASE-F03BE6C3,20.83333,0.0,1820.0,1820.0,Woodland,Carnivore,CV,No,Invertivore
AVIBASE-E0ED3A27,36.9,300.0,2740.0,3040.0,Woodland,Herbivore,CV,No,Frugivore
AVIBASE-7DE8EBBA,37.0,0.0,1500.0,1500.0,Grassland,Herbivore,CV,No,Frugivore
AVIBASE-408639E6,66.41667,600.0,1600.0,2200.0,Woodland,Herbivore,CV,No,Frugivore
AVIBASE-B91DD3C8,59.575,1000.0,1000.0,2000.0,Grassland,Herbivore,CV,No,Frugivore
AVIBASE-E68E0A8E,62.25,1800.0,500.0,2300.0,Woodland,Herbivore,CV,No,Frugivore
AVIBASE-3F31B1D6,69.5,980.0,370.0,1350.0,Woodland,Herbivore,CV,No,Frugivore
AVIBASE-C477BEB1,,1140.0,410.0,1550.0,Woodland,Herbivore,,No,Frugivore
AVIBASE-0D419595,46.0,900.0,700.0,1600.0,Woodland,Herbivore,CV,No,Frugivore
AVIBASE-8C50CB2D,52.4,0.0,1820.0,1820.0,Woodland,Herbivore,CV,No,Frugivore
AVIBASE-724266B4,53.0,0.0,600.0,600.0,Forest,Omnivore,,No,Omnivore
AVIBASE-03E74ADD,48.5,900.0,830.0,1730.0,Woodland,Herbivore,CV,No,Frugivore
AVIBASE-2E7F7440,45.0,900.0,830.0,1730.0,Woodland,Herbivore,CV,No,Frugivore
AVIBASE-439FE608,79.16667,0.0,1800.0,1800.0,Forest,Omnivore,CV,No,Omnivore
AVIBASE-B3031527,94.0,0.0,1500.0,1500.0,Woodland,Herbivore,CV,No,Frugivore
AVIBASE-7A3818D8,100.5,200.0,1000.0,1200.0,Woodland,Herbivore,CV,No,Frugivore
AVIBASE-7884F0D6,10.725,0.0,2200.0,2200.0,Forest,Carnivore,CP,No,Invertivore
AVIBASE-B20CDCE3,12.75,300.0,1830.0,2130.0,Forest,Carnivore,,No,Invertivore
AVIBASE-8DB3F1A2,12.75,0.0,2000.0,2000.0,Woodland,Carnivore,,No,Invertivore
AVIBASE-AD7BD37A,23.35,0.0,1530.0,1530.0,Forest,Carnivore,NO,No,Invertivore
AVIBASE-8F2DCF5D,23.33333,0.0,750.0,750.0,Forest,Carnivore,NO,No,Invertivore
AVIBASE-C9DFE942,13.0,1840.0,660.0,2500.0,Forest,Carnivore,NO,No,Invertivore
AVIBASE-4373396F,15.3,0.0,1800.0,1800.0,Forest,Carnivore,NO,No,Invertivore
AVIBASE-5B74A911,14.33333,0.0,2150.0,2150.0,Woodland,Carnivore,NO,No,Invertivore
AVIBASE-BFF3AA65,18.55,0.0,2400.0,2400.0,Forest,Carnivore,NO,No,Invertivore
AVIBASE-0AC6CF82,30.5,0.0,1200.0,1200.0,Woodland,Herbivore,"O,CV",No,Herbivore terrestrial
AVIBASE-499B3C64,48.0,0.0,2130.0,2130.0,Forest,Herbivore,NO,No,Herbivore terrestrial
AVIBASE-7EF4C99C,48.2,0.0,2200.0,2200.0,Woodland,Herbivore,O,No,Herbivore terrestrial
AVIBASE-CBA33B09,29.75,1500.0,1100.0,2600.0,Riverine,Herbivore,NO,No,Herbivore terrestrial
AVIBASE-BEADF66C,30.75,0.0,700.0,700.0,Forest,Herbivore,,No,Herbivore terrestrial
AVIBASE-862749B0,48.0,0.0,2000.0,2000.0,Woodland,Herbivore,,No,Herbivore terrestrial
AVIBASE-C2B68BD8,54.15,0.0,2000.0,2000.0,Forest,Herbivore,,No,Herbivore terrestrial
AVIBASE-B2E6AB9F,38.0,0.0,1000.0,1000.0,Woodland,Carnivore,CV,No,Invertivore
AVIBASE-93EC5E12,49.33333,600.0,2700.0,3300.0,Grassland,Carnivore,CV,No,Invertivore
AVIBASE-2458C837,11.56667,900.0,2100.0,3000.0,Forest,Carnivore,CV,No,Invertivore
AVIBASE-5095CDB1,8.95,0.0,1100.0,1100.0,Forest,Carnivore,,No,Invertivore
AVIBASE-53386238,9.5,0.0,1400.0,1400.0,Forest,Carnivore,CV,No,Invertivore
AVIBASE-EF29D637,9.25,,,300.0,Forest,Carnivore,,No,Invertivore
AVIBASE-8D12FB60,9.85,0.0,1900.0,1900.0,Forest,Carnivore,CV,No,Invertivore
AVIBASE-1C0BC077,11.1,0.0,1200.0,1200.0,Woodland,Carnivore,,No,Invertivore
AVIBASE-7C5E211B,10.0,0.0,1900.0,1900.0,Forest,Carnivore,,No,Invertivore
AVIBASE-7C5E211B,9.0,0.0,100.0,100.0,Forest,Carnivore,,No,Invertivore
AVIBASE-58A28C6E,13.5,0.0,100.0,100.0,Forest,Carnivore,,No,Invertivore
AVIBASE-3E2A08BA,13.21667,0.0,,,Forest,Carnivore,CV,No,Invertivore
AVIBASE-13CA5483,11.0,0.0,750.0,750.0,Woodland,Carnivore,,No,Invertivore
AVIBASE-2722C728,10.0,1000.0,1300.0,2300.0,Forest,Carnivore,,No,Invertivore
AVIBASE-1411CF3B,11.5,0.0,50.0,50.0,Forest,Carnivore,,No,Invertivore
AVIBASE-81D359BF,9.15,0.0,2100.0,2100.0,Shrubland,Carnivore,CV,No,Invertivore
AVIBASE-4E4CAAFD,9.96,800.0,2500.0,3300.0,Forest,Carnivore,,No,Invertivore
AVIBASE-52B00F21,10.81667,0.0,800.0,800.0,Shrubland,Carnivore,CV,No,Invertivore
AVIBASE-5725BD3D,11.0,0.0,2100.0,2100.0,Woodland,Carnivore,CV,No,Invertivore
AVIBASE-A8A08F59,,,,,Forest,Carnivore,,No,Invertivore
AVIBASE-15C88984,17.16667,,,1250.0,Forest,Carnivore,CV,No,Invertivore
AVIBASE-73288CF7,10.0,0.0,1200.0,1200.0,Forest,Carnivore,CV,No,Invertivore
AVIBASE-2F1E9B61,11.625,0.0,1100.0,1100.0,Forest,Carnivore,CV,No,Invertivore
AVIBASE-8F8E0C78,11.46667,,,900.0,Riverine,Carnivore,,No,Invertivore
AVIBASE-70C56ABF,10.46667,,,1100.0,Forest,Carnivore,,No,Invertivore
AVIBASE-B190788A,12.5,0.0,2300.0,2300.0,Forest,Carnivore,CV,No,Invertivore
AVIBASE-2A87E89C,12.5,800.0,1300.0,2100.0,Forest,Carnivore,,No,Invertivore
AVIBASE-5945045B,12.5,0.0,300.0,300.0,Forest,Carnivore,,No,Invertivore
AVIBASE-C4DFB5E3,8.75,0.0,700.0,700.0,Forest,Carnivore,CV,No,Invertivore
AVIBASE-3E246B6D,9.6,0.0,1370.0,1370.0,Forest,Carnivore,CV,No,Invertivore
AVIBASE-E577AC45,9.43333,250.0,2350.0,2600.0,Forest,Carnivore,CV,No,Invertivore
AVIBASE-72680E64,31.18333,0.0,1770.0,1770.0,Forest,Carnivore,"CV,O",No,Invertivore
AVIBASE-A2CD62E8,30.0,0.0,900.0,900.0,Forest,Carnivore,CV,No,Invertivore
AVIBASE-C836FAAC,30.0,0.0,900.0,900.0,Forest,Carnivore,CV,No,Invertivore
AVIBASE-23956360,43.5,0.0,1300.0,1300.0,Forest,Carnivore,CV,No,Invertivore
AVIBASE-5CA0BA87,115.5,0.0,2200.0,2200.0,Woodland,Herbivore,,No,Frugivore
AVIBASE-E7C9A1F5,107.31667,0.0,2800.0,2800.0,Woodland,Omnivore,CV,No,Omnivore
AVIBASE-21DB707D,86.0,100.0,600.0,700.0,Forest,Carnivore,CV,No,Invertivore
AVIBASE-B63209E6,60.45,0.0,1000.0,1000.0,Forest,Carnivore,CV,No,Invertivore
AVIBASE-448D91B7,76.55,0.0,2400.0,2400.0,Forest,Omnivore,CV,No,Omnivore
AVIBASE-7E327303,78.5,0.0,3300.0,3300.0,Woodland,Omnivore,CV,No,Granivore
AVIBASE-BFF72DFE,57.0,250.0,950.0,1200.0,Forest,Omnivore,CV,No,Omnivore
AVIBASE-F90C0962,56.5,0.0,1800.0,1800.0,Forest,Omnivore,CV,No,Omnivore
AVIBASE-CF141866,55.175,0.0,1500.0,1500.0,Forest,Carnivore,CV,No,Invertivore
AVIBASE-BD195A4B,50.0,400.0,1100.0,1500.0,Forest,Carnivore,,No,Invertivore
AVIBASE-8078C2CF,58.75,0.0,900.0,900.0,Forest,Carnivore,CV,No,Invertivore
AVIBASE-5EEB01F7,36.1,,,1700.0,Woodland,Carnivore,CV,No,Invertivore
AVIBASE-3E7320BD,75.75,0.0,2400.0,2400.0,Forest,Carnivore,CV,No,Invertivore
AVIBASE-55134E01,111.5,0.0,1800.0,1800.0,Woodland,Omnivore,CV,No,Omnivore
AVIBASE-100C01C4,69.73333,0.0,1500.0,1500.0,Forest,Carnivore,CV,No,Invertivore
AVIBASE-9CE9EDF7,50.8,900.0,1200.0,2100.0,Shrubland,Herbivore,CV,No,Frugivore
AVIBASE-3F247BBA,38.48333,,,,Woodland,Carnivore,,No,Invertivore
AVIBASE-6F6D0E72,52.475,0.0,1900.0,1900.0,Woodland,Carnivore,CV,No,Invertivore
AVIBASE-377525FA,64.66667,0.0,1000.0,1000.0,Desert,Carnivore,CV,No,Invertivore
AVIBASE-5EE1961C,73.0,0.0,2150.0,2150.0,Woodland,Carnivore,CV,No,Invertivore
AVIBASE-88C719E5,82.0,0.0,2500.0,2500.0,Woodland,Omnivore,CV,No,Omnivore
AVIBASE-078557F2,64.73333,0.0,600.0,600.0,Woodland,Omnivore,CV,No,Omnivore
AVIBASE-0B09B2B5,85.76667,0.0,1000.0,1000.0,Forest,Carnivore,CV,No,Invertivore
AVIBASE-28A4DA76,49.65,1500.0,1700.0,3200.0,Forest,Omnivore,CV,No,Omnivore
AVIBASE-9BE68BD3,48.48333,0.0,3000.0,3000.0,Woodland,Omnivore,CV,No,Omnivore
AVIBASE-20F4B01D,49.36667,0.0,3000.0,3000.0,Woodland,Omnivore,CV,No,Omnivore
AVIBASE-52F63879,54.51667,0.0,3000.0,3000.0,Woodland,Omnivore,CV,No,Omnivore
AVIBASE-3DC3684D,71.06667,0.0,2000.0,2000.0,Forest,Carnivore,CV,No,Invertivore
AVIBASE-02E56D98,39.5,0.0,950.0,950.0,Forest,Carnivore,CV,No,Invertivore
AVIBASE-01C9752D,49.0,0.0,1800.0,1800.0,Forest,Carnivore,,No,Invertivore
AVIBASE-D1B9D410,119.5,0.0,2100.0,2100.0,Rock,Carnivore,CV,No,Invertivore
AVIBASE-390F1E35,66.0,,,,Woodland,Carnivore,CV,No,Invertivore
AVIBASE-FD3EA943,72.5,0.0,1600.0,1600.0,Woodland,Carnivore,CV,No,Invertivore
AVIBASE-C5585051,70.0,0.0,1600.0,1600.0,Woodland,Carnivore,CV,No,Invertivore
AVIBASE-70170649,58.5,0.0,2300.0,2300.0,Shrubland,Carnivore,CV,No,Invertivore
AVIBASE-CD2F7C98,67.0,0.0,2200.0,2200.0,Woodland,Carnivore,CV,No,Invertivore
AVIBASE-BA63C545,60.5,0.0,,,Forest,Carnivore,CV,No,Invertivore
AVIBASE-63BE6621,62.9,,,,Forest,Carnivore,CV,No,Invertivore
AVIBASE-AE1533FC,53.16667,0.0,1200.0,1200.0,Forest,Carnivore,CV,No,Invertivore
AVIBASE-F234B7E3,45.0,0.0,2100.0,2100.0,Forest,Carnivore,CV,No,Invertivore
AVIBASE-D2718676,57.5,900.0,2100.0,3000.0,Forest,Carnivore,CV,No,Invertivore
AVIBASE-D0A5FADB,52.5,900.0,2100.0,3000.0,Forest,Carnivore,CV,No,Invertivore
AVIBASE-4FDB8D83,,0.0,2300.0,2300.0,Forest,Carnivore,CV,No,Invertivore
AVIBASE-DB8E1EC2,15.0,0.0,1200.0,1200.0,Forest,Carnivore,CV,No,Invertivore
AVIBASE-5A4F2DF6,25.0,0.0,2800.0,2800.0,Forest,Carnivore,CV,No,Invertivore
AVIBASE-1A7D3F29,25.15,500.0,850.0,1350.0,Forest,Carnivore,CV,No,Invertivore
AVIBASE-8AEE3731,,0.0,550.0,550.0,Forest,Carnivore,,No,Invertivore
AVIBASE-BAC6337B,16.25,0.0,2200.0,2200.0,Forest,Carnivore,CV,No,Invertivore
AVIBASE-6347258A,22.0,0.0,2100.0,2100.0,Forest,Carnivore,CV,No,Invertivore
AVIBASE-05B8A4F1,63.5,650.0,1250.0,1900.0,Forest,Carnivore,CV,No,Invertivore
AVIBASE-68A24A4D,,3300.0,700.0,4000.0,Forest,Carnivore,,No,Invertivore
AVIBASE-6D2680D0,56.775,360.0,2390.0,2750.0,Forest,Carnivore,CV,No,Invertivore
AVIBASE-6BDADC9C,72.85,0.0,3100.0,3100.0,Forest,Carnivore,CV,No,Invertivore
AVIBASE-0093A624,26.83333,0.0,3000.0,3000.0,Riverine,Carnivore,CV,No,Invertivore
AVIBASE-3716A0FB,41.16667,900.0,1500.0,2400.0,Forest,Carnivore,CV,No,Invertivore
AVIBASE-504B2FD4,67.5,0.0,600.0,600.0,Woodland,Carnivore,CV,No,Invertivore
AVIBASE-CBBA6CB0,37.0,0.0,1000.0,1000.0,Woodland,Carnivore,CV,No,Invertivore
AVIBASE-77D82F60,79.675,0.0,2600.0,2600.0,Woodland,Carnivore,CV,No,Invertivore
AVIBASE-2700C97D,72.5,0.0,2150.0,2150.0,Forest,Carnivore,CV,No,Invertivore
AVIBASE-8E989334,68.5,,,,Forest,Carnivore,CV,No,Invertivore
AVIBASE-C6F9E5EE,19.0,0.0,1600.0,1600.0,Grassland,Carnivore,,No,Invertivore
AVIBASE-739A97EE,27.5,700.0,1400.0,2100.0,Forest,Carnivore,CV,No,Invertivore
AVIBASE-33F13BB1,24.5,1600.0,1400.0,3000.0,Woodland,Carnivore,CV,No,Invertivore
AVIBASE-0A241B83,28.5,0.0,3500.0,3500.0,Woodland,Carnivore,CV,No,Invertivore
AVIBASE-8B3DF118,27.0,0.0,1400.0,1400.0,Forest,Carnivore,CV,No,Invertivore
AVIBASE-735D837C,,0.0,1300.0,1300.0,Forest,Carnivore,CV,No,Invertivore
AVIBASE-D1F738F4,28.0,0.0,1500.0,1500.0,Woodland,Carnivore,CV,No,Invertivore
AVIBASE-420A6ADC,36.0,0.0,1500.0,1500.0,Forest,Carnivore,CV,No,Invertivore
AVIBASE-6E8364D5,37.2,0.0,2320.0,2320.0,Forest,Carnivore,,No,Invertivore
AVIBASE-E5DF48FC,44.91667,0.0,3300.0,3300.0,Woodland,Carnivore,CV,No,Invertivore
AVIBASE-902E9F69,47.5,1000.0,2300.0,3300.0,Forest,Carnivore,CV,No,Invertivore
AVIBASE-02E004AD,41.8,450.0,3250.0,3700.0,Forest,Carnivore,CV,No,Invertivore
AVIBASE-9FF4EDB5,21.5,0.0,2300.0,2300.0,Shrubland,Carnivore,CV,No,Invertivore
AVIBASE-FA087E52,37.85,0.0,1700.0,1700.0,Woodland,Carnivore,CV,No,Invertivore
AVIBASE-2CE418F2,27.38,0.0,2300.0,2300.0,Desert,Carnivore,CV,No,Invertivore
AVIBASE-1B2A6386,26.03333,0.0,2750.0,2750.0,Forest,Carnivore,CV,No,Invertivore
AVIBASE-5B8F3EA2,29.0,1200.0,1800.0,3000.0,Forest,Carnivore,CV,No,Invertivore
AVIBASE-E5515964,29.75,1200.0,1800.0,3000.0,Forest,Carnivore,CV,No,Invertivore
AVIBASE-AB2F4BC0,21.0,0.0,2000.0,2000.0,Forest,Carnivore,CV,No,Invertivore
AVIBASE-898101E6,30.5,0.0,1300.0,1300.0,Forest,Carnivore,CV,No,Invertivore
AVIBASE-3CB11881,35.0,0.0,2000.0,2000.0,Woodland,Carnivore,CV,No,Invertivore
AVIBASE-68000D95,39.3,0.0,2000.0,2000.0,Forest,Carnivore,CV,No,Invertivore
AVIBASE-88632649,31.38333,0.0,610.0,610.0,Woodland,Carnivore,CV,No,Invertivore
AVIBASE-D205DDEE,38.8,1600.0,2400.0,4000.0,Forest,Carnivore,CV,No,Invertivore
AVIBASE-3AA3F6E4,27.34,0.0,1000.0,1000.0,Shrubland,Carnivore,,No,Invertivore
AVIBASE-34E5F17C,40.5,1200.0,1500.0,2700.0,Forest,Carnivore,,No,Invertivore
AVIBASE-FED6FBFC,43.25,2600.0,1000.0,3600.0,Forest,Carnivore,,No,Invertivore
AVIBASE-5BC09062,27.0,0.0,,,Coastal,Carnivore,CV,No,Invertivore
AVIBASE-CB586CF6,34.0,0.0,1750.0,1750.0,Forest,Carnivore,CV,No,Invertivore
AVIBASE-E6263EA8,35.9,100.0,1200.0,1300.0,Forest,Carnivore,CV,No,Invertivore
AVIBASE-BFB999B1,30.0,0.0,700.0,700.0,Forest,Carnivore,,No,Invertivore
AVIBASE-C17751ED,32.5,0.0,1500.0,1500.0,Forest,Carnivore,,No,Invertivore
AVIBASE-EA9E9A2D,29.0,0.0,1300.0,1300.0,Forest,Carnivore,CV,No,Invertivore
AVIBASE-0BFCAE79,47.28333,0.0,500.0,500.0,Forest,Carnivore,CV,No,Invertivore
AVIBASE-5481FBB2,40.5,0.0,2800.0,2800.0,Forest,Carnivore,CV,No,Invertivore
AVIBASE-0DA5CC35,54.28333,900.0,1600.0,2500.0,Forest,Carnivore,,No,Invertivore
AVIBASE-97F0A2DF,39.825,2500.0,1600.0,4100.0,Woodland,Carnivore,CV,No,Invertivore
AVIBASE-9D06AF89,66.395,0.0,3500.0,3500.0,Forest,Carnivore,CV,No,Invertivore
AVIBASE-6C74415D,61.93333,560.0,2190.0,2750.0,Forest,Carnivore,CV,No,Invertivore
AVIBASE-DC1B8B91,50.16667,500.0,3800.0,4300.0,Forest,Carnivore,CV,No,Invertivore
AVIBASE-00B39690,40.33333,0.0,2800.0,2800.0,Forest,Carnivore,CV,No,Invertivore
AVIBASE-036D7192,,0.0,1220.0,1220.0,Forest,Carnivore,CV,No,Invertivore
AVIBASE-37BC809F,47.0,800.0,1400.0,2200.0,Woodland,Carnivore,CV,No,Invertivore
AVIBASE-16E5AF15,72.0,2500.0,1000.0,3500.0,Forest,Carnivore,CV,No,Invertivore
AVIBASE-C6F400B4,69.0,1970.0,1230.0,3200.0,Forest,Carnivore,CV,No,Invertivore
AVIBASE-36520374,53.0,0.0,1600.0,1600.0,Riverine,Carnivore,CV,No,Invertivore
AVIBASE-3F54E5FD,74.33333,0.0,2700.0,2700.0,Woodland,Carnivore,CV,No,Invertivore
AVIBASE-E8AFCFD1,67.0,0.0,2500.0,2500.0,Woodland,Omnivore,CV,No,Omnivore
AVIBASE-D754DB85,82.0,0.0,2500.0,2500.0,Woodland,Omnivore,CV,No,Omnivore
AVIBASE-9BDC3DAE,,250.0,250.0,500.0,Forest,Carnivore,CV,No,Invertivore
AVIBASE-4507ACD7,116.55,0.0,2800.0,2800.0,Forest,Carnivore,CV,No,Invertivore
AVIBASE-DD219757,119.6,0.0,670.0,670.0,Forest,Carnivore,CV,No,Invertivore
AVIBASE-F68D8D7F,53.0,0.0,900.0,900.0,Forest,Carnivore,CV,No,Invertivore
AVIBASE-5C2BF5D0,51.0,300.0,600.0,900.0,Forest,Carnivore,CV,No,Invertivore
AVIBASE-B18AF355,69.0,,,1400.0,Forest,Carnivore,,No,Invertivore
AVIBASE-276D7F5E,,0.0,800.0,800.0,Forest,Carnivore,CV,No,Invertivore
AVIBASE-7DC1431E,54.5,0.0,500.0,500.0,Forest,Carnivore,CV,No,Invertivore
AVIBASE-3EB825D5,78.66667,0.0,650.0,650.0,Forest,Carnivore,CV,No,Invertivore
AVIBASE-00CCDD79,63.0,0.0,3100.0,3100.0,Forest,Carnivore,CV,No,Invertivore
AVIBASE-1161239F,61.66667,0.0,3100.0,3100.0,Forest,Carnivore,CV,No,Invertivore
AVIBASE-42E38A6B,75.5,0.0,2100.0,2100.0,Shrubland,Carnivore,CV,No,Invertivore
AVIBASE-161DCA9C,63.125,0.0,2400.0,2400.0,Forest,Carnivore,CV,No,Invertivore
AVIBASE-051C102A,98.5,1800.0,1700.0,3500.0,Forest,Carnivore,CV,No,Invertivore
AVIBASE-29FF56E1,102.0,1900.0,1600.0,3500.0,Forest,Carnivore,,No,Invertivore
AVIBASE-86BE1BA3,78.74,500.0,3800.0,4300.0,Forest,Carnivore,CV,No,Invertivore
AVIBASE-897E43C8,63.33333,0.0,1500.0,1500.0,Forest,Carnivore,CV,No,Invertivore
AVIBASE-E8A005B9,123.5,0.0,3000.0,3000.0,Forest,Carnivore,CV,No,Invertivore
AVIBASE-A365E867,153.66667,0.0,3000.0,3000.0,Woodland,Carnivore,CV,No,Invertivore
AVIBASE-75600969,136.16667,0.0,3300.0,3300.0,Woodland,Carnivore,CV,No,Invertivore
AVIBASE-6CC34F06,149.0,0.0,3500.0,3500.0,Grassland,Carnivore,CV,No,Invertivore
AVIBASE-1661C375,125.4,500.0,3500.0,4000.0,Forest,Carnivore,CV,No,Invertivore
AVIBASE-28E5D551,110.5,0.0,975.0,975.0,Shrubland,Carnivore,CV,No,Invertivore
AVIBASE-D0951D61,,,,,Forest,,,Partial,
AVIBASE-B4C26D42,137.66667,0.0,600.0,600.0,Woodland,Carnivore,CV,No,Invertivore
AVIBASE-F5BEB645,136.5,600.0,400.0,1000.0,Woodland,Carnivore,CV,No,Invertivore
AVIBASE-B9C09C4C,173.0,3000.0,2000.0,5000.0,Grassland,Carnivore,CV,No,Invertivore
AVIBASE-B91D38FA,175.0,3000.0,2000.0,5000.0,Woodland,Carnivore,,No,Invertivore
AVIBASE-CBDC85D8,159.98333,500.0,300.0,800.0,Shrubland,Carnivore,CV,No,Invertivore
AVIBASE-DCCAFFC3,168.5,0.0,600.0,600.0,Grassland,Carnivore,,No,Invertivore
AVIBASE-9556A2DB,78.5,0.0,1500.0,1500.0,Forest,Carnivore,CV,No,Invertivore
AVIBASE-856BCFA2,67.5,100.0,800.0,900.0,Forest,Carnivore,,No,Invertivore
AVIBASE-D354005F,88.45,0.0,1000.0,1000.0,Forest,Carnivore,CV,No,Invertivore
AVIBASE-9DD65284,130.5,0.0,1000.0,1000.0,Forest,Carnivore,CV,No,Invertivore
AVIBASE-5C444ECB,134.55,,,800.0,Forest,Carnivore,CV,No,Invertivore
AVIBASE-CF5A6539,137.5,0.0,1200.0,1200.0,Forest,Carnivore,CV,No,Invertivore
AVIBASE-DF220B1F,139.0,0.0,500.0,500.0,Forest,Carnivore,CV,No,Invertivore
AVIBASE-2186DAF5,134.66667,0.0,400.0,400.0,Forest,Carnivore,,No,Invertivore
AVIBASE-BC618F4B,113.5,0.0,300.0,300.0,Forest,Carnivore,CV,No,Invertivore
AVIBASE-0C9C4584,96.75,,,,Shrubland,Carnivore,,No,Invertivore
AVIBASE-D6E6272D,121.0,100.0,400.0,500.0,Forest,Carnivore,CV,No,Invertivore
AVIBASE-797B6985,130.33333,100.0,650.0,750.0,Forest,Carnivore,,No,Invertivore
AVIBASE-AF487428,,0.0,100.0,100.0,Forest,Carnivore,,No,Invertivore
AVIBASE-469C98FC,132.66667,0.0,1000.0,1000.0,Forest,Carnivore,CV,No,Invertivore
AVIBASE-43089030,200.0,15.0,1485.0,1500.0,Woodland,Carnivore,CV,No,Invertivore
AVIBASE-37C7AB16,191.75,0.0,2100.0,2100.0,Woodland,Carnivore,CV,No,Invertivore
AVIBASE-527A0279,177.0,0.0,1200.0,1200.0,Forest,Carnivore,,No,Invertivore
AVIBASE-00635FF9,287.76667,0.0,2300.0,2300.0,Forest,Carnivore,CV,No,Invertivore
AVIBASE-08741518,273.66667,0.0,3600.0,3600.0,Forest,Carnivore,CV,No,Invertivore
AVIBASE-D7D03D65,190.5,,,,Forest,Carnivore,CV,No,Invertivore
AVIBASE-EDB4BBA6,310.0,100.0,2300.0,2400.0,Forest,Carnivore,CV,No,Invertivore
AVIBASE-7AD8B036,189.0,1700.0,900.0,2600.0,Forest,Carnivore,,No,Invertivore
AVIBASE-DA98191C,237.5,0.0,1600.0,1600.0,Forest,Carnivore,,No,Invertivore
AVIBASE-C38B9F80,237.5,500.0,1700.0,2200.0,Forest,Carnivore,,No,Invertivore
AVIBASE-D7602D52,208.16667,0.0,600.0,600.0,Forest,Carnivore,CV,No,Invertivore
AVIBASE-0C14127E,260.0,0.0,2200.0,2200.0,Forest,Carnivore,CV,No,Invertivore
AVIBASE-E34138C6,247.0,0.0,2000.0,2000.0,Forest,Carnivore,CV,No,Invertivore
AVIBASE-A208D32B,243.5,0.0,2000.0,2000.0,Forest,Carnivore,CV,No,Invertivore
AVIBASE-D0DF9B45,241.5,0.0,1100.0,1100.0,Forest,Carnivore,,No,Invertivore
AVIBASE-53C302B5,242.0,0.0,2500.0,2500.0,Woodland,Carnivore,CV,No,Invertivore
AVIBASE-1E4B6E75,299.0,0.0,2000.0,2000.0,Forest,Carnivore,CV,No,Invertivore
AVIBASE-86E7578A,510.0,0.0,900.0,900.0,Forest,Carnivore,CV,No,Invertivore
AVIBASE-4D0B7931,700.0,1920.0,1130.0,3050.0,Forest,Carnivore,CV,No,Invertivore
AVIBASE-05CFB3D1,92.0,0.0,900.0,900.0,Forest,Carnivore,CV,No,Invertivore
AVIBASE-C58A1925,,0.0,1600.0,1600.0,Forest,Carnivore,CV,No,Invertivore
AVIBASE-B808848F,101.6,0.0,1835.0,1835.0,Forest,Carnivore,CV,No,Invertivore
AVIBASE-B122779F,176.66667,0.0,2750.0,2750.0,Forest,Carnivore,CV,No,Invertivore
AVIBASE-E9C639F2,67.16667,0.0,2100.0,2100.0,Forest,Carnivore,CV,No,Invertivore
AVIBASE-3425FAE7,81.0,0.0,1300.0,1300.0,Forest,Carnivore,CV,No,Invertivore
AVIBASE-FDE08471,111.0,0.0,,,Forest,Carnivore,CV,No,Invertivore
AVIBASE-6808E3D4,110.36667,0.0,1500.0,1500.0,Forest,Carnivore,CV,No,Invertivore
AVIBASE-8B89B332,97.0,0.0,1500.0,1500.0,Woodland,Carnivore,CV,No,Invertivore
AVIBASE-886871E9,175.0,1500.0,2200.0,3700.0,Forest,Carnivore,CV,No,Invertivore
AVIBASE-F60C59CD,131.5,300.0,1100.0,1400.0,Forest,Carnivore,CV,No,Invertivore
AVIBASE-A01014FF,194.0,0.0,3000.0,3000.0,Forest,Carnivore,CV,No,Invertivore
AVIBASE-3D0793B8,190.0,0.0,3000.0,3000.0,Forest,Carnivore,CV,No,Invertivore
AVIBASE-42CF31E9,166.0,950.0,1150.0,2100.0,Woodland,Carnivore,CV,No,Invertivore
AVIBASE-D7A3CD4F,,0.0,700.0,700.0,Forest,Carnivore,,No,Invertivore
AVIBASE-12CA8603,117.5,0.0,600.0,600.0,Forest,Carnivore,CV,No,Invertivore
AVIBASE-132636AC,158.0,0.0,2000.0,2000.0,Forest,Carnivore,CV,No,Invertivore
AVIBASE-C81F1BCA,148.33333,0.0,2300.0,2300.0,Forest,Carnivore,CV,No,Invertivore
AVIBASE-2C7043CD,137.0,1000.0,1000.0,2000.0,Forest,Carnivore,,No,Invertivore
AVIBASE-732BAF36,101.0,0.0,700.0,700.0,Forest,Carnivore,CV,No,Invertivore
AVIBASE-8A613564,77.31667,0.0,1700.0,1700.0,Woodland,Carnivore,CV,No,Invertivore
AVIBASE-449435CA,91.5,0.0,1500.0,1500.0,Forest,Carnivore,,No,Invertivore
AVIBASE-4E1BC720,109.5,0.0,1200.0,1200.0,Woodland,Carnivore,CV,No,Invertivore
AVIBASE-DCDDAEDA,97.0,0.0,1500.0,1500.0,Forest,Carnivore,CV,No,Invertivore
AVIBASE-05714481,142.5,0.0,2000.0,2000.0,Forest,Carnivore,CV,No,Invertivore
AVIBASE-796FDA2E,136.5,0.0,1500.0,1500.0,Woodland,Carnivore,CV,No,Invertivore
AVIBASE-4A1E2B7F,129.5,0.0,1000.0,1000.0,Forest,Carnivore,,No,Invertivore
AVIBASE-101A379C,142.0,0.0,900.0,900.0,Forest,Carnivore,,No,Invertivore
AVIBASE-CBB8E41C,124.0,0.0,2100.0,2100.0,Forest,Carnivore,,No,Invertivore
AVIBASE-55751EC2,142.0,0.0,,,Forest,Carnivore,,No,Invertivore
AVIBASE-B82693BC,179.0,0.0,1600.0,1600.0,Forest,Carnivore,CV,No,Invertivore
AVIBASE-8AE05AA7,,0.0,1800.0,1800.0,Forest,Carnivore,CV,No,Invertivore
AVIBASE-E10F33CF,140.0,0.0,2100.0,2100.0,Forest,Carnivore,CV,No,Invertivore
AVIBASE-8C743B57,213.0,0.0,1200.0,1200.0,Woodland,Carnivore,CV,No,Invertivore
AVIBASE-43DEA60F,76.5,0.0,1400.0,1400.0,Forest,Carnivore,CV,No,Invertivore
AVIBASE-E74A1CB3,70.5,600.0,800.0,1400.0,Forest,Carnivore,CV,No,Invertivore
AVIBASE-FFD0A230,97.5,0.0,1200.0,1200.0,Forest,Carnivore,CV,No,Invertivore
AVIBASE-9D8AAF5D,80.86667,0.0,2200.0,2200.0,Forest,Carnivore,,No,Invertivore
AVIBASE-1A1E0E53,135.0,600.0,1600.0,2200.0,Forest,Carnivore,CV,No,Invertivore
AVIBASE-663A7CCA,84.5,0.0,1740.0,1740.0,Forest,Carnivore,CV,No,Invertivore
AVIBASE-C1941D4D,40.5,0.0,1300.0,1300.0,Forest,Carnivore,CV,No,Invertivore
AVIBASE-C24A0885,37.56667,0.0,1100.0,1100.0,Forest,Carnivore,CV,No,Invertivore
AVIBASE-69BC6C53,53.5,0.0,900.0,900.0,Forest,Carnivore,,No,Invertivore
AVIBASE-A858DD82,53.5,0.0,600.0,600.0,Forest,Carnivore,CV,No,Invertivore
AVIBASE-8D1CF2FF,,0.0,2200.0,2200.0,Forest,Carnivore,CV,No,Invertivore
AVIBASE-9FDB05FE,161.0,300.0,700.0,1000.0,Forest,Carnivore,,No,Invertivore
AVIBASE-009C0626,164.0,0.0,500.0,500.0,Forest,Carnivore,,No,Invertivore
AVIBASE-F6ED89EE,423.0,0.0,1100.0,1100.0,Forest,Carnivore,CV,No,Invertivore
AVIBASE-5817C5F7,2206.0,0.0,2000.0,2000.0,Woodland,Carnivore,CP,No,Omnivore
AVIBASE-AC53C0E2,1297.5,,,800.0,Woodland,Omnivore,,No,Omnivore
AVIBASE-0CB76DBD,181.66667,100.0,400.0,500.0,Grassland,Carnivore,O,No,Vertivore
AVIBASE-38DF393D,,0.0,1300.0,1300.0,Shrubland,Scavenger,,No,Scavenger
AVIBASE-7C22C3D3,1129.83333,0.0,3000.0,3000.0,Shrubland,Carnivore,PL,No,Omnivore
AVIBASE-104A2994,595.0,0.0,1500.0,1500.0,Forest,Carnivore,,No,Invertivore
AVIBASE-9D271B2D,353.0,0.0,600.0,600.0,Forest,Carnivore,,No,Omnivore
AVIBASE-BA33DDD5,307.75,0.0,1000.0,1000.0,Grassland,Carnivore,,No,Omnivore
AVIBASE-919D7CD8,254.75,0.0,3000.0,3000.0,Grassland,Carnivore,PL,No,Omnivore
AVIBASE-7D9FC709,1187.0,0.0,500.0,500.0,Coastal,Carnivore,,No,Omnivore
AVIBASE-4E716ECB,,3000.0,1000.0,4000.0,Grassland,Carnivore,,No,Omnivore
AVIBASE-736B022C,790.0,700.0,4300.0,5000.0,Grassland,Carnivore,,No,Omnivore
AVIBASE-51018EF4,791.0,0.0,3000.0,3000.0,Grassland,Carnivore,CR,No,Omnivore
AVIBASE-24C90C1A,655.0,0.0,1500.0,1500.0,Forest,Carnivore,"CV,O,SC",No,Vertivore
AVIBASE-846E1C25,206.16667,0.0,2500.0,2500.0,Forest,Carnivore,CV,No,Vertivore
AVIBASE-97461F73,188.25,0.0,1500.0,1500.0,Forest,Carnivore,CV,No,Vertivore
AVIBASE-780CB54B,206.5,0.0,1600.0,1600.0,Forest,Carnivore,,No,Vertivore
AVIBASE-6A9FF1B8,210.75,0.0,600.0,600.0,Forest,Carnivore,CV,No,Omnivore
AVIBASE-553F3A66,506.5,0.0,500.0,500.0,Forest,Carnivore,CV,No,Vertivore
AVIBASE-8217BC4F,675.5,0.0,900.0,900.0,Forest,Carnivore,CV,No,Vertivore
AVIBASE-C55F4BB0,,,,1800.0,Forest,Carnivore,CV,No,Vertivore
AVIBASE-3B52D2B8,60.7,0.0,1600.0,1600.0,Grassland,Carnivore,O,No,Vertivore
AVIBASE-A4452EC1,40.0,0.0,900.0,900.0,Forest,Carnivore,"CV,O",No,Invertivore
AVIBASE-1C041C1A,43.225,0.0,1200.0,1200.0,Forest,Carnivore,"CV,O",No,Invertivore
AVIBASE-C538C440,47.06667,0.0,1200.0,1200.0,Forest,Carnivore,O,No,Invertivore
AVIBASE-31620C57,48.55,300.0,900.0,1200.0,Forest,Carnivore,O,No,Invertivore
AVIBASE-767A595E,65.0,0.0,1000.0,1000.0,Forest,Carnivore,O,No,Invertivore
AVIBASE-6C137D3A,98.0,0.0,700.0,700.0,Woodland,Carnivore,O,No,Invertivore
AVIBASE-BECA271F,145.75,0.0,3000.0,3000.0,Grassland,Carnivore,"CV,O",No,Invertivore
AVIBASE-2DAB45B8,210.5,0.0,5500.0,5500.0,Shrubland,Carnivore,"CV,O",No,Vertivore
AVIBASE-465E7C9F,196.0,0.0,5500.0,5500.0,Shrubland,Carnivore,"PL,CV,O",No,Vertivore
AVIBASE-66DD7774,124.0,0.0,1800.0,1800.0,Grassland,Carnivore,"CV,O",No,Invertivore
AVIBASE-D1069C26,173.25,0.0,800.0,800.0,Forest,Carnivore,CV,No,Vertivore
AVIBASE-F9A74DD9,,,,,Shrubland,Carnivore,,No,Vertivore
AVIBASE-36C7BFDE,80.5,0.0,900.0,900.0,Forest,Carnivore,"CV,O",No,Vertivore
AVIBASE-FED65E8A,162.0,0.0,2200.0,2200.0,Grassland,Carnivore,"CV,O",No,Vertivore
AVIBASE-A575254C,176.0,0.0,3800.0,3800.0,Woodland,Carnivore,"PL,O",No,Invertivore
AVIBASE-20C2214E,119.33333,0.0,4000.0,4000.0,Woodland,Carnivore,"CV,O",No,Invertivore
AVIBASE-2E4DAA13,242.33333,800.0,1000.0,1800.0,Desert,Carnivore,"CV,O",No,Invertivore
AVIBASE-D2CAA18B,275.0,0.0,1000.0,1000.0,Rock,Carnivore,CV,No,Invertivore
AVIBASE-3F2BA4F7,238.75,0.0,1830.0,1830.0,Woodland,Carnivore,"CV,O",No,Vertivore
AVIBASE-CA34C05A,205.16667,0.0,1200.0,1200.0,Grassland,Carnivore,CV,No,Vertivore
AVIBASE-80881CE3,198.0,0.0,2000.0,2000.0,Forest,Carnivore,"CV,SC",No,Vertivore
AVIBASE-8C1821E7,212.0,0.0,1000.0,1000.0,Grassland,Carnivore,O,No,Vertivore
AVIBASE-529E7777,211.66667,0.0,1000.0,1000.0,Woodland,Carnivore,HC,No,Vertivore
AVIBASE-997A9437,163.75,0.0,1500.0,1500.0,Grassland,Carnivore,O,No,Invertivore
AVIBASE-E6137E65,137.75,0.0,500.0,500.0,Woodland,Carnivore,"CV,O",No,Invertivore
AVIBASE-9EA1F12D,388.33333,600.0,900.0,1500.0,Coastal,Carnivore,CV,No,Omnivore
AVIBASE-BD34FDFD,299.33333,0.0,1500.0,1500.0,Desert,Carnivore,"CV,O",No,Omnivore
AVIBASE-5EC5BE3F,328.25,0.0,4000.0,4000.0,Grassland,Carnivore,O,No,Vertivore
AVIBASE-F3DA111C,193.0,0.0,3000.0,3000.0,Woodland,Carnivore,"CV,O,SC",No,Vertivore
AVIBASE-EF9568DE,169.25,0.0,1700.0,1700.0,Forest,Carnivore,"CV,O",No,Vertivore
AVIBASE-FF019083,500.0,0.0,1500.0,1500.0,Forest,Carnivore,"SC,CV",No,Vertivore
AVIBASE-E91E287A,204.25,0.0,4000.0,4000.0,Grassland,Carnivore,O,No,Invertivore
AVIBASE-F56A73BF,178.25,0.0,3000.0,3000.0,Woodland,Carnivore,O,No,Invertivore
AVIBASE-B9538B77,204.66667,0.0,2600.0,2600.0,Forest,Carnivore,O,No,Vertivore
AVIBASE-B72DDBE4,255.5,0.0,2000.0,2000.0,Forest,Carnivore,"O,CV",No,Vertivore
AVIBASE-38FA4FF0,443.0,0.0,1500.0,1500.0,Forest,Carnivore,,No,Vertivore
AVIBASE-9F5AA09D,599.0,0.0,2000.0,2000.0,Woodland,Carnivore,O,No,Vertivore
AVIBASE-121657AB,473.0,0.0,1000.0,1000.0,Woodland,Carnivore,O,No,Vertivore
AVIBASE-00BBD4CF,725.25,0.0,1400.0,1400.0,Woodland,Carnivore,O,No,Vertivore
AVIBASE-3D3808E3,657.5,0.0,5000.0,5000.0,Grassland,Carnivore,"O,SC",No,Vertivore
AVIBASE-9FB14C90,710.0,0.0,1000.0,1000.0,Grassland,Carnivore,O,No,Vertivore
AVIBASE-A9F51494,997.5,0.0,4700.0,4700.0,Grassland,Carnivore,O,No,Vertivore
AVIBASE-E19252A7,1325.0,0.0,1500.0,1500.0,Grassland,Carnivore,"O,SC",No,Vertivore
AVIBASE-BBFF0963,762.33333,0.0,3350.0,3350.0,Grassland,Carnivore,"SC,O",No,Vertivore
AVIBASE-47E58408,916.25,0.0,4000.0,4000.0,Grassland,Carnivore,"SC,O",No,Vertivore
AVIBASE-9A4AA945,261.0,600.0,3200.0,3800.0,Rock,Carnivore,"O,SC",No,Vertivore
AVIBASE-D2E2AE57,885.66667,600.0,1400.0,2000.0,Woodland,Herbivore,CV,No,Omnivore
AVIBASE-B6353CFD,463.0,0.0,1000.0,1000.0,Forest,Herbivore,CV,No,Omnivore
AVIBASE-7328A120,,0.0,300.0,300.0,Forest,Herbivore,,No,Frugivore
AVIBASE-E6DFA707,735.0,0.0,1000.0,1000.0,Forest,Herbivore,CV,No,Granivore
AVIBASE-2D806122,554.25,0.0,510.0,510.0,Forest,Herbivore,CV,No,Granivore
AVIBASE-B933D557,625.0,0.0,440.0,440.0,Grassland,Herbivore,CV,No,Granivore
AVIBASE-122372C7,700.0,0.0,400.0,400.0,Forest,Herbivore,CV,No,Granivore
AVIBASE-D090A8A4,552.5,0.0,1410.0,1410.0,Woodland,Herbivore,CV,No,Granivore
AVIBASE-FDAEA60A,94.75,,,,Woodland,Herbivore,CV,No,Granivore
AVIBASE-ADC0F261,795.0,0.0,750.0,750.0,Forest,Herbivore,CV,No,Granivore
AVIBASE-49394DD2,235.0,0.0,2000.0,2000.0,Woodland,Herbivore,CV,No,Granivore
AVIBASE-155F5285,335.25,0.0,,,Woodland,Herbivore,CV,No,Granivore
AVIBASE-E39FD99C,377.5,0.0,1000.0,1000.0,Shrubland,Herbivore,CV,No,Granivore
AVIBASE-E1E59398,428.0,0.0,150.0,150.0,Forest,Herbivore,,No,Granivore
AVIBASE-67EE6F84,287.5,0.0,400.0,400.0,Forest,Herbivore,CV,No,Granivore
AVIBASE-D238FDA1,459.5,0.0,1700.0,1700.0,Forest,Herbivore,CV,No,Omnivore
AVIBASE-1E85ABE4,683.33333,,,,Woodland,Herbivore,CV,No,Granivore
AVIBASE-5F5EBCF5,502.0,,,,Grassland,Herbivore,CV,No,Omnivore
AVIBASE-F2A2FB6A,539.83333,,,,Grassland,Herbivore,CV,No,Herbivore terrestrial
AVIBASE-AF71785D,560.0,0.0,900.0,900.0,Forest,Herbivore,CV,No,Granivore
AVIBASE-54B51CFD,520.66667,0.0,900.0,900.0,Forest,Herbivore,,No,Omnivore
AVIBASE-0B5492FA,835.0,0.0,900.0,900.0,Forest,Herbivore,CV,No,Granivore
AVIBASE-0992CA28,310.75,0.0,500.0,500.0,Woodland,Herbivore,CV,No,Granivore
AVIBASE-A6C18444,350.0,0.0,1225.0,1225.0,Woodland,Herbivore,,No,Granivore
AVIBASE-3F907C52,761.0,0.0,1400.0,1400.0,Forest,Herbivore,CV,No,Granivore
AVIBASE-3DE7F2AD,410.0,0.0,2200.0,2200.0,Forest,Herbivore,"O,CV",No,Omnivore
AVIBASE-7D6F6D08,,0.0,500.0,500.0,Forest,Herbivore,CV,No,Omnivore
AVIBASE-83D329B5,276.25,1600.0,950.0,2550.0,Forest,Herbivore,CV,No,Granivore
AVIBASE-8413D9A5,172.5,300.0,2900.0,3200.0,Forest,Herbivore,,No,Frugivore
AVIBASE-0EB10DB3,339.33333,0.0,4000.0,4000.0,Forest,Herbivore,CV,No,Granivore
AVIBASE-2F4B17A7,341.83333,1000.0,700.0,1700.0,Forest,Herbivore,CV,No,Granivore
AVIBASE-0ECD9D58,120.66667,600.0,1600.0,2200.0,Woodland,Herbivore,CV,No,Omnivore
AVIBASE-E37F25F7,119.0,0.0,1500.0,1500.0,Woodland,Herbivore,,No,Omnivore
AVIBASE-4A039821,135.0,0.0,1200.0,1200.0,Shrubland,Herbivore,CV,No,Omnivore
AVIBASE-6C96E81B,,,,1000.0,Forest,Herbivore,,No,Granivore
AVIBASE-D7F9C6B5,140.5,0.0,1000.0,1000.0,Grassland,Herbivore,CV,No,Frugivore
AVIBASE-69661C7D,120.0,,,2000.0,Shrubland,Herbivore,,No,Frugivore
AVIBASE-D61A8FB2,62.0,900.0,800.0,1700.0,Forest,Herbivore,CV,No,Omnivore
AVIBASE-2BFD2184,62.0,0.0,900.0,900.0,Forest,Herbivore,,No,Frugivore
AVIBASE-F30DC53E,80.0,500.0,2500.0,3000.0,Forest,Herbivore,,No,Frugivore
AVIBASE-D8C977FC,65.0,100.0,1600.0,1700.0,Forest,Herbivore,CV,No,Frugivore
AVIBASE-520D149F,59.65,0.0,1400.0,1400.0,Forest,Herbivore,CV,No,Frugivore
AVIBASE-629451DA,41.3,500.0,500.0,1000.0,Forest,Herbivore,,No,Frugivore
AVIBASE-9C59337D,51.0,0.0,900.0,900.0,Forest,Herbivore,,No,Frugivore
AVIBASE-72692065,77.375,1050.0,650.0,1700.0,Forest,Herbivore,,No,Frugivore
AVIBASE-2F6F57F8,45.5,1800.0,1200.0,3000.0,Shrubland,Herbivore,CV,No,Omnivore
AVIBASE-AE9BD88B,38.85,1000.0,3500.0,4500.0,Shrubland,Herbivore,BU,No,Omnivore
AVIBASE-0AD53589,53.175,900.0,2400.0,3300.0,Forest,Herbivore,CV,No,Omnivore
AVIBASE-2706D697,64.0,3200.0,800.0,4000.0,Grassland,Herbivore,CV,No,Granivore
AVIBASE-145BB516,42.9,3000.0,1000.0,4000.0,Forest,Herbivore,BU,No,Omnivore
AVIBASE-7F285393,44.25,0.0,2200.0,2200.0,Forest,Herbivore,,No,Frugivore
AVIBASE-E603F9E5,41.75,,,300.0,Forest,Herbivore,CV,No,Omnivore
AVIBASE-35810386,114.33333,0.0,1000.0,1000.0,Woodland,Herbivore,DM,No,Omnivore
AVIBASE-FDD9A634,120.0,1300.0,1700.0,3000.0,Rock,Herbivore,CR,No,Omnivore
AVIBASE-0223FDB1,59.0,0.0,300.0,300.0,Shrubland,Herbivore,CV,No,Frugivore
AVIBASE-09ABF606,63.0,0.0,1200.0,1200.0,Forest,Herbivore,CV,No,Omnivore
AVIBASE-B42BCB40,70.425,0.0,300.0,300.0,Forest,Herbivore,"CV,O",No,Omnivore
AVIBASE-1FEC3F95,62.68333,0.0,2700.0,2700.0,Woodland,Herbivore,CV,No,Omnivore
AVIBASE-E8B22F41,64.0,0.0,1550.0,1550.0,Forest,Herbivore,CV,No,Omnivore
AVIBASE-C360AA2F,61.125,0.0,1400.0,1400.0,Woodland,Herbivore,CV,No,Omnivore
AVIBASE-14FCAD62,63.5,0.0,1000.0,1000.0,Forest,Herbivore,CV,No,Omnivore
AVIBASE-ECE896E2,60.5,0.0,1200.0,1200.0,Forest,Herbivore,CV,No,Nectarivore
AVIBASE-7E10A5B9,115.0,0.0,1500.0,1500.0,Forest,Herbivore,CV,No,Frugivore
AVIBASE-F04B1141,102.5,300.0,700.0,1000.0,Forest,Herbivore,CV,No,Omnivore
AVIBASE-B197D2D1,147.5,0.0,1200.0,1200.0,Forest,Herbivore,CV,No,Omnivore
AVIBASE-3F7F7C19,103.0,0.0,900.0,900.0,Forest,Herbivore,,No,Omnivore
AVIBASE-4FD2C88E,153.66667,0.0,1200.0,1200.0,Forest,Herbivore,,No,Frugivore
AVIBASE-05B5B7D0,174.33333,0.0,500.0,500.0,Forest,Herbivore,,No,Omnivore
AVIBASE-33487D8B,132.0,0.0,1100.0,1100.0,Forest,Herbivore,CV,No,Granivore
AVIBASE-B613BE89,,0.0,300.0,300.0,Forest,Herbivore,,No,Frugivore
AVIBASE-AF2DDFAE,151.5,0.0,800.0,800.0,Forest,Herbivore,,No,Frugivore
AVIBASE-6967FA94,106.0,2500.0,500.0,3000.0,Forest,Herbivore,,No,Omnivore
AVIBASE-485B3D87,124.0,2900.0,250.0,3150.0,Forest,Herbivore,CV,No,Frugivore
AVIBASE-E37691A0,103.0,2500.0,1000.0,3500.0,Forest,Herbivore,CV,No,Omnivore
AVIBASE-91F5CA1B,158.0,1740.0,1710.0,3450.0,Forest,Herbivore,,No,Frugivore
AVIBASE-1A87E3A9,203.33333,0.0,1800.0,1800.0,Forest,Herbivore,CV,No,Omnivore
AVIBASE-7BAAE4E3,265.5,500.0,1000.0,1500.0,Forest,Herbivore,CV,No,Frugivore
AVIBASE-FAC09D76,263.0,0.0,1500.0,1500.0,Forest,Herbivore,CV,No,Granivore
AVIBASE-BF66BBFC,239.0,2000.0,1300.0,3300.0,Forest,Herbivore,,No,Frugivore
AVIBASE-9EBE8B16,239.0,2000.0,1100.0,3100.0,Forest,Herbivore,CV,No,Frugivore
AVIBASE-F9814D52,242.75,0.0,1400.0,1400.0,Woodland,Herbivore,CV,No,Omnivore
AVIBASE-09F13424,252.0,0.0,1400.0,1400.0,Forest,Herbivore,CV,No,Omnivore
AVIBASE-F1202D11,213.75,0.0,1600.0,1600.0,Forest,Herbivore,CV,No,Frugivore
AVIBASE-3B0B6BD9,265.0,1400.0,1000.0,2400.0,Forest,Herbivore,CV,No,Frugivore
AVIBASE-44DA4D4E,195.5,0.0,400.0,400.0,Forest,Herbivore,,No,Frugivore
AVIBASE-032F4AC2,336.0,600.0,600.0,1200.0,Woodland,Herbivore,CV,No,Omnivore
AVIBASE-76A116AB,380.0,0.0,100.0,100.0,Forest,Herbivore,CV,No,Frugivore
AVIBASE-CB22967B,,0.0,500.0,500.0,Forest,Herbivore,,No,Frugivore
AVIBASE-0FF89B76,240.0,600.0,1400.0,2000.0,Forest,Herbivore,CV,No,Omnivore
AVIBASE-D50220E9,265.0,1600.0,1000.0,2600.0,Forest,Herbivore,CV,No,Omnivore
AVIBASE-EFA0861B,275.0,500.0,500.0,1000.0,Forest,Herbivore,CV,No,Frugivore
AVIBASE-EE676594,205.25,100.0,1300.0,1400.0,Forest,Herbivore,CV,No,Omnivore
AVIBASE-DD669F07,209.0,0.0,1850.0,1850.0,Forest,Herbivore,CV,No,Granivore
AVIBASE-03EC041F,187.0,0.0,1200.0,1200.0,Forest,Herbivore,CV,No,Omnivore
AVIBASE-8B2843E8,250.0,0.0,1200.0,1200.0,Forest,Herbivore,CV,No,Omnivore
AVIBASE-766B3C30,214.0,0.0,1500.0,1500.0,Grassland,Herbivore,CV,No,Frugivore
AVIBASE-E4507DF6,281.0,200.0,400.0,600.0,Forest,Herbivore,CV,No,Omnivore
AVIBASE-66C32CC9,297.75,0.0,1920.0,1920.0,Woodland,Herbivore,CV,No,Granivore
AVIBASE-56EC9CA9,408.75,0.0,1100.0,1100.0,Forest,Herbivore,CV,No,Frugivore
AVIBASE-1F11D1B1,416.0,0.0,700.0,700.0,Forest,Herbivore,,No,Frugivore
AVIBASE-7539A5FF,,0.0,500.0,500.0,Forest,Herbivore,,No,Frugivore
AVIBASE-B1595124,303.66667,0.0,1200.0,1200.0,Forest,Herbivore,CV,No,Omnivore
AVIBASE-E0993B27,215.11667,0.0,100.0,100.0,Forest,Herbivore,CV,No,Granivore
AVIBASE-7B534E0C,555.5,0.0,1700.0,1700.0,Forest,Herbivore,,No,Granivore
AVIBASE-8FC55431,475.0,0.0,1000.0,1000.0,Forest,Herbivore,,No,Frugivore
AVIBASE-D1E2E2F9,500.0,300.0,500.0,800.0,Forest,Herbivore,CV,No,Frugivore
AVIBASE-2156EB72,752.5,500.0,400.0,900.0,Forest,Herbivore,CV,No,Frugivore
AVIBASE-F9D03943,517.0,0.0,900.0,900.0,Forest,Herbivore,CV,No,Omnivore
AVIBASE-74D1AE14,451.66667,0.0,700.0,700.0,Woodland,Herbivore,CV,No,Granivore
AVIBASE-F6E73280,,,,,Forest,Herbivore,,No,Frugivore
AVIBASE-47A81116,,,,,Forest,Herbivore,,No,Frugivore
AVIBASE-45BCA1AA,436.5,0.0,300.0,300.0,Forest,Herbivore,CV,No,Omnivore
AVIBASE-CA4C6B17,303.33333,0.0,500.0,500.0,Shrubland,Herbivore,CV,No,Omnivore
AVIBASE-4B268FD2,450.0,0.0,1600.0,1600.0,Shrubland,Herbivore,CV,No,Omnivore
AVIBASE-CED01CA4,340.0,1500.0,1500.0,3000.0,Forest,Herbivore,,No,Omnivore
AVIBASE-77721E6B,651.0,0.0,1600.0,1600.0,Forest,Herbivore,CV,No,Omnivore
AVIBASE-D0D63FF1,626.0,0.0,1200.0,1200.0,Forest,Herbivore,CV,No,Omnivore
AVIBASE-7F4458FE,,0.0,600.0,600.0,Forest,Herbivore,,No,Omnivore
AVIBASE-B78B2F83,529.5,600.0,700.0,1300.0,Forest,Herbivore,CV,No,Frugivore
AVIBASE-5A7AF4AE,227.0,0.0,200.0,200.0,Forest,Herbivore,CV,No,Frugivore
AVIBASE-0F2066D5,383.5,0.0,600.0,600.0,Forest,Herbivore,CV,No,Frugivore
AVIBASE-62AFC876,682.5,125.0,875.0,1000.0,Forest,Herbivore,CV,No,Omnivore
AVIBASE-23C704E1,29.56667,0.0,1000.0,1000.0,Forest,Herbivore,CV,No,Frugivore
AVIBASE-64E60FBC,33.35,0.0,1400.0,1400.0,Forest,Herbivore,CV,No,Frugivore
AVIBASE-64C68E69,,,,500.0,Forest,Herbivore,CV,No,Frugivore
AVIBASE-1694FBFF,26.1,0.0,500.0,500.0,Shrubland,Herbivore,CV,No,Omnivore
AVIBASE-4FC2DF64,28.75,0.0,1200.0,1200.0,Forest,Herbivore,CV,No,Omnivore
AVIBASE-E43CCCA6,24.0,0.0,1800.0,1800.0,Woodland,Herbivore,CV,No,Granivore
AVIBASE-44585D05,26.1,100.0,1700.0,1800.0,Forest,Herbivore,CV,No,Omnivore
AVIBASE-2A07367C,26.1,0.0,1500.0,1500.0,Shrubland,Herbivore,CV,No,Frugivore
AVIBASE-E5C9870D,35.0,600.0,1400.0,2000.0,Shrubland,Herbivore,CV,No,Omnivore
AVIBASE-C0827011,151.33333,0.0,1000.0,1000.0,Forest,Herbivore,CV,No,Omnivore
AVIBASE-37377F33,155.0,0.0,800.0,800.0,Forest,Herbivore,CV,No,Frugivore
AVIBASE-24CCA473,,0.0,500.0,500.0,Forest,Herbivore,CV,No,Frugivore
AVIBASE-9456EA1A,,0.0,500.0,500.0,Forest,Herbivore,CV,No,Frugivore
AVIBASE-821D0A48,245.0,0.0,400.0,400.0,Forest,Herbivore,CV,No,Omnivore
AVIBASE-9DA59151,114.45,0.0,400.0,400.0,Forest,Herbivore,CV,No,Omnivore
AVIBASE-BA656D05,73.95,,,1000.0,Woodland,Herbivore,,No,Frugivore
AVIBASE-B24FFE53,79.83333,0.0,1400.0,1400.0,Forest,Herbivore,CV,No,Granivore
AVIBASE-EF8A94AA,75.0,0.0,500.0,500.0,Forest,Herbivore,,No,Frugivore
AVIBASE-E93BACCC,79.25,0.0,600.0,600.0,Forest,Herbivore,,No,Frugivore
AVIBASE-31679C53,71.5,,,2000.0,Woodland,Herbivore,CV,No,Frugivore
AVIBASE-D84E3E9E,75.9,,,700.0,Shrubland,Herbivore,,No,Omnivore
AVIBASE-807B89E7,63.0,500.0,500.0,1000.0,Forest,Herbivore,,No,Omnivore
AVIBASE-007B7943,84.25,0.0,600.0,600.0,Forest,Herbivore,,No,Omnivore
AVIBASE-BDCBDAC0,65.5,0.0,1565.0,1565.0,Forest,Herbivore,CV,No,Frugivore
AVIBASE-E0425FD0,62.1,0.0,1660.0,1660.0,Forest,Herbivore,,No,Frugivore
AVIBASE-FD549DD7,62.1,0.0,700.0,700.0,Forest,Herbivore,,No,Frugivore
AVIBASE-FA4A412F,62.0,400.0,1800.0,2200.0,Forest,Herbivore,,No,Frugivore
AVIBASE-070AE2DC,,250.0,1450.0,1700.0,Forest,Herbivore,,No,Omnivore
AVIBASE-C7D833ED,63.15,100.0,1900.0,2000.0,Forest,Herbivore,CV,No,Omnivore
AVIBASE-A950292F,55.0,100.0,1900.0,2000.0,Forest,Herbivore,,No,Omnivore
AVIBASE-E8C9403D,65.0,100.0,1900.0,2000.0,Forest,Herbivore,,No,Frugivore
AVIBASE-61F21598,68.8,100.0,1550.0,1650.0,Forest,Herbivore,,No,Omnivore
AVIBASE-04138BA8,62.0,0.0,1650.0,1650.0,Forest,Herbivore,,No,Omnivore
AVIBASE-1CC33853,62.0,100.0,1900.0,2000.0,Forest,Herbivore,,No,Omnivore
AVIBASE-2997FB71,87.5,1800.0,1700.0,3500.0,Forest,Herbivore,CV,No,Frugivore
AVIBASE-4B5C48AC,66.3,700.0,1100.0,1800.0,Forest,Herbivore,,No,Frugivore
AVIBASE-FC969B5D,74.5,500.0,1200.0,1700.0,Forest,Herbivore,,No,Frugivore
AVIBASE-97CCB702,,0.0,2200.0,2200.0,Forest,Herbivore,,No,Frugivore
AVIBASE-7A638784,,1600.0,1200.0,2800.0,Forest,Herbivore,,No,Frugivore
AVIBASE-9C41D7C0,70.0,300.0,1000.0,1300.0,Forest,Herbivore,,No,Frugivore
AVIBASE-832FDAFE,100.25,900.0,1100.0,2000.0,Forest,Herbivore,,No,Frugivore
AVIBASE-B3FCD547,75.0,,,2000.0,Forest,Herbivore,,No,Frugivore
AVIBASE-4F34A55C,88.0,1700.0,1700.0,3400.0,Forest,Herbivore,,No,Frugivore
AVIBASE-3CACB009,69.1,1000.0,1000.0,2000.0,Forest,Herbivore,,No,Frugivore
AVIBASE-B59DC31F,,800.0,2250.0,3050.0,Forest,Herbivore,,No,Frugivore
AVIBASE-854F3163,82.1,700.0,2300.0,3000.0,Forest,Herbivore,CV,No,Frugivore
AVIBASE-7A8B7C27,161.0,0.0,1200.0,1200.0,Forest,Herbivore,CV,No,Granivore
AVIBASE-534CC52A,196.5,0.0,2000.0,2000.0,Forest,Herbivore,CV,No,Granivore
AVIBASE-1A7D8F6B,281.5,0.0,2000.0,2000.0,Shrubland,Herbivore,"BU,CV",No,Granivore
AVIBASE-3B7073D1,1513.0,0.0,400.0,400.0,Forest,Herbivore,CV,No,Frugivore
AVIBASE-FF910F60,940.0,400.0,400.0,800.0,Shrubland,Herbivore,CV,No,Granivore
AVIBASE-6DCCF66C,,,,500.0,Forest,Herbivore,CV,No,Granivore
AVIBASE-6D621EA2,325.0,1200.0,2300.0,3500.0,Forest,Herbivore,CV,No,Granivore
AVIBASE-277579A3,441.66667,2000.0,1000.0,3000.0,Forest,Herbivore,CV,No,Granivore
AVIBASE-BCBE9A76,78.5,0.0,1500.0,1500.0,Woodland,Herbivore,CV,No,Frugivore
AVIBASE-A77D5C74,80.95,0.0,1100.0,1100.0,Woodland,Herbivore,CV,No,Frugivore
AVIBASE-71F8EC07,74.0,0.0,1500.0,1500.0,Forest,Herbivore,CV,No,Omnivore
AVIBASE-B7D06CF9,84.325,0.0,600.0,600.0,Shrubland,Herbivore,CV,No,Granivore
AVIBASE-C9664259,89.0,0.0,1200.0,1200.0,Grassland,Herbivore,CV,No,Omnivore
AVIBASE-5652A345,120.0,0.0,800.0,800.0,Shrubland,Herbivore,,No,Omnivore
AVIBASE-90002523,100.0,0.0,,,Riverine,Herbivore,"CV,CP",No,Frugivore
AVIBASE-02C13BB0,112.5,0.0,750.0,750.0,Forest,Herbivore,CV,No,Frugivore
AVIBASE-8B85CB2C,128.66667,,,800.0,Grassland,Herbivore,CV,No,Omnivore
AVIBASE-4D5DF222,120.5,0.0,1400.0,1400.0,Grassland,Herbivore,,No,Frugivore
AVIBASE-735E9E38,110.0,0.0,1400.0,1400.0,Grassland,Herbivore,CV,No,Omnivore
AVIBASE-29F9CF96,102.9,0.0,1200.0,1200.0,Woodland,Herbivore,CV,No,Frugivore
AVIBASE-58CCB269,130.0,0.0,2180.0,2180.0,Forest,Herbivore,CV,No,Frugivore
AVIBASE-FB8F32C3,298.66667,0.0,500.0,500.0,Woodland,Herbivore,CV,No,Granivore
AVIBASE-9A5F4D95,341.0,0.0,650.0,650.0,Woodland,Herbivore,CV,No,Frugivore
AVIBASE-5162EBDF,250.5,0.0,1550.0,1550.0,Forest,Herbivore,,No,Frugivore
AVIBASE-50E2CC40,245.0,0.0,600.0,600.0,Woodland,Herbivore,CV,No,Omnivore
AVIBASE-A6B715E5,256.0,0.0,1000.0,1000.0,Forest,Herbivore,CV,No,Frugivore
AVIBASE-18AEC353,1105.0,0.0,500.0,500.0,Forest,Herbivore,CV,No,Omnivore
AVIBASE-EFF095BD,700.0,200.0,100.0,300.0,Forest,Herbivore,CV,No,Frugivore
AVIBASE-25BE1729,357.5,0.0,600.0,600.0,Forest,Herbivore,,No,Granivore
AVIBASE-929DECF1,550.0,1100.0,1600.0,2700.0,Forest,Herbivore,CV,No,Granivore
AVIBASE-A5504B38,,,,,Forest,Herbivore,,No,Granivore
AVIBASE-50C9E950,1053.0,600.0,2000.0,2600.0,Forest,Herbivore,CV,No,Omnivore
AVIBASE-8C233878,1131.5,0.0,1000.0,1000.0,Forest,Herbivore,CV,No,Granivore
AVIBASE-5B015EDA,1224.25,0.0,500.0,500.0,Forest,Herbivore,CV,No,Granivore
AVIBASE-5DBFB188,1379.0,0.0,1500.0,1500.0,Forest,Herbivore,CV,No,Granivore
AVIBASE-B6D7DD31,157.7675,2400.0,1000.0,3400.0,Forest,Herbivore,CV,No,Granivore
AVIBASE-BCCB23F5,285.0,2000.0,1000.0,3000.0,Forest,Herbivore,CV,No,Granivore
AVIBASE-1F894CC3,223.5,0.0,300.0,300.0,Forest,Herbivore,CV,No,Omnivore
AVIBASE-D06F2AAA,150.16667,0.0,1400.0,1400.0,Grassland,Herbivore,CV,No,Omnivore
AVIBASE-44D986EC,,0.0,1400.0,1400.0,Grassland,Herbivore,CV,No,Omnivore
AVIBASE-4BE8E5F1,179.2,0.0,2650.0,2650.0,Shrubland,Herbivore,CV,No,Frugivore
AVIBASE-67D6698A,164.1,500.0,1500.0,2000.0,Woodland,Herbivore,CV,No,Granivore
AVIBASE-6786ECC6,175.0,800.0,1000.0,1800.0,Woodland,Herbivore,CV,No,Frugivore
AVIBASE-BACDCFE2,166.5,500.0,,,Forest,Herbivore,CV,No,Omnivore
AVIBASE-5871A963,187.5,0.0,2600.0,2600.0,Woodland,Herbivore,"CR,CV,M",No,Omnivore
AVIBASE-8B1CF9DF,189.5,350.0,1650.0,2000.0,Forest,Herbivore,CR,No,Omnivore
AVIBASE-30789EE7,189.5,350.0,1650.0,2000.0,Forest,Herbivore,,No,Omnivore
AVIBASE-8DE71518,247.0,1000.0,2400.0,3400.0,Woodland,Herbivore,CV,No,Frugivore
AVIBASE-12E354E2,151.0,0.0,1300.0,1300.0,Forest,Herbivore,CV,No,Frugivore
AVIBASE-BB1BD713,150.0,0.0,1650.0,1650.0,Woodland,Herbivore,CV,No,Frugivore
AVIBASE-53A45E87,159.0,0.0,2500.0,2500.0,Forest,Herbivore,CV,No,Frugivore
AVIBASE-1BABE8A4,87.0,0.0,1000.0,1000.0,Grassland,Herbivore,CV,No,Frugivore
AVIBASE-FA662936,145.5,0.0,2000.0,2000.0,Forest,Herbivore,CV,No,Omnivore
AVIBASE-759ED874,,0.0,,,Forest,Herbivore,CV,No,Omnivore
AVIBASE-547A46F0,,,,,Forest,Herbivore,,No,Frugivore
AVIBASE-110E01EA,777.5,500.0,1300.0,1800.0,Forest,Herbivore,,No,Frugivore
AVIBASE-441F544D,,,,,Forest,Herbivore,,No,Granivore
AVIBASE-FCED8B3A,530.0,0.0,1000.0,1000.0,Forest,Herbivore,,No,Frugivore
AVIBASE-EB97C0F2,142.5,0.0,367.0,367.0,Forest,Herbivore,CV,No,Omnivore
AVIBASE-873200F0,315.0,,,1500.0,Forest,Herbivore,,No,Frugivore
AVIBASE-B8802336,254.0,0.0,2050.0,2050.0,Forest,Herbivore,CV,No,Frugivore
AVIBASE-AC21DDDE,12.0,0.0,250.0,250.0,Forest,Herbivore,CV,No,Herbivore terrestrial
AVIBASE-418B7FF3,14.5,0.0,150.0,150.0,Forest,Herbivore,CV,No,Herbivore terrestrial
AVIBASE-EA7A2CF8,12.5,0.0,400.0,400.0,Forest,Herbivore,CV,No,Herbivore terrestrial
AVIBASE-785A9333,13.8,0.0,700.0,700.0,Forest,Herbivore,CV,No,Herbivore terrestrial
AVIBASE-F26F4039,15.0,500.0,500.0,1000.0,Forest,Herbivore,CV,No,Herbivore terrestrial
AVIBASE-A73295FF,13.58333,500.0,1800.0,2300.0,Forest,Herbivore,CV,No,Herbivore terrestrial
AVIBASE-CF255B3F,148.5,,,,Riverine,Herbivore,CV,No,Granivore
AVIBASE-6F2B75C0,157.0,0.0,,,Woodland,Herbivore,CV,No,Granivore
AVIBASE-B606EC46,,,,,Desert,Herbivore,CV,No,Granivore
AVIBASE-893EB5E1,154.0,200.0,1300.0,1500.0,Forest,Herbivore,CV,No,Granivore
AVIBASE-E2674F04,164.0,0.0,2300.0,2300.0,Forest,Herbivore,,No,Frugivore
AVIBASE-29DB0309,237.83333,0.0,1600.0,1600.0,Forest,Herbivore,CV,No,Granivore
AVIBASE-97DE42F3,119.0,0.0,2200.0,2200.0,Forest,Herbivore,,No,Granivore
AVIBASE-BB1F4BB8,138.0,0.0,,,Forest,Herbivore,CV,No,Granivore
AVIBASE-00AECE2A,,0.0,1750.0,1750.0,Forest,Herbivore,CV,No,Frugivore
AVIBASE-23917E7B,66.3,1800.0,200.0,2000.0,Forest,Herbivore,CV,No,Frugivore
AVIBASE-0EB4C4A1,118.75,1000.0,1700.0,2700.0,Forest,Herbivore,,No,Frugivore
AVIBASE-1EA06986,120.66667,700.0,2200.0,2900.0,Forest,Herbivore,,No,Frugivore
AVIBASE-932EBDB4,111.5,0.0,300.0,300.0,Forest,Herbivore,,No,Frugivore
AVIBASE-A14016B7,,,,1670.0,Forest,Herbivore,,No,Frugivore
AVIBASE-003D8AAD,,0.0,,,Forest,Herbivore,,No,Frugivore
AVIBASE-379431D7,,0.0,1000.0,1000.0,Forest,Herbivore,,No,Frugivore
AVIBASE-B6F6A196,109.15,300.0,400.0,700.0,Forest,Herbivore,,No,Frugivore
AVIBASE-5B2086A6,141.66667,0.0,1500.0,1500.0,Forest,Herbivore,,No,Frugivore
AVIBASE-D9BAB142,485.0,0.0,800.0,800.0,Forest,Herbivore,CV,No,Omnivore
AVIBASE-630B1752,,0.0,950.0,950.0,Forest,Herbivore,CV,No,Omnivore
AVIBASE-E8895935,,0.0,1000.0,1000.0,Forest,Herbivore,CV,No,Omnivore
AVIBASE-028FCD4B,502.5,0.0,1000.0,1000.0,Forest,Herbivore,CV,No,Frugivore
AVIBASE-915FD1E2,,,,,Forest,,,No,
AVIBASE-1773A3AD,155.0,0.0,800.0,800.0,Forest,Herbivore,CV,No,Granivore
AVIBASE-8C9C1CD3,161.0,600.0,1400.0,2000.0,Forest,Herbivore,CV,No,Granivore
AVIBASE-42AFAB65,172.5,,,600.0,Forest,Herbivore,CV,No,Frugivore
AVIBASE-BFD2FF51,170.0,,,,Forest,Herbivore,,No,Frugivore
AVIBASE-DD93ECEA,64.075,0.0,700.0,700.0,Forest,Herbivore,CV,No,Omnivore
AVIBASE-AF6AF3CC,,0.0,570.0,570.0,Forest,Herbivore,,No,Omnivore
AVIBASE-9792A7D0,325.0,0.0,,,Forest,Herbivore,CV,No,Frugivore
AVIBASE-9A1856F5,202.25,0.0,1000.0,1000.0,Forest,Herbivore,"CV,O",No,Omnivore
AVIBASE-6518D6CD,,0.0,500.0,500.0,Forest,Herbivore,,No,Frugivore
AVIBASE-D0C378AB,265.0,0.0,500.0,500.0,Forest,Herbivore,CV,No,Frugivore
AVIBASE-40C84A05,,600.0,900.0,1500.0,Forest,Herbivore,,No,Frugivore
AVIBASE-A72667DF,89.6,600.0,600.0,1200.0,Forest,Herbivore,,No,Omnivore
AVIBASE-5D7421A0,108.5,1350.0,1150.0,2500.0,Woodland,Herbivore,CV,No,Omnivore
AVIBASE-7FBB0C8D,,0.0,1000.0,1000.0,Forest,Herbivore,CV,No,Frugivore
AVIBASE-109000B4,69.5,0.0,1300.0,1300.0,Forest,Herbivore,CV,No,Frugivore
AVIBASE-AC2576A1,150.5,0.0,,,Forest,Herbivore,CV,No,Omnivore
AVIBASE-BE817B49,251.0,0.0,4000.0,4000.0,Forest,Herbivore,CV,No,Omnivore
AVIBASE-39960EAB,146.3,0.0,300.0,300.0,Coastal,Herbivore,CV,No,Frugivore
AVIBASE-378A591F,85.5,450.0,550.0,1000.0,Forest,Herbivore,CV,No,Omnivore
AVIBASE-DB5ABCFC,,0.0,2000.0,2000.0,Forest,Herbivore,CV,No,Frugivore
AVIBASE-1021FA92,228.0,0.0,800.0,800.0,Woodland,Herbivore,CV,No,Omnivore
AVIBASE-2C828882,,,,,Forest,Herbivore,,No,Frugivore
AVIBASE-6B1CFC3C,117.8,0.0,2000.0,2000.0,Grassland,Herbivore,CV,No,Omnivore
AVIBASE-69F1E2FC,174.33333,200.0,600.0,800.0,Forest,Herbivore,CV,No,Frugivore
AVIBASE-C7B5B804,,,,,Forest,Herbivore,,No,Frugivore
AVIBASE-3BC383B0,224.0,0.0,190.0,190.0,Forest,Herbivore,,No,Frugivore
AVIBASE-20F87A8D,,,,,Forest,Herbivore,,No,Granivore
AVIBASE-FD9589C1,103.75,1500.0,1100.0,2600.0,Forest,Herbivore,,No,Omnivore
AVIBASE-B182A4E9,58.0,2500.0,1500.0,4000.0,Forest,Herbivore,,No,Omnivore
AVIBASE-9D62875B,,2500.0,1500.0,4000.0,Shrubland,Herbivore,,No,Omnivore
AVIBASE-F4A6C191,43.35,1700.0,1100.0,2800.0,Shrubland,Herbivore,,No,Frugivore
AVIBASE-A2DE41CF,38.96667,1150.0,1350.0,2500.0,Forest,Herbivore,,No,Frugivore
AVIBASE-D50BD34B,62.0,0.0,1100.0,1100.0,Woodland,Herbivore,CV,No,Granivore
AVIBASE-8AFC47C9,84.5,,,,Woodland,Herbivore,CV,No,Granivore
AVIBASE-DAF924B8,,,,,Woodland,Herbivore,,No,Granivore
AVIBASE-E3EDF6CC,60.5,,,,Grassland,Herbivore,CV,No,Granivore
AVIBASE-E12284B8,48.05,,,,Woodland,Herbivore,BU,No,Granivore
AVIBASE-9551D3F3,42.05,0.0,150.0,150.0,Forest,Herbivore,BU,No,Granivore
AVIBASE-ECBBD3D5,,0.0,1000.0,1000.0,Forest,Herbivore,BU,No,Granivore
AVIBASE-3E2C25E8,123.0,,,,Forest,Herbivore,CV,No,Granivore
AVIBASE-DCC3878A,139.5,,,,Woodland,Herbivore,CV,No,Granivore
AVIBASE-C343ED67,128.66667,0.0,1900.0,1900.0,Forest,Herbivore,CV,No,Omnivore
AVIBASE-4BEAE23B,89.4,0.0,,,Woodland,Herbivore,CV,No,Granivore
AVIBASE-CEF31CF5,135.0,0.0,,,Woodland,Herbivore,CV,No,Granivore
AVIBASE-69F0C9FF,100.0,0.0,1250.0,1250.0,Woodland,Herbivore,CV,No,Granivore
AVIBASE-D514DE80,58.83333,,,,Forest,Herbivore,CV,No,Granivore
AVIBASE-0F0DAFFA,140.33333,0.0,,,Forest,Herbivore,CV,No,Omnivore
AVIBASE-F5E8A0CE,60.5,0.0,1000.0,1000.0,Forest,Herbivore,CV,No,Nectarivore
AVIBASE-A24459F6,,0.0,800.0,800.0,Forest,Herbivore,,No,Omnivore
AVIBASE-727125B5,40.3,0.0,1200.0,1200.0,Forest,Herbivore,CV,No,Omnivore
AVIBASE-EDBDE745,242.5,0.0,380.0,380.0,Forest,Herbivore,CV,No,Frugivore
AVIBASE-FC7AB945,140.66667,,,1500.0,Forest,Herbivore,CV,No,Omnivore
AVIBASE-7CF9DDC2,111.0,0.0,500.0,500.0,Forest,Herbivore,CV,No,Herbivore terrestrial
AVIBASE-75F9612E,80.0,400.0,600.0,800.0,Forest,Herbivore,"CV,CR",No,Granivore
AVIBASE-80D30223,,,,,Forest,Herbivore,,No,Omnivore
AVIBASE-3CDE13A1,80.0,0.0,287.0,287.0,Forest,Herbivore,CV,No,Omnivore
AVIBASE-06AC693C,148.0,0.0,300.0,300.0,Grassland,Herbivore,BU,No,Herbivore terrestrial
AVIBASE-8AF04EDB,46.0,0.0,900.0,900.0,Forest,Omnivore,CV,No,Omnivore
AVIBASE-F613770E,105.26667,,,,Forest,Herbivore,,No,Omnivore
AVIBASE-57B42328,44.875,0.0,900.0,900.0,Forest,Herbivore,CV,No,Omnivore
AVIBASE-75F9612E,79.83333,0.0,1000.0,1000.0,Forest,Herbivore,"BU,CV",No,Omnivore
AVIBASE-4AA6F2A7,,,,,Forest,Herbivore,,No,Granivore
AVIBASE-0C4E73C1,,,,,Forest,Herbivore,,No,Granivore
AVIBASE-50C8A5CF,83.0,0.0,1800.0,1800.0,Shrubland,Herbivore,SC,No,Granivore
AVIBASE-A05AB2B9,,0.0,600.0,600.0,Shrubland,Herbivore,PL,No,Granivore
AVIBASE-3CB1B8E8,44.5,,,,Shrubland,Herbivore,CV,No,Granivore
AVIBASE-DEEC38A7,47.0,0.0,1200.0,1200.0,Woodland,Herbivore,CV,No,Granivore
AVIBASE-9E8F1FEB,45.5,0.0,,,Woodland,Herbivore,CV,No,Granivore
AVIBASE-B148FE32,50.5,0.0,,,Coastal,Herbivore,"BU,CV",No,Granivore
AVIBASE-7FB356E8,46.0,0.0,,,Woodland,Herbivore,CV,No,Granivore
AVIBASE-6F2C5E7B,40.55,,,,Forest,Herbivore,CV,No,Omnivore
AVIBASE-E26391B5,40.0,,,,Shrubland,Herbivore,CV,No,Granivore
AVIBASE-67482255,21.0,2000.0,1750.0,3750.0,Forest,Herbivore,,No,Omnivore
AVIBASE-A2558EE9,18.0,1000.0,1200.0,2200.0,Forest,Herbivore,,No,Nectarivore
AVIBASE-C1862CB6,31.16667,0.0,900.0,900.0,Forest,Herbivore,,No,Nectarivore
AVIBASE-2EF7F430,36.5,0.0,800.0,800.0,Forest,Herbivore,CV,No,Omnivore
AVIBASE-E91F6DB6,,850.0,150.0,1000.0,Forest,Herbivore,,No,Nectarivore
AVIBASE-EDF606A6,29.5,500.0,1300.0,1800.0,Forest,Herbivore,CV,No,Nectarivore
AVIBASE-78D292A8,,80.0,1720.0,1800.0,Forest,Herbivore,,No,Herbivore terrestrial
AVIBASE-E5026CCA,67.66667,760.0,1010.0,1770.0,Forest,Herbivore,,No,Nectarivore
AVIBASE-D8E36335,86.16667,900.0,600.0,1500.0,Forest,Herbivore,,No,Herbivore terrestrial
AVIBASE-7013D232,93.5,1200.0,2200.0,3400.0,Forest,Herbivore,CV,No,Herbivore terrestrial
AVIBASE-7B5F311D,49.28333,100.0,600.0,700.0,Forest,Herbivore,,No,Nectarivore
AVIBASE-DF94576F,26.5,300.0,1200.0,1500.0,Forest,Herbivore,,No,Herbivore terrestrial
AVIBASE-431B9646,35.5,1000.0,500.0,1500.0,Forest,Herbivore,,No,Omnivore
AVIBASE-5DDF8ABA,,0.0,1800.0,1800.0,Forest,Herbivore,CV,No,Nectarivore
AVIBASE-586A8C9B,,500.0,500.0,1000.0,Forest,Herbivore,,No,Nectarivore
AVIBASE-DDC46661,,,,,Forest,Herbivore,,No,Omnivore
AVIBASE-5F807D3C,83.06667,0.0,1200.0,1200.0,Forest,Herbivore,CV,No,Herbivore terrestrial
AVIBASE-8FDE1AA2,47.05,0.0,500.0,500.0,Forest,Herbivore,CV,No,Nectarivore
AVIBASE-7DEEF7AF,42.0,0.0,1190.0,1190.0,Forest,Herbivore,,No,Omnivore
AVIBASE-2438DF74,49.0,0.0,30.0,30.0,Forest,Herbivore,,No,Nectarivore
AVIBASE-4E91A64F,40.0,0.0,80.0,80.0,Forest,Herbivore,,No,Nectarivore
AVIBASE-9EBC0AD1,31.95,0.0,500.0,500.0,Woodland,Herbivore,CV,No,Nectarivore
AVIBASE-4B8D4F6C,51.5,1560.0,1100.0,2660.0,Forest,Herbivore,CV,No,Frugivore
AVIBASE-7A03D2D9,34.5,1600.0,2200.0,3800.0,Forest,Herbivore,CV,No,Omnivore
AVIBASE-3106EC1A,133.0,500.0,1500.0,2000.0,Forest,Herbivore,,No,Frugivore
AVIBASE-8EFBF8E5,183.0,0.0,1000.0,1000.0,Forest,Herbivore,,No,Nectarivore
AVIBASE-F720A7D5,177.5,400.0,650.0,1050.0,Forest,Herbivore,,No,Nectarivore
AVIBASE-F33A63C5,143.0,0.0,1300.0,1300.0,Forest,Herbivore,CV,No,Nectarivore
AVIBASE-E8065829,176.0,0.0,1600.0,1600.0,Forest,Herbivore,,No,Frugivore
AVIBASE-451B7837,188.0,0.0,1000.0,1000.0,Forest,Herbivore,CV,No,Nectarivore
AVIBASE-C18EB75E,55.5,0.0,500.0,500.0,Woodland,Herbivore,CV,No,Nectarivore
AVIBASE-9689E669,43.5,0.0,,,Woodland,Herbivore,CV,No,Nectarivore
AVIBASE-3AACCDB1,41.5,,,,Woodland,Herbivore,CV,No,Nectarivore
AVIBASE-62A79530,154.5,0.0,2400.0,2400.0,Forest,Herbivore,CV,No,Nectarivore
AVIBASE-E8C9F4D3,191.5,0.0,1200.0,1200.0,Forest,Herbivore,CV,No,Nectarivore
AVIBASE-5059CD94,,0.0,200.0,200.0,Forest,Herbivore,,No,Nectarivore
AVIBASE-EE382415,238.33333,0.0,500.0,500.0,Grassland,Herbivore,,No,Nectarivore
AVIBASE-80AE9E79,212.5,0.0,800.0,800.0,Grassland,Herbivore,CV,No,Nectarivore
AVIBASE-6AABF24D,53.0,0.0,2800.0,2800.0,Forest,Herbivore,,No,Nectarivore
AVIBASE-BE39F927,71.0,,,,Woodland,Herbivore,CV,No,Nectarivore
AVIBASE-C164958E,55.0,1000.0,1500.0,2500.0,Forest,Herbivore,,No,Omnivore
AVIBASE-881E4A12,,600.0,900.0,1500.0,Forest,Herbivore,,No,Omnivore
AVIBASE-EA99B306,,300.0,500.0,800.0,Forest,Herbivore,,No,Omnivore
AVIBASE-B61729B6,,500.0,1900.0,2400.0,Forest,Herbivore,,No,Omnivore
AVIBASE-E67C31A6,,0.0,1500.0,1500.0,Forest,Herbivore,,No,Omnivore
AVIBASE-219C2746,153.0,0.0,,,Forest,Herbivore,,No,Nectarivore
AVIBASE-E4C292E4,95.0,1350.0,1650.0,3000.0,Forest,Herbivore,,No,Nectarivore
AVIBASE-1A4139AB,155.0,0.0,1800.0,1800.0,Forest,Herbivore,CV,No,Nectarivore
AVIBASE-26DF0EB5,144.0,0.0,460.0,460.0,Forest,Herbivore,,No,Nectarivore
AVIBASE-5B9183E8,204.0,0.0,500.0,500.0,Forest,Herbivore,CV,No,Nectarivore
AVIBASE-70A8C9E7,91.0,0.0,1220.0,1220.0,Forest,Herbivore,,No,Omnivore
AVIBASE-C3D27DBC,77.5,0.0,600.0,600.0,Forest,Herbivore,CV,No,Nectarivore
AVIBASE-4B0E14DB,83.5,,,,Woodland,Herbivore,CV,No,Nectarivore
AVIBASE-DB9CC87F,119.4,0.0,1900.0,1900.0,Woodland,Herbivore,CV,No,Nectarivore
AVIBASE-6B4D5B3C,130.0,0.0,700.0,700.0,Forest,Herbivore,,No,Nectarivore
AVIBASE-DF6532E2,119.5,0.0,700.0,700.0,Forest,Omnivore,CV,No,Omnivore
AVIBASE-71B42AA4,121.5,0.0,700.0,700.0,Forest,Herbivore,CV,No,Nectarivore
AVIBASE-07630935,73.7,1000.0,1300.0,2300.0,Forest,Herbivore,,No,Nectarivore
AVIBASE-F96C216E,130.0,0.0,490.0,490.0,Forest,Herbivore,CV,No,Nectarivore
AVIBASE-E3E86D6C,129.8,1200.0,200.0,1400.0,Forest,Herbivore,,No,Nectarivore
AVIBASE-A9EF5D3A,104.73333,0.0,700.0,700.0,Woodland,Herbivore,CV,No,Nectarivore
AVIBASE-D17D101A,27.6,0.0,1000.0,1000.0,Grassland,Herbivore,CV,No,Granivore
AVIBASE-80ADE7E1,117.0,,,1100.0,Forest,Herbivore,CV,No,Granivore
AVIBASE-848F15E7,117.0,,,,Forest,Herbivore,,No,Granivore
AVIBASE-DAA66E9A,117.0,,,,Forest,Herbivore,,No,Granivore
AVIBASE-1E6D7133,111.5,,,,Forest,Herbivore,CV,No,Frugivore
AVIBASE-66AC2F18,118.0,0.0,400.0,400.0,Forest,Herbivore,CV,No,Frugivore
AVIBASE-1422A495,30.5,0.0,800.0,800.0,Forest,Herbivore,CV,No,Granivore
AVIBASE-18362A30,30.5,0.0,800.0,800.0,Forest,Herbivore,CV,No,Granivore
AVIBASE-5EB266E3,30.5,0.0,1100.0,1100.0,Forest,Herbivore,CV,No,Granivore
AVIBASE-E6439BAF,30.5,0.0,1100.0,1100.0,Forest,Herbivore,CV,No,Granivore
AVIBASE-5F671C06,40.5,0.0,1600.0,1600.0,Forest,Herbivore,CV,No,Omnivore
AVIBASE-DEA1A959,40.0,0.0,900.0,900.0,Forest,Herbivore,CV,No,Granivore
AVIBASE-E56BBA80,70.0,0.0,1000.0,1000.0,Forest,Herbivore,,No,Frugivore
AVIBASE-A5FA764B,35.7,0.0,1800.0,1800.0,Forest,Herbivore,CV,No,Frugivore
AVIBASE-424E35B4,30.0,0.0,1250.0,1250.0,Forest,Herbivore,CV,No,Omnivore
AVIBASE-ACFBE74D,35.35,0.0,1250.0,1250.0,Forest,Herbivore,CV,No,Nectarivore
AVIBASE-6D801C47,,,,,Forest,Herbivore,,No,Nectarivore
AVIBASE-476E91FD,,,,,Forest,Herbivore,CV,No,Omnivore
AVIBASE-34FA84EF,28.5,0.0,1300.0,1300.0,Forest,Herbivore,CV,No,Frugivore
AVIBASE-DF801E78,,0.0,1000.0,1000.0,Forest,Herbivore,CV,No,Nectarivore
AVIBASE-B03FE87A,,0.0,800.0,800.0,Forest,Herbivore,,No,Nectarivore
AVIBASE-B2D21F1D,,0.0,500.0,500.0,Forest,Herbivore,,No,Nectarivore
AVIBASE-390975E0,,0.0,900.0,900.0,Forest,Herbivore,,No,Nectarivore
AVIBASE-3506CDB5,14.5,0.0,300.0,300.0,Forest,Herbivore,CV,No,Nectarivore
AVIBASE-CE21EA2E,12.0,0.0,500.0,500.0,Forest,Herbivore,,No,Nectarivore
AVIBASE-4E06EF1A,,0.0,1000.0,1000.0,Forest,Herbivore,CV,No,Frugivore
AVIBASE-429AFB0E,,0.0,1850.0,1850.0,Forest,Herbivore,CV,No,Nectarivore
AVIBASE-BB7D6891,,800.0,200.0,1000.0,Forest,Herbivore,,No,Frugivore
AVIBASE-D4686ACD,28.25,0.0,1500.0,1500.0,Forest,Herbivore,CV,No,Granivore
AVIBASE-1E2EC99C,39.5,0.0,2000.0,2000.0,Woodland,Herbivore,CV,No,Granivore
AVIBASE-39DAF131,57.83333,1800.0,1600.0,3400.0,Forest,Herbivore,CV,No,Granivore
AVIBASE-D44EE47D,40.0,700.0,500.0,1200.0,Forest,Herbivore,,No,Granivore
AVIBASE-31C03CB8,53.0,0.0,1500.0,1500.0,Woodland,Herbivore,CP,No,Granivore
AVIBASE-E1EE00F7,50.0,1100.0,900.0,2000.0,Forest,Herbivore,CV,No,Granivore
AVIBASE-4396F4F1,48.75,1100.0,700.0,1800.0,Shrubland,Herbivore,CV,No,Granivore
AVIBASE-3EBFC893,34.0,,,,Woodland,Herbivore,DM,No,Granivore
AVIBASE-DAB4D2A2,40.8,,,,Forest,Herbivore,DM,No,Granivore
AVIBASE-8C3CD124,,,,,Forest,Herbivore,,Partial,Granivore
AVIBASE-FE2288F2,,,,,Forest,Herbivore,,No,Granivore
AVIBASE-7D5E37D9,6.875,0.0,1550.0,1550.0,Forest,Carnivore,DM,No,Invertivore
AVIBASE-9232F027,16.0,0.0,1500.0,1500.0,Forest,Carnivore,CV,Partial,Invertivore
AVIBASE-19420218,18.0,1200.0,1200.0,2400.0,Shrubland,Carnivore,SP,No,Invertivore
AVIBASE-174E5BDB,22.0,0.0,283.0,283.0,Shrubland,Carnivore,,Yes,Invertivore
AVIBASE-D2A3B070,20.8,0.0,1100.0,1100.0,Forest,Omnivore,PN,No,Omnivore
AVIBASE-C0927887,27.2,0.0,800.0,800.0,Forest,Herbivore,SP,No,Frugivore
AVIBASE-90A9B4AC,35.66,600.0,800.0,1400.0,Forest,Herbivore,PN,No,Frugivore
AVIBASE-E35838E3,6.575,400.0,1100.0,1500.0,Forest,Herbivore,PN,No,Nectarivore
AVIBASE-07471818,7.125,1400.0,1250.0,2650.0,Forest,Herbivore,PN,No,Nectarivore
AVIBASE-B8AE6DAF,31.33333,1760.0,720.0,2480.0,Forest,Omnivore,"PN,SP",No,Omnivore
AVIBASE-63944E03,59.9,200.0,2300.0,2500.0,Forest,Carnivore,PN,No,Invertivore
AVIBASE-BB1E6094,140.0,0.0,2000.0,2000.0,Forest,Carnivore,PN,No,Invertivore
AVIBASE-11167D53,37.5,100.0,650.0,750.0,Forest,Carnivore,PN,No,Invertivore
AVIBASE-600D1A1F,39.05,0.0,1000.0,1000.0,Forest,Carnivore,PN,No,Invertivore
AVIBASE-098E40F1,34.0,200.0,700.0,900.0,Forest,Carnivore,PN,No,Invertivore
AVIBASE-9CF3D96B,31.8,300.0,1700.0,2000.0,Forest,Carnivore,PN,No,Invertivore
AVIBASE-8C789387,58.56667,0.0,300.0,300.0,Forest,Carnivore,PN,No,Invertivore
AVIBASE-A7772291,,0.0,500.0,500.0,Forest,Carnivore,,No,Invertivore
AVIBASE-EBFD9B87,79.01667,485.0,430.0,915.0,Forest,Carnivore,PN,No,Invertivore
AVIBASE-91A2A455,80.96667,0.0,1100.0,1100.0,Forest,Carnivore,SP,No,Invertivore
AVIBASE-C429744B,34.94,0.0,1220.0,1220.0,Forest,Carnivore,PN,No,Invertivore
AVIBASE-EE68233F,37.15,100.0,1850.0,1950.0,Forest,Carnivore,PN,No,Invertivore
AVIBASE-1F662597,20.35,0.0,1500.0,1500.0,Forest,Carnivore,PN,No,Invertivore
AVIBASE-9EE216F9,23.8,0.0,700.0,700.0,Forest,Carnivore,PN,No,Invertivore
AVIBASE-0E127F06,57.7,0.0,1700.0,1700.0,Forest,Herbivore,PN,No,Frugivore
AVIBASE-0C4DC9DD,103.0,600.0,620.0,1220.0,Forest,Herbivore,PN,No,Frugivore
AVIBASE-406E9C46,156.5,900.0,800.0,1700.0,Forest,Herbivore,PN,No,Frugivore
AVIBASE-C47B5627,100.0,0.0,900.0,900.0,Forest,Carnivore,SP,No,Invertivore
AVIBASE-B8FF6A4A,204.0,0.0,1200.0,1200.0,Forest,Carnivore,DM,No,Invertivore
AVIBASE-0C0DB1B2,120.5,380.0,2220.0,2600.0,Forest,Carnivore,DM,No,Invertivore
AVIBASE-38162B46,,900.0,1500.0,2400.0,Forest,Carnivore,,No,Invertivore
AVIBASE-1026AAFD,121.0,0.0,1500.0,1500.0,Forest,Carnivore,DM,No,Invertivore
AVIBASE-AC3A8E40,111.0,50.0,1650.0,1700.0,Forest,Carnivore,DM,No,Invertivore
AVIBASE-6B071C03,85.6,0.0,600.0,600.0,Forest,Carnivore,SP,No,Invertivore
AVIBASE-FA65A7F3,89.91667,0.0,1500.0,1500.0,Forest,Carnivore,SP,No,Invertivore
AVIBASE-90ED68D3,81.0,650.0,850.0,1500.0,Forest,Carnivore,,No,Invertivore
AVIBASE-3211B67B,64.36667,0.0,600.0,600.0,Forest,Carnivore,DM,No,Invertivore
AVIBASE-37815E0C,111.25,60.0,1940.0,2000.0,Forest,Carnivore,DM,No,Invertivore
AVIBASE-F79F5251,67.83333,0.0,160.0,160.0,Forest,Carnivore,DM,No,Invertivore
AVIBASE-1F56AB5C,91.0,0.0,800.0,800.0,Forest,Carnivore,DM,No,Invertivore
AVIBASE-4922C1E5,114.5,900.0,600.0,1500.0,Forest,Carnivore,,No,Invertivore
AVIBASE-E54E08FD,58.58333,0.0,1400.0,1400.0,Forest,Carnivore,DM,No,Invertivore
AVIBASE-DC3EDFFE,50.25,0.0,1200.0,1200.0,Forest,Carnivore,,No,Invertivore
AVIBASE-EF23C4FD,,0.0,750.0,750.0,Forest,Carnivore,DM,No,Invertivore
AVIBASE-8C955E57,60.0,0.0,1000.0,1000.0,Forest,Carnivore,DM,No,Invertivore
AVIBASE-E16A438F,67.0,0.0,1200.0,1200.0,Forest,Carnivore,,No,Invertivore
AVIBASE-957D21B7,67.0,0.0,650.0,650.0,Forest,Carnivore,,No,Invertivore
AVIBASE-1C1F4931,91.0,100.0,2000.0,2100.0,Forest,Carnivore,,No,Invertivore
AVIBASE-C4ADD256,55.0,0.0,1500.0,1500.0,Forest,Carnivore,DM,No,Invertivore
AVIBASE-1BE5E2E3,81.2,0.0,1400.0,1400.0,Forest,Carnivore,DM,No,Invertivore
AVIBASE-97713BB7,67.0,0.0,1200.0,1200.0,Forest,Carnivore,DM,No,Invertivore
AVIBASE-6BE63DCC,67.0,0.0,1200.0,1200.0,Forest,Carnivore,,No,Invertivore
AVIBASE-A8E796CE,67.0,0.0,1200.0,1200.0,Forest,Carnivore,,No,Invertivore
AVIBASE-8142EBD5,67.0,0.0,1200.0,1200.0,Forest,Carnivore,DM,No,Invertivore
AVIBASE-0DEAE4E7,,400.0,1000.0,1400.0,Forest,Carnivore,DM,No,Invertivore
AVIBASE-FE4701A9,58.33333,0.0,300.0,300.0,Forest,Carnivore,DM,No,Invertivore
AVIBASE-845C4CA6,59.4,0.0,300.0,300.0,Forest,Carnivore,DM,No,Invertivore
AVIBASE-3FF820D1,52.46667,600.0,600.0,1200.0,Forest,Carnivore,SP,No,Invertivore
AVIBASE-373286B2,85.03333,0.0,1000.0,1000.0,Forest,Carnivore,DM,No,Invertivore
AVIBASE-C43C7532,81.0,1100.0,300.0,1400.0,Forest,Carnivore,DM,No,Invertivore
AVIBASE-DE63114F,56.3,0.0,1200.0,1200.0,Forest,Carnivore,DM,No,Invertivore
AVIBASE-AA127B89,95.0,0.0,800.0,800.0,Forest,Carnivore,DM,No,Invertivore
AVIBASE-B882013B,105.85,0.0,0.0,0.0,Coastal,Carnivore,DM,No,Invertivore
AVIBASE-AC372BCE,61.5,0.0,1000.0,1000.0,Forest,Carnivore,DM,No,Invertivore
AVIBASE-AC372BCE,,,,,Forest,Carnivore,,No,Invertivore
AVIBASE-A9B27948,,0.0,650.0,650.0,Forest,Carnivore,,No,Invertivore
AVIBASE-8B66425E,66.33333,0.0,700.0,700.0,Forest,Carnivore,,No,Invertivore
AVIBASE-9699DD8E,,0.0,305.0,305.0,Forest,Carnivore,DM,No,Invertivore
AVIBASE-0ECBA406,90.25,0.0,1300.0,1300.0,Forest,Carnivore,DM,No,Invertivore
AVIBASE-1A23027E,96.66667,0.0,1500.0,1500.0,Forest,Carnivore,DM,No,Invertivore
AVIBASE-ACA84FE1,179.0,0.0,500.0,500.0,Forest,Carnivore,DM,No,Invertivore
AVIBASE-31AD96DC,,0.0,800.0,800.0,Forest,Carnivore,,No,Invertivore
AVIBASE-86D1B826,55.0,0.0,1400.0,1400.0,Forest,Carnivore,,No,Invertivore
AVIBASE-86D1B826,62.0,0.0,1200.0,1200.0,Forest,Carnivore,,No,Invertivore
AVIBASE-A0DC7F79,,0.0,120.0,120.0,Woodland,Carnivore,,No,Invertivore
AVIBASE-FE28BDF4,86.0,0.0,600.0,600.0,Forest,Carnivore,,No,Invertivore
AVIBASE-7B5AEE20,91.75,0.0,1000.0,1000.0,Forest,Carnivore,,No,Invertivore
AVIBASE-19D5681E,115.0,0.0,100.0,100.0,Forest,Carnivore,DM,No,Invertivore
AVIBASE-91D71187,63.2,0.0,380.0,380.0,Forest,Carnivore,DM,No,Invertivore
AVIBASE-179D87DA,27.78333,500.0,1500.0,2000.0,Woodland,Carnivore,BU,No,Invertivore
AVIBASE-561897FD,23.83333,0.0,2000.0,2000.0,Forest,Carnivore,BU,No,Invertivore
AVIBASE-A085AD13,22.0,0.0,500.0,500.0,Forest,Carnivore,,No,Invertivore
AVIBASE-8A2B456C,30.56667,0.0,1000.0,1000.0,Woodland,Carnivore,BU,No,Invertivore
AVIBASE-68408033,38.0,0.0,500.0,500.0,Forest,Carnivore,BU,No,Invertivore
AVIBASE-217490B5,37.5,600.0,1400.0,2000.0,Forest,Carnivore,BU,No,Invertivore
AVIBASE-B90D6E42,33.25,550.0,500.0,1050.0,Forest,Carnivore,BU,No,Invertivore
AVIBASE-CE63BF47,33.0,0.0,1600.0,1600.0,Forest,Carnivore,,No,Invertivore
AVIBASE-08B56CA2,18.15,0.0,700.0,700.0,Coastal,Carnivore,BU,No,Invertivore
AVIBASE-BB636E9E,35.75,2500.0,2100.0,4600.0,Grassland,Carnivore,BU,No,Invertivore
AVIBASE-4EE70F32,27.0,0.0,5000.0,5000.0,Grassland,Carnivore,BU,No,Invertivore
AVIBASE-0A82C7EB,28.0,3500.0,1500.0,5000.0,Grassland,Carnivore,BU,No,Invertivore
AVIBASE-10B5497A,18.0,500.0,750.0,1250.0,Grassland,Carnivore,BU,No,Invertivore
AVIBASE-ED051BF9,50.93333,300.0,3250.0,3550.0,Shrubland,Carnivore,,No,Invertivore
AVIBASE-9E5E7504,39.78333,600.0,3800.0,4400.0,Grassland,Carnivore,"BU,CR",No,Invertivore
AVIBASE-198D7ADC,16.5,500.0,3300.0,3800.0,Desert,Carnivore,BU,No,Invertivore
AVIBASE-384F1772,35.125,0.0,1000.0,1000.0,Grassland,Carnivore,BU,No,Invertivore
AVIBASE-95D7191D,32.25,3700.0,1200.0,4900.0,Grassland,Carnivore,BU,No,Invertivore
AVIBASE-74375A41,42.01667,2000.0,3000.0,5000.0,Grassland,Carnivore,"CR,BU",No,Invertivore
AVIBASE-C8717F89,16.83333,0.0,500.0,500.0,Forest,Carnivore,,No,Invertivore
AVIBASE-5DE4409C,12.9,0.0,1500.0,1500.0,Forest,Carnivore,CV,No,Invertivore
AVIBASE-E062D6FB,12.9,0.0,1500.0,1500.0,Forest,Carnivore,CR,No,Invertivore
AVIBASE-35F28244,22.16,350.0,1350.0,1700.0,Forest,Carnivore,CV,No,Invertivore
AVIBASE-15B327AC,27.76667,0.0,1260.0,1260.0,Forest,Carnivore,CV,No,Invertivore
AVIBASE-3B21E1E3,28.0,0.0,1700.0,1700.0,Forest,Carnivore,CV,No,Invertivore
AVIBASE-871963BC,52.0,1300.0,1900.0,3200.0,Forest,Carnivore,CV,No,Invertivore
AVIBASE-A3525AA5,42.92,0.0,300.0,300.0,Forest,Carnivore,CV,No,Invertivore
AVIBASE-A36EA748,36.325,300.0,900.0,1200.0,Forest,Carnivore,CV,No,Invertivore
AVIBASE-635B57DB,36.05,0.0,1200.0,1200.0,Forest,Carnivore,CV,No,Invertivore
AVIBASE-A31278C7,39.41667,0.0,1300.0,1300.0,Forest,Carnivore,CV,No,Invertivore
AVIBASE-81876372,35.1,0.0,1250.0,1250.0,Forest,Carnivore,CV,No,Invertivore
AVIBASE-B7517CD1,15.75,0.0,1200.0,1200.0,Forest,Carnivore,"CV,CP",No,Invertivore
AVIBASE-272E0085,70.33333,0.0,500.0,500.0,Forest,Carnivore,CV,No,Invertivore
AVIBASE-C74E7545,85.0,0.0,300.0,300.0,Forest,Carnivore,CV,No,Invertivore
AVIBASE-2C13F92A,65.75,0.0,1000.0,1000.0,Forest,Carnivore,CV,No,Invertivore
AVIBASE-D87596CA,66.0,0.0,450.0,450.0,Forest,Carnivore,,No,Invertivore
AVIBASE-8B206172,66.0,0.0,900.0,900.0,Forest,Carnivore,CV,No,Invertivore
AVIBASE-3459505D,70.5,450.0,2550.0,3000.0,Forest,Carnivore,CV,No,Invertivore
AVIBASE-237E0085,81.875,0.0,300.0,300.0,Forest,Carnivore,CV,No,Invertivore
AVIBASE-47AA703F,60.08333,0.0,1300.0,1300.0,Forest,Carnivore,CV,No,Invertivore
AVIBASE-8DA960E6,113.0,0.0,300.0,300.0,Forest,Carnivore,,No,Invertivore
AVIBASE-A56461ED,123.7,0.0,500.0,500.0,Forest,Carnivore,CV,No,Invertivore
AVIBASE-9246C11A,102.58333,0.0,600.0,600.0,Forest,Carnivore,CV,No,Invertivore
AVIBASE-6B0B2885,125.8,20.0,3480.0,3500.0,Forest,Carnivore,CV,No,Invertivore
AVIBASE-02EC838A,110.0,0.0,550.0,550.0,Woodland,Carnivore,,No,Invertivore
AVIBASE-99EBD389,120.5,0.0,1500.0,1500.0,Forest,Carnivore,CV,No,Invertivore
AVIBASE-8AC27938,142.83333,0.0,1500.0,1500.0,Woodland,Carnivore,CV,No,Invertivore
AVIBASE-2B1509D6,31.15,0.0,500.0,500.0,Forest,Carnivore,CV,No,Invertivore
AVIBASE-E318C4AB,20.25,0.0,1200.0,1200.0,Forest,Carnivore,CV,No,Invertivore
AVIBASE-5075741D,,0.0,600.0,600.0,Forest,Carnivore,,No,Invertivore
AVIBASE-B7FFA983,38.45,0.0,500.0,500.0,Forest,Carnivore,CV,No,Invertivore
AVIBASE-87BC5B77,34.66667,0.0,500.0,500.0,Forest,Carnivore,,No,Invertivore
AVIBASE-FFC081E5,35.0,0.0,500.0,500.0,Forest,Carnivore,,No,Invertivore
AVIBASE-40C3BEEA,34.0,500.0,1300.0,1800.0,Forest,Carnivore,,No,Invertivore
AVIBASE-2ADD1582,34.31667,0.0,600.0,600.0,Forest,Carnivore,CV,No,Invertivore
AVIBASE-FC3DC0F1,31.6,0.0,500.0,500.0,Forest,Carnivore,CV,No,Invertivore
AVIBASE-2786839E,60.16667,0.0,800.0,800.0,Forest,Carnivore,CV,No,Invertivore
AVIBASE-34528F8F,57.0,0.0,800.0,800.0,Forest,Carnivore,CV,No,Invertivore
AVIBASE-FF942BA2,47.33333,0.0,900.0,900.0,Forest,Carnivore,CV,No,Invertivore
AVIBASE-34734838,48.25,0.0,1500.0,1500.0,Woodland,Carnivore,CV,No,Invertivore
AVIBASE-B5C72DF0,58.51667,0.0,1000.0,1000.0,Forest,Carnivore,CV,No,Invertivore
AVIBASE-22A3742F,46.56667,600.0,1200.0,1800.0,Forest,Carnivore,CV,No,Invertivore
AVIBASE-D58165AE,45.0,600.0,1100.0,1700.0,Forest,Carnivore,CV,No,Invertivore
AVIBASE-79447EBB,45.3,1000.0,1400.0,2400.0,Forest,Carnivore,,No,Invertivore
AVIBASE-9C163605,40.35,0.0,600.0,600.0,Woodland,Carnivore,CV,No,Invertivore
AVIBASE-12F9A070,44.425,0.0,200.0,200.0,Forest,Carnivore,,No,Invertivore
AVIBASE-D5961A8E,42.5,0.0,1200.0,1200.0,Forest,Carnivore,CV,No,Invertivore
AVIBASE-3BDB5DE7,39.8,0.0,1600.0,1600.0,Forest,Carnivore,CV,No,Invertivore
AVIBASE-CD437B3E,35.375,0.0,500.0,500.0,Forest,Carnivore,CV,No,Invertivore
AVIBASE-524423CF,35.375,0.0,500.0,500.0,Forest,Carnivore,,No,Invertivore
AVIBASE-A3156CA9,38.0,0.0,500.0,500.0,Forest,Carnivore,,No,Invertivore
AVIBASE-D285B68F,40.0,600.0,1400.0,2000.0,Forest,Carnivore,,No,Invertivore
AVIBASE-AC386DCD,70.5,2000.0,800.0,2800.0,Forest,Carnivore,CV,No,Invertivore
AVIBASE-12FF1A15,90.95,0.0,500.0,500.0,Woodland,Carnivore,CV,No,Invertivore
AVIBASE-21A260F2,35.0,900.0,2700.0,3600.0,Forest,Carnivore,,No,Invertivore
AVIBASE-65EA1A08,27.0,0.0,1600.0,1600.0,Woodland,Carnivore,CV,No,Invertivore
AVIBASE-1AC2BAC2,31.7,0.0,1200.0,1200.0,Woodland,Carnivore,CV,No,Invertivore
AVIBASE-C4376922,33.0,1000.0,2500.0,3500.0,Forest,Carnivore,CV,No,Invertivore
AVIBASE-98E9CCDE,33.0,1000.0,2500.0,3500.0,Forest,Carnivore,CV,No,Invertivore
AVIBASE-D6EF464B,31.41667,1750.0,1250.0,3000.0,Forest,Carnivore,CV,No,Invertivore
AVIBASE-AEFE6D42,25.6,0.0,1600.0,1600.0,Forest,Carnivore,,No,Invertivore
AVIBASE-A9EF14E1,28.0,0.0,1600.0,1600.0,Forest,Carnivore,"CR,CV",No,Invertivore
AVIBASE-8210E3A3,20.58333,0.0,1000.0,1000.0,Forest,Carnivore,CV,No,Invertivore
AVIBASE-E41639E7,24.5,0.0,1000.0,1000.0,Forest,Carnivore,,No,Invertivore
AVIBASE-6D230722,33.25,0.0,1000.0,1000.0,Forest,Carnivore,CV,No,Invertivore
AVIBASE-43AC1D66,28.525,0.0,700.0,700.0,Forest,Carnivore,,No,Invertivore
AVIBASE-CF53912C,10.1,0.0,600.0,600.0,Forest,Carnivore,,No,Invertivore
AVIBASE-8C310C50,,0.0,1400.0,1400.0,Forest,Carnivore,CV,No,Invertivore
AVIBASE-4271791D,10.5,0.0,1500.0,1500.0,Forest,Carnivore,CV,No,Invertivore
AVIBASE-D55A3901,12.5,540.0,1910.0,2450.0,Forest,Carnivore,CV,No,Invertivore
AVIBASE-EFEDF665,35.25,0.0,400.0,400.0,Forest,Carnivore,PN,No,Invertivore
AVIBASE-4405C73D,12.18333,0.0,600.0,600.0,Forest,Carnivore,,No,Invertivore
AVIBASE-E2B6B39E,23.25,0.0,1200.0,1200.0,Forest,Carnivore,CV,No,Invertivore
AVIBASE-4E40F359,34.5,1800.0,2500.0,4300.0,Shrubland,Carnivore,"BU,CR",No,Invertivore
AVIBASE-452A3DF7,31.0,2600.0,1400.0,4000.0,Shrubland,Carnivore,"BU,CR",No,Invertivore
AVIBASE-814FF12C,30.41667,0.0,1200.0,1200.0,Shrubland,Carnivore,SP,No,Invertivore
AVIBASE-C04BE0E8,35.5,1400.0,1200.0,2600.0,Shrubland,Carnivore,"CV,CR",No,Invertivore
AVIBASE-74CEB92D,47.375,1550.0,1450.0,3000.0,Forest,Carnivore,CV,No,Invertivore
AVIBASE-399DC574,58.0,900.0,600.0,1500.0,Forest,Carnivore,CV,No,Invertivore
AVIBASE-0898B91B,49.5,1700.0,1500.0,3200.0,Forest,Carnivore,CV,No,Invertivore
AVIBASE-039C6E39,15.3,2000.0,750.0,2750.0,Forest,Carnivore,CV,No,Invertivore
AVIBASE-10406C28,23.86667,1430.0,1570.0,3000.0,Shrubland,Carnivore,,No,Invertivore
AVIBASE-03C1B264,22.65,0.0,1800.0,1800.0,Woodland,Carnivore,"PL,CV,CR,O",No,Invertivore
AVIBASE-F733C728,28.0,0.0,900.0,900.0,Riverine,Carnivore,CP,No,Invertivore
AVIBASE-09CA444F,54.45,0.0,800.0,800.0,Shrubland,Carnivore,DM,No,Invertivore
AVIBASE-F335951B,,0.0,800.0,800.0,Shrubland,Carnivore,DM,No,Invertivore
AVIBASE-71B6E38F,47.45,0.0,1100.0,1100.0,Shrubland,Carnivore,"DM,O",No,Invertivore
AVIBASE-2D43DA6A,51.26667,150.0,150.0,300.0,Riverine,Carnivore,DM,No,Invertivore
AVIBASE-9CC0B18F,26.0,50.0,150.0,200.0,Riverine,Carnivore,DM,No,Invertivore
AVIBASE-833CB552,48.0,0.0,3500.0,3500.0,Shrubland,Carnivore,DM,No,Invertivore
AVIBASE-DAE4E979,27.25,0.0,1000.0,1000.0,Shrubland,Carnivore,DM,No,Invertivore
AVIBASE-79B462A5,29.0,725.0,2055.0,2780.0,Riverine,Carnivore,BU,No,Invertivore
AVIBASE-769104DC,13.5,0.0,4300.0,4300.0,Wetland,Carnivore,SP,No,Invertivore
AVIBASE-1BD9ECB6,28.5,0.0,100.0,100.0,Wetland,Carnivore,SP,No,Invertivore
AVIBASE-C9BE0C1B,47.0,3000.0,1600.0,4600.0,Woodland,Carnivore,BU,No,Invertivore
AVIBASE-136B6881,47.91667,0.0,4000.0,4000.0,Shrubland,Carnivore,BU,No,Invertivore
AVIBASE-F96ED2B2,,250.0,1550.0,1800.0,Forest,Carnivore,,No,Invertivore
AVIBASE-4CF68B8B,39.38,2200.0,1600.0,3800.0,Shrubland,Carnivore,BU,No,Invertivore
AVIBASE-6A152726,39.95,2700.0,1300.0,4000.0,Grassland,Carnivore,BU,No,Invertivore
AVIBASE-A6DCC8E9,46.0,750.0,950.0,1700.0,Grassland,Carnivore,"CR,BU",No,Invertivore
AVIBASE-2C13E973,,0.0,200.0,200.0,Coastal,Carnivore,"BU,CR,CV",No,Invertivore
AVIBASE-716443F8,63.95,0.0,100.0,100.0,Coastal,Carnivore,"BU,CR",No,Invertivore
AVIBASE-FF52966F,30.1,0.0,3000.0,3000.0,Grassland,Carnivore,"BU,CR,CV",No,Invertivore
AVIBASE-9B0C898B,28.5,1600.0,1200.0,2800.0,Grassland,Carnivore,"BU,CR",No,Invertivore
AVIBASE-B1DBDB2E,33.1,3200.0,1100.0,4300.0,Grassland,Carnivore,BU,No,Invertivore
AVIBASE-0F46C5DB,27.15,2500.0,2500.0,5000.0,Grassland,Carnivore,BU,No,Invertivore
AVIBASE-73C73E03,28.0,1600.0,1200.0,2800.0,Grassland,Carnivore,"BU,CR",No,Invertivore
AVIBASE-E20363A6,27.7,0.0,4200.0,4200.0,Grassland,Carnivore,"BU,CR",No,Invertivore
AVIBASE-5CD6A77B,63.0,3200.0,2000.0,5200.0,Grassland,Carnivore,BU,No,Invertivore
AVIBASE-950936C6,50.0,3500.0,1100.0,4600.0,Woodland,Carnivore,CR,No,Invertivore
AVIBASE-B2F7B207,104.0,4450.0,550.0,5000.0,Wetland,Carnivore,,No,Invertivore
AVIBASE-DD308D8C,50.5,2800.0,1700.0,4500.0,Grassland,Carnivore,"BU,CR",No,Invertivore
AVIBASE-519ED71C,45.15,0.0,3500.0,3500.0,Coastal,Carnivore,"BU,CR,CV",No,Invertivore
AVIBASE-818F8693,62.35,0.0,0.0,0.0,Coastal,Carnivore,CR,No,Invertivore
AVIBASE-1B10F1B4,69.95,0.0,0.0,0.0,Coastal,Carnivore,"CR,BU",No,Invertivore
AVIBASE-B76C2D94,37.2,200.0,800.0,1000.0,Forest,Carnivore,CV,No,Invertivore
AVIBASE-902B9EEB,38.5,350.0,850.0,1200.0,Forest,Carnivore,CV,No,Invertivore
AVIBASE-D5387AC3,25.0,200.0,900.0,1100.0,Shrubland,Carnivore,,No,Invertivore
AVIBASE-7E5F7D44,38.3,0.0,1500.0,1500.0,Forest,Carnivore,,No,Invertivore
AVIBASE-600810CC,,0.0,1000.0,1000.0,Forest,Carnivore,,No,Invertivore
AVIBASE-EE612071,42.0,500.0,100.0,600.0,Forest,Carnivore,,No,Invertivore
AVIBASE-96349863,14.0,0.0,1830.0,1830.0,Forest,Carnivore,,No,Invertivore
AVIBASE-C1A0DE39,26.5,500.0,500.0,1000.0,Forest,Carnivore,,No,Invertivore
AVIBASE-D4E8559F,25.0,0.0,1300.0,1300.0,Forest,Carnivore,CV,No,Invertivore
AVIBASE-6CCCB10A,36.0,400.0,150.0,550.0,Woodland,Carnivore,,No,Invertivore
AVIBASE-1BE0A8B1,22.0,0.0,1050.0,1050.0,Forest,Carnivore,BU,No,Invertivore
AVIBASE-0ADC0218,28.6,0.0,400.0,400.0,Forest,Carnivore,,No,Invertivore
AVIBASE-A499C7BE,24.93333,900.0,1400.0,2300.0,Forest,Carnivore,CV,No,Invertivore
AVIBASE-C9861D7F,24.53333,700.0,1800.0,2500.0,Forest,Carnivore,CV,No,Invertivore
AVIBASE-861926AE,26.5,0.0,850.0,850.0,Forest,Carnivore,,No,Invertivore
AVIBASE-F31BDBD7,19.6,600.0,900.0,1500.0,Forest,Carnivore,,No,Invertivore
AVIBASE-5A7FA9E2,20.5,0.0,800.0,800.0,Forest,Carnivore,,No,Invertivore
AVIBASE-25CD1E21,26.65,1300.0,1200.0,2500.0,Forest,Carnivore,CV,No,Invertivore
AVIBASE-B076D958,29.5,100.0,1100.0,1200.0,Riverine,Carnivore,,No,Invertivore
AVIBASE-9F0CB672,27.21667,1100.0,1375.0,2475.0,Forest,Carnivore,,No,Invertivore
AVIBASE-93B02145,31.63333,1000.0,1300.0,2300.0,Forest,Carnivore,CV,No,Invertivore
AVIBASE-BEA49987,32.75,1000.0,1625.0,2625.0,Forest,Carnivore,,No,Invertivore
AVIBASE-612F60B6,36.0,900.0,1200.0,2100.0,Forest,Carnivore,CV,No,Invertivore
AVIBASE-6435894B,47.0,0.0,1300.0,1300.0,Forest,Carnivore,,No,Invertivore
AVIBASE-AB4BDC23,43.0,650.0,850.0,1500.0,Shrubland,Carnivore,,No,Invertivore
AVIBASE-21CFD0C9,35.15,0.0,500.0,500.0,Forest,Carnivore,,No,Invertivore
AVIBASE-A9CCA8B6,29.0,0.0,2500.0,2500.0,Forest,Carnivore,"BU,CV",No,Invertivore
AVIBASE-74802DF9,32.0,0.0,500.0,500.0,Forest,Carnivore,,No,Invertivore
AVIBASE-087A6829,48.0,0.0,1200.0,1200.0,Forest,Carnivore,BU,No,Invertivore
AVIBASE-1AC817E2,49.0,200.0,800.0,1000.0,Riverine,Carnivore,BU,No,Invertivore
AVIBASE-32B19B18,46.925,400.0,1400.0,1800.0,Woodland,Carnivore,BU,No,Invertivore
AVIBASE-B8BC2370,38.75,0.0,2500.0,2500.0,Forest,Carnivore,BU,No,Invertivore
AVIBASE-62B3521F,43.0,610.0,950.0,1560.0,Forest,Carnivore,,No,Invertivore
AVIBASE-EDAF5273,46.85,700.0,1000.0,1700.0,Forest,Carnivore,BU,No,Invertivore
AVIBASE-8550D28A,56.0,2200.0,1300.0,3500.0,Forest,Carnivore,BU,No,Invertivore
AVIBASE-290D1818,61.1,2450.0,1050.0,3500.0,Forest,Carnivore,BU,No,Invertivore
AVIBASE-127A8868,56.4,900.0,1600.0,2500.0,Forest,Carnivore,BU,No,Invertivore
AVIBASE-2BB5C0FD,44.6,1000.0,700.0,1700.0,Forest,Carnivore,BU,No,Invertivore
AVIBASE-719F19A5,41.83333,1500.0,1000.0,2500.0,Forest,Carnivore,BU,No,Invertivore
AVIBASE-20B65054,57.75,1300.0,800.0,2100.0,Forest,Carnivore,BU,No,Invertivore
AVIBASE-BB4AD3F2,34.75,0.0,500.0,500.0,Riverine,Carnivore,,No,Invertivore
AVIBASE-A1CCBC5B,29.98,300.0,200.0,500.0,Forest,Carnivore,,No,Invertivore
AVIBASE-82B02D55,38.0,0.0,1000.0,1000.0,Forest,Carnivore,CP,No,Invertivore
AVIBASE-3083EA83,38.33333,0.0,1000.0,1000.0,Forest,Carnivore,BU,No,Invertivore
AVIBASE-3083EA83,38.0,0.0,1400.0,1400.0,Forest,Carnivore,BU,No,Invertivore
AVIBASE-BD6ADDF5,33.85,0.0,1500.0,1500.0,Forest,Carnivore,BU,No,Omnivore
AVIBASE-E9BB1550,29.7,0.0,1100.0,1100.0,Forest,Carnivore,BU,No,Invertivore
AVIBASE-70B85047,34.28333,0.0,700.0,700.0,Forest,Carnivore,BU,No,Invertivore
AVIBASE-B5A44D0A,36.5,0.0,800.0,800.0,Forest,Carnivore,BU,No,Invertivore
AVIBASE-04790B6B,27.5,0.0,550.0,550.0,Forest,Carnivore,"BU,CP",No,Invertivore
AVIBASE-BD05FA71,31.5,0.0,1000.0,1000.0,Forest,Carnivore,BU,No,Invertivore
AVIBASE-B023E378,16.3,600.0,2000.0,2600.0,Forest,Carnivore,"SP,CV",No,Invertivore
AVIBASE-01450385,,800.0,1600.0,2400.0,Forest,Carnivore,CV,No,Invertivore
AVIBASE-74407F20,,800.0,400.0,1200.0,Forest,Carnivore,,No,Invertivore
AVIBASE-5D9734CE,18.5,1350.0,250.0,1600.0,Forest,Carnivore,,No,Invertivore
AVIBASE-8FF7B7BB,19.5,1200.0,1800.0,3000.0,Forest,Carnivore,SP,No,Invertivore
AVIBASE-3AED50B1,21.5,1200.0,1000.0,2200.0,Forest,Carnivore,,No,Invertivore
AVIBASE-CDBA9E0C,16.5,2500.0,1000.0,3500.0,Forest,Carnivore,SP,No,Invertivore
AVIBASE-42F16BDC,11.025,0.0,1200.0,1200.0,Forest,Carnivore,"CR,CV",No,Invertivore
AVIBASE-A11DC805,,800.0,500.0,1300.0,Shrubland,Carnivore,CR,No,Invertivore
AVIBASE-37179E49,10.0,0.0,1000.0,1000.0,Forest,Carnivore,SP,No,Invertivore
AVIBASE-B3FCB52F,10.26667,2800.0,1800.0,4600.0,Woodland,Carnivore,SP,No,Invertivore
AVIBASE-9FCDF434,11.0,1000.0,2900.0,3900.0,Shrubland,Carnivore,"SP,CR",No,Invertivore
AVIBASE-C93D57E9,10.9,0.0,800.0,800.0,Riverine,Carnivore,"CV,O",No,Invertivore
AVIBASE-9E0B7CE9,9.25,0.0,2500.0,2500.0,Shrubland,Carnivore,"CP,CV,CR",No,Invertivore
AVIBASE-30D40AFC,8.75,2000.0,2300.0,4300.0,Grassland,Carnivore,CR,No,Invertivore
AVIBASE-0AD6DA40,9.0,0.0,700.0,700.0,Shrubland,Carnivore,"CV,CR",No,Invertivore
AVIBASE-83FBC2B3,10.5,500.0,600.0,1100.0,Woodland,Carnivore,CV,No,Invertivore
AVIBASE-0EFEB7DB,10.25,2500.0,1000.0,3500.0,Shrubland,Carnivore,,No,Invertivore
AVIBASE-309CCFF3,11.75,3700.0,850.0,4550.0,Woodland,Carnivore,CV,No,Invertivore
AVIBASE-D44A8E2F,9.25,2000.0,2200.0,4200.0,Shrubland,Carnivore,,No,Invertivore
AVIBASE-3367E902,15.0,3000.0,1500.0,4500.0,Shrubland,Carnivore,"SP,CV,BU",No,Invertivore
AVIBASE-8223568E,11.0,750.0,650.0,1400.0,Forest,Carnivore,SP,No,Invertivore
AVIBASE-189CA0ED,23.2,0.0,1400.0,1400.0,Shrubland,Carnivore,PN,No,Invertivore
AVIBASE-C9C15885,26.25,0.0,1000.0,1000.0,Shrubland,Carnivore,"SP,PN",No,Invertivore
AVIBASE-1C846670,31.5,2800.0,2200.0,5000.0,Shrubland,Carnivore,PN,No,Invertivore
AVIBASE-01BB9F45,15.0,0.0,2000.0,2000.0,Woodland,Carnivore,PN,No,Invertivore
AVIBASE-EC7D724B,36.0,1800.0,1300.0,3100.0,Shrubland,Carnivore,PN,No,Invertivore
AVIBASE-59CA2B1D,22.5,1000.0,1500.0,2500.0,Woodland,Carnivore,PN,No,Invertivore
AVIBASE-4DF195DB,24.75,0.0,700.0,700.0,Riverine,Carnivore,SP,No,Invertivore
AVIBASE-ABE64671,42.95,300.0,800.0,1100.0,Riverine,Carnivore,PN,No,Invertivore
AVIBASE-E1BA166E,24.275,0.0,850.0,850.0,Forest,Carnivore,PN,No,Invertivore
AVIBASE-829AE151,24.5,0.0,750.0,750.0,Forest,Carnivore,PN,No,Invertivore
AVIBASE-3FACD55E,12.75,2300.0,1600.0,3900.0,Forest,Carnivore,,No,Invertivore
AVIBASE-B09DB060,36.0,0.0,1000.0,1000.0,Grassland,Carnivore,PN,No,Invertivore
AVIBASE-2629DF6C,34.5,0.0,500.0,500.0,Shrubland,Carnivore,SP,No,Invertivore
AVIBASE-2AA4C9F4,16.0,1830.0,1870.0,3700.0,Shrubland,Carnivore,SP,No,Invertivore
AVIBASE-8B7B4EB0,20.0,2135.0,1665.0,3800.0,Shrubland,Carnivore,SP,No,Invertivore
AVIBASE-2E0A1312,20.0,2450.0,2350.0,4800.0,Shrubland,Carnivore,SP,No,Invertivore
AVIBASE-95A33B5D,19.25,2200.0,1800.0,4000.0,Shrubland,Carnivore,SP,No,Invertivore
AVIBASE-54444A9B,,2300.0,1400.0,3700.0,Shrubland,Carnivore,,No,Invertivore
AVIBASE-EC1EC2F3,15.5,0.0,1300.0,1300.0,Shrubland,Carnivore,SP,No,Invertivore
AVIBASE-E554EF3F,28.6,900.0,600.0,1500.0,Grassland,Carnivore,SP,No,Invertivore
AVIBASE-858D5EB2,27.0,0.0,950.0,950.0,Grassland,Carnivore,SP,No,Invertivore
AVIBASE-0C97A2B4,22.75,0.0,500.0,500.0,Grassland,Carnivore,SP,No,Invertivore
AVIBASE-123469C1,17.33333,3050.0,1250.0,4300.0,Grassland,Carnivore,,No,Invertivore
AVIBASE-18C02E15,22.0,3000.0,1500.0,4500.0,Grassland,Carnivore,,No,Invertivore
AVIBASE-9957DCA6,22.0,3300.0,1300.0,4600.0,Grassland,Carnivore,,No,Invertivore
AVIBASE-826918E3,19.0,3000.0,1300.0,4300.0,Grassland,Carnivore,,No,Invertivore
AVIBASE-210B36A8,19.73333,2000.0,2500.0,4500.0,Grassland,Carnivore,SP,No,Invertivore
AVIBASE-BD30D5C7,21.85,2750.0,2050.0,4800.0,Grassland,Carnivore,SP,No,Invertivore
AVIBASE-FE737644,17.5,0.0,4500.0,4500.0,Grassland,Carnivore,SP,No,Invertivore
AVIBASE-BF71CB3E,12.5,1850.0,950.0,2800.0,Shrubland,Carnivore,SP,No,Invertivore
AVIBASE-500D06A4,12.9,0.0,2000.0,2000.0,Shrubland,Carnivore,"SP,BU",No,Invertivore
AVIBASE-B1A9C628,12.975,2900.0,500.0,3400.0,Grassland,Carnivore,SP,No,Invertivore
AVIBASE-B87C0D49,15.15,2700.0,1000.0,3700.0,Grassland,Carnivore,DM,No,Invertivore
AVIBASE-4700E3C0,20.25,2830.0,770.0,3600.0,Grassland,Carnivore,,No,Invertivore
AVIBASE-E67415D7,19.86667,3300.0,400.0,3700.0,Forest,Carnivore,,No,Invertivore
AVIBASE-60EFDF36,15.0,2400.0,1300.0,3700.0,Shrubland,Carnivore,,No,Invertivore
AVIBASE-D1C92128,13.0,2750.0,1250.0,4000.0,Shrubland,Carnivore,,No,Invertivore
AVIBASE-03B93C7F,13.5,3000.0,1200.0,4200.0,Shrubland,Carnivore,,No,Invertivore
AVIBASE-48C5FC42,17.0,3030.0,680.0,3710.0,Grassland,Carnivore,,No,Invertivore
AVIBASE-9F89BDB8,16.5,3500.0,600.0,4100.0,Grassland,Carnivore,,No,Invertivore
AVIBASE-2EC35E39,18.5,2950.0,450.0,3400.0,Grassland,Carnivore,,No,Invertivore
AVIBASE-92EDD5BE,17.0,2800.0,1200.0,4000.0,Grassland,Carnivore,SP,No,Invertivore
AVIBASE-A2B9B8CE,17.5,2800.0,1200.0,4000.0,Grassland,Carnivore,,No,Invertivore
AVIBASE-E4FC9402,13.5,0.0,550.0,550.0,Forest,Carnivore,SP,No,Invertivore
AVIBASE-6E14FE47,11.0,150.0,500.0,650.0,Riverine,Carnivore,SP,No,Invertivore
AVIBASE-6B5A5143,11.0,0.0,900.0,900.0,Forest,Carnivore,SP,No,Invertivore
AVIBASE-288A1826,12.25,1000.0,700.0,1700.0,Forest,Carnivore,PN,No,Invertivore
AVIBASE-8650D477,12.66667,1300.0,1100.0,2400.0,Forest,Carnivore,SP,No,Invertivore
AVIBASE-82F19E61,16.0,1000.0,1500.0,2500.0,Forest,Carnivore,,No,Invertivore
AVIBASE-E3BD36CF,15.0,0.0,400.0,400.0,Forest,Carnivore,PN,No,Invertivore
AVIBASE-CE15EC63,26.6,0.0,1000.0,1000.0,Forest,Carnivore,SP,No,Invertivore
AVIBASE-22823A64,12.8,120.0,30.0,150.0,Riverine,Carnivore,PN,No,Invertivore
AVIBASE-76537A2A,28.0,0.0,100.0,100.0,Forest,Carnivore,,No,Invertivore
AVIBASE-34D1AE11,24.45,50.0,450.0,500.0,Forest,Carnivore,SP,No,Invertivore
AVIBASE-0A762FF6,18.25,0.0,1100.0,1100.0,Wetland,Carnivore,SP,No,Invertivore
AVIBASE-562905AC,13.0,0.0,300.0,300.0,Wetland,Carnivore,SP,No,Invertivore
AVIBASE-5E267CBD,23.0,3050.0,350.0,3400.0,Forest,Carnivore,,No,Invertivore
AVIBASE-161CC4DB,20.25,2400.0,1200.0,3600.0,Forest,Carnivore,,No,Invertivore
AVIBASE-292C9F0B,20.72,2400.0,950.0,3350.0,Forest,Carnivore,PN,No,Invertivore
AVIBASE-3B4EDC39,16.7,2200.0,1200.0,3400.0,Forest,Carnivore,"PN,SP",No,Invertivore
AVIBASE-66828801,15.7,0.0,400.0,400.0,Riverine,Carnivore,SP,No,Invertivore
AVIBASE-F341C440,16.0,0.0,,,Forest,Carnivore,,No,Invertivore
AVIBASE-2FE6EB50,18.5,0.0,300.0,300.0,Riverine,Carnivore,,No,Invertivore
AVIBASE-F88DF540,14.5,50.0,1900.0,1950.0,Forest,Carnivore,PN,No,Invertivore
AVIBASE-38BD5816,13.5,0.0,3100.0,3100.0,Woodland,Carnivore,"PN,SP",No,Invertivore
AVIBASE-CEAD8DD0,,1600.0,700.0,2300.0,Woodland,Carnivore,,No,Invertivore
AVIBASE-8CE249D9,14.0,0.0,1000.0,1000.0,Forest,Carnivore,SP,No,Invertivore
AVIBASE-26B605AB,12.5,700.0,1450.0,2150.0,Forest,Carnivore,SP,No,Invertivore
AVIBASE-9C20744B,15.0,500.0,350.0,850.0,Woodland,Carnivore,SP,No,Invertivore
AVIBASE-19814090,21.0,2400.0,1250.0,3650.0,Woodland,Carnivore,PN,No,Invertivore
AVIBASE-6D00ECAF,16.5,700.0,1600.0,2300.0,Forest,Carnivore,PN,No,Invertivore
AVIBASE-08A34DD2,15.5,1100.0,1350.0,2450.0,Forest,Carnivore,"SP,PN",No,Invertivore
AVIBASE-2A1CC668,15.0,1520.0,1480.0,3000.0,Forest,Carnivore,PN,No,Invertivore
AVIBASE-CCD30843,17.5,900.0,800.0,1700.0,Forest,Carnivore,,No,Invertivore
AVIBASE-5378955D,16.0,800.0,3600.0,4400.0,Forest,Carnivore,SP,No,Invertivore
AVIBASE-DC25BB79,14.5,0.0,200.0,200.0,Forest,Carnivore,SP,No,Invertivore
AVIBASE-036BA013,21.5,0.0,1800.0,1800.0,Shrubland,Carnivore,SP,No,Invertivore
AVIBASE-8E8F14D2,16.5,0.0,700.0,700.0,Shrubland,Carnivore,SP,No,Invertivore
AVIBASE-02A59CEE,17.83333,500.0,2500.0,3000.0,Shrubland,Carnivore,SP,No,Invertivore
AVIBASE-0A894A55,17.5,50.0,2450.0,2500.0,Shrubland,Carnivore,,No,Invertivore
AVIBASE-38B193CE,11.0,0.0,900.0,900.0,Wetland,Carnivore,CP,No,Invertivore
AVIBASE-E8FD1B6C,49.5,50.0,450.0,500.0,Woodland,Carnivore,SP,No,Invertivore
AVIBASE-3E35CEA4,49.5,300.0,200.0,500.0,Forest,Carnivore,SP,No,Invertivore
AVIBASE-68D2CBF4,74.16667,0.0,900.0,900.0,Woodland,Carnivore,SP,No,Invertivore
AVIBASE-07FFE945,69.53333,0.0,2900.0,2900.0,Shrubland,Carnivore,SP,No,Invertivore
AVIBASE-ABAD0008,16.0,0.0,500.0,500.0,Wetland,Carnivore,SP,No,Invertivore
AVIBASE-BB585523,15.0,0.0,150.0,150.0,Riverine,Carnivore,SP,No,Invertivore
AVIBASE-DB42555B,19.58333,0.0,400.0,400.0,Riverine,Carnivore,,No,Invertivore
AVIBASE-A5F1822E,18.86,0.0,1200.0,1200.0,Grassland,Carnivore,SP,No,Invertivore
AVIBASE-B4084EB9,15.5,0.0,1700.0,1700.0,Woodland,Carnivore,SP,No,Invertivore
AVIBASE-EACB5EC8,13.0,0.0,1150.0,1150.0,Forest,Carnivore,SP,No,Invertivore
AVIBASE-CFEEAE9D,17.5,0.0,1200.0,1200.0,Riverine,Carnivore,SP,No,Invertivore
AVIBASE-C264B15A,,0.0,1000.0,1000.0,Forest,Carnivore,SP,No,Invertivore
AVIBASE-C9D1480B,15.0,100.0,300.0,400.0,Riverine,Carnivore,SP,No,Invertivore
AVIBASE-3881816B,15.0,450.0,1400.0,1850.0,Riverine,Carnivore,,No,Invertivore
AVIBASE-577F7CE5,24.5,2000.0,800.0,2800.0,Shrubland,Carnivore,SP,No,Invertivore
AVIBASE-B846892A,13.1,400.0,200.0,600.0,Shrubland,Carnivore,,No,Invertivore
AVIBASE-76C2CF63,11.4,0.0,400.0,400.0,Shrubland,Carnivore,SP,No,Invertivore
AVIBASE-A26F286A,13.0,2500.0,400.0,2900.0,Shrubland,Carnivore,SP,No,Invertivore
AVIBASE-4826C507,18.33333,200.0,1800.0,2000.0,Shrubland,Carnivore,SP,No,Invertivore
AVIBASE-B96EBCC1,18.25,2100.0,1100.0,3200.0,Forest,Carnivore,SP,No,Invertivore
AVIBASE-B8B8C7FA,25.5,200.0,200.0,400.0,Woodland,Carnivore,SP,No,Invertivore
AVIBASE-9D69DD94,14.0,0.0,1400.0,1400.0,Forest,Carnivore,SP,No,Invertivore
AVIBASE-19D03376,18.5,500.0,500.0,1000.0,Forest,Carnivore,,No,Invertivore
AVIBASE-896E26C8,18.0,5.0,1062.0,1067.0,Forest,Carnivore,SP,No,Invertivore
AVIBASE-AFB20B1F,22.5,250.0,1100.0,1350.0,Riverine,Carnivore,,No,Invertivore
AVIBASE-FA19AF14,19.8,1000.0,900.0,1900.0,Forest,Carnivore,SP,No,Invertivore
AVIBASE-26536ACF,20.33333,200.0,150.0,350.0,Forest,Carnivore,,No,Invertivore
AVIBASE-284CBAE3,16.5,0.0,700.0,700.0,Grassland,Carnivore,,No,Invertivore
AVIBASE-BFD679A6,12.94,0.0,2200.0,2200.0,Shrubland,Carnivore,SP,No,Invertivore
AVIBASE-0869AB18,16.0,0.0,1500.0,1500.0,Shrubland,Carnivore,SP,No,Invertivore
AVIBASE-4435DE4C,12.75,,,,Shrubland,Carnivore,,No,Invertivore
AVIBASE-346286FC,13.0,0.0,1500.0,1500.0,Woodland,Carnivore,SP,No,Invertivore
AVIBASE-EC44FF24,14.0,0.0,2500.0,2500.0,Woodland,Carnivore,SP,No,Invertivore
AVIBASE-C4F2C3B6,15.65,600.0,2900.0,3500.0,Forest,Carnivore,SP,No,Invertivore
AVIBASE-9B2C56D1,16.16667,2450.0,1050.0,3500.0,Forest,Carnivore,,No,Invertivore
AVIBASE-CF9F617D,15.125,0.0,1100.0,1100.0,Forest,Carnivore,SP,No,Invertivore
AVIBASE-FFBBA594,16.98,0.0,1250.0,1250.0,Forest,Carnivore,SP,No,Invertivore
AVIBASE-4385B2A7,15.15,,,100.0,Riverine,Carnivore,CP,No,Invertivore
AVIBASE-44BB2064,15.93333,50.0,1240.0,1290.0,Woodland,Carnivore,SP,No,Invertivore
AVIBASE-54649F25,15.5,2000.0,1000.0,3000.0,Forest,Carnivore,,No,Invertivore
AVIBASE-DF37E154,21.65,1700.0,2000.0,3700.0,Forest,Carnivore,,No,Invertivore
AVIBASE-8E8B7555,,1300.0,900.0,2200.0,Forest,Carnivore,,No,Invertivore
AVIBASE-5EA3AA05,19.0,700.0,1300.0,2000.0,Woodland,Carnivore,SP,No,Invertivore
AVIBASE-FF69CFDB,18.33333,0.0,1200.0,1200.0,Forest,Carnivore,SP,No,Invertivore
AVIBASE-F7040F57,15.5,200.0,1250.0,1450.0,Forest,Carnivore,,No,Invertivore
AVIBASE-3F65C962,7.76667,800.0,1600.0,2400.0,Forest,Carnivore,,No,Invertivore
AVIBASE-7B8015E4,9.33333,0.0,650.0,650.0,Forest,Carnivore,,No,Invertivore
AVIBASE-3798B758,7.5,1100.0,580.0,1680.0,Forest,Carnivore,,No,Invertivore
AVIBASE-CFD24BEE,6.46667,0.0,600.0,600.0,Forest,Carnivore,,No,Invertivore
AVIBASE-8074CD7D,46.0,0.0,900.0,900.0,Forest,Carnivore,CP,No,Invertivore
AVIBASE-0CC1FD4A,45.3,0.0,1300.0,1300.0,Forest,Carnivore,CP,No,Invertivore
AVIBASE-E57EE0ED,24.5,0.0,700.0,700.0,Forest,Carnivore,PL,No,Invertivore
AVIBASE-A56F4E94,20.75,0.0,400.0,400.0,Forest,Carnivore,CP,No,Invertivore
AVIBASE-7882DDB3,19.31667,400.0,1300.0,1700.0,Forest,Carnivore,,No,Invertivore
AVIBASE-7882DDB3,28.43333,600.0,1000.0,1600.0,Forest,Carnivore,CP,No,Invertivore
AVIBASE-49D57DF3,8.9,0.0,1100.0,1100.0,Forest,Carnivore,CP,No,Invertivore
AVIBASE-65C3F16E,30.5,0.0,750.0,750.0,Forest,Carnivore,CP,No,Invertivore
AVIBASE-D9F447A1,32.5,200.0,1000.0,1200.0,Forest,Carnivore,,No,Invertivore
AVIBASE-71F8C8D9,33.5,0.0,400.0,400.0,Forest,Carnivore,,No,Invertivore
AVIBASE-CB6DE0FA,10.16667,0.0,1100.0,1100.0,Forest,Carnivore,PN,No,Invertivore
AVIBASE-9F52DBB8,9.7,0.0,1500.0,1500.0,Forest,Carnivore,DM,No,Invertivore
AVIBASE-A2D009EC,9.075,0.0,800.0,800.0,Forest,Carnivore,,No,Invertivore
AVIBASE-A682D4FB,11.13333,0.0,600.0,600.0,Forest,Carnivore,DM,No,Invertivore
AVIBASE-C87901AC,9.32,0.0,700.0,700.0,Forest,Carnivore,,No,Invertivore
AVIBASE-4D816F31,8.8,0.0,600.0,600.0,Forest,Carnivore,DM,No,Invertivore
AVIBASE-BF22DBB9,9.34,0.0,500.0,500.0,Forest,Carnivore,DM,No,Invertivore
AVIBASE-A186C9C6,9.75,500.0,1100.0,1600.0,Forest,Carnivore,,No,Invertivore
AVIBASE-88FBA009,8.85,0.0,400.0,400.0,Forest,Carnivore,,No,Invertivore
AVIBASE-0DEDC45C,23.0,0.0,1100.0,1100.0,Woodland,Carnivore,CP,No,Invertivore
AVIBASE-78E30C13,14.33333,0.0,150.0,150.0,Forest,Carnivore,,No,Invertivore
AVIBASE-6688FCFD,17.25,0.0,350.0,350.0,Forest,Carnivore,,No,Invertivore
AVIBASE-6877831A,16.7,0.0,500.0,500.0,Forest,Carnivore,CP,No,Invertivore
AVIBASE-20E51271,7.1,0.0,600.0,600.0,Forest,Carnivore,PN,No,Invertivore
AVIBASE-64B34CDD,6.5,0.0,600.0,600.0,Forest,Carnivore,,No,Invertivore
AVIBASE-C6635857,8.25,0.0,450.0,450.0,Forest,Carnivore,,No,Invertivore
AVIBASE-EA002FFA,8.25,0.0,550.0,550.0,Forest,Carnivore,CP,No,Invertivore
AVIBASE-9E1460BD,9.53333,0.0,800.0,800.0,Shrubland,Carnivore,CP,No,Invertivore
AVIBASE-4B4619CD,8.6,0.0,550.0,550.0,Woodland,Carnivore,PN,No,Invertivore
AVIBASE-BAD49093,8.0,0.0,100.0,100.0,Forest,Carnivore,,No,Invertivore
AVIBASE-61451A0A,8.6,400.0,1150.0,1550.0,Shrubland,Carnivore,,No,Invertivore
AVIBASE-662DB38F,7.0,0.0,350.0,350.0,Forest,Carnivore,,No,Invertivore
AVIBASE-A5AC7DC8,8.8,0.0,550.0,550.0,Forest,Carnivore,,No,Invertivore
AVIBASE-10BC73B2,7.8,0.0,1400.0,1400.0,Forest,Carnivore,CP,No,Invertivore
AVIBASE-F859ED88,8.0,0.0,800.0,800.0,Forest,Carnivore,,No,Invertivore
AVIBASE-CF8A3394,9.25,600.0,1100.0,1700.0,Forest,Carnivore,CP,No,Invertivore
AVIBASE-69BFD823,9.4,200.0,300.0,500.0,Shrubland,Carnivore,,No,Invertivore
AVIBASE-5CCA0332,6.4,0.0,500.0,500.0,Forest,Carnivore,,No,Invertivore
AVIBASE-C80BFFF7,9.0,0.0,700.0,700.0,Forest,Carnivore,CP,No,Invertivore
AVIBASE-7C4DDF9C,8.4,0.0,500.0,500.0,Forest,Carnivore,,No,Invertivore
AVIBASE-87FE9014,8.16667,0.0,400.0,400.0,Forest,Carnivore,CP,No,Invertivore
AVIBASE-AD84BFB2,9.0,20.0,180.0,200.0,Forest,Carnivore,,No,Invertivore
AVIBASE-E2A877F7,8.8,700.0,500.0,1200.0,Forest,Carnivore,,No,Invertivore
AVIBASE-1A166C56,8.83333,0.0,500.0,500.0,Forest,Carnivore,CP,No,Invertivore
AVIBASE-E26BC06E,9.75,430.0,360.0,790.0,Forest,Carnivore,,No,Invertivore
AVIBASE-0AA51604,7.93333,800.0,1050.0,1850.0,Forest,Carnivore,,No,Invertivore
AVIBASE-3DD03F2C,8.53333,0.0,1000.0,1000.0,Forest,Carnivore,PN,No,Invertivore
AVIBASE-A5BD6149,9.4,0.0,175.0,175.0,Riverine,Carnivore,,No,Invertivore
AVIBASE-0EA5831A,6.5,0.0,1250.0,1250.0,Forest,Carnivore,PN,No,Invertivore
AVIBASE-DC0B8364,6.63333,200.0,500.0,700.0,Forest,Carnivore,CP,No,Invertivore
AVIBASE-A1CB6912,12.5,0.0,300.0,300.0,Riverine,Carnivore,,No,Invertivore
AVIBASE-AD846245,8.2,250.0,800.0,1050.0,Forest,Carnivore,,No,Invertivore
AVIBASE-DE27235A,10.6,0.0,50.0,50.0,Shrubland,Carnivore,CP,No,Invertivore
AVIBASE-E62C5695,11.0,0.0,1000.0,1000.0,Shrubland,Carnivore,CP,No,Invertivore
AVIBASE-921F6895,10.5,0.0,1000.0,1000.0,Woodland,Carnivore,CP,No,Invertivore
AVIBASE-0B6BC1AE,12.475,0.0,1550.0,1550.0,Forest,Carnivore,CP,No,Invertivore
AVIBASE-BF9D1B17,10.9,0.0,1050.0,1050.0,Woodland,Carnivore,CP,No,Invertivore
AVIBASE-03ED8C2C,11.85,0.0,1450.0,1450.0,Shrubland,Carnivore,CP,No,Invertivore
AVIBASE-630AA24B,10.0,850.0,250.0,1100.0,Shrubland,Carnivore,,No,Invertivore
AVIBASE-4E17A2AE,9.95,0.0,25.0,25.0,Wetland,Carnivore,CP,No,Invertivore
AVIBASE-C90C8664,9.95,600.0,160.0,760.0,Wetland,Carnivore,,No,Invertivore
AVIBASE-4D776E0B,15.33333,0.0,800.0,800.0,Forest,Carnivore,CP,No,Invertivore
AVIBASE-C040B92F,11.5,300.0,1250.0,1550.0,Forest,Carnivore,CP,No,Invertivore
AVIBASE-DCF9CFE8,12.0,0.0,600.0,600.0,Forest,Carnivore,PN,No,Invertivore
AVIBASE-29D98F31,9.83333,0.0,600.0,600.0,Forest,Carnivore,CP,No,Invertivore
AVIBASE-32180749,17.5,0.0,1050.0,1050.0,Forest,Carnivore,CP,No,Invertivore
AVIBASE-161229C0,20.75,0.0,300.0,300.0,Forest,Carnivore,CP,No,Invertivore
AVIBASE-E717D293,15.4,0.0,600.0,600.0,Forest,Carnivore,CP,No,Invertivore
AVIBASE-CB05DF07,17.75,0.0,800.0,800.0,Forest,Carnivore,CP,No,Invertivore
AVIBASE-4FB0F5F3,19.5,0.0,500.0,500.0,Forest,Carnivore,CP,No,Invertivore
AVIBASE-72E82D9C,16.9,0.0,1100.0,1100.0,Woodland,Carnivore,,No,Invertivore
AVIBASE-E6581183,8.9,0.0,800.0,800.0,Forest,Carnivore,,No,Invertivore
AVIBASE-38B867FD,9.5,0.0,800.0,800.0,Woodland,Carnivore,,No,Invertivore
AVIBASE-F1E7B851,10.8,0.0,500.0,500.0,Forest,Carnivore,,No,Invertivore
AVIBASE-A0975D6E,11.2,0.0,500.0,500.0,Forest,Carnivore,,No,Invertivore
AVIBASE-57E1F692,11.6,900.0,1200.0,2100.0,Forest,Carnivore,,No,Invertivore
AVIBASE-6E2505D7,11.5,1250.0,200.0,1450.0,Forest,Carnivore,,No,Invertivore
AVIBASE-42B2013F,9.5,0.0,550.0,550.0,Forest,Carnivore,,No,Invertivore
AVIBASE-2D649D9F,10.3,100.0,350.0,450.0,Forest,Carnivore,PN,No,Invertivore
AVIBASE-17487809,8.7,0.0,700.0,700.0,Forest,Carnivore,,No,Invertivore
AVIBASE-9442883E,9.95,0.0,600.0,600.0,Forest,Carnivore,,No,Invertivore
AVIBASE-039291B6,12.5,700.0,1300.0,2000.0,Forest,Carnivore,,No,Invertivore
AVIBASE-277F57DE,,0.0,850.0,850.0,Woodland,Carnivore,,No,Invertivore
AVIBASE-EE3F7F41,13.0,150.0,950.0,1100.0,Woodland,Carnivore,CP,No,Invertivore
AVIBASE-881FE108,10.6,,,200.0,Forest,Carnivore,,No,Invertivore
AVIBASE-009A3CAA,11.5,500.0,1400.0,1900.0,Forest,Carnivore,,No,Invertivore
AVIBASE-4E6C31E9,10.91667,0.0,1500.0,1500.0,Forest,Carnivore,,No,Invertivore
AVIBASE-94479EAE,10.8,0.0,1100.0,1100.0,Forest,Carnivore,,No,Invertivore
AVIBASE-E2B091E8,14.3,0.0,1250.0,1250.0,Forest,Carnivore,PN,No,Invertivore
AVIBASE-90AD65F2,14.4,0.0,2500.0,2500.0,Forest,Carnivore,CP,No,Invertivore
AVIBASE-28CB49C7,14.5,0.0,900.0,900.0,Forest,Carnivore,CP,No,Invertivore
AVIBASE-D8D88AC0,15.8,0.0,1000.0,1000.0,Shrubland,Carnivore,CP,No,Invertivore
AVIBASE-85F353D8,14.3,750.0,950.0,1700.0,Forest,Carnivore,CP,No,Invertivore
AVIBASE-F894C140,25.0,900.0,1300.0,2200.0,Forest,Carnivore,CP,No,Invertivore
AVIBASE-C355BFF5,20.5,0.0,600.0,600.0,Forest,Carnivore,,No,Invertivore
AVIBASE-0DA3A022,20.1,500.0,1500.0,2000.0,Shrubland,Carnivore,,No,Invertivore
AVIBASE-1E1D9DB7,32.7,0.0,1500.0,1500.0,Woodland,Carnivore,PN,No,Invertivore
AVIBASE-ACBE5FB2,34.0,,,1000.0,Woodland,Carnivore,,No,Invertivore
AVIBASE-B72A9344,24.75,0.0,500.0,500.0,Woodland,Carnivore,PN,No,Invertivore
AVIBASE-4AEAE517,32.0,0.0,550.0,550.0,Forest,Carnivore,,No,Invertivore
AVIBASE-484E85E3,27.23333,0.0,1500.0,1500.0,Woodland,Carnivore,CP,No,Invertivore
AVIBASE-08E23D8A,21.35,600.0,1500.0,2100.0,Woodland,Carnivore,,No,Invertivore
AVIBASE-33EA04F1,26.33333,900.0,1300.0,2200.0,Woodland,Carnivore,,No,Invertivore
AVIBASE-682A5E90,24.0,500.0,1200.0,1700.0,Forest,Carnivore,CP,No,Invertivore
AVIBASE-66CBE0A3,25.65,0.0,2200.0,2200.0,Forest,Carnivore,CP,No,Invertivore
AVIBASE-09D24802,26.5,0.0,1100.0,1100.0,Forest,Carnivore,CP,No,Invertivore
AVIBASE-38B3D501,24.0,0.0,600.0,600.0,Shrubland,Carnivore,,No,Invertivore
AVIBASE-21C497F4,27.5,200.0,50.0,250.0,Forest,Carnivore,,No,Invertivore
AVIBASE-41100533,29.5,0.0,400.0,400.0,Forest,Carnivore,CP,No,Invertivore
AVIBASE-E211C587,31.25,0.0,300.0,300.0,Riverine,Carnivore,,No,Invertivore
AVIBASE-2ABCDA03,26.0,0.0,700.0,700.0,Forest,Carnivore,CP,No,Invertivore
AVIBASE-77152019,23.92,1000.0,1300.0,2300.0,Forest,Carnivore,CP,No,Invertivore
AVIBASE-1464C2B0,20.75,0.0,1100.0,1100.0,Forest,Carnivore,CP,No,Invertivore
AVIBASE-AE3CEAED,18.5,0.0,1000.0,1000.0,Forest,Carnivore,CP,No,Invertivore
AVIBASE-360A0ADB,19.36667,600.0,1300.0,1900.0,Forest,Carnivore,,No,Invertivore
AVIBASE-E61CE100,23.63333,0.0,1500.0,1500.0,Forest,Carnivore,CP,No,Invertivore
AVIBASE-3B9B9B3E,19.33333,0.0,1000.0,1000.0,Forest,Carnivore,CP,No,Invertivore
AVIBASE-1DE98ED1,18.5,0.0,700.0,700.0,Forest,Carnivore,,No,Invertivore
AVIBASE-08F34A09,21.5,,,950.0,Forest,Carnivore,,No,Invertivore
AVIBASE-220DDF4B,19.0,400.0,400.0,800.0,Woodland,Carnivore,CP,No,Invertivore
AVIBASE-69CB03CA,21.9,0.0,700.0,700.0,Forest,Carnivore,PN,No,Invertivore
AVIBASE-80DBA1ED,19.66667,0.0,1300.0,1300.0,Forest,Carnivore,CP,No,Invertivore
AVIBASE-CB889A42,21.925,400.0,200.0,600.0,Forest,Carnivore,,No,Invertivore
AVIBASE-FC2ABAE9,25.51667,900.0,1100.0,2000.0,Forest,Carnivore,,No,Invertivore
AVIBASE-6153F5B7,20.0,150.0,2650.0,2800.0,Forest,Carnivore,CP,No,Invertivore
AVIBASE-D1798A01,21.1,0.0,1000.0,1000.0,Woodland,Carnivore,CP,No,Invertivore
AVIBASE-B27EB04B,20.65,0.0,2700.0,2700.0,Forest,Carnivore,CP,No,Invertivore
AVIBASE-33DB1DEA,20.0,1750.0,1300.0,3050.0,Forest,Carnivore,,No,Invertivore
AVIBASE-7608AA0E,24.16667,0.0,900.0,900.0,Woodland,Carnivore,PN,No,Invertivore
AVIBASE-1CBE36EF,24.75,0.0,700.0,700.0,Woodland,Carnivore,,No,Invertivore
AVIBASE-CFAC40E2,30.5,0.0,250.0,250.0,Forest,Carnivore,PN,No,Invertivore
AVIBASE-2587F820,7.25,300.0,600.0,900.0,Woodland,Carnivore,,No,Invertivore
AVIBASE-091D9EB1,33.5,500.0,700.0,1200.0,Forest,Carnivore,PL,No,Invertivore
AVIBASE-86C7F489,37.5,0.0,800.0,800.0,Forest,Carnivore,CP,No,Invertivore
AVIBASE-279C7965,30.5,,,1200.0,Forest,Carnivore,,No,Invertivore
AVIBASE-0776F498,62.08333,0.0,1000.0,1000.0,Woodland,Carnivore,PN,No,Invertivore
AVIBASE-B165F898,66.05,0.0,2150.0,2150.0,Forest,Carnivore,,No,Invertivore
AVIBASE-BE8716E0,65.0,0.0,1400.0,1400.0,Forest,Carnivore,,No,Invertivore
AVIBASE-C3C71923,72.5,0.0,700.0,700.0,Forest,Carnivore,CP,No,Invertivore
AVIBASE-3C42048A,80.0,0.0,1100.0,1100.0,Forest,Carnivore,CP,No,Invertivore
AVIBASE-74491D29,81.45,,,1100.0,Forest,Carnivore,CP,No,Invertivore
AVIBASE-69C21555,38.75,0.0,900.0,900.0,Forest,Carnivore,,No,Invertivore
AVIBASE-4EADEBB3,126.5,0.0,2600.0,2600.0,Forest,Carnivore,CP,No,Invertivore
AVIBASE-181C3DF9,24.8,,,800.0,Forest,Carnivore,CP,No,Invertivore
AVIBASE-A7350D05,20.45,0.0,1350.0,1350.0,Forest,Carnivore,CP,No,Invertivore
AVIBASE-2F653920,29.6,0.0,300.0,300.0,Forest,Carnivore,,No,Invertivore
AVIBASE-C2AB74DB,51.62,0.0,1200.0,1200.0,Forest,Carnivore,CP,No,Invertivore
AVIBASE-0351F4F2,32.5,0.0,900.0,900.0,Forest,Carnivore,CP,No,Invertivore
AVIBASE-235DE47B,30.65,0.0,900.0,900.0,Forest,Carnivore,,No,Invertivore
AVIBASE-2AE442D9,29.025,0.0,600.0,600.0,Forest,Carnivore,CP,No,Invertivore
AVIBASE-CE51E244,25.0,0.0,450.0,450.0,Forest,Carnivore,CP,No,Invertivore
AVIBASE-C3D6FB50,24.0,200.0,200.0,400.0,Forest,Carnivore,,No,Invertivore
AVIBASE-B02C4DCC,28.5,0.0,400.0,400.0,Forest,Carnivore,,No,Invertivore
AVIBASE-3B465A69,,0.0,100.0,100.0,Forest,Carnivore,,No,Invertivore
AVIBASE-219B34AC,30.5,0.0,300.0,300.0,Forest,Carnivore,,No,Invertivore
AVIBASE-4CFC491A,33.0,0.0,350.0,350.0,Forest,Carnivore,,No,Invertivore
AVIBASE-64B07D94,31.33333,0.0,900.0,900.0,Forest,Carnivore,CV,No,Invertivore
AVIBASE-6FC078E5,44.66667,0.0,600.0,600.0,Forest,Carnivore,"CP,CV",No,Invertivore
AVIBASE-17870D49,52.5,0.0,550.0,550.0,Forest,Carnivore,,No,Invertivore
AVIBASE-1154B900,50.0,0.0,150.0,150.0,Forest,Carnivore,,No,Invertivore
AVIBASE-92F221D7,17.71667,0.0,950.0,950.0,Forest,Carnivore,CP,No,Invertivore
AVIBASE-5CFEBCF8,16.5,0.0,800.0,800.0,Forest,Carnivore,CP,No,Invertivore
AVIBASE-8B313E8E,18.0,0.0,500.0,500.0,Forest,Carnivore,CP,No,Invertivore
AVIBASE-709726B5,10.7,0.0,1250.0,1250.0,Forest,Carnivore,PN,No,Invertivore
AVIBASE-65F875D0,10.0,0.0,2000.0,2000.0,Forest,Carnivore,PN,No,Invertivore
AVIBASE-E61F1309,18.7,1150.0,1050.0,2200.0,Forest,Carnivore,,No,Invertivore
AVIBASE-FE350DF7,10.45,300.0,1650.0,1950.0,Forest,Carnivore,,No,Invertivore
AVIBASE-CD39AC6E,13.75,50.0,1250.0,1300.0,Forest,Carnivore,CP,No,Invertivore
AVIBASE-ECED89A9,10.75,0.0,900.0,900.0,Forest,Carnivore,CP,No,Invertivore
AVIBASE-3C30F1FF,10.575,0.0,1000.0,1000.0,Forest,Carnivore,DM,No,Invertivore
AVIBASE-7694CC98,12.0,500.0,1000.0,1500.0,Forest,Carnivore,,No,Invertivore
AVIBASE-1529C213,12.0,500.0,1000.0,1500.0,Forest,Carnivore,,No,Invertivore
AVIBASE-4B4906E5,11.975,1200.0,1300.0,2500.0,Forest,Carnivore,,No,Invertivore
AVIBASE-C48433AA,12.25,1200.0,1300.0,2500.0,Forest,Carnivore,CP,No,Invertivore
AVIBASE-C1CDE25A,12.0,0.0,1300.0,1300.0,Forest,Carnivore,"CP,PN",No,Invertivore
AVIBASE-81724331,13.05,0.0,600.0,600.0,Forest,Carnivore,,No,Invertivore
AVIBASE-8B45C539,12.8,0.0,1100.0,1100.0,Forest,Carnivore,,No,Invertivore
AVIBASE-9724D814,13.25,,,1600.0,Forest,Carnivore,CP,No,Invertivore
AVIBASE-A1A3EF0B,12.5,,,,Forest,Carnivore,,No,Invertivore
AVIBASE-9788D595,12.25,0.0,800.0,800.0,Forest,Carnivore,,No,Invertivore
AVIBASE-E911B7E9,12.5,0.0,500.0,500.0,Forest,Carnivore,,No,Invertivore
AVIBASE-95FD0D6C,11.58333,0.0,500.0,500.0,Forest,Carnivore,PN,No,Invertivore
AVIBASE-34774DAD,15.66667,0.0,1350.0,1350.0,Forest,Carnivore,CP,No,Invertivore
AVIBASE-30B38306,16.5,125.0,1225.0,1350.0,Forest,Carnivore,,No,Invertivore
AVIBASE-AA418933,16.0,0.0,300.0,300.0,Forest,Carnivore,PN,No,Invertivore
AVIBASE-C40F0FE2,18.0,1130.0,820.0,1950.0,Forest,Carnivore,,No,Invertivore
AVIBASE-580A07F8,19.08333,0.0,2100.0,2100.0,Forest,Carnivore,,No,Invertivore
AVIBASE-C9654C40,18.15,100.0,500.0,600.0,Forest,Carnivore,,No,Invertivore
AVIBASE-7064BD02,16.5,0.0,1200.0,1200.0,Forest,Carnivore,PN,No,Invertivore
AVIBASE-E4E8CE6C,16.0,0.0,1350.0,1350.0,Forest,Carnivore,,No,Invertivore
AVIBASE-AACD51BD,18.075,250.0,1100.0,1350.0,Forest,Carnivore,PN,No,Invertivore
AVIBASE-035EB456,18.7,350.0,600.0,950.0,Forest,Carnivore,,No,Invertivore
AVIBASE-E807EA75,16.96667,0.0,900.0,900.0,Forest,Carnivore,,No,Invertivore
AVIBASE-2B0F30E3,19.0,0.0,800.0,800.0,Shrubland,Carnivore,,No,Invertivore
AVIBASE-9140B2FF,15.0,0.0,200.0,200.0,Shrubland,Carnivore,,No,Invertivore
AVIBASE-88A9D9C5,16.06667,0.0,1400.0,1400.0,Shrubland,Carnivore,,No,Invertivore
AVIBASE-35828EAF,14.5,0.0,,,Riverine,Carnivore,CP,No,Invertivore
AVIBASE-228DEA40,24.9,0.0,550.0,550.0,Forest,Carnivore,CP,No,Invertivore
AVIBASE-C91B4325,26.85,1340.0,330.0,1670.0,Forest,Carnivore,,No,Invertivore
AVIBASE-8926D22A,21.9,0.0,550.0,550.0,Forest,Carnivore,CP,No,Invertivore
AVIBASE-0161CAAD,17.7,700.0,600.0,1300.0,Forest,Carnivore,CP,No,Invertivore
AVIBASE-A17A24AF,18.25,0.0,1000.0,1000.0,Forest,Carnivore,CP,No,Invertivore
AVIBASE-78853651,14.73333,0.0,500.0,500.0,Forest,Carnivore,PN,No,Invertivore
AVIBASE-B2B3FA6B,13.0,0.0,500.0,500.0,Forest,Carnivore,PN,No,Invertivore
AVIBASE-87EC4643,17.2,0.0,500.0,500.0,Forest,Carnivore,CP,No,Invertivore
AVIBASE-363EDFA8,12.73333,0.0,1350.0,1350.0,Forest,Carnivore,PN,No,Invertivore
AVIBASE-C207B0AF,12.13333,0.0,350.0,350.0,Forest,Carnivore,CV,No,Invertivore
AVIBASE-54F437ED,23.15,0.0,500.0,500.0,Forest,Carnivore,,No,Invertivore
AVIBASE-85D49ECB,41.0,0.0,450.0,450.0,Forest,Carnivore,CP,No,Invertivore
AVIBASE-3587F35B,24.2,0.0,400.0,400.0,Forest,Carnivore,,No,Invertivore
AVIBASE-9736A466,23.76,0.0,500.0,500.0,Forest,Carnivore,CP,No,Invertivore
AVIBASE-345A6DFB,,,,,Forest,Carnivore,,No,Invertivore
AVIBASE-B4F54E3D,25.35,,,1400.0,Forest,Carnivore,PN,No,Invertivore
AVIBASE-29F66F57,24.1,0.0,500.0,500.0,Forest,Carnivore,,No,Invertivore
AVIBASE-F30598FA,27.85,700.0,1000.0,1700.0,Forest,Carnivore,CP,No,Invertivore
AVIBASE-4F04F723,39.0,0.0,1500.0,1500.0,Forest,Carnivore,,No,Invertivore
AVIBASE-53288223,27.58333,50.0,650.0,700.0,Forest,Carnivore,CP,No,Invertivore
AVIBASE-22CDCC04,28.75,0.0,1000.0,1000.0,Forest,Carnivore,CP,No,Invertivore
AVIBASE-F705E3F2,15.0,600.0,2400.0,3000.0,Forest,Carnivore,,No,Invertivore
AVIBASE-C68B58B6,33.0,0.0,650.0,650.0,Forest,Carnivore,,No,Invertivore
AVIBASE-48C31429,23.0,500.0,500.0,1000.0,Forest,Carnivore,,No,Invertivore
AVIBASE-E492E478,24.5,400.0,700.0,1100.0,Forest,Carnivore,CP,No,Invertivore
AVIBASE-0145FE4C,24.66667,300.0,550.0,850.0,Forest,Carnivore,CP,No,Invertivore
AVIBASE-40373FE1,27.56667,0.0,700.0,700.0,Forest,Carnivore,SA,No,Invertivore
AVIBASE-04CD9946,18.2,100.0,150.0,250.0,Forest,Carnivore,"DM,SP",No,Invertivore
AVIBASE-2EBCC761,29.5,0.0,750.0,750.0,Forest,Carnivore,,No,Invertivore
AVIBASE-F5CD9018,19.1,0.0,1000.0,1000.0,Forest,Carnivore,DM,No,Invertivore
AVIBASE-C9620F9F,20.8,0.0,800.0,800.0,Forest,Carnivore,,No,Invertivore
AVIBASE-8484C800,21.5,0.0,125.0,125.0,Riverine,Carnivore,DM,No,Invertivore
AVIBASE-49788670,31.75,0.0,650.0,650.0,Forest,Carnivore,DM,No,Invertivore
AVIBASE-2438D789,31.0,300.0,1900.0,2200.0,Forest,Carnivore,SP,No,Invertivore
AVIBASE-988F8673,,,,,Forest,Carnivore,SP,No,Invertivore
AVIBASE-2438D789,32.0,0.0,950.0,950.0,Forest,Carnivore,DM,No,Invertivore
AVIBASE-0ED689BD,32.0,20.0,230.0,250.0,Forest,Carnivore,,No,Invertivore
AVIBASE-95AE2108,30.025,0.0,1250.0,1250.0,Forest,Carnivore,SP,No,Invertivore
AVIBASE-48150C82,25.5,100.0,800.0,900.0,Woodland,Carnivore,CP,No,Invertivore
AVIBASE-B8FE31D0,27.275,0.0,550.0,550.0,Forest,Carnivore,SP,No,Invertivore
AVIBASE-83E8F82F,23.175,100.0,150.0,250.0,Forest,Carnivore,,No,Invertivore
AVIBASE-B1392808,39.0,0.0,450.0,450.0,Forest,Carnivore,CP,No,Invertivore
AVIBASE-1CE684D6,42.0,0.0,450.0,450.0,Forest,Carnivore,CP,No,Invertivore
AVIBASE-C4D9D479,45.33333,0.0,900.0,900.0,Forest,Carnivore,DM,No,Invertivore
AVIBASE-F0768885,43.88333,500.0,1500.0,2000.0,Forest,Carnivore,,No,Invertivore
AVIBASE-7B3A4DDB,47.7,100.0,1600.0,1700.0,Forest,Carnivore,DM,No,Invertivore
AVIBASE-4564EA5A,45.33333,0.0,500.0,500.0,Forest,Carnivore,"CP,CV",No,Invertivore
AVIBASE-7E4EE12D,60.0,0.0,1400.0,1400.0,Forest,Carnivore,PL,No,Invertivore
AVIBASE-9E2E1D37,61.86667,0.0,1800.0,1800.0,Forest,Carnivore,CV,No,Invertivore
AVIBASE-796D73FB,55.5,350.0,50.0,400.0,Forest,Carnivore,,No,Invertivore
AVIBASE-7E82BA92,59.33333,0.0,900.0,900.0,Forest,Carnivore,CP,No,Invertivore
AVIBASE-54D73240,74.16667,850.0,1550.0,2400.0,Forest,Carnivore,,No,Invertivore
AVIBASE-D4FBD3C4,92.75,400.0,2400.0,2800.0,Forest,Carnivore,CV,No,Invertivore
AVIBASE-37339289,132.8,0.0,700.0,700.0,Forest,Carnivore,CV,No,Invertivore
AVIBASE-CEF62826,71.2,200.0,1300.0,1500.0,Forest,Carnivore,,No,Invertivore
AVIBASE-E8795B6F,94.25,1000.0,1200.0,2200.0,Forest,Carnivore,CV,No,Invertivore
AVIBASE-588B7DC5,67.0,900.0,1700.0,2600.0,Forest,Carnivore,,No,Invertivore
AVIBASE-B32FC59B,73.83333,1800.0,1300.0,3100.0,Forest,Carnivore,,No,Invertivore
AVIBASE-D9979344,134.98333,2600.0,1200.0,3800.0,Forest,Carnivore,CP,No,Invertivore
AVIBASE-15C83177,241.33333,1200.0,1800.0,3000.0,Forest,Carnivore,CP,No,Invertivore
AVIBASE-AF9CB0EA,242.0,2000.0,300.0,2300.0,Forest,Carnivore,CP,No,Invertivore
AVIBASE-83213F7A,111.28333,0.0,650.0,650.0,Forest,Carnivore,CP,No,Invertivore
AVIBASE-73BDA8FB,70.5,1800.0,700.0,2500.0,Forest,Carnivore,CP,No,Invertivore
AVIBASE-2DCEE578,88.65,500.0,2000.0,2500.0,Forest,Carnivore,"CP,O",No,Invertivore
AVIBASE-1585B1C0,,1800.0,300.0,2100.0,Forest,Carnivore,,No,Invertivore
AVIBASE-BC3FAE8B,83.0,700.0,1250.0,1950.0,Forest,Carnivore,DM,No,Invertivore
AVIBASE-5D82B799,110.0,100.0,350.0,450.0,Forest,Carnivore,CP,No,Invertivore
AVIBASE-9E50CABF,113.0,120.0,380.0,500.0,Forest,Carnivore,,No,Invertivore
AVIBASE-F46A4E19,81.3,1200.0,2250.0,3450.0,Forest,Carnivore,CP,No,Invertivore
AVIBASE-3862FDBB,67.66667,400.0,1400.0,1800.0,Woodland,Carnivore,CP,No,Invertivore
AVIBASE-66435A66,62.0,1600.0,800.0,2400.0,Forest,Carnivore,,No,Invertivore
AVIBASE-3FD0C73F,47.6,1700.0,800.0,2500.0,Forest,Carnivore,,No,Invertivore
AVIBASE-821D3E2C,56.5,3500.0,1100.0,4600.0,Woodland,Carnivore,CP,No,Invertivore
AVIBASE-FFB6037B,,2300.0,500.0,2800.0,Forest,Carnivore,,No,Invertivore
AVIBASE-6F24D8CB,178.5,2300.0,350.0,2650.0,Forest,Carnivore,CP,No,Invertivore
AVIBASE-CAB60F3C,114.75,1900.0,1250.0,3150.0,Forest,Carnivore,CP,No,Invertivore
AVIBASE-18671DC1,107.25,2350.0,550.0,2900.0,Forest,Carnivore,CP,No,Invertivore
AVIBASE-76F3ABA6,94.75,1200.0,900.0,2100.0,Forest,Carnivore,,No,Invertivore
AVIBASE-4C18082A,63.0,1200.0,1150.0,2350.0,Forest,Carnivore,CP,No,Invertivore
AVIBASE-18E59ACC,71.675,1400.0,1050.0,2450.0,Forest,Carnivore,CP,No,Invertivore
AVIBASE-98DA026C,65.16667,1700.0,1050.0,2750.0,Forest,Omnivore,,No,Omnivore
AVIBASE-C443FD00,71.33333,1800.0,1200.0,3000.0,Forest,Carnivore,,No,Invertivore
AVIBASE-F50F89BE,76.925,2100.0,900.0,3000.0,Forest,Carnivore,,No,Invertivore
AVIBASE-7F337E40,,2200.0,700.0,2900.0,Forest,Carnivore,,No,Invertivore
AVIBASE-A8A394CF,36.0,2500.0,750.0,3250.0,Forest,Carnivore,,No,Invertivore
AVIBASE-312C2924,34.675,1850.0,1950.0,3800.0,Forest,Carnivore,,No,Invertivore
AVIBASE-E1A86347,44.7,2200.0,950.0,3150.0,Forest,Carnivore,,No,Invertivore
AVIBASE-4248B7F6,,2350.0,1300.0,3650.0,Forest,Carnivore,,No,Invertivore
AVIBASE-312C2924,40.88333,2500.0,800.0,3300.0,Forest,Carnivore,CP,No,Invertivore
AVIBASE-D9973A40,,2850.0,550.0,3400.0,Forest,Carnivore,,No,Invertivore
AVIBASE-D5DBCC9E,41.125,1700.0,800.0,2500.0,Forest,Carnivore,,No,Invertivore
AVIBASE-592F3341,37.4,2400.0,1500.0,3900.0,Forest,Carnivore,,No,Invertivore
AVIBASE-97A8C8BF,38.0,2750.0,950.0,3700.0,Forest,Carnivore,,No,Invertivore
AVIBASE-52734354,,3000.0,600.0,3600.0,Forest,Carnivore,,No,Invertivore
AVIBASE-53392BEC,40.5,2400.0,300.0,2700.0,Forest,Carnivore,,No,Invertivore
AVIBASE-2A3E14B1,48.4,2400.0,1500.0,3900.0,Forest,Carnivore,,No,Invertivore
AVIBASE-DFC48396,,,,,Forest,Carnivore,,No,Invertivore
AVIBASE-B1B6891A,34.2,2700.0,450.0,3150.0,Forest,Carnivore,,No,Invertivore
AVIBASE-5F185701,,,,,Forest,Carnivore,,No,Invertivore
AVIBASE-356BAAED,69.0,2800.0,1700.0,4500.0,Shrubland,Carnivore,HC,No,Invertivore
AVIBASE-0416064D,47.0,2800.0,1200.0,4000.0,Forest,Carnivore,,No,Invertivore
AVIBASE-4ECE7CED,61.125,2850.0,650.0,3500.0,Forest,Carnivore,,No,Invertivore
AVIBASE-88C6B17B,52.5,1800.0,1350.0,3150.0,Forest,Carnivore,,No,Invertivore
AVIBASE-722C29AB,52.075,2500.0,800.0,3300.0,Forest,Carnivore,,No,Invertivore
AVIBASE-723FABB7,59.5,2000.0,1000.0,3000.0,Shrubland,Carnivore,,No,Invertivore
AVIBASE-8B1CD00B,32.0,1000.0,900.0,1900.0,Forest,Carnivore,,No,Invertivore
AVIBASE-FC8137F0,43.375,0.0,1250.0,1250.0,Forest,Carnivore,"O,PL",No,Invertivore
AVIBASE-5E70FF0F,45.86667,0.0,500.0,500.0,Forest,Carnivore,CP,No,Invertivore
AVIBASE-5E70FF0F,44.1,0.0,500.0,500.0,Forest,Carnivore,,No,Invertivore
AVIBASE-ED55CD26,43.13333,,,,Forest,Carnivore,,No,Invertivore
AVIBASE-44A0A4E3,40.5,100.0,100.0,200.0,Forest,Carnivore,PL,No,Invertivore
AVIBASE-F900EC2D,28.0,400.0,600.0,1000.0,Woodland,Carnivore,CP,No,Invertivore
AVIBASE-601048C6,46.23333,0.0,600.0,600.0,Forest,Carnivore,,No,Invertivore
AVIBASE-B7FFE09E,46.58,0.0,500.0,500.0,Forest,Carnivore,,No,Invertivore
AVIBASE-FF02D7B1,41.75,0.0,900.0,900.0,Forest,Carnivore,,No,Invertivore
AVIBASE-FEBA3A57,51.01667,1200.0,1200.0,2400.0,Forest,Carnivore,CP,No,Invertivore
AVIBASE-4C1F9C2A,47.75,0.0,850.0,850.0,Forest,Carnivore,CP,No,Invertivore
AVIBASE-4C1F9C2A,57.5,0.0,1200.0,1200.0,Forest,Carnivore,,No,Invertivore
AVIBASE-051DF113,16.78333,900.0,1300.0,2200.0,Forest,Carnivore,CP,No,Invertivore
AVIBASE-22AAE57C,21.075,1400.0,700.0,2100.0,Forest,Carnivore,,No,Invertivore
AVIBASE-3DAB83EB,19.3,1800.0,350.0,2150.0,Forest,Carnivore,,No,Invertivore
AVIBASE-CE799E92,18.375,1800.0,200.0,2000.0,Forest,Carnivore,,No,Invertivore
AVIBASE-7BD6E7C0,23.15,1850.0,550.0,2400.0,Forest,Carnivore,,No,Invertivore
AVIBASE-E9553357,17.0,250.0,1950.0,2200.0,Forest,Carnivore,CP,No,Invertivore
AVIBASE-53DD64DC,16.75,1750.0,1600.0,3350.0,Forest,Carnivore,,No,Invertivore
AVIBASE-287E1DD6,19.88333,700.0,2800.0,3500.0,Forest,Carnivore,CP,No,Invertivore
AVIBASE-CB3D7CC3,,600.0,1250.0,1850.0,Forest,Carnivore,,No,Invertivore
AVIBASE-FA147336,20.86667,2900.0,500.0,3400.0,Forest,Carnivore,CP,No,Invertivore
AVIBASE-2D997B49,21.5,500.0,1900.0,2400.0,Forest,Carnivore,CP,No,Invertivore
AVIBASE-2E9D5026,22.41667,0.0,300.0,300.0,Forest,Carnivore,CP,No,Invertivore
AVIBASE-83F07C79,22.5,0.0,300.0,300.0,Forest,Carnivore,,No,Invertivore
AVIBASE-1BC6D0DF,23.16,0.0,300.0,300.0,Forest,Carnivore,CP,No,Invertivore
AVIBASE-82B0FF93,24.05,0.0,600.0,600.0,Forest,Carnivore,CP,No,Invertivore
AVIBASE-E669DB94,21.5,0.0,2400.0,2400.0,Forest,Carnivore,,No,Invertivore
AVIBASE-3D046D26,26.3,800.0,1000.0,1800.0,Forest,Carnivore,,No,Invertivore
AVIBASE-E0994940,26.8,1000.0,1000.0,2000.0,Forest,Carnivore,CP,No,Invertivore
AVIBASE-EA9CEB99,20.35,0.0,800.0,800.0,Forest,Carnivore,CP,No,Invertivore
AVIBASE-C0F59C9F,41.6,0.0,400.0,400.0,Forest,Carnivore,,No,Invertivore
AVIBASE-DC49C290,106.0,300.0,700.0,1000.0,Forest,Carnivore,CP,No,Invertivore
AVIBASE-98B2F147,96.5,0.0,1100.0,1100.0,Forest,Carnivore,,No,Invertivore
AVIBASE-6B6D07C9,90.0,2500.0,1400.0,3900.0,Forest,Carnivore,,No,Invertivore
AVIBASE-A52EC941,162.0,0.0,2200.0,2200.0,Forest,Carnivore,"CV,BU",No,Invertivore
AVIBASE-FDE3FE01,166.0,0.0,1500.0,1500.0,Forest,Carnivore,"BU,CV",No,Invertivore
AVIBASE-8DA1575F,112.5,0.0,2000.0,2000.0,Shrubland,Carnivore,BU,No,Invertivore
AVIBASE-4B0B1BC4,51.25,0.0,1850.0,1850.0,Shrubland,Carnivore,"CV,BU",No,Invertivore
AVIBASE-23178B5E,50.52,0.0,1500.0,1500.0,Forest,Carnivore,"CV,BU",No,Invertivore
AVIBASE-415E16C9,59.78333,0.0,1800.0,1800.0,Shrubland,Carnivore,SP,No,Invertivore
AVIBASE-E9FF299F,37.66667,0.0,3500.0,3500.0,Shrubland,Carnivore,BU,No,Invertivore
AVIBASE-C09A5A72,40.5,0.0,600.0,600.0,Forest,Carnivore,SP,No,Invertivore
AVIBASE-24664381,11.575,300.0,700.0,1000.0,Forest,Carnivore,,No,Invertivore
AVIBASE-0F9BA2F8,35.1,400.0,1400.0,1800.0,Forest,Carnivore,BU,No,Invertivore
AVIBASE-23A8692E,57.3,0.0,200.0,200.0,Forest,Carnivore,,No,Invertivore
AVIBASE-28287AC7,31.4,0.0,1100.0,1100.0,Forest,Carnivore,"SP,DM",No,Invertivore
AVIBASE-EFE9D5AA,21.525,2300.0,1050.0,3350.0,Forest,Carnivore,,No,Invertivore
AVIBASE-C1D36A4D,15.28333,0.0,1500.0,1500.0,Forest,Carnivore,SP,No,Invertivore
AVIBASE-47F6D5B9,17.75,0.0,50.0,50.0,Forest,Carnivore,,No,Invertivore
AVIBASE-CC049017,13.43333,750.0,200.0,950.0,Grassland,Carnivore,,No,Invertivore
AVIBASE-D72E1392,15.875,850.0,750.0,1600.0,Forest,Carnivore,CV,No,Invertivore
AVIBASE-31C66B1A,18.075,800.0,200.0,1000.0,Riverine,Carnivore,,No,Invertivore
AVIBASE-71C03400,14.0,900.0,1200.0,2100.0,Rock,Carnivore,,No,Invertivore
AVIBASE-977B33F3,14.36,0.0,1500.0,1500.0,Forest,Carnivore,,No,Invertivore
AVIBASE-1B8BDC64,15.21667,660.0,480.0,1140.0,Forest,Carnivore,,No,Invertivore
AVIBASE-4A5821A9,13.625,1000.0,1870.0,2870.0,Forest,Carnivore,,No,Invertivore
AVIBASE-03E291EF,,0.0,2000.0,2000.0,Woodland,Carnivore,BU,No,Invertivore
AVIBASE-3B642DBA,12.0,0.0,3000.0,3000.0,Forest,Carnivore,"CV,CR",No,Invertivore
AVIBASE-FF55AC93,14.975,3000.0,1600.0,4600.0,Grassland,Carnivore,SP,No,Invertivore
AVIBASE-9258D9BB,18.325,2900.0,200.0,3100.0,Forest,Carnivore,,No,Invertivore
AVIBASE-898BB818,15.95,3000.0,650.0,3650.0,Shrubland,Carnivore,,No,Invertivore
AVIBASE-898BB818,15.175,2900.0,1200.0,4100.0,Shrubland,Carnivore,,No,Invertivore
AVIBASE-71CF5120,17.075,3300.0,200.0,3500.0,Forest,Carnivore,,No,Invertivore
AVIBASE-5D26DC42,18.0,1500.0,1850.0,3350.0,Forest,Carnivore,BU,No,Invertivore
AVIBASE-24F39183,17.8,1700.0,1500.0,3200.0,Rock,Carnivore,CV,No,Invertivore
AVIBASE-7401CD82,16.25,2900.0,1400.0,4300.0,Forest,Carnivore,,No,Invertivore
AVIBASE-F5C3CDC0,14.125,2800.0,600.0,3400.0,Forest,Carnivore,BU,No,Invertivore
AVIBASE-4C306ABA,15.76667,3500.0,700.0,4200.0,Forest,Carnivore,,No,Invertivore
AVIBASE-7E2D54EB,15.36667,3150.0,1350.0,4500.0,Forest,Carnivore,CR,No,Invertivore
AVIBASE-25B56CA4,16.7,3400.0,800.0,4200.0,Shrubland,Carnivore,,No,Invertivore
AVIBASE-B8AB1214,19.5,2900.0,800.0,3700.0,Forest,Carnivore,,No,Invertivore
AVIBASE-461C14CE,17.875,1850.0,1350.0,3200.0,Forest,Carnivore,,No,Invertivore
AVIBASE-0475179F,20.02,1000.0,1300.0,2300.0,Forest,Carnivore,,No,Invertivore
AVIBASE-7CD6AF48,27.46667,850.0,1050.0,1900.0,Forest,Carnivore,,No,Invertivore
AVIBASE-86FEE4EB,,900.0,800.0,1700.0,Forest,Carnivore,,No,Invertivore
AVIBASE-5C045427,29.75,1250.0,1050.0,2300.0,Shrubland,Carnivore,,No,Invertivore
AVIBASE-FAEB87F2,23.24,1600.0,450.0,2050.0,Forest,Carnivore,,No,Invertivore
AVIBASE-87F84A30,19.35,2560.0,1040.0,3600.0,Forest,Carnivore,,No,Invertivore
AVIBASE-23300330,36.41667,2400.0,1100.0,3500.0,Forest,Carnivore,,No,Invertivore
AVIBASE-873E5B64,20.425,2400.0,800.0,3200.0,Forest,Carnivore,,No,Invertivore
AVIBASE-F38472F6,17.8,2000.0,1170.0,3170.0,Forest,Carnivore,,No,Invertivore
AVIBASE-D682226D,17.81667,2675.0,825.0,3500.0,Woodland,Carnivore,,No,Invertivore
AVIBASE-058E0536,17.75,1500.0,2500.0,4000.0,Forest,Carnivore,SP,No,Invertivore
AVIBASE-BFDA7B0D,15.825,1000.0,2000.0,3000.0,Forest,Carnivore,,No,Invertivore
AVIBASE-8F3F25DF,23.05,1250.0,750.0,2000.0,Forest,Carnivore,,No,Invertivore
AVIBASE-DC8FE9A9,17.8,1050.0,450.0,1500.0,Forest,Carnivore,,No,Invertivore
AVIBASE-7011CE6F,19.65,250.0,1215.0,1465.0,Forest,Carnivore,SP,No,Invertivore
AVIBASE-44F1FA5E,20.3,2000.0,300.0,2300.0,Forest,Carnivore,,No,Invertivore
AVIBASE-477071F7,21.625,1420.0,710.0,2130.0,Forest,Carnivore,,No,Invertivore
AVIBASE-01280CF8,24.7,1300.0,900.0,2200.0,Forest,Carnivore,,No,Invertivore
AVIBASE-ADF01DB1,19.325,700.0,550.0,1250.0,Forest,Carnivore,,No,Invertivore
AVIBASE-1B7E55DC,24.0,1200.0,1200.0,2400.0,Forest,Carnivore,,No,Invertivore
AVIBASE-34FF09E8,17.4,2000.0,1900.0,3900.0,Woodland,Carnivore,,No,Invertivore
AVIBASE-04128FC4,22.23333,2000.0,1660.0,3660.0,Forest,Carnivore,,No,Invertivore
AVIBASE-C98B9363,18.5,2500.0,500.0,3000.0,Forest,Carnivore,BU,No,Invertivore
AVIBASE-CAA64CEB,15.875,1600.0,2400.0,4000.0,Forest,Carnivore,,No,Invertivore
AVIBASE-0F024845,21.625,2250.0,1100.0,3350.0,Forest,Carnivore,,No,Invertivore
AVIBASE-20768B0C,25.125,1900.0,1300.0,3200.0,Forest,Carnivore,,No,Invertivore
AVIBASE-CA4D206B,18.41667,0.0,1400.0,1400.0,Shrubland,Carnivore,SP,No,Invertivore
AVIBASE-B75A42C7,17.38,1700.0,1250.0,2950.0,Shrubland,Carnivore,CP,No,Invertivore
AVIBASE-47E71FE1,23.0,200.0,550.0,750.0,Forest,Carnivore,,No,Invertivore
AVIBASE-42E4A8D9,17.675,0.0,2000.0,2000.0,Woodland,Carnivore,SP,No,Invertivore
AVIBASE-8CED4737,16.0,100.0,500.0,600.0,Forest,Omnivore,,No,Omnivore
AVIBASE-74EC83F7,17.7,0.0,1000.0,1000.0,Forest,Carnivore,CV,No,Invertivore
AVIBASE-680DC17D,15.0,900.0,1100.0,2000.0,Forest,Herbivore,,No,Frugivore
AVIBASE-EF42C6C6,9.0,0.0,1000.0,1000.0,Forest,Carnivore,PN,No,Invertivore
AVIBASE-FF3533CF,7.5,700.0,300.0,1000.0,Woodland,Carnivore,,No,Invertivore
AVIBASE-42B683D1,8.86,900.0,200.0,1100.0,Forest,Carnivore,,No,Invertivore
AVIBASE-0C78B9BD,9.2,400.0,2000.0,2400.0,Forest,Carnivore,CP,No,Invertivore
AVIBASE-2BB17633,8.5,700.0,500.0,1200.0,Forest,Carnivore,,No,Invertivore
AVIBASE-EAD28B9F,9.55,500.0,300.0,800.0,Forest,Carnivore,CP,No,Invertivore
AVIBASE-54373895,7.5,0.0,1200.0,1200.0,Forest,Carnivore,CP,No,Invertivore
AVIBASE-9501B20C,9.45,1200.0,1000.0,2200.0,Forest,Carnivore,,No,Invertivore
AVIBASE-4EE55690,8.5,750.0,1100.0,1850.0,Forest,Carnivore,SP,No,Invertivore
AVIBASE-F61CF239,14.4,0.0,1800.0,1800.0,Forest,Carnivore,CP,No,Invertivore
AVIBASE-86DEA2A6,10.3,500.0,2300.0,2800.0,Forest,Carnivore,CP,No,Invertivore
AVIBASE-52BBDAD6,9.6,1500.0,1900.0,3400.0,Forest,Carnivore,,No,Invertivore
AVIBASE-68EA03E8,9.75,1350.0,1350.0,2700.0,Forest,Carnivore,,No,Invertivore
AVIBASE-CE406BCB,8.75,1500.0,1500.0,3000.0,Forest,Carnivore,,No,Invertivore
AVIBASE-C28307D6,7.15,0.0,1200.0,1200.0,Forest,Carnivore,CP,No,Invertivore
AVIBASE-54EC5236,11.75,0.0,1000.0,1000.0,Forest,Carnivore,CP,No,Invertivore
AVIBASE-9D2A5860,10.5,0.0,1000.0,1000.0,Forest,Carnivore,,No,Invertivore
AVIBASE-5423E1F8,10.7,0.0,950.0,950.0,Forest,Carnivore,,No,Invertivore
AVIBASE-EA9AA95C,11.5,0.0,1100.0,1100.0,Forest,Carnivore,CP,No,Invertivore
AVIBASE-DF86AF36,12.55,900.0,600.0,1500.0,Forest,Carnivore,,No,Invertivore
AVIBASE-31842F4A,15.9,0.0,1800.0,1800.0,Woodland,Carnivore,,No,Invertivore
AVIBASE-890CA872,11.9,0.0,300.0,300.0,Forest,Carnivore,,No,Invertivore
AVIBASE-F219499B,12.3,0.0,1800.0,1800.0,Forest,Carnivore,CP,No,Invertivore
AVIBASE-321B1AA0,12.25,0.0,2000.0,2000.0,Forest,Carnivore,CP,No,Invertivore
AVIBASE-B655AA73,25.0,0.0,1500.0,1500.0,Woodland,Carnivore,CP,No,Invertivore
AVIBASE-14ED46F0,23.4,0.0,700.0,700.0,Forest,Carnivore,CP,No,Invertivore
AVIBASE-79E26221,27.5,0.0,1000.0,1000.0,Shrubland,Carnivore,CP,No,Invertivore
AVIBASE-0A39BE20,35.5,0.0,320.0,320.0,Woodland,Carnivore,CP,No,Invertivore
AVIBASE-611C997C,18.35,1500.0,2000.0,3500.0,Forest,Omnivore,CP,No,Omnivore
AVIBASE-93E59B5B,17.7,0.0,1000.0,1000.0,Woodland,Carnivore,CP,No,Invertivore
AVIBASE-117278D5,17.75,0.0,2000.0,2000.0,Forest,Carnivore,CP,No,Invertivore
AVIBASE-7DDAC0D3,18.075,0.0,2000.0,2000.0,Forest,Carnivore,CP,No,Invertivore
AVIBASE-2956BBB3,31.0,250.0,1000.0,1250.0,Shrubland,Carnivore,CP,No,Invertivore
AVIBASE-A58DD6C7,23.55,0.0,200.0,200.0,Riverine,Carnivore,,No,Invertivore
AVIBASE-4D9DD372,18.8,0.0,1500.0,1500.0,Shrubland,Carnivore,CP,No,Invertivore
AVIBASE-6AC0CC9E,16.8,0.0,2000.0,2000.0,Shrubland,Herbivore,CP,No,Frugivore
AVIBASE-21774F5F,15.4,700.0,2100.0,2800.0,Woodland,Herbivore,,No,Frugivore
AVIBASE-D4A776C8,18.6,0.0,1400.0,1400.0,Shrubland,Carnivore,CP,No,Invertivore
AVIBASE-97AD0B38,19.05,1300.0,1300.0,2600.0,Forest,Herbivore,CP,No,Frugivore
AVIBASE-E6A70247,24.6,1700.0,1300.0,3000.0,Forest,Carnivore,CP,No,Invertivore
AVIBASE-6DC8331E,29.25,0.0,2000.0,2000.0,Forest,Carnivore,CP,No,Invertivore
AVIBASE-AB94C8C5,29.9,1800.0,800.0,2600.0,Forest,Carnivore,,No,Invertivore
AVIBASE-A443B64D,16.15,1500.0,1500.0,3000.0,Forest,Carnivore,CP,No,Invertivore
AVIBASE-0E78426E,17.65,950.0,1450.0,2400.0,Forest,Carnivore,,No,Invertivore
AVIBASE-329042B8,,500.0,1500.0,2000.0,Forest,Carnivore,CP,No,Invertivore
AVIBASE-A52D80A1,14.3,500.0,2000.0,2500.0,Forest,Carnivore,CP,No,Invertivore
AVIBASE-27D4FC77,6.66667,0.0,1500.0,1500.0,Forest,Carnivore,SP,No,Invertivore
AVIBASE-BF566659,7.45,0.0,600.0,600.0,Forest,Carnivore,SA,No,Invertivore
AVIBASE-E02C0DF3,6.64,0.0,900.0,900.0,Forest,Carnivore,,No,Invertivore
AVIBASE-FD5DACEE,7.575,0.0,2100.0,2100.0,Forest,Carnivore,SP,No,Invertivore
AVIBASE-FE36D76B,8.0,0.0,2000.0,2000.0,Shrubland,Carnivore,SP,No,Invertivore
AVIBASE-1BDDEA78,14.95,0.0,3000.0,3000.0,Woodland,Carnivore,CP,No,Invertivore
AVIBASE-AA12C545,11.78,2500.0,1900.0,4400.0,Forest,Carnivore,CP,No,Invertivore
AVIBASE-A8BB18CD,9.0,1800.0,600.0,2400.0,Forest,Carnivore,,No,Invertivore
AVIBASE-C5B7FACC,8.75,1400.0,800.0,2200.0,Forest,Carnivore,,No,Invertivore
AVIBASE-6BE29C85,9.0,800.0,700.0,1500.0,Forest,Carnivore,,No,Invertivore
AVIBASE-95D9C295,9.5,1600.0,1100.0,2700.0,Forest,Carnivore,,No,Invertivore
AVIBASE-15F3B9EC,9.5,2300.0,1000.0,3300.0,Forest,Carnivore,,No,Invertivore
AVIBASE-3F9E2867,9.2,2300.0,1900.0,4200.0,Woodland,Carnivore,,No,Invertivore
AVIBASE-887106AC,6.56667,0.0,4000.0,4000.0,Shrubland,Carnivore,,No,Invertivore
AVIBASE-6B005E46,9.66667,3700.0,900.0,4600.0,Woodland,Carnivore,CP,No,Invertivore
AVIBASE-7C1ABA06,6.16667,1900.0,2200.0,4100.0,Shrubland,Carnivore,CP,No,Invertivore
AVIBASE-2B0C9AD5,6.1,0.0,4400.0,4400.0,Shrubland,Carnivore,CP,No,Invertivore
AVIBASE-DD908FC1,,0.0,900.0,900.0,Forest,Carnivore,,No,Invertivore
AVIBASE-636DC349,8.95,2700.0,700.0,3400.0,Forest,Carnivore,,No,Invertivore
AVIBASE-D3F80AF3,9.95,2700.0,400.0,3100.0,Forest,Carnivore,,No,Invertivore
AVIBASE-F42A1296,7.85,100.0,3100.0,3200.0,Riverine,Carnivore,CP,No,Invertivore
AVIBASE-9132B347,6.1,0.0,200.0,200.0,Riverine,Carnivore,CP,No,Invertivore
AVIBASE-73946059,8.75,0.0,1000.0,1000.0,Wetland,Carnivore,CP,No,Invertivore
AVIBASE-978B7CB8,6.55,0.0,2000.0,2000.0,Forest,Carnivore,CP,No,Invertivore
AVIBASE-F0D27274,5.56667,30.0,2250.0,2280.0,Desert,Carnivore,,No,Invertivore
AVIBASE-A0091FEC,11.0,0.0,575.0,575.0,Forest,Carnivore,CP,No,Invertivore
AVIBASE-F2D76F95,8.85,0.0,2150.0,2150.0,Shrubland,Carnivore,CP,No,Invertivore
AVIBASE-3F1D228C,11.5,0.0,2000.0,2000.0,Desert,Carnivore,CP,No,Invertivore
AVIBASE-6B61BE45,,730.0,,,Woodland,Carnivore,,No,Invertivore
AVIBASE-C4D2BEC1,7.75,0.0,1500.0,1500.0,Woodland,Carnivore,CP,No,Invertivore
AVIBASE-5439BFE4,6.65,0.0,2700.0,2700.0,Grassland,Carnivore,CP,No,Invertivore
AVIBASE-AECDB141,6.0,900.0,800.0,1700.0,Grassland,Carnivore,CP,No,Invertivore
AVIBASE-5366CBA4,,,,500.0,Wetland,Carnivore,CP,No,Invertivore
AVIBASE-1CE408B6,7.95,0.0,500.0,500.0,Wetland,Carnivore,CP,No,Invertivore
AVIBASE-72A61A24,7.8,2200.0,1350.0,3550.0,Wetland,Carnivore,CP,No,Invertivore
AVIBASE-F9F05396,7.66667,0.0,500.0,500.0,Wetland,Carnivore,CP,No,Invertivore
AVIBASE-74F4A6E7,8.75,0.0,1300.0,1300.0,Human Modified,Carnivore,SP,No,Invertivore
AVIBASE-257BC6C6,10.3,300.0,2200.0,2500.0,Forest,Carnivore,,No,Invertivore
AVIBASE-D7CE89D5,9.86667,1100.0,1000.0,2100.0,Forest,Carnivore,,No,Invertivore
AVIBASE-C727EA6A,10.1,1850.0,1500.0,3350.0,Forest,Carnivore,,No,Invertivore
AVIBASE-3765D531,15.4,0.0,500.0,500.0,Forest,Carnivore,DM,No,Invertivore
AVIBASE-514A51B6,15.5,0.0,800.0,800.0,Forest,Carnivore,DM,No,Invertivore
AVIBASE-879DAFFF,7.5,0.0,1200.0,1200.0,Shrubland,Carnivore,CP,No,Invertivore
AVIBASE-DBE488CE,6.1,0.0,1500.0,1500.0,Shrubland,Carnivore,CP,No,Invertivore
AVIBASE-D00D36EB,6.075,0.0,1000.0,1000.0,Shrubland,Carnivore,,No,Invertivore
AVIBASE-C4148CBF,10.96667,0.0,500.0,500.0,Shrubland,Carnivore,CP,No,Invertivore
AVIBASE-7D568545,9.8,0.0,300.0,300.0,Shrubland,Carnivore,,No,Invertivore
AVIBASE-99C6BEEA,8.45,0.0,600.0,600.0,Shrubland,Carnivore,CP,No,Invertivore
AVIBASE-DF576ACA,11.15,0.0,1000.0,1000.0,Shrubland,Carnivore,CP,No,Invertivore
AVIBASE-236A79C7,10.5,500.0,2000.0,2500.0,Forest,Herbivore,SP,No,Frugivore
AVIBASE-15047280,9.8,0.0,1400.0,1400.0,Forest,Carnivore,SP,No,Invertivore
AVIBASE-51736656,10.63333,1500.0,900.0,2400.0,Forest,Carnivore,DM,No,Invertivore
AVIBASE-129543B5,10.1,400.0,1600.0,2000.0,Forest,Herbivore,,No,Frugivore
AVIBASE-1D5F3853,11.3,1000.0,1830.0,2830.0,Forest,Carnivore,,No,Invertivore
AVIBASE-D8331B8A,11.75,550.0,750.0,1300.0,Forest,Carnivore,,No,Invertivore
AVIBASE-DD9EE7F5,6.7,110.0,990.0,1100.0,Forest,Herbivore,,No,Frugivore
AVIBASE-29A192BA,5.5,0.0,500.0,500.0,Woodland,Herbivore,,No,Frugivore
AVIBASE-5CDCBAA4,7.38333,0.0,500.0,500.0,Forest,Carnivore,DM,No,Invertivore
AVIBASE-4017FD53,8.35,0.0,800.0,800.0,Forest,Carnivore,DM,No,Invertivore
AVIBASE-102A6B97,9.6,500.0,1500.0,2000.0,Forest,Carnivore,DM,No,Invertivore
AVIBASE-23DF2A07,8.05,0.0,1600.0,1600.0,Forest,Carnivore,,No,Invertivore
AVIBASE-86199C9A,9.5,1000.0,1500.0,2500.0,Forest,Carnivore,,No,Invertivore
AVIBASE-0FE016C3,8.32,1400.0,900.0,2300.0,Forest,Carnivore,,No,Invertivore
AVIBASE-CBB4CE4D,8.0,1000.0,1000.0,2000.0,Forest,Carnivore,,No,Invertivore
AVIBASE-060A7FB7,10.4,800.0,1600.0,2400.0,Forest,Carnivore,SP,No,Invertivore
AVIBASE-884A2A84,7.4,600.0,800.0,1400.0,Forest,Carnivore,,No,Invertivore
AVIBASE-2D4F8B2B,8.5,950.0,450.0,1400.0,Forest,Carnivore,,No,Invertivore
AVIBASE-565C6A2F,8.0,450.0,650.0,1100.0,Forest,Carnivore,,No,Invertivore
AVIBASE-D1765326,7.54,800.0,900.0,1700.0,Forest,Carnivore,SP,No,Invertivore
AVIBASE-2A9B45E1,7.5,0.0,500.0,500.0,Forest,Carnivore,,No,Invertivore
AVIBASE-E2C97418,7.0,950.0,1200.0,2150.0,Forest,Carnivore,DM,No,Invertivore
AVIBASE-C5957BA1,8.65,1000.0,1200.0,2200.0,Forest,Carnivore,SP,No,Invertivore
AVIBASE-E7BECBF1,7.55,160.0,820.0,980.0,Forest,Carnivore,,No,Invertivore
AVIBASE-97DCD1A5,8.53333,0.0,150.0,150.0,Forest,Carnivore,SP,No,Invertivore
AVIBASE-F6C138EF,8.25,750.0,450.0,1200.0,Forest,Carnivore,,No,Invertivore
AVIBASE-A9D39709,9.26667,900.0,1100.0,2000.0,Forest,Carnivore,,No,Invertivore
AVIBASE-D7F10E84,8.96667,0.0,500.0,500.0,Forest,Carnivore,,No,Invertivore
AVIBASE-4618EFE9,8.0,700.0,800.0,1500.0,Forest,Carnivore,,No,Invertivore
AVIBASE-52DFC50E,10.025,900.0,900.0,1800.0,Forest,Carnivore,,No,Invertivore
AVIBASE-DD6FEA78,8.0,600.0,1100.0,1700.0,Forest,Carnivore,,No,Invertivore
AVIBASE-7AA4B39B,8.0,300.0,900.0,1200.0,Forest,Carnivore,,No,Invertivore
AVIBASE-00DDD5CE,8.175,650.0,550.0,1200.0,Forest,Carnivore,,No,Invertivore
AVIBASE-34B5008C,7.0,400.0,500.0,900.0,Woodland,Carnivore,SP,No,Invertivore
AVIBASE-32A18E56,9.25,500.0,400.0,900.0,Forest,Carnivore,DM,No,Invertivore
AVIBASE-478AB66D,8.0,0.0,600.0,600.0,Forest,Carnivore,PN,No,Invertivore
AVIBASE-9A4AE6AE,15.0,1200.0,1500.0,2700.0,Forest,Carnivore,PN,No,Invertivore
AVIBASE-5396E3F3,14.7,500.0,1650.0,2150.0,Forest,Herbivore,PN,No,Frugivore
AVIBASE-E25CB1F1,13.7,300.0,1400.0,1700.0,Forest,Herbivore,PN,No,Frugivore
AVIBASE-0EFCDBB8,12.08333,0.0,1700.0,1700.0,Forest,Carnivore,PN,No,Invertivore
AVIBASE-7379144B,13.0,0.0,500.0,500.0,Forest,Carnivore,SP,No,Invertivore
AVIBASE-5155A0DC,13.0,640.0,1340.0,1980.0,Forest,Carnivore,,No,Invertivore
AVIBASE-900B219B,12.15,0.0,1000.0,1000.0,Forest,Carnivore,PN,No,Invertivore
AVIBASE-61EA91A8,11.75,0.0,1300.0,1300.0,Woodland,Carnivore,"SP,PN",No,Invertivore
AVIBASE-16C172E1,12.1,400.0,2000.0,2400.0,Forest,Carnivore,PN,No,Invertivore
AVIBASE-0F4104DF,12.65,600.0,1400.0,2000.0,Forest,Carnivore,,No,Invertivore
AVIBASE-5C461582,13.16,1600.0,1100.0,2700.0,Forest,Carnivore,"SP,PN",No,Invertivore
AVIBASE-6B4B427B,12.0,1700.0,1050.0,2750.0,Forest,Carnivore,,No,Invertivore
AVIBASE-7423BFED,22.26667,250.0,500.0,750.0,Shrubland,Carnivore,,No,Invertivore
AVIBASE-1C60CF96,12.75,0.0,600.0,600.0,Coastal,Carnivore,CP,No,Invertivore
AVIBASE-7EAD5553,16.83333,0.0,450.0,450.0,Shrubland,Carnivore,CP,No,Invertivore
AVIBASE-C7B64D32,12.8,0.0,2750.0,2750.0,Shrubland,Carnivore,CP,No,Invertivore
AVIBASE-27411295,6.33333,0.0,300.0,300.0,Woodland,Carnivore,,No,Invertivore
AVIBASE-E938D049,7.5,0.0,700.0,700.0,Woodland,Carnivore,,No,Invertivore
AVIBASE-DA9DCEC1,8.6,0.0,200.0,200.0,Shrubland,Carnivore,CP,No,Invertivore
AVIBASE-DE77BA6A,8.05,0.0,400.0,400.0,Woodland,Carnivore,CP,No,Invertivore
AVIBASE-5D79CB29,11.1,1500.0,1200.0,2700.0,Forest,Carnivore,CP,No,Invertivore
AVIBASE-F9FB9FEE,10.7,500.0,1050.0,1550.0,Forest,Carnivore,,No,Invertivore
AVIBASE-E9903459,11.1,1000.0,1150.0,2150.0,Forest,Carnivore,CP,No,Invertivore
AVIBASE-8B3AAC3B,13.76667,500.0,1500.0,2000.0,Forest,Carnivore,,No,Invertivore
AVIBASE-512BC132,10.16667,300.0,800.0,1100.0,Forest,Carnivore,,No,Invertivore
AVIBASE-0402B179,10.82,0.0,2700.0,2700.0,Woodland,Carnivore,CP,No,Invertivore
AVIBASE-3CD56839,10.85,0.0,1500.0,1500.0,Shrubland,Carnivore,CP,No,Invertivore
AVIBASE-A3E31B1F,10.0,0.0,500.0,500.0,Forest,Carnivore,,No,Invertivore
AVIBASE-BF1FED0E,10.2,1400.0,1650.0,3050.0,Forest,Carnivore,,No,Invertivore
AVIBASE-0A2158CA,9.76667,2250.0,950.0,3200.0,Forest,Carnivore,,No,Invertivore
AVIBASE-8F6BF05C,10.8,2200.0,1500.0,3700.0,Forest,Carnivore,SP,No,Invertivore
AVIBASE-8E5852C1,12.02,600.0,1600.0,2200.0,Forest,Carnivore,"DM,SP",No,Invertivore
AVIBASE-75C915AF,12.25,700.0,1500.0,2200.0,Forest,Carnivore,SP,No,Invertivore
AVIBASE-4527A1E7,8.0,0.0,4200.0,4200.0,Wetland,Carnivore,CP,No,Invertivore
AVIBASE-6F253FCF,5.85,0.0,1400.0,1400.0,Grassland,Carnivore,CP,No,Invertivore
AVIBASE-AA268B7C,11.5,0.0,1300.0,1300.0,Forest,Carnivore,PN,No,Invertivore
AVIBASE-3B65A703,10.3,1200.0,1100.0,2300.0,Forest,Carnivore,SP,No,Invertivore
AVIBASE-ABF9C0A0,9.875,0.0,500.0,500.0,Forest,Carnivore,PN,No,Invertivore
AVIBASE-67D5984B,7.375,0.0,700.0,700.0,Forest,Carnivore,PN,No,Invertivore
AVIBASE-FFF096DB,7.2,800.0,800.0,1600.0,Forest,Carnivore,,No,Invertivore
AVIBASE-287B92E9,9.0,,,300.0,Forest,Carnivore,,No,Invertivore
AVIBASE-8DEC75BC,10.5,0.0,200.0,200.0,Forest,Carnivore,,No,Invertivore
AVIBASE-04CCE338,8.7,0.0,850.0,850.0,Forest,Carnivore,PN,No,Invertivore
AVIBASE-7B0D94FA,8.94,0.0,1150.0,1150.0,Forest,Carnivore,PN,No,Invertivore
AVIBASE-93D764F6,7.05,0.0,450.0,450.0,Forest,Carnivore,,No,Invertivore
AVIBASE-BB9BDDF8,9.75,0.0,600.0,600.0,Forest,Carnivore,PN,No,Invertivore
AVIBASE-7B213A40,10.63333,0.0,600.0,600.0,Woodland,Carnivore,,No,Invertivore
AVIBASE-54EF3ACB,9.4,0.0,700.0,700.0,Woodland,Carnivore,,No,Invertivore
AVIBASE-4D359426,7.5,0.0,900.0,900.0,Forest,Carnivore,DM,No,Invertivore
AVIBASE-8B67256A,9.05,0.0,1000.0,1000.0,Shrubland,Carnivore,PN,No,Invertivore
AVIBASE-88B7BCFD,8.35,0.0,500.0,500.0,Forest,Carnivore,,No,Invertivore
AVIBASE-DCD65D2A,7.5,2000.0,1000.0,3000.0,Forest,Carnivore,PN,No,Invertivore
AVIBASE-2B663C9F,7.4,600.0,400.0,1000.0,Forest,Carnivore,PN,No,Invertivore
AVIBASE-16CC6A73,7.325,1600.0,600.0,2200.0,Forest,Carnivore,,No,Invertivore
AVIBASE-4F4E9022,7.4,0.0,150.0,150.0,Forest,Carnivore,,No,Invertivore
AVIBASE-447039A9,9.13333,750.0,950.0,1700.0,Forest,Carnivore,PN,No,Invertivore
AVIBASE-6D4EB6D9,9.0,0.0,1200.0,1200.0,Forest,Carnivore,,No,Invertivore
AVIBASE-20DB761B,5.15,0.0,1250.0,1250.0,Forest,Carnivore,PN,No,Invertivore
AVIBASE-D90821DF,5.5,400.0,800.0,1200.0,Forest,Carnivore,,No,Invertivore
AVIBASE-F238A131,5.425,0.0,900.0,900.0,Forest,Carnivore,PN,No,Invertivore
AVIBASE-B452B696,5.1,0.0,950.0,950.0,Forest,Carnivore,DM,No,Invertivore
AVIBASE-81FE137C,7.53333,0.0,1200.0,1200.0,Woodland,Carnivore,DM,No,Invertivore
AVIBASE-709BBA1D,6.5,0.0,1000.0,1000.0,Woodland,Carnivore,DM,No,Invertivore
AVIBASE-ACC831CF,7.5,700.0,1400.0,2100.0,Forest,Carnivore,DM,No,Invertivore
AVIBASE-5B7A0B33,6.875,300.0,100.0,400.0,Forest,Carnivore,,No,Invertivore
AVIBASE-85F4E491,7.2,0.0,500.0,500.0,Forest,Carnivore,DM,No,Invertivore
AVIBASE-AD336ABC,7.125,0.0,1100.0,1100.0,Forest,Carnivore,DM,No,Invertivore
AVIBASE-CD3601B0,6.8,0.0,800.0,800.0,Woodland,Carnivore,PN,No,Invertivore
AVIBASE-E353EA71,6.5,1600.0,900.0,2500.0,Shrubland,Carnivore,,No,Invertivore
AVIBASE-DB8D17D3,7.26,1850.0,1050.0,2900.0,Forest,Carnivore,,No,Invertivore
AVIBASE-4BEBB090,8.0,0.0,1050.0,1050.0,Forest,Carnivore,,No,Invertivore
AVIBASE-978B53CA,6.8,0.0,1350.0,1350.0,Forest,Carnivore,PN,No,Invertivore
AVIBASE-6D460666,,0.0,100.0,100.0,Forest,Carnivore,,No,Invertivore
AVIBASE-E847F0D4,7.75,1200.0,1300.0,2500.0,Shrubland,Carnivore,,No,Invertivore
AVIBASE-712D944F,5.65,750.0,2000.0,2750.0,Forest,Carnivore,PN,No,Invertivore
AVIBASE-7B80B483,7.0,0.0,400.0,400.0,Shrubland,Carnivore,PN,No,Invertivore
AVIBASE-106B40D1,8.325,0.0,1100.0,1100.0,Riverine,Carnivore,,No,Invertivore
AVIBASE-579EA7EA,7.25,0.0,1100.0,1100.0,Shrubland,Carnivore,PN,No,Invertivore
AVIBASE-A4A6DEC1,6.94,0.0,1450.0,1450.0,Forest,Carnivore,,No,Invertivore
AVIBASE-6E0EF5A3,7.95,400.0,1100.0,1500.0,Forest,Carnivore,,No,Invertivore
AVIBASE-7A5B9AF3,9.275,0.0,350.0,350.0,Forest,Carnivore,,No,Invertivore
AVIBASE-9B1A56FF,7.15,0.0,500.0,500.0,Riverine,Carnivore,PN,No,Invertivore
AVIBASE-F1A4E6AD,5.6,0.0,1900.0,1900.0,Forest,Carnivore,PN,No,Invertivore
AVIBASE-E3F6238A,6.2,0.0,2000.0,2000.0,Shrubland,Carnivore,PN,No,Invertivore
AVIBASE-8BCDA657,6.5,0.0,200.0,200.0,Shrubland,Carnivore,,No,Invertivore
AVIBASE-35626642,6.96667,0.0,400.0,400.0,Forest,Carnivore,PN,No,Invertivore
AVIBASE-6D2F0F0B,7.0,0.0,1300.0,1300.0,Forest,Carnivore,PN,No,Invertivore
AVIBASE-3951009E,6.25,0.0,1500.0,1500.0,Woodland,Carnivore,PN,No,Invertivore
AVIBASE-8D786D76,23.73333,0.0,1200.0,1200.0,Forest,Carnivore,PN,No,Invertivore
AVIBASE-53F7D92C,30.71667,250.0,130.0,380.0,Forest,Carnivore,,No,Invertivore
AVIBASE-BD2E79A9,25.0,0.0,1100.0,1100.0,Forest,Carnivore,,No,Invertivore
AVIBASE-25B7AC2F,26.0,0.0,2100.0,2100.0,Forest,Carnivore,PN,No,Invertivore
AVIBASE-B8F480C4,22.775,750.0,1550.0,2300.0,Forest,Carnivore,PN,No,Invertivore
AVIBASE-776DE49E,19.25,0.0,600.0,600.0,Forest,Carnivore,SP,No,Invertivore
AVIBASE-5BC79C41,21.4,0.0,600.0,600.0,Forest,Carnivore,PN,No,Invertivore
AVIBASE-90069CDD,14.5,0.0,1500.0,1500.0,Woodland,Carnivore,PN,No,Invertivore
AVIBASE-E9FEA494,12.75,,,400.0,Forest,Carnivore,,No,Invertivore
AVIBASE-F822D4C3,15.0,0.0,1000.0,1000.0,Forest,Carnivore,PN,No,Invertivore
AVIBASE-F941611E,14.66667,0.0,1000.0,1000.0,Forest,Carnivore,PN,No,Invertivore
AVIBASE-672EA938,10.8,0.0,600.0,600.0,Forest,Carnivore,PN,No,Invertivore
AVIBASE-E0B5F9D3,13.25,0.0,800.0,800.0,Woodland,Carnivore,PN,No,Invertivore
AVIBASE-737A9431,13.7,,,1100.0,Riverine,Carnivore,,No,Invertivore
AVIBASE-9AD71DF9,20.0,550.0,350.0,900.0,Forest,Omnivore,,No,Omnivore
AVIBASE-38DF7456,11.26667,0.0,900.0,900.0,Forest,Carnivore,,No,Invertivore
AVIBASE-BEA50A11,9.9,0.0,1500.0,1500.0,Forest,Carnivore,CP,No,Invertivore
AVIBASE-EBAE6077,9.75,0.0,1800.0,1800.0,Forest,Carnivore,CP,No,Invertivore
AVIBASE-187B9AAD,9.25,0.0,2150.0,2150.0,Forest,Carnivore,CP,No,Invertivore
AVIBASE-E411C4C0,9.13333,0.0,500.0,500.0,Forest,Carnivore,CP,No,Invertivore
AVIBASE-DF470AA2,10.5,750.0,1550.0,2300.0,Forest,Carnivore,,No,Invertivore
AVIBASE-5A40987F,12.6,0.0,500.0,500.0,Forest,Carnivore,,No,Invertivore
AVIBASE-55B471DF,15.5,0.0,1000.0,1000.0,Forest,Carnivore,CP,No,Invertivore
AVIBASE-81362B15,9.15,0.0,1000.0,1000.0,Forest,Carnivore,,No,Invertivore
AVIBASE-370FEC50,10.33333,1200.0,1800.0,3000.0,Forest,Carnivore,CP,No,Invertivore
AVIBASE-7B20FC9D,31.6,0.0,2200.0,2200.0,Rock,Carnivore,CP,No,Invertivore
AVIBASE-FF75DFC5,31.6,0.0,3900.0,3900.0,Woodland,Carnivore,"CP,CR",No,Invertivore
AVIBASE-C150D25D,11.35,0.0,1500.0,1500.0,Forest,Carnivore,CP,No,Invertivore
AVIBASE-F578E20D,9.75,0.0,1700.0,1700.0,Forest,Carnivore,"CP,CV",No,Invertivore
AVIBASE-0203FCD8,11.4,0.0,900.0,900.0,Forest,Carnivore,CR,No,Invertivore
AVIBASE-3AC7C776,11.25,100.0,500.0,600.0,Forest,Carnivore,,No,Invertivore
AVIBASE-4AB94B00,13.5,0.0,500.0,500.0,Woodland,Carnivore,CP,No,Invertivore
AVIBASE-560DAEB0,11.625,1200.0,800.0,2000.0,Woodland,Carnivore,CP,No,Invertivore
AVIBASE-0C9DC0D7,13.8,900.0,1100.0,2000.0,Shrubland,Carnivore,CP,No,Invertivore
AVIBASE-62CA2AF8,19.13333,0.0,2500.0,2500.0,Woodland,Carnivore,,No,Invertivore
AVIBASE-B182DED2,18.75,0.0,3000.0,3000.0,Riverine,Carnivore,CP,No,Invertivore
AVIBASE-28669A3D,20.1,0.0,3600.0,3600.0,Grassland,Carnivore,CP,No,Invertivore
AVIBASE-806301B3,8.56667,100.0,2050.0,2150.0,Forest,Carnivore,CP,No,Invertivore
AVIBASE-55DF722C,9.25,1000.0,1000.0,2000.0,Forest,Carnivore,,No,Invertivore
AVIBASE-951C150C,33.83333,600.0,2200.0,2800.0,Forest,Carnivore,CP,No,Invertivore
AVIBASE-4CAD4149,27.9,400.0,2600.0,3000.0,Forest,Carnivore,CP,No,Invertivore
AVIBASE-8D6C036A,23.025,1200.0,1050.0,2250.0,Forest,Carnivore,CP,No,Invertivore
AVIBASE-ECF2FBB2,19.26667,500.0,2300.0,2800.0,Forest,Carnivore,CP,No,Invertivore
AVIBASE-EBB848CD,21.95,2200.0,800.0,3000.0,Forest,Carnivore,CP,No,Invertivore
AVIBASE-F6CA75F0,12.76667,0.0,3000.0,3000.0,Forest,Carnivore,CP,No,Invertivore
AVIBASE-9891BF73,14.04,0.0,1500.0,1500.0,Forest,Carnivore,CP,No,Invertivore
AVIBASE-ED18DC0C,11.0,0.0,1900.0,1900.0,Forest,Carnivore,CP,No,Invertivore
AVIBASE-73E3CD29,9.3,0.0,2800.0,2800.0,Woodland,Carnivore,,No,Invertivore
AVIBASE-1CA8962F,11.75,0.0,1300.0,1300.0,Forest,Carnivore,CP,No,Invertivore
AVIBASE-6B98ED1A,9.4,400.0,300.0,700.0,Forest,Carnivore,,No,Invertivore
AVIBASE-F5A71429,9.5,400.0,1100.0,1500.0,Forest,Carnivore,,No,Invertivore
AVIBASE-8FB6981F,11.0,0.0,1800.0,1800.0,Forest,Carnivore,CP,No,Invertivore
AVIBASE-37895593,12.35,0.0,1800.0,1800.0,Forest,Carnivore,CP,No,Invertivore
AVIBASE-BBBAE4D2,9.3,0.0,2000.0,2000.0,Forest,Carnivore,CP,No,Invertivore
AVIBASE-6C5E4245,10.25,0.0,900.0,900.0,Forest,Carnivore,CP,No,Invertivore
AVIBASE-7B0669CB,11.86667,0.0,1800.0,1800.0,Forest,Carnivore,CP,No,Invertivore
AVIBASE-2778A3F4,12.63333,0.0,1500.0,1500.0,Forest,Carnivore,CP,No,Invertivore
AVIBASE-5BC4E0EF,13.31667,0.0,2500.0,2500.0,Shrubland,Carnivore,CP,No,Invertivore
AVIBASE-33808812,13.28333,0.0,2500.0,2500.0,Shrubland,Carnivore,CP,No,Invertivore
AVIBASE-5CFE6F0D,10.91667,0.0,3000.0,3000.0,Wetland,Carnivore,CP,No,Invertivore
AVIBASE-F5837054,10.7,0.0,1500.0,1500.0,Woodland,Carnivore,CP,No,Invertivore
AVIBASE-1EB2595E,10.33333,1000.0,2000.0,3000.0,Forest,Carnivore,CP,No,Invertivore
AVIBASE-499FFF98,11.4,650.0,1650.0,2300.0,Forest,Carnivore,CP,No,Invertivore
AVIBASE-DACF7A98,12.5,0.0,2500.0,2500.0,Shrubland,Carnivore,CP,No,Invertivore
AVIBASE-010B758B,11.4,1600.0,1900.0,3500.0,Woodland,Carnivore,CP,No,Invertivore
AVIBASE-44A20283,11.0,0.0,3500.0,3500.0,Forest,Carnivore,CP,No,Invertivore
AVIBASE-6FD04659,11.08,600.0,2900.0,3500.0,Forest,Carnivore,CP,No,Invertivore
AVIBASE-DEE07215,13.56667,900.0,2000.0,2900.0,Forest,Carnivore,CP,No,Invertivore
AVIBASE-58AC300F,7.85,600.0,2250.0,2850.0,Woodland,Carnivore,CP,No,Invertivore
AVIBASE-C5DC7CA8,8.9,2100.0,1200.0,3300.0,Forest,Carnivore,CP,No,Invertivore
AVIBASE-1456993D,13.38333,0.0,3000.0,3000.0,Shrubland,Carnivore,CP,No,Invertivore
AVIBASE-55BCD678,12.5,0.0,3050.0,3050.0,Forest,Carnivore,,No,Invertivore
AVIBASE-BFE83634,13.375,0.0,600.0,600.0,Riverine,Carnivore,CP,No,Invertivore
AVIBASE-36693065,22.6,0.0,2000.0,2000.0,Shrubland,Carnivore,CP,No,Invertivore
AVIBASE-61F27E71,14.2,0.0,800.0,800.0,Riverine,Carnivore,CP,No,Invertivore
AVIBASE-DC8BFB79,14.23333,1000.0,3500.0,4500.0,Grassland,Carnivore,CP,No,Invertivore
AVIBASE-B2B73C71,60.7,3700.0,1500.0,5200.0,Grassland,Carnivore,CP,No,Invertivore
AVIBASE-D96C90B5,36.1,500.0,4000.0,4500.0,Rock,Carnivore,CP,No,Invertivore
AVIBASE-C0A4CA8F,30.55,3300.0,1400.0,4700.0,Grassland,Carnivore,CR,No,Invertivore
AVIBASE-E97B3BEA,28.2,2700.0,2100.0,4800.0,Grassland,Carnivore,,No,Invertivore
AVIBASE-5B511416,18.05,2500.0,2500.0,5000.0,Grassland,Carnivore,CP,No,Invertivore
AVIBASE-2FC7B2A5,20.3,600.0,3900.0,4500.0,Grassland,Carnivore,CP,No,Invertivore
AVIBASE-146D02D1,20.0,2700.0,1500.0,4200.0,Grassland,Carnivore,"CP,CR",No,Invertivore
AVIBASE-604FFF1C,23.55,0.0,1200.0,1200.0,Grassland,Carnivore,CP,No,Invertivore
AVIBASE-16B45960,27.0,1500.0,2700.0,4200.0,Grassland,Carnivore,CP,No,Invertivore
AVIBASE-362568A3,26.8,0.0,4000.0,4000.0,Grassland,Carnivore,CP,No,Invertivore
AVIBASE-7C4D58E9,22.2,4200.0,800.0,5000.0,Grassland,Carnivore,CR,No,Invertivore
AVIBASE-6B482E47,28.75,2500.0,1800.0,4300.0,Grassland,Carnivore,CR,No,Invertivore
AVIBASE-1DF12516,13.8,3000.0,1000.0,4000.0,Grassland,Carnivore,CP,No,Invertivore
AVIBASE-644B907D,13.0,0.0,1000.0,1000.0,Grassland,Carnivore,CP,No,Invertivore
AVIBASE-D8733C22,23.3,0.0,2000.0,2000.0,Wetland,Carnivore,CP,No,Invertivore
AVIBASE-D83957BC,15.5,0.0,2200.0,2200.0,Forest,Carnivore,CP,No,Invertivore
AVIBASE-3BEB2207,17.125,1900.0,1150.0,3050.0,Forest,Carnivore,CP,No,Invertivore
AVIBASE-2E2543B4,17.65,700.0,2000.0,2700.0,Forest,Carnivore,CP,No,Invertivore
AVIBASE-013E99A8,11.03333,,,1000.0,Woodland,Carnivore,CP,No,Invertivore
AVIBASE-DD1519B0,20.3,1500.0,1500.0,3000.0,Shrubland,Carnivore,CP,No,Invertivore
AVIBASE-09D7F8D2,,1500.0,1500.0,3000.0,Shrubland,Carnivore,,No,Invertivore
AVIBASE-5CA4674C,14.25,0.0,500.0,500.0,Woodland,Carnivore,CP,No,Invertivore
AVIBASE-AED66D49,14.4,650.0,2450.0,3100.0,Forest,Carnivore,CP,No,Invertivore
AVIBASE-E95D2F87,19.5,0.0,300.0,300.0,Riverine,Carnivore,,No,Invertivore
AVIBASE-2E110335,19.0,0.0,250.0,250.0,Shrubland,Carnivore,,No,Invertivore
AVIBASE-1115C355,14.15,0.0,350.0,350.0,Forest,Carnivore,SP,No,Invertivore
AVIBASE-63720DC9,32.0,0.0,1100.0,1100.0,Shrubland,Carnivore,CP,No,Invertivore
AVIBASE-4116DF96,20.5,1800.0,900.0,2700.0,Grassland,Carnivore,BU,No,Invertivore
AVIBASE-77477F0F,20.5,,,500.0,Shrubland,Carnivore,,No,Invertivore
AVIBASE-3BB9E319,60.26667,2850.0,1450.0,4300.0,Shrubland,Carnivore,CP,No,Invertivore
AVIBASE-FDB9861B,34.5,3000.0,1500.0,4500.0,Grassland,Carnivore,CP,No,Invertivore
AVIBASE-B6F4FD86,39.0,0.0,1000.0,1000.0,Shrubland,Carnivore,,No,Invertivore
AVIBASE-60658051,25.25,0.0,1000.0,1000.0,Grassland,Carnivore,"CP,O",No,Invertivore
AVIBASE-7161C811,41.5,0.0,2000.0,2000.0,Forest,Carnivore,CP,No,Invertivore
AVIBASE-314EEE94,57.23333,0.0,1200.0,1200.0,Grassland,Carnivore,CP,No,Invertivore
AVIBASE-D41833B3,46.5,0.0,1500.0,1500.0,Shrubland,Carnivore,CP,No,Invertivore
AVIBASE-623E3CC8,35.25,0.0,1000.0,1000.0,Shrubland,Carnivore,CP,No,Invertivore
AVIBASE-4C43DBFB,25.1,100.0,100.0,200.0,Shrubland,Carnivore,,No,Invertivore
AVIBASE-86F38EB3,77.0,0.0,500.0,500.0,Grassland,Carnivore,CP,No,Invertivore
AVIBASE-8200F58C,60.35,2400.0,1000.0,3400.0,Shrubland,Carnivore,CP,No,Invertivore
AVIBASE-DF0FEF41,31.84,2200.0,1200.0,3400.0,Forest,Carnivore,CP,No,Invertivore
AVIBASE-EA2A3AC2,33.0,2100.0,1200.0,3300.0,Forest,Carnivore,,No,Invertivore
AVIBASE-0E03869D,33.3,1800.0,1200.0,3000.0,Forest,Carnivore,CP,No,Invertivore
AVIBASE-78427CA9,64.0,3000.0,1000.0,4000.0,Grassland,Carnivore,CP,No,Omnivore
AVIBASE-869B1D21,29.85,0.0,2500.0,2500.0,Grassland,Carnivore,CP,No,Omnivore
AVIBASE-D918C06D,87.65,2450.0,2150.0,4600.0,Shrubland,Carnivore,,No,Vertivore
AVIBASE-64FD388A,69.3,0.0,5000.0,5000.0,Shrubland,Carnivore,CP,No,Omnivore
AVIBASE-EBADB6D6,99.675,0.0,1500.0,1500.0,Shrubland,Carnivore,CP,No,Omnivore
AVIBASE-FFEDF8E6,67.46667,0.0,1100.0,1100.0,Woodland,Carnivore,CP,No,Invertivore
AVIBASE-F2935FD2,27.0,1000.0,1200.0,2200.0,Forest,Carnivore,CP,No,Invertivore
AVIBASE-131BC7FC,12.8,0.0,450.0,450.0,Wetland,Carnivore,SP,No,Invertivore
AVIBASE-85181E5D,11.5,0.0,1000.0,1000.0,Wetland,Carnivore,SP,No,Invertivore
AVIBASE-4EB649D2,18.33333,0.0,300.0,300.0,Wetland,Carnivore,SP,No,Invertivore
AVIBASE-9C4B6D6D,13.53333,0.0,500.0,500.0,Wetland,Carnivore,SP,No,Invertivore
AVIBASE-213CF028,42.675,0.0,500.0,500.0,Grassland,Carnivore,CP,No,Invertivore
AVIBASE-E78E6487,16.0,0.0,1100.0,1100.0,Grassland,Carnivore,CP,No,Invertivore
AVIBASE-C93300CA,21.55,0.0,500.0,500.0,Grassland,Carnivore,CP,No,Invertivore
AVIBASE-38AAAD74,12.25,0.0,200.0,200.0,Woodland,Carnivore,,No,Invertivore
AVIBASE-5F7F8EA6,10.0,2800.0,1200.0,4000.0,Forest,Carnivore,CP,No,Invertivore
AVIBASE-0C04EC23,12.15,1700.0,1100.0,2800.0,Forest,Carnivore,,No,Invertivore
AVIBASE-D6F1EBE0,11.5,1700.0,1400.0,3100.0,Forest,Carnivore,CP,No,Invertivore
AVIBASE-0A34575D,13.05,1300.0,2100.0,3400.0,Forest,Carnivore,,No,Invertivore
AVIBASE-5E381EA4,12.16667,1600.0,1400.0,3000.0,Shrubland,Carnivore,CP,No,Invertivore
AVIBASE-DEB8EAC8,,1900.0,1000.0,2900.0,Riverine,Carnivore,,No,Invertivore
AVIBASE-DAF56766,13.4,1600.0,1700.0,3300.0,Forest,Carnivore,CP,No,Invertivore
AVIBASE-15FF866A,11.0,2000.0,1600.0,3600.0,Forest,Carnivore,CP,No,Invertivore
AVIBASE-1FDE49DF,16.625,2200.0,2000.0,4200.0,Shrubland,Carnivore,CP,No,Invertivore
AVIBASE-11773DB9,14.66667,2700.0,1500.0,4200.0,Shrubland,Carnivore,"CP,CV",No,Invertivore
AVIBASE-9A5ACC7C,17.85,2800.0,1700.0,4500.0,Shrubland,Carnivore,CP,No,Invertivore
AVIBASE-C0949BA5,13.5,2000.0,1500.0,3500.0,Shrubland,Carnivore,CP,No,Invertivore
AVIBASE-AA1E1D68,8.85,1400.0,1450.0,2850.0,Shrubland,Carnivore,,No,Invertivore
AVIBASE-BB5C6141,9.9,0.0,2000.0,2000.0,Forest,Carnivore,CP,No,Invertivore
AVIBASE-3EB54C47,17.5,0.0,1200.0,1200.0,Forest,Carnivore,CV,No,Invertivore
AVIBASE-C1450281,12.65,0.0,1500.0,1500.0,Shrubland,Carnivore,CP,No,Invertivore
AVIBASE-87874F97,32.8,0.0,300.0,300.0,Shrubland,Carnivore,SP,No,Invertivore
AVIBASE-9971C83E,22.5,0.0,1000.0,1000.0,Forest,Herbivore,"NO,O",No,Frugivore
AVIBASE-A9828586,30.15,0.0,500.0,500.0,Woodland,Carnivore,CP,No,Invertivore
AVIBASE-B384278C,26.125,0.0,1000.0,1000.0,Shrubland,Carnivore,DM,No,Invertivore
AVIBASE-468B520C,28.75,0.0,1000.0,1000.0,Shrubland,Carnivore,DM,No,Invertivore
AVIBASE-DCCFF7D4,30.25,0.0,1100.0,1100.0,Forest,Carnivore,DM,No,Invertivore
AVIBASE-D486B51A,19.5,0.0,600.0,600.0,Forest,Carnivore,DM,No,Invertivore
AVIBASE-9C883C7B,61.5,0.0,1800.0,1800.0,Woodland,Omnivore,DM,No,Omnivore
AVIBASE-5B0BE8AD,25.64,0.0,500.0,500.0,Shrubland,Carnivore,SA,No,Invertivore
AVIBASE-FEE77420,24.75,0.0,1350.0,1350.0,Forest,Carnivore,CV,No,Invertivore
AVIBASE-B8415F96,23.3,0.0,1000.0,1000.0,Forest,Carnivore,"CP,CV,O",No,Invertivore
AVIBASE-C5A7C594,16.9,0.0,300.0,300.0,Forest,Carnivore,"CV,O",No,Invertivore
AVIBASE-C5202F83,,700.0,1200.0,1900.0,Forest,Carnivore,O,No,Invertivore
AVIBASE-049A1D8F,41.275,600.0,1700.0,2300.0,Forest,Omnivore,CP,No,Omnivore
AVIBASE-077E33E3,37.5,1000.0,1800.0,2800.0,Forest,Carnivore,"CP,CV",No,Invertivore
AVIBASE-977CA271,45.0,0.0,1000.0,1000.0,Woodland,Carnivore,CP,No,Invertivore
AVIBASE-9DBB70D5,48.6,0.0,2000.0,2000.0,Woodland,Carnivore,"CP,CV",No,Invertivore
AVIBASE-C9B114BE,43.98333,0.0,1675.0,1675.0,Woodland,Carnivore,"CP,CV",No,Invertivore
AVIBASE-C28FFE3F,45.55,0.0,1600.0,1600.0,Forest,Carnivore,"CP,CV",No,Invertivore
AVIBASE-8118C647,67.16667,0.0,1850.0,1850.0,Woodland,Carnivore,CP,No,Invertivore
AVIBASE-D595068F,55.2,0.0,600.0,600.0,Forest,Carnivore,CP,No,Invertivore
AVIBASE-BD902263,26.05,0.0,1200.0,1200.0,Woodland,Carnivore,SP,No,Invertivore
AVIBASE-1BAC8667,31.875,0.0,2500.0,2500.0,Woodland,Carnivore,CP,No,Invertivore
AVIBASE-B826FFA5,34.4,0.0,700.0,700.0,Shrubland,Carnivore,CP,No,Invertivore
AVIBASE-6FCD33D6,36.5,0.0,100.0,100.0,Shrubland,Carnivore,CP,No,Invertivore
AVIBASE-BB6B236F,38.05,0.0,1800.0,1800.0,Shrubland,Carnivore,CP,No,Invertivore
AVIBASE-0A76713F,39.0,0.0,1000.0,1000.0,Woodland,Carnivore,CP,No,Invertivore
AVIBASE-178B8955,43.36667,0.0,3000.0,3000.0,Grassland,Carnivore,CP,No,Invertivore
AVIBASE-097B0525,54.9,0.0,2000.0,2000.0,Woodland,Carnivore,CP,No,Invertivore
AVIBASE-2281F1C7,40.75,0.0,2120.0,2120.0,Shrubland,Carnivore,CP,No,Invertivore
AVIBASE-6F65F82B,41.7,0.0,1500.0,1500.0,Grassland,Carnivore,CP,No,Invertivore
AVIBASE-A2510EF4,31.1,0.0,1000.0,1000.0,Grassland,Carnivore,CP,No,Invertivore
AVIBASE-082D833C,42.2,0.0,1850.0,1850.0,Shrubland,Carnivore,CP,No,Invertivore
AVIBASE-F5388B5E,53.0,0.0,500.0,500.0,Coastal,Carnivore,CP,No,Invertivore
AVIBASE-26D5D80F,98.0,0.0,400.0,400.0,Forest,Carnivore,CP,No,Invertivore
AVIBASE-7E0CD776,43.25,0.0,2000.0,2000.0,Forest,Carnivore,CP,No,Invertivore
AVIBASE-DB5BFD24,33.5,0.0,800.0,800.0,Forest,Carnivore,,No,Invertivore
AVIBASE-540609E5,27.5,0.0,300.0,300.0,Woodland,Carnivore,,No,Invertivore
AVIBASE-229BCEE1,35.85,0.0,1000.0,1000.0,Forest,Carnivore,"CV,O",No,Invertivore
AVIBASE-BC92F381,31.05,0.0,1400.0,1400.0,Forest,Carnivore,CV,No,Invertivore
AVIBASE-524DE233,31.0,0.0,550.0,550.0,Forest,Carnivore,CV,No,Invertivore
AVIBASE-848755FA,35.66667,0.0,500.0,500.0,Forest,Carnivore,,No,Invertivore
AVIBASE-33EB2398,34.0,0.0,500.0,500.0,Forest,Carnivore,,No,Invertivore
AVIBASE-B172A418,24.5,0.0,1500.0,1500.0,Woodland,Carnivore,CV,No,Invertivore
AVIBASE-4E1780CD,19.5,0.0,500.0,500.0,Woodland,Carnivore,,No,Invertivore
AVIBASE-65D6284F,22.9,0.0,500.0,500.0,Woodland,Carnivore,CP,No,Invertivore
AVIBASE-E920B48D,20.46667,0.0,250.0,250.0,Woodland,Carnivore,,No,Invertivore
AVIBASE-D0DB8932,13.85,0.0,2000.0,2000.0,Forest,Carnivore,CV,No,Invertivore
AVIBASE-3D57A982,20.13333,0.0,2800.0,2800.0,Forest,Carnivore,CV,No,Invertivore
AVIBASE-EF21F7B5,26.33333,0.0,1200.0,1200.0,Woodland,Carnivore,"CV,O",No,Invertivore
AVIBASE-A1288AF2,29.66667,0.0,600.0,600.0,Woodland,Carnivore,,No,Invertivore
AVIBASE-2A2A4A6F,32.66667,0.0,1400.0,1400.0,Woodland,Carnivore,CV,No,Invertivore
AVIBASE-825CACEF,27.75,0.0,500.0,500.0,Forest,Carnivore,CV,No,Invertivore
AVIBASE-AA902955,29.6,400.0,1300.0,1700.0,Shrubland,Carnivore,CV,No,Invertivore
AVIBASE-C7D1E218,26.58333,800.0,2200.0,3000.0,Forest,Carnivore,,No,Invertivore
AVIBASE-A5894F7C,26.9,0.0,1500.0,1500.0,Woodland,Carnivore,CV,No,Invertivore
AVIBASE-E0A04985,29.33333,0.0,2500.0,2500.0,Woodland,Carnivore,CV,No,Invertivore
AVIBASE-59A53D8B,22.63333,0.0,1800.0,1800.0,Woodland,Carnivore,CP,No,Invertivore
AVIBASE-8D6D5F2B,33.4,0.0,1400.0,1400.0,Woodland,Carnivore,CV,No,Invertivore
AVIBASE-FC9E06A0,39.76667,0.0,2000.0,2000.0,Woodland,Carnivore,CV,No,Invertivore
AVIBASE-5D12E97B,15.25,0.0,1000.0,1000.0,Shrubland,Carnivore,CV,No,Invertivore
AVIBASE-DFF4AD06,38.8,0.0,1200.0,1200.0,Forest,Omnivore,CV,No,Omnivore
AVIBASE-DBD0D60A,40.9,300.0,1700.0,2000.0,Forest,Omnivore,CV,No,Omnivore
AVIBASE-A7BEC2BF,21.5,0.0,1500.0,1500.0,Woodland,Carnivore,CP,No,Invertivore
AVIBASE-638BF4C5,22.9,0.0,1800.0,1800.0,Forest,Carnivore,CV,No,Invertivore
AVIBASE-FCF63BDD,23.7,0.0,950.0,950.0,Forest,Carnivore,CV,No,Invertivore
AVIBASE-DBF55732,33.15,100.0,800.0,900.0,Woodland,Carnivore,CV,No,Invertivore
AVIBASE-3955CDE6,14.0,0.0,1400.0,1400.0,Forest,Carnivore,CV,No,Invertivore
AVIBASE-E8E65DD3,17.2,0.0,1250.0,1250.0,Woodland,Carnivore,CP,No,Invertivore
AVIBASE-2197445D,19.31667,0.0,600.0,600.0,Forest,Carnivore,CV,No,Invertivore
AVIBASE-872F0AA9,18.65,250.0,800.0,1050.0,Forest,Carnivore,CV,No,Invertivore
AVIBASE-B747569D,33.4,0.0,1500.0,1500.0,Forest,Carnivore,,No,Invertivore
AVIBASE-A6AB77CA,37.5,0.0,500.0,500.0,Forest,Carnivore,CP,No,Invertivore
AVIBASE-2896E1DB,46.0,0.0,1000.0,1000.0,Forest,Carnivore,,No,Invertivore
AVIBASE-DE322436,34.0,0.0,500.0,500.0,Forest,Carnivore,,No,Invertivore
AVIBASE-8DA83B89,41.5,0.0,300.0,300.0,Forest,Carnivore,CP,No,Invertivore
AVIBASE-727CE8E0,44.0,0.0,1500.0,1500.0,Forest,Carnivore,CV,No,Invertivore
AVIBASE-BA09A296,37.7,0.0,1500.0,1500.0,Forest,Carnivore,CP,No,Invertivore
AVIBASE-4D9E317C,80.91667,575.0,2125.0,2700.0,Forest,Herbivore,,No,Frugivore
AVIBASE-97CB16E9,29.5,600.0,900.0,1500.0,Forest,Herbivore,,No,Frugivore
AVIBASE-AACC949D,41.92,900.0,675.0,1575.0,Forest,Herbivore,CP,No,Frugivore
AVIBASE-6E45ED79,42.7,1000.0,700.0,1700.0,Forest,Herbivore,CP,No,Frugivore
AVIBASE-B8C056DE,45.0,800.0,1400.0,2200.0,Forest,Herbivore,,No,Frugivore
AVIBASE-145B20DB,50.0,1300.0,950.0,2250.0,Forest,Herbivore,,No,Frugivore
AVIBASE-2B9CF96A,54.0,1200.0,1100.0,2300.0,Forest,Herbivore,,No,Frugivore
AVIBASE-3793CD75,,1100.0,200.0,1300.0,Forest,Herbivore,,No,Frugivore
AVIBASE-027CD8FC,56.03333,1500.0,750.0,2250.0,Forest,Herbivore,,No,Frugivore
AVIBASE-BD7AF085,48.5,800.0,2300.0,3100.0,Forest,Herbivore,,No,Frugivore
AVIBASE-492611EA,120.0,1200.0,2150.0,3350.0,Forest,Herbivore,,No,Frugivore
AVIBASE-CE224C6D,50.0,2300.0,700.0,3000.0,Forest,Herbivore,,No,Frugivore
AVIBASE-FCFD1688,50.68,1000.0,1900.0,2900.0,Forest,Herbivore,CP,No,Frugivore
AVIBASE-413E0E1A,80.275,500.0,900.0,1400.0,Forest,Omnivore,,No,Omnivore
AVIBASE-E117776E,83.7,900.0,1400.0,2300.0,Forest,Omnivore,,No,Omnivore
AVIBASE-CCD58E2A,75.23333,400.0,1200.0,1600.0,Forest,Herbivore,,No,Frugivore
AVIBASE-BDB6EEE0,64.26667,0.0,500.0,500.0,Forest,Herbivore,CP,No,Frugivore
AVIBASE-33440684,245.0,500.0,1900.0,2400.0,Forest,Herbivore,CP,No,Frugivore
AVIBASE-F792ED35,194.75,300.0,1700.0,2000.0,Forest,Herbivore,PL,No,Frugivore
AVIBASE-8AA20D56,80.66667,0.0,600.0,600.0,Forest,Herbivore,"CP,CV",No,Frugivore
AVIBASE-34A7416A,97.25,0.0,400.0,400.0,Forest,Herbivore,,No,Frugivore
AVIBASE-306EA62C,51.25,2700.0,1700.0,4400.0,Woodland,Herbivore,CP,No,Frugivore
AVIBASE-D0CCD452,44.33333,0.0,2800.0,2800.0,Human Modified,Herbivore,CP,No,Herbivore terrestrial
AVIBASE-0251A809,41.5,0.0,550.0,550.0,Shrubland,Herbivore,CP,No,Herbivore terrestrial
AVIBASE-D4C50D3B,39.66667,0.0,3600.0,3600.0,Shrubland,Herbivore,CP,No,Herbivore terrestrial
AVIBASE-64133581,49.65,0.0,2000.0,2000.0,Forest,Herbivore,CP,No,Frugivore
AVIBASE-B5B3D9A7,46.0,1300.0,740.0,2040.0,Forest,Herbivore,CP,No,Frugivore
AVIBASE-BC5218B0,60.75,2600.0,1200.0,3800.0,Forest,Herbivore,,No,Frugivore
AVIBASE-E95B88A6,64.83333,3100.0,550.0,3650.0,Forest,Herbivore,,No,Frugivore
AVIBASE-C5B2624D,61.66667,2500.0,1400.0,3900.0,Forest,Herbivore,CP,No,Frugivore
AVIBASE-2ED22C83,72.75,1300.0,1700.0,3000.0,Forest,Herbivore,CP,No,Frugivore
AVIBASE-A3944A95,227.0,0.0,200.0,200.0,Forest,Carnivore,,No,Invertivore
AVIBASE-183649E5,106.0,0.0,1200.0,1200.0,Forest,Herbivore,CP,No,Frugivore
AVIBASE-50B7979C,372.33333,0.0,2700.0,2700.0,Forest,Herbivore,CP,No,Frugivore
AVIBASE-DCB1B70D,385.0,100.0,1400.0,1500.0,Forest,Herbivore,CP,No,Frugivore
AVIBASE-7171CA71,338.0,80.0,1720.0,1800.0,Forest,Herbivore,CP,No,Frugivore
AVIBASE-5892D240,477.0,,,1300.0,Riverine,Omnivore,CP,No,Omnivore
AVIBASE-5E05CF2C,337.25,0.0,1400.0,1400.0,Forest,Herbivore,PL,No,Frugivore
AVIBASE-EF5C2BE1,80.55,0.0,1200.0,1200.0,Forest,Carnivore,SA,No,Invertivore
AVIBASE-33D1F117,56.25,1000.0,800.0,1800.0,Forest,Herbivore,,No,Frugivore
AVIBASE-7F74A595,79.16667,0.0,900.0,900.0,Forest,Omnivore,,No,Omnivore
AVIBASE-56D22505,97.5,500.0,500.0,1000.0,Forest,Herbivore,PL,No,Frugivore
AVIBASE-99978F19,129.0,1200.0,850.0,2050.0,Forest,Herbivore,,No,Frugivore
AVIBASE-3E1D4D61,83.5,1560.0,545.0,2105.0,Forest,Herbivore,,No,Frugivore
AVIBASE-5309608B,72.1,1400.0,525.0,1925.0,Forest,Herbivore,,No,Frugivore
AVIBASE-DB7C4B4C,133.33333,2000.0,1000.0,3000.0,Forest,Herbivore,CP,No,Frugivore
AVIBASE-BE88CB54,125.5,1800.0,950.0,2750.0,Forest,Herbivore,,No,Frugivore
AVIBASE-756A7501,216.5,450.0,800.0,1250.0,Forest,Herbivore,,No,Frugivore
AVIBASE-7818C61C,190.66667,900.0,1500.0,2400.0,Forest,Herbivore,PL,No,Frugivore
AVIBASE-B5B626C7,171.5,0.0,1150.0,1150.0,Forest,Herbivore,CP,No,Frugivore
AVIBASE-C5682CE4,143.5,150.0,1450.0,1600.0,Forest,Herbivore,CP,No,Frugivore
AVIBASE-4E7079A1,66.0,0.0,700.0,700.0,Forest,Herbivore,,No,Frugivore
AVIBASE-0AEB98CC,64.0,0.0,600.0,600.0,Forest,Herbivore,NO,No,Frugivore
AVIBASE-6D5FE7C8,71.875,0.0,1700.0,1700.0,Forest,Herbivore,CP,No,Frugivore
AVIBASE-206E4EAA,78.0,0.0,1000.0,1000.0,Forest,Herbivore,,No,Frugivore
AVIBASE-EADC7DCB,58.05,0.0,1850.0,1850.0,Forest,Herbivore,CP,No,Frugivore
AVIBASE-35891611,65.0,0.0,300.0,300.0,Forest,Herbivore,,No,Frugivore
AVIBASE-6F0076C1,52.5,0.0,800.0,800.0,Forest,Herbivore,,No,Frugivore
AVIBASE-0B8453B7,54.5,0.0,400.0,400.0,Forest,Herbivore,,No,Frugivore
AVIBASE-65DFFBD4,87.75,0.0,300.0,300.0,Forest,Herbivore,,No,Frugivore
AVIBASE-B4177148,303.33333,0.0,500.0,500.0,Riverine,Herbivore,CP,No,Frugivore
AVIBASE-FCFA9431,67.6,0.0,500.0,500.0,Forest,Herbivore,CP,No,Frugivore
AVIBASE-93DBB062,53.8,0.0,400.0,400.0,Forest,Herbivore,,No,Frugivore
AVIBASE-5C47B2C6,61.5,0.0,900.0,900.0,Forest,Herbivore,CP,No,Frugivore
AVIBASE-4A9F7370,107.33333,0.0,900.0,900.0,Forest,Herbivore,,No,Frugivore
AVIBASE-1498FEE2,87.5,0.0,750.0,750.0,Coastal,Herbivore,,No,Frugivore
AVIBASE-353F2DD3,103.33333,0.0,750.0,750.0,Forest,Herbivore,CP,No,Frugivore
AVIBASE-3992E426,8.63333,0.0,500.0,500.0,Forest,Herbivore,CP,No,Frugivore
AVIBASE-714DF6EC,7.375,0.0,500.0,500.0,Forest,Herbivore,,No,Frugivore
AVIBASE-CBFD1721,15.4,0.0,700.0,700.0,Woodland,Herbivore,,No,Frugivore
AVIBASE-AC2FFCAC,16.1,0.0,450.0,450.0,Forest,Carnivore,,No,Invertivore
AVIBASE-A0796435,18.25,0.0,700.0,700.0,Woodland,Carnivore,,No,Invertivore
AVIBASE-5937195C,14.2,0.0,1000.0,1000.0,Forest,Herbivore,,No,Frugivore
AVIBASE-83354540,17.3,1150.0,600.0,1750.0,Forest,Herbivore,,No,Frugivore
AVIBASE-05596C5C,17.775,1200.0,1200.0,2400.0,Forest,Herbivore,,No,Frugivore
AVIBASE-3E3BA0AA,15.5,930.0,970.0,1900.0,Forest,Herbivore,,No,Frugivore
AVIBASE-3B0EF11C,17.45,400.0,2200.0,2600.0,Forest,Herbivore,,No,Frugivore
AVIBASE-F9CEDB91,19.8,0.0,500.0,500.0,Forest,Herbivore,CP,No,Frugivore
AVIBASE-F4A5EA23,17.375,0.0,1500.0,1500.0,Forest,Herbivore,PN,No,Frugivore
AVIBASE-1987669E,17.23333,0.0,1500.0,1500.0,Forest,Herbivore,PN,No,Frugivore
AVIBASE-182E9FE2,25.25,0.0,1500.0,1500.0,Forest,Omnivore,CP,No,Omnivore
AVIBASE-2AC6282B,20.07833,800.0,10.0,810.0,Forest,Herbivore,CP,No,Frugivore
AVIBASE-51BCAA08,21.7,500.0,500.0,1000.0,Riverine,Herbivore,CP,No,Frugivore
AVIBASE-CFCE5A44,15.03333,0.0,1200.0,1200.0,Forest,Herbivore,CP,No,Frugivore
AVIBASE-2F4691A7,10.625,800.0,1200.0,2000.0,Forest,Herbivore,PN,No,Frugivore
AVIBASE-EA5755E6,8.36667,200.0,900.0,1100.0,Forest,Herbivore,CP,No,Frugivore
AVIBASE-DED4C1C1,11.48667,200.0,1385.0,1585.0,Forest,Herbivore,CP,No,Omnivore
AVIBASE-AE0C6B0E,11.75,0.0,1500.0,1500.0,Forest,Herbivore,PN,No,Frugivore
AVIBASE-85CE32B1,18.75,800.0,1300.0,2100.0,Forest,Herbivore,,No,Frugivore
AVIBASE-DB094E7D,15.125,0.0,700.0,700.0,Woodland,Herbivore,,No,Frugivore
AVIBASE-DFF33128,18.0,0.0,1250.0,1250.0,Forest,Herbivore,CP,No,Frugivore
AVIBASE-A0E54EB9,14.8,,,1200.0,Forest,Herbivore,CP,No,Frugivore
AVIBASE-7C28B33B,9.7,0.0,1000.0,1000.0,Forest,Herbivore,,No,Frugivore
AVIBASE-E44EC9A5,9.925,0.0,1100.0,1100.0,Forest,Herbivore,CP,No,Frugivore
AVIBASE-995CF40D,8.35,0.0,500.0,500.0,Forest,Herbivore,CP,No,Frugivore
AVIBASE-F70CF49B,7.0,0.0,200.0,200.0,Forest,Herbivore,,No,Frugivore
AVIBASE-5852C9A8,8.9,0.0,200.0,200.0,Forest,Herbivore,,No,Frugivore
AVIBASE-1717C993,8.5,500.0,1300.0,1800.0,Forest,Herbivore,,No,Frugivore
AVIBASE-33C4A8B0,11.23333,0.0,500.0,500.0,Forest,Herbivore,CP,No,Frugivore
AVIBASE-7BAF5701,,500.0,1200.0,1700.0,Forest,Herbivore,,No,Frugivore
AVIBASE-F4236ACB,9.82,500.0,1600.0,2100.0,Forest,Herbivore,CP,No,Frugivore
AVIBASE-9A003ACA,21.5,0.0,300.0,300.0,Forest,Herbivore,CP,No,Frugivore
AVIBASE-08F2D7DF,21.15,0.0,300.0,300.0,Forest,Herbivore,PN,No,Frugivore
AVIBASE-F8BBD894,22.0,0.0,500.0,500.0,Forest,Herbivore,,No,Frugivore
AVIBASE-091F833E,16.05,0.0,1000.0,1000.0,Woodland,Herbivore,PN,No,Frugivore
AVIBASE-9DF85999,19.23333,0.0,700.0,700.0,Forest,Herbivore,PN,No,Frugivore
AVIBASE-84F26B47,17.73333,0.0,1200.0,1200.0,Woodland,Herbivore,PN,No,Frugivore
AVIBASE-3C01B44C,14.66,0.0,1100.0,1100.0,Forest,Herbivore,PN,No,Frugivore
AVIBASE-DD78BCB6,16.33333,0.0,300.0,300.0,Forest,Herbivore,CP,No,Frugivore
AVIBASE-3B5C0E15,16.45,0.0,300.0,300.0,Forest,Herbivore,CP,No,Frugivore
AVIBASE-8FB9A452,16.51667,0.0,600.0,600.0,Forest,Herbivore,CP,No,Frugivore
AVIBASE-D76775F3,13.66667,600.0,1300.0,1900.0,Forest,Herbivore,PN,No,Frugivore
AVIBASE-FCA41C81,9.4,0.0,200.0,200.0,Forest,Herbivore,CP,No,Frugivore
AVIBASE-B4FFD399,9.56667,300.0,1200.0,1500.0,Forest,Herbivore,,No,Frugivore
AVIBASE-CA46A1E1,10.0,750.0,350.0,1100.0,Forest,Herbivore,,No,Frugivore
AVIBASE-F142A496,9.66,0.0,200.0,200.0,Forest,Herbivore,CP,No,Frugivore
AVIBASE-1C833562,13.04,0.0,2000.0,2000.0,Forest,Herbivore,CP,No,Frugivore
AVIBASE-8E3C83CC,24.5,500.0,1300.0,1800.0,Forest,Herbivore,CP,No,Frugivore
AVIBASE-AB0B75D8,15.88333,0.0,1050.0,1050.0,Forest,Herbivore,CP,No,Frugivore
AVIBASE-DA822C0A,17.56,0.0,1400.0,1400.0,Forest,Herbivore,,No,Frugivore
AVIBASE-1C713394,14.0,0.0,1350.0,1350.0,Forest,Herbivore,CP,No,Frugivore
AVIBASE-419C8303,12.86667,0.0,500.0,500.0,Forest,Herbivore,,No,Frugivore
AVIBASE-85750F2B,51.9,0.0,1200.0,1200.0,Forest,Herbivore,CV,No,Frugivore
AVIBASE-EB675DF1,69.15,0.0,700.0,700.0,Forest,Herbivore,CV,No,Frugivore
AVIBASE-36E5F06B,81.5,0.0,1200.0,1200.0,Forest,Herbivore,,No,Frugivore
AVIBASE-EA93E0B1,82.02,0.0,1500.0,1500.0,Forest,Herbivore,CV,No,Frugivore
AVIBASE-8B9C1238,,,,,Forest,Carnivore,,No,Invertivore
AVIBASE-FDC79991,30.05,0.0,300.0,300.0,Forest,Omnivore,,No,Omnivore
AVIBASE-5CA8A372,30.1,0.0,1450.0,1450.0,Forest,Omnivore,CV,No,Omnivore
AVIBASE-BB758322,32.85,0.0,1425.0,1425.0,Forest,Omnivore,CP,No,Omnivore
AVIBASE-9A159343,30.5,900.0,800.0,1700.0,Forest,Omnivore,,No,Omnivore
AVIBASE-32718B62,32.5,0.0,1800.0,1800.0,Forest,Omnivore,CP,No,Omnivore
AVIBASE-D54C8603,32.5,0.0,1500.0,1500.0,Forest,Omnivore,CP,No,Omnivore
AVIBASE-DC638A66,24.91667,0.0,1200.0,1200.0,Forest,Omnivore,CP,No,Omnivore
AVIBASE-7609CE39,47.9,0.0,1000.0,1000.0,Forest,Carnivore,,No,Invertivore
AVIBASE-8C350908,45.66667,0.0,900.0,900.0,Forest,Carnivore,CP,No,Invertivore
AVIBASE-57EC4803,10.05,0.0,500.0,500.0,Forest,Herbivore,CP,No,Frugivore
AVIBASE-F3AFDDC3,15.3,0.0,500.0,500.0,Forest,Carnivore,CP,No,Invertivore
AVIBASE-C12DB91E,20.0,0.0,500.0,500.0,Forest,Carnivore,CP,No,Invertivore
AVIBASE-73808E99,48.4,200.0,1630.0,1830.0,Forest,Herbivore,,No,Frugivore
AVIBASE-A13F03C6,46.88333,0.0,1300.0,1300.0,Forest,Omnivore,,No,Omnivore
AVIBASE-7F7A0ED6,8.5,0.0,1100.0,1100.0,Shrubland,Carnivore,CP,No,Invertivore
AVIBASE-5D61BA65,19.5,0.0,1500.0,1500.0,Woodland,Carnivore,SP,No,Invertivore
AVIBASE-4E9CE72A,,650.0,1050.0,1700.0,Forest,Carnivore,CV,No,Invertivore
AVIBASE-5CD02C41,,650.0,1050.0,1700.0,Forest,Carnivore,SP,No,Invertivore
AVIBASE-69B72BD0,15.7,1500.0,1500.0,3000.0,Forest,Carnivore,SP,No,Invertivore
AVIBASE-FECCFDAF,18.2,0.0,750.0,750.0,Forest,Carnivore,PN,No,Invertivore
AVIBASE-69D111A7,18.1,0.0,1500.0,1500.0,Woodland,Carnivore,SP,No,Invertivore
AVIBASE-3A6FE3D7,19.15,0.0,1000.0,1000.0,Forest,Carnivore,SP,No,Invertivore
AVIBASE-BBABBA53,20.66667,0.0,800.0,800.0,Forest,Carnivore,SP,No,Invertivore
AVIBASE-7CF1D272,17.75,300.0,2900.0,3200.0,Forest,Herbivore,SP,No,Frugivore
AVIBASE-CE997BBD,21.75,0.0,1900.0,1900.0,Woodland,Carnivore,SP,No,Invertivore
AVIBASE-FC849C19,18.5,0.0,1000.0,1000.0,Forest,Carnivore,,No,Invertivore
AVIBASE-0F9B6F63,19.75,700.0,1600.0,2300.0,Forest,Omnivore,SP,No,Omnivore
AVIBASE-822932F3,24.96667,800.0,1700.0,2500.0,Woodland,Omnivore,SP,No,Omnivore
AVIBASE-62E100BF,23.2,0.0,2500.0,2500.0,Forest,Carnivore,SP,No,Invertivore
AVIBASE-14726786,20.08,0.0,300.0,300.0,Forest,Carnivore,SP,No,Invertivore
AVIBASE-5B66BF7C,36.15,0.0,1000.0,1000.0,Forest,Omnivore,PN,No,Omnivore
AVIBASE-58599303,37.16667,0.0,1300.0,1300.0,Forest,Carnivore,SP,No,Invertivore
AVIBASE-DE6F8886,44.36667,0.0,2000.0,2000.0,Woodland,Carnivore,SP,No,Invertivore
AVIBASE-D7CCEB96,31.175,125.0,2575.0,2700.0,Woodland,Carnivore,SP,No,Invertivore
AVIBASE-7D41A02F,40.2,0.0,1800.0,1800.0,Forest,Omnivore,SP,No,Omnivore
AVIBASE-BE501122,41.5,400.0,700.0,1100.0,Forest,Herbivore,CP,No,Frugivore
AVIBASE-D12A2E74,23.5,400.0,600.0,1000.0,Forest,Carnivore,PN,No,Invertivore
AVIBASE-659CF5C6,13.95,0.0,1000.0,1000.0,Forest,Carnivore,PN,No,Invertivore
AVIBASE-AD9B9B18,18.72,0.0,1200.0,1200.0,Forest,Carnivore,,No,Invertivore
AVIBASE-98BD71E2,14.5,50.0,550.0,600.0,Forest,Carnivore,,No,Invertivore
AVIBASE-9C468DC3,13.93333,900.0,1200.0,2100.0,Forest,Carnivore,,No,Invertivore
AVIBASE-40F33966,11.2,0.0,1200.0,1200.0,Forest,Carnivore,PN,No,Invertivore
AVIBASE-EC9D7A78,10.05,0.0,600.0,600.0,Forest,Carnivore,PN,No,Invertivore
AVIBASE-608B8260,10.5,0.0,1000.0,1000.0,Woodland,Carnivore,PN,No,Invertivore
AVIBASE-B226B93B,6.975,0.0,1200.0,1200.0,Forest,Carnivore,PN,No,Invertivore
AVIBASE-05554FAE,937.66667,300.0,700.0,1000.0,Forest,Carnivore,DM,No,Invertivore
AVIBASE-952F5682,970.75,0.0,1000.0,1000.0,Forest,Carnivore,DM,No,Invertivore
AVIBASE-EA9FC4C7,24.0,600.0,700.0,1300.0,Forest,Carnivore,DM,No,Invertivore
AVIBASE-D3A5B317,43.625,0.0,500.0,500.0,Shrubland,Carnivore,DM,No,Invertivore
AVIBASE-242ABF25,136.33333,0.0,800.0,800.0,Forest,Omnivore,CP,No,Omnivore
AVIBASE-69B4F44B,135.0,0.0,800.0,800.0,Forest,Omnivore,CP,No,Omnivore
AVIBASE-52BD916C,133.5,0.0,800.0,800.0,Forest,Omnivore,CP,No,Omnivore
AVIBASE-D24C5470,209.0,0.0,1000.0,1000.0,Forest,Herbivore,CP,No,Frugivore
AVIBASE-128E6559,172.25,0.0,900.0,900.0,Forest,Herbivore,CP,No,Frugivore
AVIBASE-750BD451,176.66667,0.0,1800.0,1800.0,Forest,Herbivore,CP,No,Frugivore
AVIBASE-BE1B01A5,167.5,600.0,300.0,900.0,Forest,Herbivore,CP,No,Frugivore
AVIBASE-C190903B,178.25,2300.0,1360.0,3660.0,Forest,Herbivore,CP,No,Frugivore
AVIBASE-EFFD142D,127.75,1200.0,800.0,2000.0,Forest,Herbivore,,No,Frugivore
AVIBASE-989FE32C,122.25,1600.0,700.0,2300.0,Forest,Herbivore,"CP,PL",No,Frugivore
AVIBASE-F6FFF57D,105.0,650.0,650.0,1300.0,Forest,Herbivore,CP,No,Frugivore
AVIBASE-E3562196,116.0,1100.0,700.0,1800.0,Forest,Herbivore,,No,Frugivore
AVIBASE-98C0C634,76.5,700.0,290.0,990.0,Forest,Herbivore,CP,No,Frugivore
AVIBASE-A10A0999,173.4,850.0,550.0,1400.0,Forest,Herbivore,,No,Frugivore
AVIBASE-12CE6C35,138.75,0.0,1000.0,1000.0,Forest,Herbivore,,No,Frugivore
AVIBASE-A188556A,168.25,1200.0,250.0,1450.0,Forest,Herbivore,,No,Frugivore
AVIBASE-64F67694,103.75,0.0,900.0,900.0,Forest,Herbivore,HC,No,Frugivore
AVIBASE-5CF4CE65,222.75,0.0,1000.0,1000.0,Forest,Herbivore,HC,No,Frugivore
AVIBASE-2C118B44,135.0,0.0,500.0,500.0,Shrubland,Herbivore,HC,No,Frugivore
AVIBASE-0F4DA8F3,203.25,0.0,600.0,600.0,Shrubland,Herbivore,HC,No,Omnivore
AVIBASE-2F763AC6,140.25,0.0,500.0,500.0,Shrubland,Herbivore,CP,No,Frugivore
AVIBASE-E05381A1,123.75,0.0,1800.0,1800.0,Shrubland,Omnivore,HC,No,Omnivore
AVIBASE-93DAA1B3,153.5,0.0,500.0,500.0,Shrubland,Omnivore,,No,Omnivore
AVIBASE-F91FF9AA,20.7,300.0,900.0,1200.0,Forest,Carnivore,CP,No,Invertivore
AVIBASE-9686AA8F,16.25,1250.0,1750.0,3000.0,Forest,Carnivore,,No,Invertivore
AVIBASE-DC00AA16,24.26667,0.0,1500.0,1500.0,Forest,Carnivore,CP,No,Invertivore
AVIBASE-76842795,24.0,0.0,1000.0,1000.0,Shrubland,Carnivore,,No,Invertivore
AVIBASE-F0A4903D,34.5,0.0,500.0,500.0,Woodland,Carnivore,,No,Invertivore
AVIBASE-B3CBAA5C,33.75,0.0,1000.0,1000.0,Forest,Carnivore,CP,No,Invertivore
AVIBASE-49F0A05B,32.0,0.0,1000.0,1000.0,Forest,Carnivore,,No,Invertivore
AVIBASE-C3E23BC4,7.5,100.0,700.0,800.0,Forest,Carnivore,DM,No,Invertivore
AVIBASE-71BBCB59,14.75,0.0,1000.0,1000.0,Forest,Carnivore,CV,No,Invertivore
AVIBASE-B1E93CFF,10.25,100.0,700.0,800.0,Forest,Carnivore,,No,Invertivore
AVIBASE-547E21A1,13.25,0.0,500.0,500.0,Forest,Carnivore,PN,No,Invertivore
AVIBASE-02B9E930,9.58333,0.0,500.0,500.0,Forest,Carnivore,PN,No,Invertivore
AVIBASE-549957F4,7.95,,,,Shrubland,Carnivore,,No,Invertivore
AVIBASE-468816FA,7.725,0.0,500.0,500.0,Shrubland,Carnivore,DM,No,Invertivore
AVIBASE-41FCF199,9.41667,0.0,500.0,500.0,Woodland,Carnivore,DM,No,Invertivore
AVIBASE-378EF7E4,9.91667,0.0,400.0,400.0,Forest,Carnivore,DM,No,Invertivore
AVIBASE-DAC72D07,11.33333,0.0,1400.0,1400.0,Shrubland,Carnivore,DM,No,Invertivore
AVIBASE-A334276B,9.68333,0.0,500.0,500.0,Shrubland,Carnivore,DM,No,Invertivore
AVIBASE-680AC77F,11.03333,0.0,500.0,500.0,Riverine,Carnivore,DM,No,Invertivore
AVIBASE-17EAFC11,10.15,0.0,2700.0,2700.0,Shrubland,Carnivore,CP,No,Invertivore
AVIBASE-0E9290F8,7.41667,0.0,500.0,500.0,Woodland,Carnivore,DM,No,Invertivore
AVIBASE-09FF44CF,6.875,0.0,500.0,500.0,Shrubland,Carnivore,DM,No,Invertivore
AVIBASE-4068F62F,12.4,2000.0,1000.0,3000.0,Forest,Carnivore,,No,Invertivore
AVIBASE-5C9D20AA,7.25,0.0,500.0,500.0,Shrubland,Carnivore,DM,No,Invertivore
AVIBASE-9723DB2C,6.16667,30.0,470.0,500.0,Grassland,Carnivore,DM,No,Invertivore
AVIBASE-66659A4B,5.1,0.0,500.0,500.0,Desert,Carnivore,,No,Invertivore
AVIBASE-DF425A48,18.16667,,,1000.0,Grassland,Omnivore,,No,Omnivore
AVIBASE-7187B6CF,30.25,0.0,500.0,500.0,Rock,Omnivore,DM,No,Omnivore
AVIBASE-51CF00C2,34.0,100.0,900.0,1000.0,Rock,Omnivore,DM,No,Omnivore
AVIBASE-715A8FDD,23.03333,0.0,500.0,500.0,Rock,Omnivore,,No,Omnivore
AVIBASE-63D1DCD1,22.5,0.0,500.0,500.0,Grassland,Carnivore,,No,Invertivore
AVIBASE-0BCEFC8F,,,,,Grassland,Carnivore,,No,Invertivore
AVIBASE-A860A9AA,19.875,,,500.0,Woodland,Carnivore,DM,No,Invertivore
AVIBASE-DEF58D26,16.5,,,200.0,Grassland,Herbivore,DM,No,Granivore
AVIBASE-7157DFC1,23.6,0.0,500.0,500.0,Shrubland,Omnivore,"CP,DM",No,Omnivore
AVIBASE-C2A97FCD,21.9,,,,Shrubland,Carnivore,"CP,DM",No,Invertivore
AVIBASE-0E798C7D,21.0,,,1500.0,Shrubland,Omnivore,DM,No,Omnivore
AVIBASE-B6493526,21.25,100.0,451.0,551.0,Grassland,Omnivore,,No,Omnivore
AVIBASE-FC002FE5,20.5,900.0,1600.0,2500.0,Forest,Herbivore,,No,Nectarivore
AVIBASE-1EF6616D,,2000.0,800.0,2800.0,Forest,Herbivore,,No,Nectarivore
AVIBASE-A542D690,12.75,0.0,1200.0,1200.0,Forest,Omnivore,CP,No,Omnivore
AVIBASE-C5ACCD75,9.8,0.0,1000.0,1000.0,Shrubland,Herbivore,CP,No,Nectarivore
AVIBASE-CA49E4FB,12.08333,0.0,850.0,850.0,Forest,Carnivore,,No,Invertivore
AVIBASE-D7B7F99D,33.95,3000.0,720.0,3720.0,Forest,Omnivore,CP,No,Omnivore
AVIBASE-957638DE,42.0,3000.0,800.0,3800.0,Forest,Omnivore,,No,Omnivore
AVIBASE-3AD81505,,3050.0,1450.0,4500.0,Forest,Omnivore,CP,No,Omnivore
AVIBASE-5B865C89,14.125,1000.0,1100.0,2100.0,Forest,Carnivore,,No,Invertivore
AVIBASE-C1665D2D,19.83333,1500.0,1300.0,2800.0,Forest,Carnivore,,No,Invertivore
AVIBASE-6A3D1D01,21.25,1200.0,1600.0,2800.0,Forest,Carnivore,,No,Invertivore
AVIBASE-08196575,26.025,1340.0,2160.0,3500.0,Forest,Carnivore,,No,Invertivore
AVIBASE-44C4C8B5,30.0,1200.0,950.0,2150.0,Forest,Carnivore,,No,Invertivore
AVIBASE-93334974,25.86667,1300.0,2450.0,3750.0,Forest,Carnivore,CP,No,Invertivore
AVIBASE-A35FBC5E,17.0,,,,Desert,Carnivore,CP,No,Invertivore
AVIBASE-6A8D3C1E,11.5,0.0,1000.0,1000.0,Shrubland,Carnivore,CP,No,Invertivore
AVIBASE-484BD738,10.75,0.0,1000.0,1000.0,Shrubland,Carnivore,CP,No,Invertivore
AVIBASE-AC1DDE03,9.0,0.0,1000.0,1000.0,Wetland,Carnivore,CP,No,Invertivore
AVIBASE-54C1FDE5,14.0,0.0,1000.0,1000.0,Wetland,Carnivore,CP,No,Invertivore
AVIBASE-0C7BD256,24.7,700.0,1250.0,1950.0,Forest,Carnivore,CP,No,Invertivore
AVIBASE-F2B72743,11.45,0.0,600.0,600.0,Forest,Carnivore,"CP,PN",No,Invertivore
AVIBASE-D06D4369,10.95,0.0,1000.0,1000.0,Woodland,Carnivore,PN,No,Invertivore
AVIBASE-DA492C3A,9.28333,0.0,1000.0,1000.0,Woodland,Carnivore,CP,No,Invertivore
AVIBASE-0ECD9105,12.75,0.0,,,Forest,Omnivore,DM,No,Omnivore
AVIBASE-8C34DEDF,11.35,0.0,600.0,600.0,Shrubland,Herbivore,DM,No,Nectarivore
AVIBASE-A8B48179,43.0,0.0,1500.0,1500.0,Forest,Omnivore,CP,No,Omnivore
AVIBASE-4BAD0A39,18.33333,1100.0,1350.0,2450.0,Forest,Carnivore,CP,No,Invertivore
AVIBASE-4A044286,35.68,0.0,800.0,800.0,Forest,Omnivore,,No,Omnivore
AVIBASE-36762A28,55.58333,1200.0,1500.0,2700.0,Forest,Herbivore,,No,Frugivore
AVIBASE-CD8CB4D4,56.36667,1400.0,2000.0,3400.0,Forest,Herbivore,CP,No,Frugivore
AVIBASE-44C8D624,56.0,1150.0,,,Forest,Herbivore,,No,Frugivore
AVIBASE-25F5A3A8,114.0,1200.0,2100.0,3300.0,Forest,Herbivore,,No,Frugivore
AVIBASE-174776FC,254.75,3200.0,300.0,3500.0,Forest,Herbivore,,No,Frugivore
AVIBASE-304DE3C6,16.0,0.0,1000.0,1000.0,Forest,Omnivore,CP,No,Omnivore
AVIBASE-40123D94,26.46667,450.0,800.0,1250.0,Forest,Omnivore,CP,No,Omnivore
AVIBASE-AD945C6E,17.425,0.0,1000.0,1000.0,Shrubland,Herbivore,CP,No,Nectarivore
AVIBASE-8B89A812,29.0,0.0,1200.0,1200.0,Forest,Herbivore,,No,Frugivore
AVIBASE-86C258A6,42.825,1000.0,1000.0,2000.0,Forest,Omnivore,,No,Omnivore
AVIBASE-92C84F5F,38.5,0.0,500.0,500.0,Forest,Omnivore,CP,No,Omnivore
AVIBASE-D6C393EC,26.75,0.0,1000.0,1000.0,Shrubland,Herbivore,CP,No,Nectarivore
AVIBASE-0A0D3BB9,135.5,0.0,1500.0,1500.0,Forest,Herbivore,HC,No,Nectarivore
AVIBASE-73A0AA07,27.625,0.0,1220.0,1220.0,Forest,Herbivore,,No,Nectarivore
AVIBASE-9AA8B692,,,,,Forest,Herbivore,CP,No,Omnivore
AVIBASE-685B4E33,15.25,800.0,1340.0,2140.0,Forest,Herbivore,,No,Nectarivore
AVIBASE-772E19B8,10.25,0.0,1000.0,1000.0,Shrubland,Herbivore,HC,No,Nectarivore
AVIBASE-16F618F3,54.0,0.0,2130.0,2130.0,Forest,Omnivore,,No,Omnivore
AVIBASE-2C4F7BFE,45.5,1300.0,440.0,1740.0,Forest,Herbivore,,No,Nectarivore
AVIBASE-5D40476F,14.63333,600.0,100.0,700.0,Forest,Herbivore,,No,Nectarivore
AVIBASE-04AEB6A1,14.65,0.0,500.0,500.0,Forest,Herbivore,,No,Nectarivore
AVIBASE-E98DDFE9,13.9,0.0,1200.0,1200.0,Forest,Herbivore,CP,No,Nectarivore
AVIBASE-AE5588B1,14.0,0.0,600.0,600.0,Forest,Herbivore,CP,No,Nectarivore
AVIBASE-9A3DA80E,,0.0,1200.0,1200.0,Forest,Herbivore,,No,Nectarivore
AVIBASE-F1708B0F,,0.0,1210.0,1210.0,Forest,Herbivore,,No,Nectarivore
AVIBASE-5E3027B3,,0.0,500.0,500.0,Forest,Herbivore,,No,Nectarivore
AVIBASE-94C17280,12.55,0.0,800.0,800.0,Forest,Herbivore,CP,No,Nectarivore
AVIBASE-C91CA2B0,8.375,600.0,1052.0,1652.0,Forest,Herbivore,,No,Nectarivore
AVIBASE-67493A7E,,0.0,1175.0,1175.0,Forest,Herbivore,,No,Nectarivore
AVIBASE-F862BDE9,9.15,500.0,500.0,1000.0,Forest,Herbivore,,No,Nectarivore
AVIBASE-95FB462E,10.25,500.0,1340.0,1840.0,Forest,Herbivore,,No,Nectarivore
AVIBASE-3BFB057A,,0.0,1000.0,1000.0,Shrubland,Herbivore,,No,Nectarivore
AVIBASE-D3CD36A4,,1000.0,270.0,1270.0,Woodland,Herbivore,,No,Nectarivore
AVIBASE-CEE16E70,8.35,0.0,800.0,800.0,Coastal,Herbivore,CP,No,Nectarivore
AVIBASE-05676767,32.0,0.0,930.0,930.0,Forest,Herbivore,,No,Nectarivore
AVIBASE-50976CA4,32.3,0.0,,,Forest,Herbivore,,No,Nectarivore
AVIBASE-D3DF1777,7.46667,1150.0,850.0,2000.0,Forest,Herbivore,CP,No,Nectarivore
AVIBASE-C0A2527C,,0.0,850.0,850.0,Forest,Herbivore,,No,Nectarivore
AVIBASE-ED10A266,8.0,800.0,500.0,1300.0,Forest,Herbivore,,No,Omnivore
AVIBASE-C319AD43,,700.0,1700.0,2400.0,Forest,Herbivore,,No,Nectarivore
AVIBASE-DA741383,,1500.0,700.0,2200.0,Forest,Herbivore,,No,Nectarivore
AVIBASE-F2E93F72,8.0,700.0,700.0,1400.0,Forest,Herbivore,,No,Nectarivore
AVIBASE-F3E41C51,8.625,0.0,2400.0,2400.0,Forest,Herbivore,CP,No,Nectarivore
AVIBASE-E1E72499,7.3,0.0,1000.0,1000.0,Forest,Herbivore,CP,No,Nectarivore
AVIBASE-688F95A5,15.625,0.0,1250.0,1250.0,Forest,Herbivore,CP,No,Nectarivore
AVIBASE-688F95A5,12.85,0.0,,,Forest,Herbivore,CP,No,Nectarivore
AVIBASE-B2E92A37,,0.0,500.0,500.0,Forest,Herbivore,,No,Nectarivore
AVIBASE-45B5DE59,13.74,0.0,800.0,800.0,Forest,Herbivore,CP,No,Nectarivore
AVIBASE-96BC41B0,10.8,0.0,1830.0,1830.0,Forest,Herbivore,CP,No,Nectarivore
AVIBASE-9FC95619,15.53333,0.0,1300.0,1300.0,Forest,Herbivore,CP,No,Nectarivore
AVIBASE-C9057362,11.75,0.0,2000.0,2000.0,Forest,Herbivore,,No,Nectarivore
AVIBASE-4F526489,12.825,0.0,1500.0,1500.0,Forest,Herbivore,,No,Nectarivore
AVIBASE-1CBF7214,13.25,0.0,2000.0,2000.0,Forest,Herbivore,,No,Nectarivore
AVIBASE-1F443304,11.875,0.0,1550.0,1550.0,Forest,Herbivore,,No,Nectarivore
AVIBASE-03719E48,13.625,700.0,200.0,900.0,Forest,Herbivore,CP,No,Nectarivore
AVIBASE-4A7C2DE5,8.75,30.0,1280.0,1310.0,Forest,Herbivore,CP,No,Nectarivore
AVIBASE-A47273BD,7.5,0.0,900.0,900.0,Forest,Herbivore,CP,No,Nectarivore
AVIBASE-B14D404B,6.9,0.0,1300.0,1300.0,Forest,Herbivore,,No,Nectarivore
AVIBASE-75B19C28,10.425,1200.0,2500.0,3700.0,Forest,Herbivore,CP,No,Nectarivore
AVIBASE-5F44043D,11.0,1000.0,1750.0,2750.0,Forest,Herbivore,,No,Nectarivore
AVIBASE-E6D08CA4,52.6,0.0,1200.0,1200.0,Forest,Herbivore,,No,Omnivore
AVIBASE-35B1D549,,50.0,225.0,275.0,Riverine,Omnivore,,No,Omnivore
AVIBASE-A8A2AE86,64.75,0.0,900.0,900.0,Forest,Omnivore,CP,No,Omnivore
AVIBASE-372AFBF8,,,,,Shrubland,Omnivore,,No,Omnivore
AVIBASE-2F4D34AB,,0.0,2400.0,2400.0,Forest,Omnivore,,No,Omnivore
AVIBASE-FAAC2F6A,,0.0,510.0,510.0,Forest,Omnivore,,No,Omnivore
AVIBASE-479CACC3,197.5,0.0,1100.0,1100.0,Forest,Omnivore,,No,Omnivore
AVIBASE-FDBFA772,140.0,0.0,1760.0,1760.0,Forest,Omnivore,,No,Omnivore
AVIBASE-BB8D13A9,,0.0,250.0,250.0,Woodland,Omnivore,,No,Omnivore
AVIBASE-9EDE54C8,125.16667,0.0,1200.0,1200.0,Forest,Herbivore,CP,No,Omnivore
AVIBASE-8B30AF0C,153.0,0.0,1600.0,1600.0,Forest,Omnivore,CP,No,Omnivore
AVIBASE-92F2C662,96.33333,900.0,1300.0,2200.0,Forest,Omnivore,,No,Omnivore
AVIBASE-DAD1050F,201.0,0.0,700.0,700.0,Forest,Herbivore,CP,No,Nectarivore
AVIBASE-54042625,80.875,0.0,1000.0,1000.0,Forest,Herbivore,CP,No,Nectarivore
AVIBASE-6AD860B6,108.75,0.0,1000.0,1000.0,Forest,Omnivore,CP,No,Omnivore
AVIBASE-44D2690A,67.125,0.0,1000.0,1000.0,Forest,Omnivore,CP,No,Omnivore
AVIBASE-88DFFB3B,20.78333,0.0,1500.0,1500.0,Forest,Carnivore,,No,Invertivore
AVIBASE-AA3EB700,31.375,0.0,1100.0,1100.0,Forest,Omnivore,CP,No,Omnivore
AVIBASE-4F0E8694,40.5,0.0,1500.0,1500.0,Forest,Carnivore,CP,No,Invertivore
AVIBASE-37E7828E,39.75,0.0,1000.0,1000.0,Forest,Omnivore,CP,No,Omnivore
AVIBASE-56DDD096,21.75,0.0,1000.0,1000.0,Woodland,Herbivore,CP,No,Omnivore
AVIBASE-853F2E95,14.875,0.0,1000.0,1000.0,Forest,Herbivore,CP,No,Nectarivore
AVIBASE-220D80CB,17.5,0.0,1000.0,1000.0,Forest,Omnivore,CP,No,Omnivore
AVIBASE-DF9A1A25,18.5,0.0,1000.0,1000.0,Shrubland,Herbivore,CP,No,Nectarivore
AVIBASE-F7513719,18.625,0.0,1000.0,1000.0,Shrubland,Herbivore,CP,No,Nectarivore
AVIBASE-03880005,13.0,0.0,500.0,500.0,Coastal,Herbivore,,No,Nectarivore
AVIBASE-5B8A3CD6,11.56667,0.0,2600.0,2600.0,Woodland,Herbivore,CP,No,Nectarivore
AVIBASE-80F7A230,12.75,0.0,1000.0,1000.0,Forest,Herbivore,CP,No,Nectarivore
AVIBASE-68C2B245,14.875,0.0,,,Shrubland,Herbivore,CP,No,Nectarivore
AVIBASE-B5BB0FC3,14.0,0.0,500.0,500.0,Forest,Herbivore,,No,Nectarivore
AVIBASE-D5D7DA7E,16.75,1240.0,820.0,2060.0,Forest,Herbivore,,No,Nectarivore
AVIBASE-9810164E,,1200.0,1300.0,2500.0,Forest,Herbivore,,No,Nectarivore
AVIBASE-0D8B8C68,14.2,500.0,500.0,1000.0,Forest,Herbivore,,No,Nectarivore
AVIBASE-68F6A00C,11.5,0.0,239.0,239.0,Forest,Herbivore,,No,Nectarivore
AVIBASE-C86D00F0,10.1,0.0,1000.0,1000.0,Grassland,Herbivore,CP,No,Nectarivore
AVIBASE-167A2A67,43.0,1450.0,115.0,1565.0,Forest,Omnivore,,No,Omnivore
AVIBASE-4E9FEF0B,68.375,450.0,450.0,900.0,Forest,Carnivore,,No,Invertivore
AVIBASE-483F2F46,49.4,460.0,570.0,1030.0,Forest,Omnivore,CP,No,Omnivore
AVIBASE-AF97F582,,80.0,1230.0,1310.0,Forest,Herbivore,CP,No,Nectarivore
AVIBASE-7E6D8746,106.0,760.0,740.0,1500.0,Forest,Herbivore,,No,Nectarivore
AVIBASE-4709E1AB,201.5,100.0,900.0,1000.0,Forest,Omnivore,CP,No,Omnivore
AVIBASE-A7119ADF,31.65,0.0,500.0,500.0,Forest,Herbivore,CP,No,Nectarivore
AVIBASE-62AE35E9,,420.0,640.0,1060.0,Forest,Herbivore,CP,No,Nectarivore
AVIBASE-FF3E7726,35.3,0.0,1450.0,1450.0,Forest,Omnivore,CP,No,Omnivore
AVIBASE-8E525496,31.2,0.0,500.0,500.0,Forest,Herbivore,CP,No,Nectarivore
AVIBASE-6897E78D,23.8,0.0,1300.0,1300.0,Shrubland,Carnivore,CP,No,Invertivore
AVIBASE-CAD27557,28.25,0.0,1000.0,1000.0,Forest,Carnivore,CP,No,Invertivore
AVIBASE-7B865192,102.05,0.0,850.0,850.0,Forest,Omnivore,CP,No,Omnivore
AVIBASE-E343084A,114.6,0.0,850.0,850.0,Woodland,Omnivore,CP,No,Omnivore
AVIBASE-8D322DD1,20.91667,0.0,1000.0,1000.0,Forest,Omnivore,CP,No,Omnivore
AVIBASE-052A0710,17.825,,,,Woodland,Herbivore,CP,No,Nectarivore
AVIBASE-4464B512,25.0,0.0,1240.0,1240.0,Forest,Carnivore,CP,No,Invertivore
AVIBASE-08DADC05,14.66667,0.0,,,Forest,Carnivore,CP,No,Invertivore
AVIBASE-650D1F07,12.25,0.0,450.0,450.0,Forest,Carnivore,CP,No,Invertivore
AVIBASE-E4C4AC31,15.75,0.0,1000.0,1000.0,Forest,Carnivore,"CP,PN",No,Invertivore
AVIBASE-8D2780B9,15.5,,,,Forest,Carnivore,CP,No,Invertivore
AVIBASE-C976BB55,15.38333,0.0,1000.0,1000.0,Forest,Carnivore,CP,No,Invertivore
AVIBASE-EC322B71,31.55,0.0,1000.0,1000.0,Forest,Herbivore,CP,No,Omnivore
AVIBASE-64829846,22.63333,0.0,1100.0,1100.0,Forest,Herbivore,HC,No,Nectarivore
AVIBASE-8E164E0F,25.375,0.0,1250.0,1250.0,Forest,Herbivore,CP,No,Frugivore
AVIBASE-80CAC2CD,26.75,0.0,600.0,600.0,Forest,Herbivore,CP,No,Nectarivore
AVIBASE-1EDA991A,36.125,0.0,1000.0,1000.0,Forest,Herbivore,CP,No,Frugivore
AVIBASE-D1C0ED04,17.0,0.0,1000.0,1000.0,Shrubland,Herbivore,CP,No,Nectarivore
AVIBASE-6409E246,28.1,0.0,1000.0,1000.0,Forest,Omnivore,CP,No,Omnivore
AVIBASE-D2F157E4,18.8,0.0,1000.0,1000.0,Woodland,Omnivore,CP,No,Omnivore
AVIBASE-AAD953A6,27.0,150.0,1000.0,1150.0,Forest,Omnivore,CP,No,Omnivore
AVIBASE-0C6603A9,28.0,400.0,1100.0,1500.0,Forest,Omnivore,,No,Omnivore
AVIBASE-65A09B9A,17.725,550.0,1550.0,2100.0,Forest,Omnivore,CP,No,Omnivore
AVIBASE-880E4134,26.64,0.0,1950.0,1950.0,Shrubland,Omnivore,CP,No,Omnivore
AVIBASE-52387582,22.95,0.0,1250.0,1250.0,Forest,Omnivore,,No,Omnivore
AVIBASE-7623A65D,26.15,0.0,800.0,800.0,Forest,Omnivore,,No,Omnivore
AVIBASE-6E7A4CBC,15.0,0.0,500.0,500.0,Shrubland,Omnivore,CP,No,Omnivore
AVIBASE-430D8437,15.35,0.0,500.0,500.0,Forest,Omnivore,CP,No,Omnivore
AVIBASE-F8934B3A,22.0,0.0,600.0,600.0,Forest,Omnivore,CP,No,Omnivore
AVIBASE-2600BE0B,19.5,0.0,1400.0,1400.0,Forest,Omnivore,,No,Omnivore
AVIBASE-EAB820A0,23.675,0.0,1000.0,1000.0,Forest,Omnivore,CP,No,Omnivore
AVIBASE-ABCF8D10,25.925,,,,Rock,Omnivore,,No,Omnivore
AVIBASE-A8FF305A,,0.0,1300.0,1300.0,Forest,Omnivore,,No,Omnivore
AVIBASE-3C570F2E,33.0,0.0,700.0,700.0,Coastal,Omnivore,"CP,HC",No,Omnivore
AVIBASE-EEC32D82,27.25,0.0,,,Coastal,Omnivore,CP,No,Omnivore
AVIBASE-ADF91F60,27.48,0.0,1000.0,1000.0,Shrubland,Carnivore,CP,No,Invertivore
AVIBASE-680E7394,69.5,3250.0,750.0,4000.0,Forest,Omnivore,CP,No,Omnivore
AVIBASE-479EEC16,13.25,0.0,450.0,450.0,Forest,Herbivore,CP,No,Nectarivore
AVIBASE-34CC9FA8,17.875,0.0,1000.0,1000.0,Forest,Carnivore,CP,No,Invertivore
AVIBASE-BEA249CC,14.875,0.0,1000.0,1000.0,Woodland,Carnivore,CP,No,Invertivore
AVIBASE-699EC869,18.33333,0.0,1000.0,1000.0,Woodland,Omnivore,CP,No,Omnivore
AVIBASE-E03A81FF,17.4,0.0,1000.0,1000.0,Woodland,Omnivore,CP,No,Omnivore
AVIBASE-CE7BDFB9,18.225,0.0,1000.0,1000.0,Forest,Carnivore,CP,No,Invertivore
AVIBASE-C6170551,16.36667,0.0,1000.0,1000.0,Forest,Herbivore,CP,No,Omnivore
AVIBASE-E2D03884,30.0,1350.0,2350.0,3700.0,Forest,Omnivore,,No,Omnivore
AVIBASE-0A127E98,26.32,200.0,900.0,1100.0,Forest,Omnivore,CP,No,Omnivore
AVIBASE-04A7ABB7,69.5,0.0,1000.0,1000.0,Shrubland,Herbivore,"CP,DM,HC",No,Nectarivore
AVIBASE-629C5612,62.58333,0.0,500.0,500.0,Forest,Herbivore,HC,No,Nectarivore
AVIBASE-F8C0016A,111.25,0.0,1900.0,1900.0,Forest,Herbivore,"CP,HC",No,Nectarivore
AVIBASE-3A72B910,172.25,0.0,1000.0,1000.0,Forest,Herbivore,CP,No,Nectarivore
AVIBASE-1C525B4A,41.125,0.0,1000.0,1000.0,Forest,Herbivore,CP,No,Nectarivore
AVIBASE-BFB1C22E,51.75,0.0,1000.0,1000.0,Shrubland,Omnivore,CP,No,Omnivore
AVIBASE-565AF493,34.9,600.0,900.0,1500.0,Forest,Omnivore,CP,No,Omnivore
AVIBASE-A2F32028,22.975,900.0,,,Forest,Herbivore,CP,No,Nectarivore
AVIBASE-3C5F6124,57.25,1100.0,900.0,2000.0,Forest,Omnivore,,No,Omnivore
AVIBASE-2742D234,75.75,900.0,900.0,1800.0,Forest,Omnivore,,No,Omnivore
AVIBASE-B0C5E33C,73.8,1280.0,1170.0,2450.0,Forest,Omnivore,CP,No,Omnivore
AVIBASE-9C7768D1,85.0,1600.0,2100.0,3700.0,Forest,Omnivore,,No,Omnivore
AVIBASE-4EB37F7A,67.8,1600.0,2400.0,4000.0,Forest,Omnivore,CP,No,Omnivore
AVIBASE-F945FBE3,43.6,900.0,1300.0,2200.0,Forest,Carnivore,CP,No,Invertivore
AVIBASE-7E6D62E4,31.8,0.0,1000.0,1000.0,Forest,Carnivore,CP,No,Invertivore
AVIBASE-585D688F,66.65,0.0,1200.0,1200.0,Woodland,Omnivore,CP,No,Omnivore
AVIBASE-A2D30980,63.3,0.0,1000.0,1000.0,Woodland,Carnivore,CP,No,Invertivore
AVIBASE-7661D9F4,53.125,0.0,85.0,85.0,Woodland,Carnivore,,No,Invertivore
AVIBASE-68FB5B90,40.0,0.0,1160.0,1160.0,Forest,Carnivore,DM,No,Invertivore
AVIBASE-8710A7E5,34.0,0.0,50.0,50.0,Shrubland,Carnivore,DM,No,Invertivore
AVIBASE-CA9DB79D,68.0,0.0,200.0,200.0,Shrubland,Carnivore,DM,No,Invertivore
AVIBASE-54C12F34,10.06667,0.0,2000.0,2000.0,Forest,Carnivore,DM,No,Invertivore
AVIBASE-EAB686DF,11.0,0.0,1000.0,1000.0,Forest,Carnivore,DM,No,Invertivore
AVIBASE-83FCEF52,12.0,0.0,1000.0,1000.0,Shrubland,Carnivore,CP,No,Invertivore
AVIBASE-747BFF64,12.1,0.0,2000.0,2000.0,Forest,Carnivore,"CP,DM",No,Invertivore
AVIBASE-082CFCAE,15.75,800.0,850.0,1650.0,Forest,Carnivore,SP,No,Invertivore
AVIBASE-A902336F,18.2,450.0,1050.0,1500.0,Forest,Carnivore,DM,No,Invertivore
AVIBASE-F16E99A0,32.0,0.0,1500.0,1500.0,Shrubland,Carnivore,DM,No,Invertivore
AVIBASE-AFAD2F60,14.0,0.0,500.0,500.0,Woodland,Carnivore,DM,No,Invertivore
AVIBASE-A68B1787,13.22,0.0,1000.0,1000.0,Woodland,Carnivore,DM,No,Invertivore
AVIBASE-6F9A44BC,15.45,0.0,500.0,500.0,Shrubland,Carnivore,DM,No,Invertivore
AVIBASE-61C34487,16.5,0.0,1200.0,1200.0,Shrubland,Carnivore,DM,No,Invertivore
AVIBASE-4F4CA5E6,22.5,0.0,1000.0,1000.0,Shrubland,Carnivore,SP,No,Invertivore
AVIBASE-92A779D7,14.75,0.0,1200.0,1200.0,Shrubland,Carnivore,DM,No,Invertivore
AVIBASE-550BF21D,14.0,0.0,,,Shrubland,Carnivore,DM,No,Invertivore
AVIBASE-4568006A,5.26667,0.0,1200.0,1200.0,Woodland,Carnivore,PN,No,Invertivore
AVIBASE-D51A7B9A,18.25,0.0,1300.0,1300.0,Forest,Carnivore,PN,No,Invertivore
AVIBASE-34819139,17.1,1250.0,2430.0,3680.0,Forest,Carnivore,DM,No,Invertivore
AVIBASE-C53C2B2E,14.66667,460.0,1240.0,1700.0,Forest,Carnivore,DM,No,Invertivore
AVIBASE-C2591EC1,14.36,0.0,500.0,500.0,Rock,Carnivore,PN,No,Invertivore
AVIBASE-C9FE7134,17.86667,0.0,800.0,800.0,Forest,Carnivore,DM,No,Invertivore
AVIBASE-3E73B907,12.88,0.0,1830.0,1830.0,Shrubland,Carnivore,DM,No,Invertivore
AVIBASE-56DB5D90,14.0,0.0,1830.0,1830.0,Forest,Carnivore,DM,No,Invertivore
AVIBASE-C3631CAD,11.38,600.0,1000.0,1600.0,Forest,Carnivore,DM,No,Invertivore
AVIBASE-E2E76345,12.46667,600.0,920.0,1520.0,Forest,Carnivore,DM,No,Invertivore
AVIBASE-6ECFB133,9.975,0.0,1200.0,1200.0,Forest,Carnivore,DM,No,Invertivore
AVIBASE-51050D5A,14.88,600.0,2900.0,3500.0,Forest,Carnivore,DM,No,Invertivore
AVIBASE-B4FFDAC9,11.73333,200.0,1000.0,1200.0,Forest,Carnivore,,No,Invertivore
AVIBASE-FA91B53C,15.9,1220.0,1280.0,2500.0,Forest,Carnivore,DM,No,Invertivore
AVIBASE-F4F588DC,8.5,1300.0,500.0,1800.0,Forest,Carnivore,,No,Invertivore
AVIBASE-89E5A8A0,8.73333,1500.0,950.0,2450.0,Forest,Carnivore,PN,No,Invertivore
AVIBASE-52B8B755,8.5,1200.0,200.0,1400.0,Forest,Carnivore,,No,Invertivore
AVIBASE-25F21608,11.5,2000.0,1500.0,3500.0,Forest,Carnivore,PN,No,Invertivore
AVIBASE-69825DA0,10.08,0.0,1000.0,1000.0,Forest,Carnivore,SP,No,Invertivore
AVIBASE-AAEA810D,12.0,0.0,1100.0,1100.0,Woodland,Carnivore,DM,No,Invertivore
AVIBASE-F755440B,10.5,0.0,500.0,500.0,Shrubland,Carnivore,SP,No,Invertivore
AVIBASE-49305FE9,9.0,0.0,380.0,380.0,Shrubland,Omnivore,SP,No,Omnivore
AVIBASE-B1B0E343,9.03333,0.0,800.0,800.0,Woodland,Carnivore,DM,No,Invertivore
AVIBASE-BCF9128E,7.66667,2000.0,800.0,2800.0,Forest,Carnivore,,No,Invertivore
AVIBASE-87E8A565,8.4,2500.0,1200.0,3700.0,Forest,Carnivore,DM,No,Invertivore
AVIBASE-D6D77AFA,6.03333,0.0,1000.0,1000.0,Shrubland,Carnivore,SP,No,Invertivore
AVIBASE-D0A0845A,7.16667,0.0,1500.0,1500.0,Forest,Carnivore,DM,No,Invertivore
AVIBASE-4413633D,7.33333,0.0,1000.0,1000.0,Woodland,Carnivore,"DM,PN",No,Invertivore
AVIBASE-14B92847,8.66667,0.0,1000.0,1000.0,Forest,Carnivore,PN,No,Invertivore
AVIBASE-E60E9E28,6.66667,450.0,1150.0,1600.0,Forest,Carnivore,DM,No,Invertivore
AVIBASE-8F6C8E9E,7.73333,0.0,1200.0,1200.0,Shrubland,Carnivore,DM,No,Invertivore
AVIBASE-4D64891A,6.03333,0.0,500.0,500.0,Woodland,Carnivore,SP,No,Invertivore
AVIBASE-D6ACB361,5.7,0.0,500.0,500.0,Shrubland,Carnivore,SP,No,Invertivore
AVIBASE-27F7E242,6.05,0.0,500.0,500.0,Woodland,Carnivore,DM,No,Invertivore
AVIBASE-6601168A,6.9,0.0,500.0,500.0,Woodland,Carnivore,DM,No,Invertivore
AVIBASE-7B1144C8,7.66667,0.0,1500.0,1500.0,Forest,Carnivore,DM,No,Invertivore
AVIBASE-FFBDC7E3,7.5,0.0,650.0,650.0,Forest,Carnivore,PN,No,Invertivore
AVIBASE-8A475492,6.05,0.0,1200.0,1200.0,Forest,Carnivore,PN,No,Invertivore
AVIBASE-7C18F120,6.5,0.0,1500.0,1500.0,Forest,Carnivore,PN,No,Invertivore
AVIBASE-B0902BCC,7.45,0.0,1460.0,1460.0,Forest,Carnivore,PN,No,Invertivore
AVIBASE-05E1D079,7.13333,0.0,1200.0,1200.0,Forest,Carnivore,PN,No,Invertivore
AVIBASE-0FB52CEA,7.0,0.0,600.0,600.0,Forest,Carnivore,,No,Invertivore
AVIBASE-E2D8E671,,0.0,2500.0,2500.0,Forest,Carnivore,,No,Invertivore
AVIBASE-53C9D4ED,,0.0,850.0,850.0,Forest,Carnivore,,No,Invertivore
AVIBASE-4744C788,7.23333,0.0,650.0,650.0,Woodland,Carnivore,PN,No,Invertivore
AVIBASE-FE1D1405,5.65,0.0,2300.0,2300.0,Coastal,Carnivore,PN,No,Invertivore
AVIBASE-36A21852,7.9,0.0,200.0,200.0,Coastal,Carnivore,PN,No,Invertivore
AVIBASE-5B6A8CD5,6.0,0.0,1600.0,1600.0,Forest,Carnivore,PN,No,Invertivore
AVIBASE-72D0BE6E,7.5,0.0,150.0,150.0,Forest,Carnivore,,No,Invertivore
AVIBASE-1B655B31,7.25,0.0,,,Coastal,Carnivore,PN,No,Invertivore
AVIBASE-0EF82B71,5.86667,0.0,850.0,850.0,Woodland,Carnivore,PN,No,Invertivore
AVIBASE-C1F1EBF7,7.0,1100.0,2200.0,3300.0,Forest,Carnivore,PN,No,Invertivore
AVIBASE-D7A97007,,,,,Forest,Carnivore,,No,Invertivore
AVIBASE-EECB2AB2,7.85,0.0,300.0,300.0,Forest,Carnivore,PN,No,Invertivore
AVIBASE-C3D7DC15,6.5,0.0,1500.0,1500.0,Shrubland,Carnivore,SP,No,Invertivore
AVIBASE-15E26A63,10.475,0.0,200.0,200.0,Forest,Carnivore,PN,No,Invertivore
AVIBASE-4618793F,59.66667,0.0,300.0,300.0,Forest,Carnivore,PN,No,Invertivore
AVIBASE-B783AA95,72.5,0.0,1000.0,1000.0,Woodland,Carnivore,DM,No,Invertivore
AVIBASE-EAE93DF4,39.5,,,,Shrubland,Carnivore,DM,No,Invertivore
AVIBASE-F21DB41D,38.33333,0.0,500.0,500.0,Forest,Carnivore,DM,No,Invertivore
AVIBASE-3931158F,57.5,,,,Shrubland,Carnivore,DM,No,Invertivore
AVIBASE-47D76046,58.25,1980.0,860.0,2840.0,Forest,Carnivore,DM,No,Invertivore
AVIBASE-C6BB3E17,59.25,0.0,3450.0,3450.0,Forest,Carnivore,DM,No,Invertivore
AVIBASE-A738F49A,156.5,450.0,1050.0,1500.0,Forest,Carnivore,DM,No,Invertivore
AVIBASE-C7F446FC,84.0,2000.0,400.0,2400.0,Forest,Herbivore,"DM,SP",No,Frugivore
AVIBASE-BB600C12,104.5,2600.0,900.0,3500.0,Forest,Herbivore,SP,No,Frugivore
AVIBASE-1C650121,104.5,2600.0,900.0,3500.0,Forest,Herbivore,SP,No,Frugivore
AVIBASE-1ED4FB4F,65.5,1200.0,800.0,2000.0,Forest,Herbivore,,No,Frugivore
AVIBASE-30AA9CB6,11.5,640.0,460.0,1100.0,Forest,Herbivore,,No,Frugivore
AVIBASE-9ABE8154,13.25,700.0,1400.0,2100.0,Forest,Herbivore,CP,No,Frugivore
AVIBASE-98A83626,13.64,0.0,1200.0,1200.0,Forest,Herbivore,CP,No,Frugivore
AVIBASE-DE3D9993,13.675,1700.0,900.0,2600.0,Forest,Herbivore,CP,No,Frugivore
AVIBASE-4695BA79,17.95,1150.0,1150.0,2300.0,Forest,Herbivore,CP,No,Frugivore
AVIBASE-756BA63D,10.45,900.0,600.0,1500.0,Forest,Herbivore,,No,Frugivore
AVIBASE-2D12BAFB,15.0,1150.0,1150.0,2300.0,Forest,Herbivore,,No,Frugivore
AVIBASE-23BC4AD7,15.0,1150.0,1150.0,2300.0,Forest,Herbivore,,No,Frugivore
AVIBASE-9861C51E,6.0,0.0,1200.0,1200.0,Forest,Omnivore,CP,No,Omnivore
AVIBASE-18A38979,5.46667,0.0,800.0,800.0,Forest,Carnivore,,No,Invertivore
AVIBASE-B6FE975F,11.4,0.0,1200.0,1200.0,Forest,Carnivore,,No,Invertivore
AVIBASE-8A30D607,12.43333,500.0,1500.0,2000.0,Forest,Carnivore,CP,No,Invertivore
AVIBASE-7343F8F3,19.84,2200.0,600.0,2800.0,Forest,Herbivore,CP,No,Frugivore
AVIBASE-9F080815,53.0,2500.0,1600.0,4100.0,Forest,Herbivore,CP,No,Frugivore
AVIBASE-42023AF5,42.58333,2450.0,1650.0,4100.0,Forest,Herbivore,CP,No,Frugivore
AVIBASE-ED48C659,225.25,0.0,900.0,900.0,Forest,Herbivore,CP,No,Herbivore terrestrial
AVIBASE-E35FC5B7,225.0,0.0,600.0,600.0,Forest,Herbivore,CP,No,Herbivore terrestrial
AVIBASE-431D32F7,76.25,0.0,700.0,700.0,Forest,Carnivore,CV,No,Invertivore
AVIBASE-FED78DF7,78.58333,0.0,152.0,152.0,Forest,Carnivore,CP,No,Invertivore
AVIBASE-7C2EB5FF,353.0,,,,Forest,Carnivore,,No,Invertivore
AVIBASE-8A8E833D,63.0,0.0,300.0,300.0,Forest,Herbivore,CP,No,Omnivore
AVIBASE-BF6F8B8D,30.5,1400.0,1400.0,2800.0,Forest,Carnivore,,No,Invertivore
AVIBASE-79107CE6,68.25,0.0,1500.0,1500.0,Forest,Carnivore,CP,No,Invertivore
AVIBASE-D57E208D,44.7,0.0,500.0,500.0,Shrubland,Carnivore,CP,No,Invertivore
AVIBASE-8D83C373,38.56667,,,,Shrubland,Carnivore,CP,No,Invertivore
AVIBASE-9FC806EE,38.5,0.0,500.0,500.0,Shrubland,Carnivore,CP,No,Invertivore
AVIBASE-219E9D2D,48.33333,1200.0,1500.0,2700.0,Forest,Carnivore,CP,No,Invertivore
AVIBASE-4A699D18,53.0,0.0,300.0,300.0,Forest,Carnivore,CP,No,Invertivore
AVIBASE-0993C4AE,,0.0,800.0,800.0,Forest,Carnivore,,No,Invertivore
AVIBASE-BF8E5A32,63.33333,300.0,1150.0,1450.0,Forest,Carnivore,CP,No,Invertivore
AVIBASE-07466471,108.25,0.0,2000.0,2000.0,Forest,Carnivore,,No,Invertivore
AVIBASE-602C7CA7,76.0,0.0,500.0,500.0,Woodland,Carnivore,CP,No,Invertivore
AVIBASE-CF9BA9D6,75.25,0.0,,,Woodland,Carnivore,CP,No,Invertivore
AVIBASE-BA3865DD,58.83333,,,,Shrubland,Carnivore,CP,No,Invertivore
AVIBASE-FD1E20FA,55.7,0.0,500.0,500.0,Grassland,Carnivore,CP,No,Invertivore
AVIBASE-476F7031,64.36667,,,,Shrubland,Carnivore,CP,No,Invertivore
AVIBASE-00945758,62.8,,,,Woodland,Carnivore,CP,No,Invertivore
AVIBASE-7D5425AD,,0.0,800.0,800.0,Forest,Carnivore,,No,Invertivore
AVIBASE-B8BAD214,12.16667,1340.0,1960.0,3300.0,Forest,Carnivore,,No,Invertivore
AVIBASE-5D9428D8,12.51667,,,2500.0,Forest,Carnivore,,No,Invertivore
AVIBASE-CDC8A3E6,9.83333,0.0,2300.0,2300.0,Forest,Carnivore,,No,Invertivore
AVIBASE-90A3BA20,12.26,300.0,1835.0,2135.0,Forest,Carnivore,,No,Invertivore
AVIBASE-ADB0C99F,12.55,540.0,1620.0,2160.0,Forest,Carnivore,,No,Invertivore
AVIBASE-F2A919A8,12.7,1150.0,1300.0,2450.0,Forest,Carnivore,CP,No,Invertivore
AVIBASE-DA2B7379,11.85,0.0,2250.0,2250.0,Forest,Carnivore,CP,No,Invertivore
AVIBASE-B9669030,12.03333,0.0,940.0,940.0,Forest,Carnivore,CP,No,Invertivore
AVIBASE-C5C38D98,10.0,0.0,3000.0,3000.0,Forest,Carnivore,CP,No,Invertivore
AVIBASE-66B40819,9.85,0.0,900.0,900.0,Shrubland,Carnivore,CP,No,Invertivore
AVIBASE-A6DFFC15,10.56667,0.0,2100.0,2100.0,Woodland,Carnivore,CP,No,Invertivore
AVIBASE-5A58B69A,10.33333,0.0,1550.0,1550.0,Forest,Carnivore,CP,No,Invertivore
AVIBASE-982B2C3A,10.16667,0.0,1000.0,1000.0,Grassland,Carnivore,CP,No,Invertivore
AVIBASE-90D0D245,11.65,0.0,1070.0,1070.0,Woodland,Carnivore,,No,Invertivore
AVIBASE-DF7C8FC5,11.15,,,3000.0,Forest,Carnivore,CP,No,Invertivore
AVIBASE-5C9DDB02,7.0,0.0,1200.0,1200.0,Shrubland,Carnivore,,No,Invertivore
AVIBASE-F254EE2D,9.9,0.0,847.0,847.0,Forest,Carnivore,CP,No,Invertivore
AVIBASE-43F4D13C,10.16667,0.0,800.0,800.0,Forest,Carnivore,,No,Invertivore
AVIBASE-45C905C5,,,,1300.0,Forest,Carnivore,,No,Invertivore
AVIBASE-8662B6A1,9.05,0.0,2500.0,2500.0,Forest,Carnivore,CP,No,Invertivore
AVIBASE-0718A157,9.15,0.0,1300.0,1300.0,Forest,Carnivore,CP,No,Invertivore
AVIBASE-7DF5859A,32.66667,0.0,1000.0,1000.0,Grassland,Carnivore,CP,No,Invertivore
AVIBASE-E366E35F,12.175,0.0,1100.0,1100.0,Forest,Carnivore,CP,No,Invertivore
AVIBASE-8D562259,14.5,0.0,1800.0,1800.0,Forest,Carnivore,CP,No,Invertivore
AVIBASE-DA3F921A,11.5,50.0,1440.0,1490.0,Forest,Carnivore,CP,No,Invertivore
AVIBASE-95172DDC,13.2,1700.0,750.0,2450.0,Forest,Carnivore,,No,Invertivore
AVIBASE-16935B44,14.3,0.0,3000.0,3000.0,Forest,Carnivore,CP,No,Invertivore
AVIBASE-E8A10389,12.15,0.0,375.0,375.0,Forest,Carnivore,,No,Invertivore
AVIBASE-E15225F1,14.5,0.0,3000.0,3000.0,Forest,Carnivore,CP,No,Invertivore
AVIBASE-3AB36AF8,11.24,0.0,2500.0,2500.0,Forest,Carnivore,CP,No,Invertivore
AVIBASE-3B66D504,12.0,700.0,1800.0,2500.0,Forest,Carnivore,CP,No,Invertivore
AVIBASE-5369EE11,11.75,200.0,1300.0,1500.0,Forest,Carnivore,CP,No,Invertivore
AVIBASE-8091726A,11.9,900.0,1050.0,1950.0,Forest,Carnivore,,No,Invertivore
AVIBASE-7DC78D7A,11.75,700.0,1600.0,2300.0,Forest,Carnivore,,No,Invertivore
AVIBASE-2714B2A7,77.08,0.0,1500.0,1500.0,Woodland,Carnivore,HC,No,Invertivore
AVIBASE-AE3EFAF9,84.0,1000.0,450.0,1450.0,Forest,Carnivore,,No,Invertivore
AVIBASE-641068BB,84.33333,0.0,1800.0,1800.0,Grassland,Carnivore,"HC,PL",No,Invertivore
AVIBASE-ADFACA26,90.5,100.0,2600.0,2700.0,Forest,Carnivore,CP,No,Invertivore
AVIBASE-5C543B0A,90.0,950.0,1350.0,2300.0,Forest,Carnivore,,No,Invertivore
AVIBASE-9941D6E1,,1300.0,800.0,2100.0,Forest,Carnivore,,No,Invertivore
AVIBASE-456567FF,,930.0,620.0,1550.0,Forest,Carnivore,,No,Invertivore
AVIBASE-3703187C,48.96667,400.0,2100.0,2500.0,Forest,Carnivore,,No,Invertivore
AVIBASE-5CE2F0DC,34.51667,0.0,2300.0,2300.0,Forest,Carnivore,"HC,PL",No,Invertivore
AVIBASE-89A9E67C,34.525,0.0,2300.0,2300.0,Forest,Carnivore,HC,No,Invertivore
AVIBASE-EF5EDE6D,26.5,,,2200.0,Forest,Carnivore,CP,No,Invertivore
AVIBASE-F3DCCA8F,26.58333,0.0,1500.0,1500.0,Forest,Carnivore,PL,No,Invertivore
AVIBASE-ACDC8DEE,36.22,550.0,1450.0,2000.0,Forest,Carnivore,PL,No,Invertivore
AVIBASE-0BC36521,37.18,1360.0,1990.0,3350.0,Shrubland,Carnivore,,No,Invertivore
AVIBASE-D194C523,63.26,0.0,2550.0,2550.0,Shrubland,Carnivore,CP,No,Invertivore
AVIBASE-8B8AC14A,50.66667,0.0,1300.0,1300.0,Grassland,Carnivore,"HC,PL",No,Invertivore
AVIBASE-7DCA1C1E,33.5,0.0,2150.0,2150.0,Wetland,Carnivore,CP,No,Invertivore
AVIBASE-4F9D43DE,36.38333,0.0,2250.0,2250.0,Shrubland,Carnivore,CP,No,Invertivore
AVIBASE-FA7A6D02,26.5,0.0,1200.0,1200.0,Shrubland,Carnivore,HC,No,Invertivore
AVIBASE-2507F6F4,47.575,0.0,1275.0,1275.0,Shrubland,Carnivore,HC,No,Invertivore
AVIBASE-022798AB,47.28333,0.0,3000.0,3000.0,Shrubland,Carnivore,HC,No,Invertivore
AVIBASE-DEE6CC4D,37.725,0.0,500.0,500.0,Forest,Carnivore,,No,Invertivore
AVIBASE-201E1243,34.33333,0.0,2500.0,2500.0,Forest,Carnivore,CP,No,Invertivore
AVIBASE-AFE5B0C4,29.33333,0.0,1000.0,1000.0,Shrubland,Carnivore,CP,No,Invertivore
AVIBASE-00855728,26.625,0.0,2200.0,2200.0,Woodland,Carnivore,CP,No,Invertivore
AVIBASE-7DE7F0ED,32.5,0.0,3000.0,3000.0,Grassland,Carnivore,CP,No,Invertivore
AVIBASE-706FEEB4,19.33333,0.0,1000.0,1000.0,Shrubland,Carnivore,CP,No,Invertivore
AVIBASE-3402C9BB,51.775,0.0,1400.0,1400.0,Forest,Carnivore,CP,No,Invertivore
AVIBASE-73E1A69A,42.03333,600.0,1600.0,2200.0,Forest,Carnivore,CP,No,Invertivore
AVIBASE-5E8D59E5,41.125,,,3385.0,Forest,Carnivore,CP,No,Invertivore
AVIBASE-6F6CFDE9,42.5,1600.0,300.0,1900.0,Forest,Carnivore,,No,Invertivore
AVIBASE-EA283BA8,46.56667,900.0,2100.0,3000.0,Forest,Carnivore,CP,No,Invertivore
AVIBASE-0868B50D,40.15,0.0,2000.0,2000.0,Woodland,Carnivore,CP,No,Invertivore
AVIBASE-5AF20251,41.5,0.0,2800.0,2800.0,Forest,Carnivore,CP,No,Invertivore
AVIBASE-EDE3A983,54.5,500.0,300.0,800.0,Forest,Carnivore,,No,Invertivore
AVIBASE-EB2CB5F5,,900.0,200.0,1100.0,Forest,Carnivore,,No,Invertivore
AVIBASE-C59DFD44,32.46667,0.0,1000.0,1000.0,Shrubland,Carnivore,,No,Invertivore
AVIBASE-E7DC526A,,0.0,,,Shrubland,Carnivore,,No,Invertivore
AVIBASE-07F940AA,54.95,0.0,3030.0,3030.0,Riverine,Carnivore,HC,No,Invertivore
AVIBASE-07F940AA,53.56667,0.0,3000.0,3000.0,Riverine,Carnivore,CP,No,Invertivore
AVIBASE-0133C47B,48.8,0.0,1800.0,1800.0,Forest,Carnivore,CP,No,Invertivore
AVIBASE-2849059D,52.03333,0.0,1000.0,1000.0,Woodland,Carnivore,CP,No,Invertivore
AVIBASE-1776533D,53.5,0.0,1000.0,1000.0,Shrubland,Carnivore,CP,No,Invertivore
AVIBASE-E294BEED,49.35,0.0,500.0,500.0,Woodland,Carnivore,CP,No,Invertivore
AVIBASE-5B3BD7A0,48.1,0.0,1000.0,1000.0,Grassland,Carnivore,CP,No,Invertivore
AVIBASE-1E5D636D,40.1,,,1600.0,Wetland,Carnivore,,No,Invertivore
AVIBASE-5E822C9C,49.0,,,1500.0,Shrubland,Carnivore,CP,No,Invertivore
AVIBASE-9B33F957,48.56667,0.0,1000.0,1000.0,Grassland,Carnivore,"CP,PL",No,Invertivore
AVIBASE-0D6B8ACA,43.41667,700.0,2200.0,2900.0,Forest,Carnivore,CP,No,Invertivore
AVIBASE-967545BC,21.66667,0.0,2120.0,2120.0,Woodland,Carnivore,CP,No,Invertivore
AVIBASE-A7DBA3E6,10.06667,0.0,1300.0,1300.0,Forest,Carnivore,CP,No,Invertivore
AVIBASE-7A20EBB0,11.96667,850.0,1900.0,2750.0,Forest,Carnivore,CP,No,Invertivore
AVIBASE-1C857735,16.3,0.0,2000.0,2000.0,Forest,Carnivore,CP,No,Invertivore
AVIBASE-0CAB08FA,16.75,0.0,100.0,100.0,Shrubland,Carnivore,,No,Invertivore
AVIBASE-CA9D7671,66.33333,0.0,1000.0,1000.0,Forest,Carnivore,CP,No,Invertivore
AVIBASE-68E5CE2D,55.5,0.0,1000.0,1000.0,Forest,Carnivore,CP,No,Invertivore
AVIBASE-FE3B4759,57.5,0.0,100.0,100.0,Shrubland,Carnivore,CP,No,Invertivore
AVIBASE-4DAB9A41,51.0,0.0,150.0,150.0,Forest,Carnivore,CP,No,Invertivore
AVIBASE-01877F66,63.25,0.0,2000.0,2000.0,Forest,Carnivore,CP,No,Invertivore
AVIBASE-3A343C0C,114.66667,0.0,900.0,900.0,Forest,Carnivore,CP,No,Invertivore
AVIBASE-C141B912,52.66667,0.0,1500.0,1500.0,Forest,Carnivore,CP,No,Invertivore
AVIBASE-AD014578,22.5,0.0,1000.0,1000.0,Forest,Carnivore,CP,No,Invertivore
AVIBASE-AF4CF9F8,,300.0,600.0,900.0,Woodland,Carnivore,,No,Invertivore
AVIBASE-FCBB03B8,22.2,0.0,1200.0,1200.0,Forest,Carnivore,CP,No,Invertivore
AVIBASE-6814C645,37.25,0.0,800.0,800.0,Forest,Carnivore,CP,No,Invertivore
AVIBASE-E5EC5D38,97.25,400.0,500.0,900.0,Forest,Carnivore,CP,No,Invertivore
AVIBASE-E4E68AA1,44.33333,0.0,1950.0,1950.0,Forest,Carnivore,CP,No,Invertivore
AVIBASE-667C4DAB,14.3,0.0,1000.0,1000.0,Forest,Carnivore,CP,No,Invertivore
AVIBASE-57F73C4A,12.64,800.0,400.0,1200.0,Forest,Carnivore,CP,No,Invertivore
AVIBASE-4C71BFD5,10.78333,0.0,2300.0,2300.0,Forest,Carnivore,CP,No,Invertivore
AVIBASE-E4B78086,8.0,0.0,100.0,100.0,Shrubland,Carnivore,CP,No,Invertivore
AVIBASE-B42659F8,12.7,300.0,500.0,800.0,Forest,Carnivore,,No,Invertivore
AVIBASE-7BB35115,12.65,0.0,1800.0,1800.0,Forest,Carnivore,,No,Invertivore
AVIBASE-9E483E48,24.78333,50.0,1575.0,1625.0,Forest,Carnivore,CP,No,Invertivore
AVIBASE-3996ECD0,35.68333,0.0,1800.0,1800.0,Grassland,Carnivore,CP,No,Invertivore
AVIBASE-1F2F7323,49.0,1200.0,1000.0,2200.0,Forest,Carnivore,CP,No,Invertivore
AVIBASE-523B438A,61.5,1400.0,1100.0,2500.0,Woodland,Carnivore,,No,Invertivore
AVIBASE-B1EF3E4F,50.71667,0.0,700.0,700.0,Forest,Carnivore,CP,No,Invertivore
AVIBASE-1B2AF453,46.16667,0.0,1450.0,1450.0,Forest,Carnivore,,No,Invertivore
AVIBASE-5B9EA71C,45.23333,0.0,1500.0,1500.0,Forest,Carnivore,CP,No,Invertivore
AVIBASE-A7E4E1E5,,100.0,800.0,900.0,Forest,Carnivore,,No,Invertivore
AVIBASE-E27EEDC5,30.5,0.0,1200.0,1200.0,Forest,Carnivore,CP,No,Invertivore
AVIBASE-B0066A99,9.16667,245.0,1855.0,2100.0,Shrubland,Carnivore,HC,No,Invertivore
AVIBASE-98B4A716,12.05,0.0,1100.0,1100.0,Forest,Carnivore,CP,No,Invertivore
AVIBASE-DA88E410,34.1,0.0,1000.0,1000.0,Forest,Carnivore,SA,No,Invertivore
AVIBASE-AC47E292,,0.0,1800.0,1800.0,Forest,Carnivore,SA,No,Invertivore
AVIBASE-E410E9A6,22.5,0.0,400.0,400.0,Forest,Carnivore,HC,No,Invertivore
AVIBASE-77F025E0,20.0,0.0,1000.0,1000.0,Woodland,Carnivore,CP,No,Invertivore
AVIBASE-B4722276,19.45,0.0,1000.0,1000.0,Forest,Carnivore,CP,No,Invertivore
AVIBASE-5D96E28C,24.81667,0.0,1650.0,1650.0,Forest,Carnivore,CP,No,Invertivore
AVIBASE-18A968DB,28.83333,0.0,2150.0,2150.0,Forest,Carnivore,CP,No,Invertivore
AVIBASE-F1A4B955,24.5,0.0,1700.0,1700.0,Forest,Carnivore,CP,No,Invertivore
AVIBASE-5B196640,128.2,0.0,600.0,600.0,Forest,Carnivore,,No,Invertivore
AVIBASE-D10DF10F,39.5,0.0,2100.0,2100.0,Grassland,Carnivore,HC,No,Invertivore
AVIBASE-05793C3E,42.8,0.0,500.0,500.0,Grassland,Carnivore,CP,No,Invertivore
AVIBASE-F12E7F7F,40.5,0.0,1000.0,1000.0,Forest,Carnivore,CP,No,Invertivore
AVIBASE-7ADFC30E,,200.0,1800.0,2000.0,Forest,Carnivore,,No,Invertivore
AVIBASE-776CBB16,60.5,800.0,2000.0,2800.0,Forest,Carnivore,CP,No,Invertivore
AVIBASE-30822099,52.33333,500.0,400.0,900.0,Forest,Carnivore,,No,Invertivore
AVIBASE-92A5A04D,33.5,0.0,1000.0,1000.0,Woodland,Carnivore,CP,No,Invertivore
AVIBASE-FC26F2A3,37.03333,0.0,1000.0,1000.0,Woodland,Carnivore,HC,No,Invertivore
AVIBASE-DD4B0562,35.45,0.0,1000.0,1000.0,Grassland,Carnivore,HC,No,Invertivore
AVIBASE-0DA479A1,36.0,0.0,500.0,500.0,Woodland,Carnivore,HC,No,Invertivore
AVIBASE-CEB500D2,17.0,0.0,1000.0,1000.0,Woodland,Carnivore,HC,No,Invertivore
AVIBASE-4EE509C8,30.0,0.0,600.0,600.0,Forest,Carnivore,CP,No,Invertivore
AVIBASE-E9C26F0E,31.5,600.0,2400.0,3000.0,Forest,Carnivore,CP,No,Invertivore
AVIBASE-6AEC3F15,170.66667,0.0,1300.0,1300.0,Forest,Carnivore,CP,No,Invertivore
AVIBASE-3CE2F51F,294.66667,0.0,1000.0,1000.0,Woodland,Carnivore,HC,No,Invertivore
AVIBASE-9CD4E6BB,90.83333,0.0,1000.0,1000.0,Woodland,Omnivore,HC,No,Omnivore
AVIBASE-6BFC1262,91.2,0.0,,,Forest,Omnivore,CP,No,Omnivore
AVIBASE-F9541556,87.0,0.0,600.0,600.0,Woodland,Carnivore,HC,No,Invertivore
AVIBASE-B731E469,140.0,0.0,1000.0,1000.0,Woodland,Carnivore,CP,No,Invertivore
AVIBASE-6E902C60,142.5,0.0,650.0,650.0,Forest,Carnivore,CP,No,Invertivore
AVIBASE-764DC1DA,,0.0,500.0,500.0,Forest,Carnivore,,No,Invertivore
AVIBASE-B39778F8,302.75,0.0,1000.0,1000.0,Forest,Omnivore,HC,No,Omnivore
AVIBASE-7FF38E73,375.5,0.0,1000.0,1000.0,Forest,Carnivore,,No,Omnivore
AVIBASE-B7717F2A,415.0,0.0,1000.0,1000.0,Forest,Carnivore,HC,No,Omnivore
AVIBASE-61EACB38,24.5,1500.0,1050.0,2550.0,Forest,Herbivore,CP,No,Frugivore
AVIBASE-EEC311EA,13.66667,0.0,800.0,800.0,Coastal,Carnivore,CP,No,Invertivore
AVIBASE-C3E4EF0E,12.16667,0.0,700.0,700.0,Shrubland,Carnivore,CP,No,Invertivore
AVIBASE-418B6BE2,13.43333,0.0,820.0,820.0,Forest,Carnivore,CP,No,Invertivore
AVIBASE-D00A485D,18.6,0.0,900.0,900.0,Forest,Carnivore,,No,Invertivore
AVIBASE-47EBC51F,,0.0,1000.0,1000.0,Forest,Carnivore,CP,No,Invertivore
AVIBASE-B94D96D9,10.85,0.0,1000.0,1000.0,Grassland,Carnivore,CP,No,Invertivore
AVIBASE-A63A4586,15.0,0.0,1200.0,1200.0,Forest,Carnivore,HC,No,Invertivore
AVIBASE-B5C1302B,8.925,0.0,1600.0,1600.0,Shrubland,Carnivore,CP,No,Invertivore
AVIBASE-1D6B5F8A,14.0,1500.0,1500.0,3000.0,Forest,Carnivore,CP,No,Invertivore
AVIBASE-687B1F7D,14.46,650.0,2350.0,3000.0,Forest,Carnivore,CP,No,Invertivore
AVIBASE-5648364D,,1200.0,1500.0,2700.0,Forest,Carnivore,,No,Invertivore
AVIBASE-68CAEE4C,17.0,900.0,1845.0,2745.0,Woodland,Carnivore,CP,No,Invertivore
AVIBASE-B9BAB929,,0.0,500.0,500.0,Forest,Carnivore,,No,Invertivore
AVIBASE-8F319AD8,19.2,245.0,3405.0,3650.0,Forest,Carnivore,CP,No,Invertivore
AVIBASE-1B2C7B12,28.0,0.0,2700.0,2700.0,Forest,Carnivore,CP,No,Invertivore
AVIBASE-BE3E7AFD,22.0,,,2100.0,Forest,Carnivore,CP,No,Invertivore
AVIBASE-622DB161,23.2,0.0,1600.0,1600.0,Forest,Carnivore,CP,No,Invertivore
AVIBASE-EB0A9E59,21.0,0.0,1700.0,1700.0,Forest,Carnivore,,No,Invertivore
AVIBASE-150830DD,,0.0,1200.0,1200.0,Forest,Carnivore,,No,Invertivore
AVIBASE-DC3BACCD,17.36667,300.0,1500.0,1800.0,Forest,Carnivore,CP,No,Invertivore
AVIBASE-F7C76528,44.04,0.0,2300.0,2300.0,Forest,Carnivore,HC,No,Invertivore
AVIBASE-13D917BC,,400.0,850.0,1250.0,Forest,Carnivore,,No,Invertivore
AVIBASE-A6C2DC31,,1150.0,750.0,1900.0,Forest,Carnivore,,No,Invertivore
AVIBASE-6E682612,53.5,0.0,1500.0,1500.0,Woodland,Carnivore,HC,No,Invertivore
AVIBASE-C7B05F46,50.16667,900.0,2100.0,3000.0,Forest,Carnivore,HC,No,Invertivore
AVIBASE-4EA1090D,138.75,0.0,1700.0,1700.0,Forest,Carnivore,,No,Invertivore
AVIBASE-B256B785,99.16667,2100.0,700.0,2800.0,Forest,Carnivore,HC,No,Invertivore
AVIBASE-DD9CA0A5,,500.0,1700.0,2200.0,Forest,Carnivore,,No,Invertivore
AVIBASE-70E9B911,,0.0,500.0,500.0,Forest,Carnivore,,No,Invertivore
AVIBASE-69C99EC0,139.5,0.0,1000.0,1000.0,Grassland,Carnivore,CP,No,Invertivore
AVIBASE-37E84A15,79.95,0.0,1450.0,1450.0,Forest,Herbivore,SA,No,Frugivore
AVIBASE-EBACA7A4,110.1,0.0,1830.0,1830.0,Forest,Carnivore,CP,No,Invertivore
AVIBASE-198CCE88,67.5,0.0,1100.0,1100.0,Forest,Herbivore,CP,No,Frugivore
AVIBASE-DEDD2225,,0.0,1500.0,1500.0,Forest,Carnivore,,No,Invertivore
AVIBASE-8FDFD55B,,0.0,2200.0,2200.0,Forest,Carnivore,,No,Invertivore
AVIBASE-0A14231E,146.6,0.0,1500.0,1500.0,Forest,Carnivore,,No,Invertivore
AVIBASE-795072F5,148.5,0.0,1100.0,1100.0,Forest,Carnivore,,No,Invertivore
AVIBASE-C4959982,113.1,0.0,2000.0,2000.0,Forest,Carnivore,HC,No,Invertivore
AVIBASE-6A0DA75B,111.0,0.0,2000.0,2000.0,Forest,Carnivore,,No,Invertivore
AVIBASE-F6D6E5DB,105.0,0.0,2620.0,2620.0,Forest,Carnivore,SA,No,Invertivore
AVIBASE-932D5947,93.15,0.0,2400.0,2400.0,Woodland,Carnivore,HC,No,Invertivore
AVIBASE-DF546828,111.0,0.0,,,Forest,Carnivore,,No,Invertivore
AVIBASE-AA60C64C,,0.0,,,Forest,Carnivore,,No,Invertivore
AVIBASE-48BE10FA,,0.0,800.0,800.0,Woodland,Carnivore,,No,Invertivore
AVIBASE-F6CD1C79,77.25,850.0,1350.0,2200.0,Forest,Carnivore,,No,Invertivore
AVIBASE-66334097,67.15,0.0,800.0,800.0,Woodland,Carnivore,HC,No,Invertivore
AVIBASE-9FD80C9B,,,,,Human Modified,Carnivore,,No,Invertivore
AVIBASE-5D9FFA9E,139.0,0.0,1200.0,1200.0,Forest,Carnivore,,No,Invertivore
AVIBASE-2E37384C,,100.0,800.0,900.0,Forest,Carnivore,,No,Invertivore
AVIBASE-F9031A09,33.26667,0.0,2000.0,2000.0,Woodland,Carnivore,HC,No,Invertivore
AVIBASE-439F76D1,29.1,0.0,1600.0,1600.0,Shrubland,Carnivore,HC,No,Invertivore
AVIBASE-95A02709,31.66667,1000.0,1000.0,2000.0,Forest,Carnivore,CP,No,Invertivore
AVIBASE-37D0D696,36.34,,,2500.0,Forest,Carnivore,HC,No,Invertivore
AVIBASE-7B669DE9,33.0,0.0,700.0,700.0,Forest,Carnivore,,No,Invertivore
AVIBASE-D75CBDFB,,0.0,1300.0,1300.0,Forest,Carnivore,,No,Invertivore
AVIBASE-10828E53,41.0,0.0,800.0,800.0,Forest,Herbivore,,No,Frugivore
AVIBASE-6D80F120,43.12,1000.0,900.0,1900.0,Forest,Carnivore,,No,Invertivore
AVIBASE-9EDF64A5,83.5,200.0,1400.0,1600.0,Forest,Carnivore,,No,Invertivore
AVIBASE-4DE8E18B,63.25,0.0,1000.0,1000.0,Forest,Carnivore,,No,Invertivore
AVIBASE-E9338134,,0.0,1100.0,1100.0,Forest,Carnivore,,No,Invertivore
AVIBASE-419003AD,72.76667,1000.0,1450.0,2450.0,Forest,Herbivore,,No,Frugivore
AVIBASE-A02DF10C,,200.0,1500.0,1700.0,Forest,Carnivore,,No,Invertivore
AVIBASE-BB94A2F2,,0.0,1400.0,1400.0,Forest,Carnivore,,No,Invertivore
AVIBASE-4660517B,48.0,0.0,1750.0,1750.0,Forest,Carnivore,,No,Invertivore
AVIBASE-1B55137E,37.2,0.0,800.0,800.0,Coastal,Carnivore,,No,Invertivore
AVIBASE-08C10DE8,58.45,0.0,1000.0,1000.0,Forest,Carnivore,,No,Invertivore
AVIBASE-3695A802,52.6,150.0,1050.0,1200.0,Forest,Herbivore,,No,Frugivore
AVIBASE-E3168FD6,59.5,0.0,750.0,750.0,Forest,Carnivore,,No,Invertivore
AVIBASE-6BAF8C7A,51.5,0.0,1200.0,1200.0,Forest,Carnivore,,No,Invertivore
AVIBASE-1AC599C5,49.0,0.0,1200.0,1200.0,Forest,Carnivore,,No,Invertivore
AVIBASE-AF60AC50,65.875,0.0,900.0,900.0,Forest,Carnivore,,No,Invertivore
AVIBASE-4E18BA71,58.5,0.0,,,Forest,Carnivore,,No,Invertivore
AVIBASE-D399D02C,30.0,0.0,1000.0,1000.0,Forest,Carnivore,,No,Invertivore
AVIBASE-85C08691,,0.0,170.0,170.0,Forest,Carnivore,,No,Invertivore
AVIBASE-BE74CA7B,58.36667,0.0,1770.0,1770.0,Forest,Carnivore,,No,Invertivore
AVIBASE-31D9941E,,,,,Forest,Carnivore,,No,Invertivore
AVIBASE-E794950A,,0.0,1400.0,1400.0,Forest,Carnivore,,No,Invertivore
AVIBASE-F8DD00CB,,0.0,1500.0,1500.0,Forest,Carnivore,,No,Invertivore
AVIBASE-00DF0484,56.5,450.0,1000.0,1450.0,Forest,Carnivore,,No,Invertivore
AVIBASE-4E18BA71,58.5,0.0,1410.0,1410.0,Forest,Carnivore,,No,Invertivore
AVIBASE-D3CA1D45,,0.0,800.0,800.0,Forest,Carnivore,,No,Invertivore
AVIBASE-1B55137E,62.5,0.0,1460.0,1460.0,Forest,Carnivore,HC,No,Invertivore
AVIBASE-84B08BC5,,1400.0,1100.0,2500.0,Forest,Carnivore,,No,Invertivore
AVIBASE-DCFBF7FD,46.66667,0.0,1190.0,1190.0,Forest,Carnivore,CP,No,Invertivore
AVIBASE-2AA040CE,30.15,0.0,500.0,500.0,Shrubland,Carnivore,,No,Invertivore
AVIBASE-16FF90E9,19.7,200.0,400.0,600.0,Forest,Carnivore,,No,Invertivore
AVIBASE-3EDA596B,26.0,0.0,1630.0,1630.0,Shrubland,Carnivore,,No,Invertivore
AVIBASE-A9CF79A7,21.1,0.0,600.0,600.0,Forest,Carnivore,HC,No,Invertivore
AVIBASE-DFD1EAF6,26.1,700.0,300.0,1000.0,Grassland,Carnivore,SA,No,Invertivore
AVIBASE-52BB32BC,32.0,0.0,450.0,450.0,Forest,Carnivore,CP,No,Invertivore
AVIBASE-F385D521,37.5,0.0,1400.0,1400.0,Forest,Herbivore,,No,Frugivore
AVIBASE-1EA7BE48,33.0,0.0,1400.0,1400.0,Forest,Herbivore,,No,Frugivore
AVIBASE-A97F6007,,0.0,200.0,200.0,Forest,Omnivore,,No,Omnivore
AVIBASE-A6062F43,29.33333,0.0,1800.0,1800.0,Forest,Carnivore,HC,No,Invertivore
AVIBASE-E6314DEC,30.0,0.0,600.0,600.0,Forest,Carnivore,,No,Invertivore
AVIBASE-16BE141C,46.08333,0.0,1000.0,1000.0,Forest,Carnivore,,No,Invertivore
AVIBASE-E1C5A581,45.25,0.0,600.0,600.0,Forest,Carnivore,,No,Invertivore
AVIBASE-84B32303,26.56667,0.0,1000.0,1000.0,Shrubland,Carnivore,CP,No,Invertivore
AVIBASE-0F9E0A44,,0.0,1000.0,1000.0,Woodland,Carnivore,CP,No,Invertivore
AVIBASE-FAE71B8F,39.33333,300.0,2150.0,2450.0,Forest,Carnivore,CP,No,Invertivore
AVIBASE-58BC7F5D,28.66667,0.0,1650.0,1650.0,Forest,Carnivore,SA,No,Invertivore
AVIBASE-F6CBC088,35.8,300.0,1200.0,1500.0,Forest,Carnivore,SA,No,Invertivore
AVIBASE-E501EAB3,29.1,0.0,1000.0,1000.0,Forest,Carnivore,CP,No,Invertivore
AVIBASE-C9ECEF90,42.95,460.0,340.0,800.0,Forest,Carnivore,HC,No,Invertivore
AVIBASE-8A9B1C25,,1150.0,700.0,1850.0,Forest,Carnivore,CP,No,Invertivore
AVIBASE-F84E1C1E,28.83333,0.0,900.0,900.0,Forest,Carnivore,CP,No,Invertivore
AVIBASE-A117BD8B,16.25,0.0,1300.0,1300.0,Forest,Carnivore,CP,No,Invertivore
AVIBASE-85C9C593,12.225,0.0,1200.0,1200.0,Forest,Carnivore,CP,No,Invertivore
AVIBASE-99536A00,13.4,0.0,1000.0,1000.0,Forest,Carnivore,CP,No,Invertivore
AVIBASE-0E0DAE4C,14.0,1400.0,800.0,2200.0,Forest,Carnivore,,No,Invertivore
AVIBASE-BCE0793B,15.82,2450.0,1250.0,3700.0,Forest,Carnivore,,No,Invertivore
AVIBASE-936EA207,20.4,1950.0,900.0,2850.0,Forest,Carnivore,,No,Invertivore
AVIBASE-1F4DF785,41.36667,1400.0,1200.0,2600.0,Forest,Carnivore,CP,No,Invertivore
AVIBASE-6F4799F6,89.33333,0.0,1300.0,1300.0,Forest,Carnivore,,No,Invertivore
AVIBASE-588549DA,64.125,0.0,750.0,750.0,Shrubland,Carnivore,,No,Invertivore
AVIBASE-C5673F5E,,,,,Woodland,Carnivore,,No,Invertivore
AVIBASE-E3B00D11,,0.0,400.0,400.0,Woodland,Carnivore,CP,No,Invertivore
AVIBASE-0F1929A3,30.675,0.0,900.0,900.0,Woodland,Carnivore,CP,No,Invertivore
AVIBASE-68FD78E7,,1500.0,700.0,2200.0,Forest,Carnivore,,No,Invertivore
AVIBASE-9A7D5255,36.0,575.0,425.0,1000.0,Forest,Carnivore,,No,Invertivore
AVIBASE-50C1E978,75.13333,1600.0,400.0,2000.0,Forest,Omnivore,CP,No,Omnivore
AVIBASE-AB08B1DE,38.975,0.0,1800.0,1800.0,Shrubland,Carnivore,CP,No,Invertivore
AVIBASE-112C6BA3,35.36667,0.0,180.0,180.0,Shrubland,Carnivore,CP,No,Invertivore
AVIBASE-631D64E0,29.73333,0.0,1000.0,1000.0,Shrubland,Carnivore,CP,No,Invertivore
AVIBASE-FDD9B522,21.8,0.0,1830.0,1830.0,Coastal,Carnivore,CP,No,Invertivore
AVIBASE-AB5815F4,21.75,300.0,1700.0,2000.0,Forest,Carnivore,,No,Invertivore
AVIBASE-FB40EA21,26.0,0.0,2000.0,2000.0,Forest,Carnivore,,No,Invertivore
AVIBASE-8F42FC31,24.75,0.0,550.0,550.0,Forest,Carnivore,CP,No,Invertivore
AVIBASE-A0C15697,37.0,0.0,1850.0,1850.0,Forest,Carnivore,CP,No,Invertivore
AVIBASE-2F4882E1,26.25,400.0,800.0,1200.0,Forest,Carnivore,CP,No,Invertivore
AVIBASE-F1D4D8D5,18.53333,1830.0,1770.0,3600.0,Forest,Carnivore,,No,Invertivore
AVIBASE-5E75CBEF,23.03333,0.0,1220.0,1220.0,Forest,Carnivore,CP,No,Invertivore
AVIBASE-19C021C4,21.0,800.0,1700.0,2500.0,Forest,Carnivore,,No,Invertivore
AVIBASE-D99B20DF,20.5,900.0,1100.0,2000.0,Forest,Carnivore,,No,Invertivore
AVIBASE-396BBD58,18.5,970.0,480.0,1450.0,Forest,Carnivore,,No,Invertivore
AVIBASE-409B6E6A,20.075,0.0,500.0,500.0,Forest,Carnivore,CP,No,Invertivore
AVIBASE-409B6E6A,19.65,0.0,1400.0,1400.0,Forest,Carnivore,CP,No,Invertivore
AVIBASE-E9D37202,15.0,0.0,1600.0,1600.0,Forest,Carnivore,,No,Invertivore
AVIBASE-1679A6CE,26.0,0.0,300.0,300.0,Forest,Carnivore,,No,Invertivore
AVIBASE-8DA085FD,24.6,550.0,1450.0,2000.0,Forest,Carnivore,CP,No,Invertivore
AVIBASE-BDEFD28A,26.0,20.0,1230.0,1250.0,Forest,Carnivore,CP,No,Invertivore
AVIBASE-FF5968A9,26.0,0.0,,,Forest,Carnivore,,No,Invertivore
AVIBASE-1679A6CE,27.5,0.0,1630.0,1630.0,Forest,Carnivore,,No,Invertivore
AVIBASE-2A5D6D4A,,1600.0,800.0,2400.0,Forest,Carnivore,CP,No,Invertivore
AVIBASE-5309CD6A,26.0,700.0,520.0,1220.0,Forest,Carnivore,CP,No,Invertivore
AVIBASE-13B1CB11,29.9,0.0,1500.0,1500.0,Forest,Carnivore,CP,No,Invertivore
AVIBASE-13B1CB11,23.225,,,,Forest,Carnivore,CP,No,Invertivore
AVIBASE-0A158873,43.08333,600.0,800.0,1400.0,Forest,Carnivore,,No,Invertivore
AVIBASE-2BE3319F,,,,,Forest,Carnivore,,No,Invertivore
AVIBASE-F095FFBE,26.0,0.0,150.0,150.0,Forest,Carnivore,CP,No,Invertivore
AVIBASE-A8630383,23.875,0.0,,,Forest,Carnivore,,No,Invertivore
AVIBASE-CC0F4D34,21.5,0.0,900.0,900.0,Forest,Carnivore,CP,No,Invertivore
AVIBASE-F2D3460D,31.5,,,,Forest,Carnivore,CP,No,Invertivore
AVIBASE-E4276EE4,36.0,0.0,1000.0,1000.0,Forest,Carnivore,CP,No,Invertivore
AVIBASE-D6B9FCEC,23.25,0.0,200.0,200.0,Coastal,Carnivore,CP,No,Invertivore
AVIBASE-DA48640C,26.925,0.0,1000.0,1000.0,Forest,Carnivore,,No,Invertivore
AVIBASE-D59EAEF7,34.875,1100.0,900.0,2000.0,Forest,Carnivore,,No,Invertivore
AVIBASE-76644DFB,36.0,1200.0,550.0,1750.0,Forest,Carnivore,,No,Invertivore
AVIBASE-EF3BEE97,,1200.0,800.0,2000.0,Forest,Carnivore,,No,Invertivore
AVIBASE-B22B9BD5,19.15,1750.0,2050.0,3800.0,Forest,Carnivore,,No,Invertivore
AVIBASE-E548C5FC,22.2,1850.0,1800.0,3650.0,Forest,Carnivore,,No,Invertivore
AVIBASE-F852672F,,0.0,700.0,700.0,Shrubland,Carnivore,,No,Invertivore
AVIBASE-0ABCDD1C,20.7,0.0,450.0,450.0,Forest,Carnivore,CP,No,Invertivore
AVIBASE-76AD04B7,26.0,1000.0,980.0,1980.0,Forest,Carnivore,CP,No,Invertivore
AVIBASE-3E96E081,20.5,0.0,1200.0,1200.0,Forest,Carnivore,CP,No,Invertivore
AVIBASE-C969AFEC,,0.0,1300.0,1300.0,Coastal,Carnivore,,No,Invertivore
AVIBASE-01907039,24.5,200.0,1100.0,1300.0,Forest,Carnivore,,No,Invertivore
AVIBASE-A6E44BBF,42.0,0.0,200.0,200.0,Coastal,Carnivore,CP,No,Invertivore
AVIBASE-21B46047,,0.0,200.0,200.0,Forest,Carnivore,,No,Invertivore
AVIBASE-CBC2CE1F,75.0,0.0,300.0,300.0,Forest,Carnivore,,No,Invertivore
AVIBASE-FF953F55,95.0,0.0,800.0,800.0,Forest,Carnivore,CP,No,Invertivore
AVIBASE-DBCC8B86,43.3,400.0,900.0,1300.0,Forest,Carnivore,CP,No,Invertivore
AVIBASE-F64EC7D0,46.0,1400.0,750.0,2150.0,Forest,Carnivore,,No,Invertivore
AVIBASE-4DE518C6,34.75,0.0,1850.0,1850.0,Forest,Carnivore,CP,No,Invertivore
AVIBASE-E33D682E,34.75,0.0,1850.0,1850.0,Forest,Carnivore,,No,Invertivore
AVIBASE-AD4D85BB,65.86667,0.0,1700.0,1700.0,Forest,Carnivore,CP,No,Invertivore
AVIBASE-8A05845F,53.825,0.0,500.0,500.0,Rock,Carnivore,CP,No,Invertivore
AVIBASE-00C6FC90,14.33333,900.0,2700.0,3600.0,Forest,Carnivore,PN,No,Invertivore
AVIBASE-17DB8BA0,12.5,1050.0,1750.0,2800.0,Forest,Carnivore,PN,No,Invertivore
AVIBASE-484E9B46,43.0,1525.0,975.0,2500.0,Forest,Carnivore,,No,Invertivore
AVIBASE-35B3D0EA,37.58333,350.0,2750.0,3100.0,Forest,Carnivore,CP,No,Invertivore
AVIBASE-E0AB44A1,39.75,1000.0,2000.0,3000.0,Forest,Carnivore,PN,No,Invertivore
AVIBASE-0037A14F,11.875,500.0,2000.0,2500.0,Forest,Carnivore,HC,No,Invertivore
AVIBASE-0037A14F,11.75,1000.0,2000.0,3000.0,Forest,Carnivore,HC,No,Invertivore
AVIBASE-EECEDB6F,14.0,180.0,3120.0,3300.0,Forest,Carnivore,PN,No,Invertivore
AVIBASE-8776BD04,28.5,0.0,2500.0,2500.0,Forest,Carnivore,CP,No,Invertivore
AVIBASE-444E5987,31.35,1600.0,800.0,2400.0,Forest,Carnivore,,No,Invertivore
AVIBASE-2F06A9E7,34.85,1200.0,2300.0,3500.0,Woodland,Carnivore,CP,No,Invertivore
AVIBASE-1A8BAFCA,26.2,0.0,1800.0,1800.0,Forest,Carnivore,CP,No,Invertivore
AVIBASE-5482299A,29.0,100.0,700.0,800.0,Forest,Carnivore,,No,Invertivore
AVIBASE-BD625B2B,25.75,200.0,1600.0,1800.0,Forest,Carnivore,,No,Invertivore
AVIBASE-21048647,,200.0,1600.0,1800.0,Forest,Carnivore,,No,Invertivore
AVIBASE-7CA69E1B,11.7,0.0,1100.0,1100.0,Woodland,Carnivore,CP,No,Invertivore
AVIBASE-5F94B6F3,10.5,0.0,1000.0,1000.0,Forest,Carnivore,CP,No,Invertivore
AVIBASE-2E5B2F9F,11.83333,600.0,1100.0,1700.0,Forest,Carnivore,,No,Invertivore
AVIBASE-18CB2D8A,11.31667,0.0,400.0,400.0,Woodland,Carnivore,CP,No,Invertivore
AVIBASE-04FCFB94,9.66667,100.0,300.0,400.0,Woodland,Carnivore,,No,Invertivore
AVIBASE-D15CB55B,12.26,0.0,600.0,600.0,Forest,Carnivore,,No,Invertivore
AVIBASE-FBB3152C,12.4,0.0,1000.0,1000.0,Forest,Carnivore,CP,No,Invertivore
AVIBASE-02BAFB6D,12.45,0.0,1500.0,1500.0,Shrubland,Carnivore,CP,No,Invertivore
AVIBASE-1BF88ABD,12.35,0.0,450.0,450.0,Shrubland,Carnivore,CP,No,Invertivore
AVIBASE-BD305580,11.0,0.0,500.0,500.0,Shrubland,Carnivore,CP,No,Invertivore
AVIBASE-4FB729B2,13.0,0.0,400.0,400.0,Forest,Carnivore,,No,Invertivore
AVIBASE-ED290593,10.95,0.0,1200.0,1200.0,Forest,Carnivore,CP,No,Invertivore
AVIBASE-54F7D0B2,11.85,0.0,1600.0,1600.0,Forest,Carnivore,,No,Invertivore
AVIBASE-58274D5F,8.94,0.0,1000.0,1000.0,Forest,Carnivore,"CP,PN",No,Invertivore
AVIBASE-7FE65F39,17.0,0.0,200.0,200.0,Forest,Carnivore,,No,Invertivore
AVIBASE-66B55F55,11.66667,0.0,1100.0,1100.0,Forest,Carnivore,,No,Invertivore
AVIBASE-05336066,9.75,0.0,1300.0,1300.0,Woodland,Carnivore,CP,No,Invertivore
AVIBASE-204918E7,11.4,1000.0,1100.0,2100.0,Forest,Carnivore,,No,Invertivore
AVIBASE-CCF80099,12.23333,0.0,1900.0,1900.0,Shrubland,Carnivore,CP,No,Invertivore
AVIBASE-6A7F76A7,17.4,0.0,1500.0,1500.0,Woodland,Carnivore,CP,No,Invertivore
AVIBASE-847717E2,19.19667,0.0,3000.0,3000.0,Forest,Carnivore,CP,No,Invertivore
AVIBASE-A457E9DB,19.0,0.0,500.0,500.0,Woodland,Herbivore,CP,No,Frugivore
AVIBASE-F57ECDC5,18.93333,0.0,1200.0,1200.0,Forest,Omnivore,CP,No,Omnivore
AVIBASE-3B1C7AD8,15.95,0.0,1500.0,1500.0,Forest,Carnivore,CP,No,Invertivore
AVIBASE-63999CD3,19.0,0.0,60.0,60.0,Forest,Carnivore,CP,No,Invertivore
AVIBASE-DA676D6C,11.25,600.0,1400.0,2000.0,Forest,Carnivore,,No,Invertivore
AVIBASE-447A1BA5,12.22,0.0,2130.0,2130.0,Woodland,Carnivore,CP,No,Invertivore
AVIBASE-66AA469C,13.31667,0.0,3200.0,3200.0,Forest,Carnivore,CP,No,Invertivore
AVIBASE-66DCDF47,12.5,600.0,2200.0,2800.0,Forest,Carnivore,CP,No,Invertivore
AVIBASE-1BDF5C00,11.9,0.0,3600.0,3600.0,Woodland,Carnivore,SP,No,Invertivore
AVIBASE-48DBE76D,12.66667,0.0,2100.0,2100.0,Shrubland,Carnivore,CP,No,Invertivore
AVIBASE-F8DDF6A6,17.86667,0.0,1500.0,1500.0,Forest,Carnivore,CP,No,Invertivore
AVIBASE-DDD6C145,13.45,1500.0,1500.0,3000.0,Forest,Carnivore,CP,No,Invertivore
AVIBASE-F63CE02E,11.2,1200.0,900.0,2100.0,Forest,Carnivore,,No,Invertivore
AVIBASE-95DB0943,16.45,0.0,2400.0,2400.0,Forest,Carnivore,CP,No,Invertivore
AVIBASE-EB0CD5DC,15.06667,0.0,3000.0,3000.0,Forest,Carnivore,CP,No,Invertivore
AVIBASE-1BB9C864,16.6,0.0,3000.0,3000.0,Forest,Carnivore,CP,No,Invertivore
AVIBASE-A505AE50,20.95,100.0,1900.0,2000.0,Forest,Omnivore,CP,No,Omnivore
AVIBASE-D25FD07A,10.7,0.0,1200.0,1200.0,Forest,Omnivore,CP,No,Omnivore
AVIBASE-A1FD40E8,11.16667,0.0,250.0,250.0,Coastal,Carnivore,CP,No,Invertivore
AVIBASE-080AFDB2,12.9,0.0,15.0,15.0,Woodland,Carnivore,CP,No,Invertivore
AVIBASE-27936203,9.4,0.0,55.0,55.0,Forest,Carnivore,CP,No,Invertivore
AVIBASE-D97F93CC,11.17333,0.0,1000.0,1000.0,Shrubland,Carnivore,PN,No,Invertivore
AVIBASE-AEA614AF,12.91667,0.0,500.0,500.0,Woodland,Carnivore,CP,No,Invertivore
AVIBASE-E57A8704,9.5,0.0,2000.0,2000.0,Forest,Carnivore,CP,No,Invertivore
AVIBASE-73CF3166,13.15,0.0,700.0,700.0,Forest,Carnivore,PN,No,Omnivore
AVIBASE-C3168495,9.6,0.0,1900.0,1900.0,Shrubland,Carnivore,PN,No,Invertivore
AVIBASE-F32AC037,12.5,0.0,900.0,900.0,Forest,Carnivore,CP,No,Invertivore
AVIBASE-DEFD8414,8.65,0.0,2000.0,2000.0,Shrubland,Carnivore,PN,No,Invertivore
AVIBASE-CFAA6365,9.3,1000.0,1500.0,2500.0,Shrubland,Carnivore,CP,No,Invertivore
AVIBASE-5C84E2D2,12.13333,1200.0,1800.0,3000.0,Shrubland,Carnivore,CP,No,Invertivore
AVIBASE-BF367578,130.0,,,,Forest,Carnivore,,No,Invertivore
AVIBASE-65FAB387,115.0,,,,Forest,Carnivore,CP,No,Invertivore
AVIBASE-196347A3,77.5,0.0,160.0,160.0,Forest,Herbivore,,No,Frugivore
AVIBASE-191C56A7,77.5,0.0,1000.0,1000.0,Forest,Herbivore,,No,Frugivore
AVIBASE-DAC824A4,121.5,0.0,500.0,500.0,Forest,Herbivore,HC,No,Frugivore
AVIBASE-AAB44A3F,83.75,0.0,1100.0,1100.0,Forest,Carnivore,,No,Invertivore
AVIBASE-9A3A0C23,72.0,0.0,500.0,500.0,Forest,Carnivore,,No,Invertivore
AVIBASE-66F43F9C,85.25,0.0,1000.0,1000.0,Forest,Carnivore,,No,Invertivore
AVIBASE-0D6D5373,79.66667,350.0,1350.0,1700.0,Forest,Herbivore,CP,No,Frugivore
AVIBASE-D25D1A71,46.0,50.0,390.0,440.0,Forest,Herbivore,,No,Frugivore
AVIBASE-1E7E73E5,109.0,0.0,1100.0,1100.0,Forest,Carnivore,,No,Invertivore
AVIBASE-E3BC547E,,0.0,1460.0,1460.0,Forest,Herbivore,,No,Frugivore
AVIBASE-53E4D2F9,,0.0,1200.0,1200.0,Forest,Omnivore,,No,Omnivore
AVIBASE-068516BB,98.1,0.0,1000.0,1000.0,Woodland,Omnivore,CP,No,Omnivore
AVIBASE-352298C3,,0.0,300.0,300.0,Forest,Herbivore,,No,Frugivore
AVIBASE-997885E0,,0.0,970.0,970.0,Forest,Herbivore,,No,Frugivore
AVIBASE-D48FFFDD,,0.0,120.0,120.0,Forest,Herbivore,,No,Frugivore
AVIBASE-78DA4BAF,96.4,0.0,1200.0,1200.0,Forest,Herbivore,CP,No,Frugivore
AVIBASE-37DF1792,102.08333,0.0,500.0,500.0,Forest,Herbivore,CP,No,Frugivore
AVIBASE-556DF2D6,60.8,1200.0,600.0,1800.0,Forest,Herbivore,CP,No,Frugivore
AVIBASE-3D1CC341,60.8,500.0,1900.0,2400.0,Forest,Herbivore,CP,No,Frugivore
AVIBASE-50716C00,,900.0,1100.0,2000.0,Forest,Herbivore,,No,Frugivore
AVIBASE-11093B09,74.0,1200.0,2800.0,4000.0,Forest,Omnivore,CP,No,Omnivore
AVIBASE-5CB04D17,,300.0,1400.0,1700.0,Forest,Omnivore,,No,Omnivore
AVIBASE-E931F073,60.33333,0.0,1200.0,1200.0,Forest,Herbivore,CP,No,Frugivore
AVIBASE-B4F2D2F7,39.0,0.0,300.0,300.0,Forest,Herbivore,CP,No,Frugivore
AVIBASE-C8FDA81D,39.0,0.0,300.0,300.0,Forest,Herbivore,,No,Frugivore
AVIBASE-64FE17FB,46.5,0.0,1200.0,1200.0,Forest,Herbivore,,No,Frugivore
AVIBASE-4867DAFC,38.6,0.0,1200.0,1200.0,Forest,Herbivore,,No,Frugivore
AVIBASE-4321596C,68.5,200.0,1800.0,2000.0,Forest,Herbivore,CP,No,Frugivore
AVIBASE-418C7CCB,49.13333,0.0,1800.0,1800.0,Forest,Carnivore,CP,No,Invertivore
AVIBASE-911FAD1A,50.0,0.0,1600.0,1600.0,Forest,Herbivore,CP,No,Omnivore
AVIBASE-BE62734A,62.925,0.0,2300.0,2300.0,Woodland,Herbivore,CP,No,Frugivore
AVIBASE-B6BCAD32,68.5,950.0,1050.0,2000.0,Forest,Herbivore,,No,Frugivore
AVIBASE-95A2F6E7,65.5,1530.0,1470.0,3000.0,Forest,Herbivore,,No,Frugivore
AVIBASE-DBBB162B,56.44,0.0,2150.0,2150.0,Forest,Herbivore,CP,No,Frugivore
AVIBASE-D4866EAE,67.33333,0.0,2300.0,2300.0,Woodland,Herbivore,CP,No,Frugivore
AVIBASE-4C263A0E,77.5,0.0,1800.0,1800.0,Forest,Herbivore,CP,No,Frugivore
AVIBASE-92A772BB,72.0,0.0,2200.0,2200.0,Woodland,Omnivore,CP,No,Omnivore
AVIBASE-CC216A71,82.25,0.0,1600.0,1600.0,Forest,Herbivore,CP,No,Frugivore
AVIBASE-4ABC6B29,82.0,600.0,3700.0,4300.0,Forest,Herbivore,CP,No,Frugivore
AVIBASE-DD177B0B,26.33333,0.0,2000.0,2000.0,Forest,Carnivore,HC,No,Invertivore
AVIBASE-B5EE2DEF,43.25,450.0,2050.0,2500.0,Forest,Carnivore,HC,No,Invertivore
AVIBASE-DC9537C7,52.13333,0.0,1450.0,1450.0,Forest,Carnivore,HC,No,Invertivore
AVIBASE-2042CD42,92.46,0.0,1500.0,1500.0,Forest,Carnivore,HC,No,Invertivore
AVIBASE-AB038438,70.0,300.0,900.0,1200.0,Forest,Carnivore,CP,No,Invertivore
AVIBASE-EED766E8,,0.0,500.0,500.0,Forest,Carnivore,HC,No,Invertivore
AVIBASE-D82871D9,,0.0,800.0,800.0,Forest,Carnivore,,No,Invertivore
AVIBASE-8C728466,49.5,550.0,1250.0,1800.0,Forest,Carnivore,,No,Invertivore
AVIBASE-FEB566B5,82.83333,0.0,600.0,600.0,Forest,Carnivore,HC,No,Omnivore
AVIBASE-1C7931F4,129.5,0.0,1800.0,1800.0,Forest,Carnivore,,No,Invertivore
AVIBASE-F8ADA760,86.33333,200.0,1500.0,1700.0,Forest,Carnivore,SA,No,Invertivore
AVIBASE-990FB1F5,,0.0,585.0,585.0,Forest,Carnivore,CP,No,Invertivore
AVIBASE-57920319,,0.0,1500.0,1500.0,Forest,Carnivore,,No,Invertivore
AVIBASE-C9B27637,71.775,0.0,1200.0,1200.0,Forest,Carnivore,CP,No,Invertivore
AVIBASE-F63C3F87,,0.0,1500.0,1500.0,Forest,Carnivore,,No,Invertivore
AVIBASE-D5A32822,,0.0,1650.0,1650.0,Forest,Carnivore,,No,Invertivore
AVIBASE-5FD53BB1,39.65,0.0,3000.0,3000.0,Forest,Carnivore,HC,No,Invertivore
AVIBASE-994E98B3,40.0,0.0,2000.0,2000.0,Forest,Carnivore,CP,No,Invertivore
AVIBASE-EBB4F02C,,200.0,,,Forest,Carnivore,CP,No,Invertivore
AVIBASE-6B0FC56C,45.93333,0.0,1875.0,1875.0,Woodland,Carnivore,HC,No,Invertivore
AVIBASE-0EC8C471,47.5,0.0,17.0,17.0,Woodland,Carnivore,CP,No,Invertivore
AVIBASE-07612BDC,,500.0,500.0,1000.0,Forest,Carnivore,CP,No,Invertivore
AVIBASE-5DEB4565,47.58333,0.0,2440.0,2440.0,Forest,Carnivore,CP,No,Invertivore
AVIBASE-11FE7313,44.73333,0.0,2200.0,2200.0,Woodland,Carnivore,HC,No,Invertivore
AVIBASE-D90F9B0B,47.96667,0.0,2600.0,2600.0,Shrubland,Carnivore,HC,No,Invertivore
AVIBASE-E83D45A6,27.75,0.0,2000.0,2000.0,Forest,Carnivore,HC,No,Invertivore
AVIBASE-28AC53BE,41.5,0.0,1000.0,1000.0,Forest,Carnivore,HC,No,Invertivore
AVIBASE-84249EE3,28.45,0.0,2100.0,2100.0,Forest,Carnivore,HC,No,Invertivore
AVIBASE-9D0040D1,12.86,0.0,1220.0,1220.0,Forest,Carnivore,,No,Invertivore
AVIBASE-B9F9C6EE,13.15,0.0,1200.0,1200.0,Forest,Carnivore,,No,Invertivore
AVIBASE-3A07746B,14.025,0.0,2530.0,2530.0,Forest,Carnivore,CP,No,Invertivore
AVIBASE-D934677B,14.0,0.0,500.0,500.0,Forest,Carnivore,,No,Invertivore
AVIBASE-F893CBF6,14.0,0.0,950.0,950.0,Forest,Carnivore,CP,No,Invertivore
AVIBASE-F2074D00,11.5,0.0,3050.0,3050.0,Forest,Carnivore,CP,No,Invertivore
AVIBASE-E12FE273,11.5,0.0,2000.0,2000.0,Woodland,Carnivore,CP,No,Invertivore
AVIBASE-E191588D,,900.0,1850.0,2750.0,Forest,Carnivore,CP,No,Invertivore
AVIBASE-DB7261E9,12.0,0.0,1500.0,1500.0,Forest,Carnivore,CP,No,Invertivore
AVIBASE-75B49C25,15.675,0.0,1530.0,1530.0,Woodland,Carnivore,CP,No,Invertivore
AVIBASE-7EAC662D,16.13333,0.0,800.0,800.0,Woodland,Carnivore,,No,Invertivore
AVIBASE-B5A920A2,14.64,0.0,1700.0,1700.0,Forest,Carnivore,CP,No,Invertivore
AVIBASE-F65B55BD,21.94,0.0,1980.0,1980.0,Grassland,Carnivore,CP,No,Invertivore
AVIBASE-B81C0B31,,0.0,2100.0,2100.0,Forest,Carnivore,,No,Invertivore
AVIBASE-C38375A3,,0.0,500.0,500.0,Forest,Carnivore,,No,Invertivore
AVIBASE-EB9A19BE,14.7,0.0,2600.0,2600.0,Woodland,Carnivore,CP,No,Invertivore
AVIBASE-1C3B3EEA,13.0,0.0,500.0,500.0,Woodland,Carnivore,,No,Invertivore
AVIBASE-7C5F3049,13.0,0.0,400.0,400.0,Woodland,Carnivore,CP,No,Invertivore
AVIBASE-283C2BCA,13.0,0.0,625.0,625.0,Forest,Carnivore,,No,Invertivore
AVIBASE-46D6706A,13.0,0.0,1000.0,1000.0,Woodland,Carnivore,,No,Invertivore
AVIBASE-49BAF6B7,13.0,0.0,1000.0,1000.0,Woodland,Carnivore,,No,Invertivore
AVIBASE-EBBFEE60,13.0,0.0,1550.0,1550.0,Woodland,Carnivore,,No,Invertivore
AVIBASE-E16560EF,12.5,0.0,1640.0,1640.0,Forest,Carnivore,CP,No,Invertivore
AVIBASE-A62D7BB5,13.0,0.0,,,Forest,Carnivore,,No,Invertivore
AVIBASE-8B16299C,16.5,0.0,1030.0,1030.0,Forest,Carnivore,CP,No,Invertivore
AVIBASE-0F995883,20.75,0.0,1000.0,1000.0,Forest,Carnivore,,No,Invertivore
AVIBASE-EF534053,16.25,0.0,1100.0,1100.0,Forest,Carnivore,CP,No,Invertivore
AVIBASE-4EB50482,18.5,0.0,500.0,500.0,Shrubland,Carnivore,CP,No,Invertivore
AVIBASE-9A6974DC,15.96667,0.0,1350.0,1350.0,Shrubland,Carnivore,CP,No,Invertivore
AVIBASE-4A8F6276,11.4,1000.0,1150.0,2150.0,Forest,Carnivore,CP,No,Invertivore
AVIBASE-907B59B7,10.68,0.0,1370.0,1370.0,Forest,Carnivore,CP,No,Invertivore
AVIBASE-56F40883,10.28,1370.0,2230.0,3600.0,Forest,Carnivore,CP,No,Invertivore
AVIBASE-A98285EB,8.43333,0.0,1500.0,1500.0,Forest,Carnivore,CP,No,Invertivore
AVIBASE-ACD8630F,7.75,0.0,1500.0,1500.0,Woodland,Carnivore,CP,No,Invertivore
AVIBASE-26934DF7,5.9,0.0,50.0,50.0,Coastal,Carnivore,CP,No,Invertivore
AVIBASE-042AEBF1,10.58333,900.0,700.0,1600.0,Forest,Carnivore,CP,No,Invertivore
AVIBASE-F3460FF2,11.25,800.0,,,Forest,Carnivore,,No,Invertivore
AVIBASE-CDE98086,17.25,50.0,650.0,700.0,Forest,Carnivore,,No,Invertivore
AVIBASE-4C9913E4,9.5,0.0,100.0,100.0,Forest,Carnivore,CP,No,Invertivore
AVIBASE-61824029,12.0,0.0,1200.0,1200.0,Forest,Carnivore,CP,No,Invertivore
AVIBASE-82A3600C,12.8,0.0,1120.0,1120.0,Forest,Carnivore,CP,No,Invertivore
AVIBASE-65DF28AF,13.25,,,,Forest,Carnivore,CP,No,Invertivore
AVIBASE-2618FA8A,,,,,Forest,Carnivore,CP,No,Invertivore
AVIBASE-1AA2783D,11.1,0.0,500.0,500.0,Forest,Carnivore,CP,No,Invertivore
AVIBASE-BEA526F9,5.75,0.0,900.0,900.0,Forest,Carnivore,CP,No,Invertivore
AVIBASE-30607910,,1000.0,1500.0,2500.0,Forest,Carnivore,,No,Invertivore
AVIBASE-538988A8,12.5,991.0,1447.0,2438.0,Forest,Carnivore,,No,Invertivore
AVIBASE-24B205AA,9.73333,2000.0,1680.0,3680.0,Forest,Carnivore,CP,No,Invertivore
AVIBASE-D7D8F728,11.75,0.0,200.0,200.0,Forest,Carnivore,CP,No,Invertivore
AVIBASE-AC392612,11.0,500.0,1000.0,1500.0,Forest,Carnivore,,No,Invertivore
AVIBASE-7395D6B9,9.0,700.0,800.0,1500.0,Forest,Carnivore,,No,Invertivore
AVIBASE-2291DE46,11.5,800.0,1500.0,2300.0,Forest,Carnivore,,No,Invertivore
AVIBASE-F36F6683,10.0,750.0,272.0,1022.0,Forest,Carnivore,,No,Invertivore
AVIBASE-93BDF65D,,800.0,,,Forest,Carnivore,,No,Invertivore
AVIBASE-8580729E,,0.0,500.0,500.0,Forest,Carnivore,,No,Invertivore
AVIBASE-0C42F446,9.5,0.0,650.0,650.0,Forest,Carnivore,CP,No,Invertivore
AVIBASE-0FC06F18,9.75,530.0,570.0,1100.0,Forest,Carnivore,,No,Invertivore
AVIBASE-0B85109C,,0.0,1000.0,1000.0,Forest,Carnivore,,No,Invertivore
AVIBASE-9CC5CA8D,12.5,900.0,300.0,1200.0,Forest,Carnivore,,No,Invertivore
AVIBASE-0199E134,8.0,0.0,700.0,700.0,Forest,Carnivore,,No,Invertivore
AVIBASE-9C848425,8.6,0.0,2000.0,2000.0,Coastal,Carnivore,CP,No,Invertivore
AVIBASE-A8281232,,0.0,2000.0,2000.0,Coastal,Carnivore,CP,No,Invertivore
AVIBASE-E7A27B20,,760.0,240.0,1000.0,Forest,Carnivore,,No,Invertivore
AVIBASE-296F2AC1,10.4,0.0,1400.0,1400.0,Forest,Carnivore,CP,No,Invertivore
AVIBASE-BC458125,,0.0,500.0,500.0,Forest,Carnivore,,No,Invertivore
AVIBASE-EE8D9BC5,,0.0,1600.0,1600.0,Coastal,Carnivore,,No,Invertivore
AVIBASE-5E8CE787,11.0,,,,Forest,Carnivore,,No,Invertivore
AVIBASE-2F3E70A0,,,,,Forest,Carnivore,,No,Invertivore
AVIBASE-587DF391,,0.0,1500.0,1500.0,Forest,Carnivore,,No,Invertivore
AVIBASE-F2BE556C,36.75,600.0,800.0,1400.0,Forest,Carnivore,HC,No,Invertivore
AVIBASE-4B00D50E,19.0,425.0,225.0,650.0,Forest,Carnivore,CP,No,Invertivore
AVIBASE-20AD6203,11.25,0.0,600.0,600.0,Forest,Carnivore,CP,No,Invertivore
AVIBASE-41898F4D,19.33333,0.0,1000.0,1000.0,Forest,Carnivore,,No,Invertivore
AVIBASE-0AC5BA0A,12.425,0.0,1500.0,1500.0,Forest,Carnivore,CP,No,Invertivore
AVIBASE-289B069F,14.5,0.0,1500.0,1500.0,Forest,Carnivore,CP,No,Invertivore
AVIBASE-9E86EF25,9.75,0.0,1000.0,1000.0,Forest,Carnivore,CP,No,Invertivore
AVIBASE-86A673A1,13.6,100.0,650.0,750.0,Forest,Carnivore,,No,Invertivore
AVIBASE-83DD8D4D,9.98333,0.0,1500.0,1500.0,Shrubland,Carnivore,CP,No,Invertivore
AVIBASE-BDEB541C,10.7,0.0,2300.0,2300.0,Shrubland,Carnivore,CP,No,Invertivore
AVIBASE-3800DCCF,12.26667,0.0,1200.0,1200.0,Forest,Carnivore,CP,No,Invertivore
AVIBASE-6E2957C6,,980.0,520.0,1500.0,Forest,Carnivore,CP,No,Invertivore
AVIBASE-B05E0721,15.95,0.0,1000.0,1000.0,Shrubland,Carnivore,CP,No,Invertivore
AVIBASE-0EDEEB49,15.4,0.0,1800.0,1800.0,Forest,Carnivore,CP,No,Invertivore
AVIBASE-67C09E17,15.0,0.0,1300.0,1300.0,Forest,Carnivore,CP,No,Invertivore
AVIBASE-75AAC17B,14.125,0.0,2500.0,2500.0,Woodland,Carnivore,HC,No,Invertivore
AVIBASE-71AE2656,19.08333,0.0,1800.0,1800.0,Woodland,Carnivore,CP,No,Invertivore
AVIBASE-763511B2,18.9,0.0,1800.0,1800.0,Forest,Carnivore,CP,No,Invertivore
AVIBASE-18D4C1C6,20.0,0.0,930.0,930.0,Forest,Carnivore,,No,Invertivore
AVIBASE-D293082B,19.5,0.0,1000.0,1000.0,Forest,Carnivore,CP,No,Invertivore
AVIBASE-11453A98,18.2,0.0,1000.0,1000.0,Forest,Carnivore,CP,No,Invertivore
AVIBASE-8BEC2BCA,25.23333,0.0,1000.0,1000.0,Forest,Carnivore,,No,Invertivore
AVIBASE-4448F204,21.08,0.0,370.0,370.0,Forest,Carnivore,CP,No,Invertivore
AVIBASE-3B5524EA,22.3,0.0,1200.0,1200.0,Forest,Carnivore,CP,No,Invertivore
AVIBASE-5E520F9D,12.2,0.0,1600.0,1600.0,Forest,Carnivore,CP,No,Invertivore
AVIBASE-A3A90C35,13.375,0.0,2300.0,2300.0,Forest,Carnivore,CP,No,Invertivore
AVIBASE-0CD6A922,18.0,10.0,490.0,500.0,Forest,Carnivore,CP,No,Invertivore
AVIBASE-3E4F1ABF,11.5,0.0,600.0,600.0,Forest,Carnivore,CP,No,Invertivore
AVIBASE-0E7C7C85,13.0,900.0,500.0,1400.0,Forest,Carnivore,CP,No,Invertivore
AVIBASE-E2F7F6EC,13.075,100.0,750.0,850.0,Forest,Carnivore,CP,No,Invertivore
AVIBASE-0E48C9D0,14.875,600.0,2700.0,3300.0,Forest,Carnivore,CP,No,Invertivore
AVIBASE-B494521A,22.73333,100.0,150.0,250.0,Forest,Carnivore,CP,No,Invertivore
AVIBASE-3B79D946,25.4,80.0,320.0,400.0,Forest,Carnivore,CP,No,Invertivore
AVIBASE-57570D50,29.6,140.0,360.0,500.0,Forest,Carnivore,,No,Invertivore
AVIBASE-F7B01321,29.6,0.0,520.0,520.0,Forest,Carnivore,,No,Invertivore
AVIBASE-555F96E9,29.6,450.0,280.0,730.0,Forest,Carnivore,,No,Invertivore
AVIBASE-20DE8C44,,,,,Forest,Carnivore,,No,Invertivore
AVIBASE-F20787D1,23.9,30.0,810.0,840.0,Forest,Carnivore,,No,Invertivore
AVIBASE-4E66CF41,,,,,Forest,Carnivore,,No,Invertivore
AVIBASE-01C20C03,43.5,50.0,650.0,700.0,Forest,Carnivore,,No,Invertivore
AVIBASE-074CF186,,0.0,450.0,450.0,Forest,Carnivore,,No,Invertivore
AVIBASE-F410F3C2,,0.0,82.0,82.0,Forest,Carnivore,,No,Invertivore
AVIBASE-0AE94E4B,12.0,0.0,1000.0,1000.0,Forest,Carnivore,CP,No,Invertivore
AVIBASE-6977F1E6,17.3,0.0,1200.0,1200.0,Forest,Carnivore,CP,No,Invertivore
AVIBASE-9884A24C,24.75,0.0,1800.0,1800.0,Forest,Carnivore,CP,No,Invertivore
AVIBASE-9CC45BB1,25.45,0.0,1200.0,1200.0,Forest,Carnivore,CP,No,Invertivore
AVIBASE-19CB1D6A,42.03333,0.0,1200.0,1200.0,Forest,Carnivore,,No,Invertivore
AVIBASE-011A5D07,,0.0,550.0,550.0,Forest,Carnivore,,No,Invertivore
AVIBASE-47604004,33.0,0.0,100.0,100.0,Forest,Carnivore,,No,Invertivore
AVIBASE-5159D2D4,,0.0,435.0,435.0,Forest,Carnivore,,No,Invertivore
AVIBASE-ADD8E888,14.81667,750.0,1360.0,2110.0,Forest,Carnivore,CP,No,Invertivore
AVIBASE-691BA700,15.96667,0.0,850.0,850.0,Forest,Carnivore,CP,No,Invertivore
AVIBASE-3B582AC8,,0.0,1000.0,1000.0,Forest,Carnivore,,No,Invertivore
AVIBASE-E1D6FE15,,700.0,200.0,900.0,Forest,Carnivore,,No,Invertivore
AVIBASE-9E53BDE4,17.5,0.0,150.0,150.0,Forest,Carnivore,,No,Invertivore
AVIBASE-B0FE07C2,12.0,0.0,1200.0,1200.0,Forest,Carnivore,CP,No,Invertivore
AVIBASE-058B4E9A,,0.0,625.0,625.0,Forest,Carnivore,,No,Invertivore
AVIBASE-0D60F7F0,,0.0,520.0,520.0,Forest,Carnivore,,No,Invertivore
AVIBASE-91312BF0,19.25,0.0,600.0,600.0,Forest,Carnivore,CP,No,Invertivore
AVIBASE-3307E31E,,0.0,240.0,240.0,Forest,Carnivore,,No,Invertivore
AVIBASE-F3D4B19D,,0.0,600.0,600.0,Forest,Carnivore,,No,Invertivore
AVIBASE-EE23F0DC,20.0,0.0,375.0,375.0,Forest,Carnivore,,No,Invertivore
AVIBASE-FD488DFD,,0.0,700.0,700.0,Forest,Carnivore,,No,Invertivore
AVIBASE-82331F19,,0.0,500.0,500.0,Forest,Carnivore,,No,Invertivore
AVIBASE-187C3E24,23.3,0.0,1400.0,1400.0,Forest,Carnivore,CP,No,Invertivore
AVIBASE-A90EA4D2,22.0,0.0,200.0,200.0,Forest,Carnivore,,No,Invertivore
AVIBASE-5440FDFB,22.75,250.0,750.0,1000.0,Forest,Carnivore,CP,No,Invertivore
AVIBASE-7E685EB2,21.0,0.0,1000.0,1000.0,Forest,Carnivore,CP,No,Invertivore
AVIBASE-2D2593B0,17.41667,0.0,800.0,800.0,Forest,Carnivore,,No,Invertivore
AVIBASE-DA2D8A5E,,0.0,1200.0,1200.0,Forest,Carnivore,,No,Invertivore
AVIBASE-9215DC4C,,0.0,280.0,280.0,Forest,Carnivore,CP,No,Invertivore
AVIBASE-3B7F9622,32.5,0.0,1460.0,1460.0,Forest,Carnivore,CP,No,Invertivore
AVIBASE-6ADE606E,23.86667,0.0,800.0,800.0,Forest,Carnivore,CP,No,Invertivore
AVIBASE-A9D5F566,20.5,400.0,1200.0,1600.0,Forest,Carnivore,CP,No,Invertivore
AVIBASE-0FC48675,26.96667,0.0,1200.0,1200.0,Forest,Carnivore,,No,Invertivore
AVIBASE-B1195D31,27.5,0.0,1040.0,1040.0,Forest,Carnivore,,No,Invertivore
AVIBASE-6D285BEE,30.75,0.0,,,Forest,Carnivore,,No,Invertivore
AVIBASE-421C9B38,17.975,0.0,1100.0,1100.0,Forest,Carnivore,CP,No,Invertivore
AVIBASE-5280B180,,0.0,170.0,170.0,Forest,Carnivore,,No,Invertivore
AVIBASE-52228B7B,,0.0,170.0,170.0,Forest,Carnivore,CP,No,Invertivore
AVIBASE-D8AF3430,12.625,0.0,1000.0,1000.0,Shrubland,Carnivore,CP,No,Invertivore
AVIBASE-1EE395CD,14.0,160.0,1040.0,1200.0,Forest,Carnivore,,No,Invertivore
AVIBASE-640B813A,,0.0,700.0,700.0,Forest,Carnivore,,No,Invertivore
AVIBASE-6778547A,14.36667,0.0,750.0,750.0,Forest,Carnivore,CP,No,Invertivore
AVIBASE-F25F2B9A,19.25,0.0,1500.0,1500.0,Forest,Carnivore,CP,No,Invertivore
AVIBASE-8FCA9FAC,15.5,0.0,1500.0,1500.0,Forest,Carnivore,CP,No,Invertivore
AVIBASE-C468414C,12.0,,,,Forest,Carnivore,CP,No,Invertivore
AVIBASE-1AE95762,13.13333,0.0,900.0,900.0,Forest,Carnivore,CP,No,Invertivore
AVIBASE-40BC6550,84.1,0.0,1000.0,1000.0,Grassland,Carnivore,CP,No,Invertivore
AVIBASE-DDA62908,39.83333,400.0,1900.0,2300.0,Forest,Carnivore,CP,No,Invertivore
AVIBASE-DD59969A,,0.0,440.0,440.0,Forest,Carnivore,,No,Invertivore
AVIBASE-EE035E28,,0.0,200.0,200.0,Forest,Carnivore,CP,No,Invertivore
AVIBASE-20D6AE5B,11.5,0.0,500.0,500.0,Forest,Carnivore,,No,Invertivore
AVIBASE-164C3F46,,0.0,500.0,500.0,Forest,Carnivore,CP,No,Invertivore
AVIBASE-052CD650,11.0,0.0,150.0,150.0,Forest,Carnivore,CP,No,Invertivore
AVIBASE-BF5FCA86,,0.0,400.0,400.0,Forest,Carnivore,,No,Invertivore
AVIBASE-CCCF40F2,12.0,0.0,500.0,500.0,Forest,Carnivore,CP,No,Invertivore
AVIBASE-84E82B76,12.25,0.0,1500.0,1500.0,Forest,Carnivore,CP,No,Invertivore
AVIBASE-17D07BD8,11.5,0.0,700.0,700.0,Forest,Carnivore,,No,Invertivore
AVIBASE-9C27FAE0,10.93333,0.0,1100.0,1100.0,Woodland,Carnivore,CP,No,Invertivore
AVIBASE-46DFA747,12.4,0.0,1100.0,1100.0,Forest,Carnivore,CP,No,Invertivore
AVIBASE-92CCC2A9,,0.0,500.0,500.0,Forest,Carnivore,,No,Invertivore
AVIBASE-D37D32F3,12.75,0.0,500.0,500.0,Forest,Carnivore,CP,No,Invertivore
AVIBASE-9B34EDF7,12.75,,,,Forest,Carnivore,CP,No,Invertivore
AVIBASE-EAF37025,11.14,0.0,250.0,250.0,Coastal,Carnivore,CP,No,Invertivore
AVIBASE-32EAD9E6,17.5,0.0,1400.0,1400.0,Shrubland,Carnivore,CP,No,Invertivore
AVIBASE-CE626FAD,25.5,0.0,1220.0,1220.0,Riverine,Carnivore,CP,No,Invertivore
AVIBASE-F33032D8,19.0,0.0,1500.0,1500.0,Forest,Carnivore,CP,No,Invertivore
AVIBASE-CA6E8F69,20.0,0.0,1500.0,1500.0,Forest,Carnivore,CP,No,Invertivore
AVIBASE-BC87EEDE,20.0,0.0,200.0,200.0,Forest,Carnivore,,No,Invertivore
AVIBASE-FC57A59E,13.5,0.0,,,Riverine,Carnivore,CP,No,Invertivore
AVIBASE-D15675EE,21.83333,0.0,1220.0,1220.0,Woodland,Carnivore,CP,No,Invertivore
AVIBASE-0C6B4B57,97.48333,0.0,1800.0,1800.0,Forest,Carnivore,HC,No,Invertivore
AVIBASE-866D07A0,51.66667,0.0,1400.0,1400.0,Woodland,Carnivore,,No,Invertivore
AVIBASE-02C6C2ED,65.3,0.0,1000.0,1000.0,Woodland,Carnivore,CP,No,Invertivore
AVIBASE-E44FAD6F,68.48,500.0,1700.0,2200.0,Grassland,Carnivore,CP,No,Invertivore
AVIBASE-56A7F384,79.7,0.0,1800.0,1800.0,Woodland,Carnivore,,No,Invertivore
AVIBASE-836EDA33,73.75,0.0,1600.0,1600.0,Grassland,Carnivore,CP,No,Invertivore
AVIBASE-02B6A30C,54.0,600.0,1300.0,1900.0,Woodland,Carnivore,CP,No,Invertivore
AVIBASE-64772F0F,50.25,0.0,1600.0,1600.0,Shrubland,Carnivore,CP,No,Invertivore
AVIBASE-DB2501EE,64.5,0.0,2800.0,2800.0,Shrubland,Carnivore,CP,No,Vertivore
AVIBASE-F7932185,49.0,0.0,2000.0,2000.0,Grassland,Carnivore,CP,No,Invertivore
AVIBASE-36171C2B,47.2,0.0,3000.0,3000.0,Grassland,Carnivore,CP,No,Invertivore
AVIBASE-A804EABE,70.0,3000.0,2200.0,5200.0,Shrubland,Carnivore,,No,Invertivore
AVIBASE-7DEB77F3,92.525,0.0,1100.0,1100.0,Grassland,Carnivore,CP,No,Invertivore
AVIBASE-EDE09959,60.33333,0.0,1200.0,1200.0,Grassland,Carnivore,CP,No,Invertivore
AVIBASE-76158864,68.0,0.0,1250.0,1250.0,Forest,Carnivore,CP,No,Vertivore
AVIBASE-E90CC64A,22.25,0.0,1000.0,1000.0,Woodland,Carnivore,CP,No,Invertivore
AVIBASE-892BF67B,22.4,0.0,700.0,700.0,Forest,Carnivore,,No,Invertivore
AVIBASE-5792867A,39.73333,0.0,,,Woodland,Carnivore,CP,No,Invertivore
AVIBASE-26DE1233,23.5,150.0,1350.0,1500.0,Grassland,Carnivore,,No,Invertivore
AVIBASE-72387112,35.53333,0.0,2200.0,2200.0,Grassland,Carnivore,CP,No,Invertivore
AVIBASE-94A446EA,24.33333,1000.0,800.0,1800.0,Woodland,Carnivore,CP,No,Invertivore
AVIBASE-5792867A,40.35,0.0,3350.0,3350.0,Grassland,Carnivore,CP,No,Invertivore
AVIBASE-8852337B,48.1,0.0,2200.0,2200.0,Grassland,Carnivore,CP,No,Invertivore
AVIBASE-7E70D490,39.66667,0.0,2000.0,2000.0,Woodland,Carnivore,CP,No,Invertivore
AVIBASE-EA411063,26.0,0.0,2500.0,2500.0,Forest,Carnivore,CP,No,Invertivore
AVIBASE-73643138,30.5,0.0,1000.0,1000.0,Woodland,Carnivore,CP,No,Invertivore
AVIBASE-FED81571,22.0,0.0,2000.0,2000.0,Shrubland,Carnivore,CP,No,Invertivore
AVIBASE-97166F72,29.75,200.0,2200.0,2400.0,Shrubland,Carnivore,CP,No,Invertivore
AVIBASE-F2CEFD1A,28.66667,0.0,2000.0,2000.0,Shrubland,Carnivore,CP,No,Invertivore
AVIBASE-EE7915A2,28.7,0.0,3500.0,3500.0,Shrubland,Carnivore,CP,No,Invertivore
AVIBASE-314A1AB9,39.45,1200.0,1200.0,2400.0,Forest,Carnivore,,No,Invertivore
AVIBASE-E4968582,32.16667,0.0,1800.0,1800.0,Shrubland,Carnivore,CP,No,Invertivore
AVIBASE-A4C59A23,42.35,0.0,2700.0,2700.0,Shrubland,Carnivore,CP,No,Invertivore
AVIBASE-69FC190B,50.16667,0.0,3000.0,3000.0,Shrubland,Carnivore,CP,No,Invertivore
AVIBASE-DB5F2609,46.66667,2700.0,1800.0,4500.0,Grassland,Carnivore,CP,No,Invertivore
AVIBASE-26DBCCE0,180.0,0.0,900.0,900.0,Forest,Omnivore,"PL,HC",No,Omnivore
AVIBASE-93908467,180.0,0.0,300.0,300.0,Forest,Omnivore,"PL,HC",No,Omnivore
AVIBASE-43E62467,86.56667,0.0,2200.0,2200.0,Forest,Omnivore,CP,No,Omnivore
AVIBASE-19033BD5,103.625,2900.0,1366.0,4266.0,Forest,Omnivore,,No,Omnivore
AVIBASE-69A6E32F,71.425,0.0,3050.0,3050.0,Forest,Omnivore,"CP,PL",No,Omnivore
AVIBASE-2308B348,168.33333,1600.0,1600.0,3200.0,Forest,Carnivore,,No,Invertivore
AVIBASE-0754FD7D,200.0,1600.0,1550.0,3150.0,Forest,Carnivore,,No,Invertivore
AVIBASE-C0A71EF3,99.25,1600.0,1400.0,3000.0,Forest,Carnivore,,No,Invertivore
AVIBASE-0844621D,97.5,1850.0,1150.0,3000.0,Forest,Carnivore,CP,No,Invertivore
AVIBASE-9C916E02,97.25,900.0,1400.0,2300.0,Forest,Carnivore,CP,No,Invertivore
AVIBASE-F87415DC,96.8,800.0,1300.0,2100.0,Forest,Carnivore,"CP,PL",No,Invertivore
AVIBASE-642F6054,52.5,1500.0,1500.0,3000.0,Forest,Carnivore,,No,Invertivore
AVIBASE-945C18FA,40.46667,1600.0,1450.0,3050.0,Forest,Carnivore,CP,No,Invertivore
AVIBASE-932A34CA,51.95,1800.0,1700.0,3500.0,Forest,Carnivore,,No,Invertivore
AVIBASE-A804CFF2,200.0,2000.0,1200.0,3200.0,Forest,Omnivore,,No,Omnivore
AVIBASE-0E51C3D5,233.5,0.0,1800.0,1800.0,Woodland,Omnivore,CP,No,Omnivore
AVIBASE-F0B23CDA,208.63333,0.0,1400.0,1400.0,Woodland,Omnivore,CP,No,Omnivore
AVIBASE-AD6BFD7E,198.55,0.0,2500.0,2500.0,Woodland,Omnivore,,No,Omnivore
AVIBASE-D435058A,272.0,0.0,1000.0,1000.0,Forest,Herbivore,CP,No,Omnivore
AVIBASE-6D69986E,243.66667,0.0,1100.0,1100.0,Forest,Omnivore,,No,Omnivore
AVIBASE-F39AEC44,201.5,0.0,2000.0,2000.0,Woodland,Omnivore,,No,Omnivore
AVIBASE-85FA7893,178.3,600.0,500.0,1100.0,Shrubland,Omnivore,CP,No,Omnivore
AVIBASE-361B447A,75.625,900.0,2100.0,3000.0,Woodland,Omnivore,HC,No,Omnivore
AVIBASE-B3CB727E,154.5,0.0,2600.0,2600.0,Woodland,Omnivore,,No,Omnivore
AVIBASE-F4C0C70B,101.45,600.0,1800.0,2400.0,Forest,Carnivore,,No,Invertivore
AVIBASE-6462D4B8,116.93333,0.0,500.0,500.0,Forest,Omnivore,"HC,PL",No,Omnivore
AVIBASE-97E7CC5E,193.76667,0.0,600.0,600.0,Forest,Omnivore,PL,No,Omnivore
AVIBASE-DB6DC76D,110.03333,0.0,1200.0,1200.0,Forest,Omnivore,,No,Omnivore
AVIBASE-735CC47C,178.5,1500.0,600.0,2100.0,Forest,Omnivore,,No,Omnivore
AVIBASE-C63A2BBF,206.4,0.0,2600.0,2600.0,Forest,Herbivore,,No,Frugivore
AVIBASE-40FA7C73,183.0,100.0,150.0,250.0,Forest,Omnivore,"HC,PL",No,Omnivore
AVIBASE-7629D2C2,172.0,,,,Grassland,Omnivore,CP,No,Omnivore
AVIBASE-9E218A3A,180.2,0.0,1100.0,1100.0,Woodland,Omnivore,CP,No,Omnivore
AVIBASE-5A64A7E7,162.0,0.0,1500.0,1500.0,Forest,Omnivore,CP,No,Omnivore
AVIBASE-70FE041E,135.0,400.0,700.0,1100.0,Shrubland,Omnivore,,No,Omnivore
AVIBASE-1DA430B8,75.70667,0.0,1000.0,1000.0,Woodland,Omnivore,"CP,PL",No,Omnivore
AVIBASE-2225D685,119.75,0.0,3500.0,3500.0,Forest,Omnivore,PL,No,Omnivore
AVIBASE-56B8CE7A,113.075,880.0,2470.0,3350.0,Forest,Omnivore,PL,No,Omnivore
AVIBASE-8A6D655E,129.0,1000.0,2350.0,3350.0,Forest,Herbivore,"CP,PL",No,Omnivore
AVIBASE-9E9E1171,131.83333,1500.0,1500.0,3000.0,Forest,Omnivore,CP,No,Omnivore
AVIBASE-0B0B18C4,78.75,0.0,2400.0,2400.0,Shrubland,Omnivore,"CP,PL",No,Omnivore
AVIBASE-EC9E9745,83.875,1200.0,1200.0,2400.0,Woodland,Omnivore,CP,No,Omnivore
AVIBASE-0B136C63,115.75,0.0,750.0,750.0,Shrubland,Omnivore,CP,No,Omnivore
AVIBASE-D78D24B9,76.25,0.0,100.0,100.0,Shrubland,Omnivore,"CP,PL",No,Omnivore
AVIBASE-A6905B3C,104.35,1000.0,2000.0,3000.0,Forest,Omnivore,CP,No,Omnivore
AVIBASE-D8D10F2C,161.33333,0.0,3600.0,3600.0,Woodland,Omnivore,"CP,CV",No,Omnivore
AVIBASE-D8D10F2C,122.0,0.0,3600.0,3600.0,Woodland,Omnivore,CP,No,Omnivore
AVIBASE-F282B48C,94.75,1500.0,2500.0,4000.0,Forest,Omnivore,CP,No,Omnivore
AVIBASE-81DD5700,125.0,0.0,1000.0,1000.0,Forest,Omnivore,CP,No,Omnivore
AVIBASE-659D6E44,96.5,0.0,1600.0,1600.0,Woodland,Omnivore,CP,No,Omnivore
AVIBASE-D30A8AE1,72.5,0.0,700.0,700.0,Woodland,Omnivore,CP,No,Omnivore
AVIBASE-326EA4E0,196.0,50.0,2050.0,2100.0,Forest,Carnivore,,No,Invertivore
AVIBASE-5B15BB69,257.0,400.0,600.0,1000.0,Forest,Omnivore,PL,No,Omnivore
AVIBASE-CEBD0625,154.33333,1000.0,2600.0,3600.0,Forest,Carnivore,"CP,PL",No,Omnivore
AVIBASE-76C44D5A,150.5,0.0,1500.0,1500.0,Forest,Carnivore,"CP,PL",No,Omnivore
AVIBASE-F24832F2,200.0,50.0,1350.0,1400.0,Forest,Omnivore,PL,No,Omnivore
AVIBASE-99F2C234,230.0,0.0,1500.0,1500.0,Forest,Omnivore,CP,No,Omnivore
AVIBASE-ED4011E9,126.66667,600.0,1500.0,2100.0,Forest,Carnivore,CP,No,Omnivore
AVIBASE-63D31D90,125.0,0.0,1600.0,1600.0,Forest,Carnivore,CP,No,Omnivore
AVIBASE-7DDA43DF,125.0,500.0,1500.0,2000.0,Forest,Carnivore,CP,No,Invertivore
AVIBASE-7B4271FE,,1400.0,1335.0,2735.0,Forest,Carnivore,CP,No,Invertivore
AVIBASE-959E1633,111.6,0.0,2100.0,2100.0,Woodland,Carnivore,CP,No,Omnivore
AVIBASE-BF723D53,95.0,400.0,1900.0,2300.0,Forest,Omnivore,,No,Omnivore
AVIBASE-1DF3553B,125.0,300.0,2300.0,2600.0,Forest,Omnivore,CP,No,Omnivore
AVIBASE-81FFAAC2,104.16667,550.0,1750.0,2300.0,Forest,Omnivore,CP,No,Omnivore
AVIBASE-C7567600,107.73333,60.0,1440.0,1500.0,Forest,Omnivore,CP,No,Omnivore
AVIBASE-DDA66E07,100.0,600.0,1500.0,2100.0,Forest,Omnivore,,No,Omnivore
AVIBASE-A26B2BBB,102.5,0.0,500.0,500.0,Forest,Omnivore,,No,Omnivore
AVIBASE-A1807D70,129.5,0.0,1000.0,1000.0,Forest,Omnivore,CP,No,Omnivore
AVIBASE-45BED67C,132.5,,,950.0,Woodland,Carnivore,DM,No,Invertivore
AVIBASE-8D4720DA,138.0,0.0,1500.0,1500.0,Forest,Carnivore,,No,Invertivore
AVIBASE-45E78660,217.5,0.0,,,Shrubland,Omnivore,DM,No,Omnivore
AVIBASE-3FA7E460,180.0,0.0,2300.0,2300.0,Grassland,Omnivore,DM,No,Omnivore
AVIBASE-381534F5,200.0,2200.0,800.0,3000.0,Forest,Omnivore,DM,No,Omnivore
AVIBASE-44F22552,,,,4400.0,Shrubland,Carnivore,DM,No,Omnivore
AVIBASE-7D3B961F,208.75,,,,Shrubland,Carnivore,DM,No,Omnivore
AVIBASE-640D71AA,176.75,0.0,,,Shrubland,Carnivore,CP,No,Omnivore
AVIBASE-538A9CA7,151.25,0.0,550.0,550.0,Shrubland,Carnivore,SP,No,Invertivore
AVIBASE-D083CE58,130.0,1300.0,500.0,1800.0,Grassland,Carnivore,SP,No,Invertivore
AVIBASE-AF49B4CF,124.0,1000.0,700.0,1700.0,Desert,Omnivore,CP,No,Omnivore
AVIBASE-D0BB7612,131.75,900.0,300.0,1200.0,Desert,Omnivore,CP,No,Omnivore
AVIBASE-3137BF2B,91.0,0.0,1000.0,1000.0,Desert,Omnivore,"CP,DM",No,Omnivore
AVIBASE-6F3A7C95,87.5,900.0,1100.0,2000.0,Desert,Omnivore,CP,No,Omnivore
AVIBASE-D1FC2D6B,132.495,300.0,3600.0,3900.0,Forest,Herbivore,PL,No,Granivore
AVIBASE-D9B001DF,172.33333,0.0,3000.0,3000.0,Forest,Herbivore,CP,No,Granivore
AVIBASE-2AF8ECCE,166.75,0.0,4000.0,4000.0,Forest,Herbivore,CP,No,Granivore
AVIBASE-8D0D1D1C,170.83333,2000.0,1000.0,3000.0,Forest,Herbivore,CP,No,Granivore
AVIBASE-18D2C42A,289.0,0.0,6000.0,6000.0,Coastal,Carnivore,CV,No,Invertivore
AVIBASE-45B512E2,221.25,1260.0,3740.0,5000.0,Rock,Omnivore,CV,No,Omnivore
AVIBASE-4C35510F,126.33333,0.0,1500.0,1500.0,Grassland,Omnivore,CP,No,Omnivore
AVIBASE-D4C32F8E,200.5,0.0,2000.0,2000.0,Human Modified,Omnivore,CV,No,Omnivore
AVIBASE-9F784AB1,169.33333,0.0,2000.0,2000.0,Grassland,Omnivore,CV,No,Omnivore
AVIBASE-39868903,299.5,0.0,1600.0,1600.0,Human Modified,Carnivore,,No,Omnivore
AVIBASE-985A5F40,297.5,0.0,1000.0,1000.0,Woodland,Omnivore,CP,No,Omnivore
AVIBASE-927A64D1,175.0,0.0,2150.0,2150.0,Forest,Carnivore,,No,Invertivore
AVIBASE-8D44B0A0,175.0,300.0,700.0,1000.0,Forest,Carnivore,,No,Invertivore
AVIBASE-C195CB92,253.5,0.0,600.0,600.0,Forest,Omnivore,CP,No,Omnivore
AVIBASE-D29583DE,269.5,0.0,1000.0,1000.0,Forest,Omnivore,,No,Omnivore
AVIBASE-7D09E879,251.0,0.0,1000.0,1000.0,Forest,Omnivore,,No,Omnivore
AVIBASE-CE62EFDD,175.0,0.0,950.0,950.0,Forest,Omnivore,,No,Omnivore
AVIBASE-1EF8429F,235.66667,0.0,500.0,500.0,Forest,Omnivore,"CP,PL",No,Omnivore
AVIBASE-11715120,300.0,0.0,1150.0,1150.0,Forest,Herbivore,,No,Frugivore
AVIBASE-ACCF9106,536.2,0.0,1000.0,1000.0,Forest,Omnivore,,No,Omnivore
AVIBASE-667E6F77,,0.0,1600.0,1600.0,Forest,Omnivore,,No,Omnivore
AVIBASE-EC8ED8A4,,0.0,500.0,500.0,Forest,Herbivore,,No,Frugivore
AVIBASE-63AF4DB2,635.0,0.0,1500.0,1500.0,Forest,Herbivore,CP,No,Frugivore
AVIBASE-562E17AB,581.2,0.0,2500.0,2500.0,Grassland,Omnivore,CP,No,Omnivore
AVIBASE-1078FFEA,451.83333,0.0,2000.0,2000.0,Human Modified,Omnivore,CP,No,Omnivore
AVIBASE-69544B59,455.93333,0.0,1800.0,1800.0,Grassland,Omnivore,CP,No,Omnivore
AVIBASE-2F784967,384.25,0.0,1700.0,1700.0,Coastal,Omnivore,CP,No,Omnivore
AVIBASE-AFDBC76B,223.0,0.0,900.0,900.0,Shrubland,Carnivore,,No,Omnivore
AVIBASE-A1C7E620,243.5,0.0,1000.0,1000.0,Forest,Omnivore,,No,Omnivore
AVIBASE-43E56D2C,272.825,0.0,1000.0,1000.0,Coastal,Omnivore,CP,No,Omnivore
AVIBASE-FC9516DF,255.0,0.0,2000.0,2000.0,Forest,Omnivore,PL,No,Omnivore
AVIBASE-E791045B,289.0,0.0,600.0,600.0,Human Modified,Omnivore,PL,No,Omnivore
AVIBASE-58AEF90C,337.5,600.0,600.0,1200.0,Forest,Omnivore,PL,No,Omnivore
AVIBASE-4B69D1CC,420.0,0.0,1500.0,1500.0,Forest,Omnivore,PL,No,Omnivore
AVIBASE-CC4B3F51,,0.0,1500.0,1500.0,Forest,Omnivore,PL,No,Omnivore
AVIBASE-2CDECD36,520.0,730.0,1160.0,1890.0,Forest,Omnivore,,No,Omnivore
AVIBASE-E4EE9AC4,527.83333,0.0,3600.0,3600.0,Human Modified,Carnivore,PL,No,Omnivore
AVIBASE-F13D8350,487.5,0.0,2050.0,2050.0,Human Modified,Carnivore,CP,No,Omnivore
AVIBASE-BD63FF46,444.66667,0.0,60.0,60.0,Shrubland,Omnivore,,No,Omnivore
AVIBASE-F4C4F838,626.66667,0.0,5000.0,5000.0,Forest,Omnivore,PL,No,Omnivore
AVIBASE-3E47E56F,517.0,0.0,1500.0,1500.0,Forest,Omnivore,CP,No,Omnivore
AVIBASE-30485389,486.0,0.0,1500.0,1500.0,Forest,Omnivore,CP,No,Omnivore
AVIBASE-4DADACA1,405.33333,0.0,1000.0,1000.0,Shrubland,Carnivore,CP,No,Omnivore
AVIBASE-2CABE055,647.5,0.0,1500.0,1500.0,Woodland,Carnivore,CP,No,Omnivore
AVIBASE-DE78C792,523.0,0.0,2000.0,2000.0,Shrubland,Carnivore,CP,No,Omnivore
AVIBASE-1D45897E,660.0,0.0,2000.0,2000.0,Shrubland,Carnivore,CP,No,Omnivore
AVIBASE-34D538E1,550.75,0.0,3700.0,3700.0,Woodland,Omnivore,,No,Omnivore
AVIBASE-F2024545,563.66667,0.0,2000.0,2000.0,Desert,Omnivore,CP,No,Omnivore
AVIBASE-9DBAAB1D,442.5,0.0,2000.0,2000.0,Desert,Carnivore,CP,No,Omnivore
AVIBASE-B9B272F4,878.33333,0.0,6000.0,6000.0,Forest,Carnivore,"CP,PL",No,Omnivore
AVIBASE-F3B84E07,523.5,0.0,2400.0,2400.0,Shrubland,Omnivore,CP,No,Omnivore
AVIBASE-32C216E2,633.2,-430.0,2830.0,2400.0,Grassland,Omnivore,CP,No,Omnivore
AVIBASE-EA326EA2,962.0,1000.0,2000.0,3000.0,Rock,Carnivore,CP,No,Omnivore
AVIBASE-4C6B515D,1135.0,1500.0,1500.0,3000.0,Rock,Carnivore,PL,No,Omnivore
AVIBASE-D7FD3046,352.5,0.0,500.0,500.0,Woodland,Omnivore,CP,No,Omnivore
AVIBASE-5811EC08,132.5,0.0,500.0,500.0,Shrubland,Omnivore,CP,No,Omnivore
AVIBASE-3F1AEE95,38.66667,2000.0,800.0,2800.0,Forest,Carnivore,DM,No,Invertivore
AVIBASE-587D3DB6,205.0,650.0,750.0,1400.0,Forest,Carnivore,PN,No,Invertivore
AVIBASE-433A907D,32.3,2000.0,900.0,2900.0,Forest,Carnivore,CP,No,Invertivore
AVIBASE-EED2D4AE,260.0,0.0,1700.0,1700.0,Forest,Herbivore,CP,No,Frugivore
AVIBASE-4BD91D48,309.0,0.0,1220.0,1220.0,Forest,Herbivore,CP,No,Frugivore
AVIBASE-A841C913,223.0,0.0,1100.0,1100.0,Forest,Herbivore,CP,No,Frugivore
AVIBASE-8563ADE6,206.0,0.0,500.0,500.0,Forest,Omnivore,CP,No,Omnivore
AVIBASE-80BAF2B9,211.0,500.0,100.0,600.0,Forest,Herbivore,,No,Frugivore
AVIBASE-657BF6D8,433.0,0.0,2000.0,2000.0,Forest,Herbivore,,No,Frugivore
AVIBASE-2B543348,170.5,900.0,900.0,1800.0,Forest,Herbivore,HC,No,Frugivore
AVIBASE-F911AF79,170.0,1400.0,700.0,2100.0,Forest,Herbivore,,No,Frugivore
AVIBASE-1444D04F,163.75,1600.0,800.0,2400.0,Forest,Herbivore,CP,No,Frugivore
AVIBASE-58CC9EE3,190.0,1700.0,550.0,2250.0,Forest,Omnivore,,No,Omnivore
AVIBASE-AAC25028,132.5,2100.0,600.0,2700.0,Forest,Herbivore,,No,Frugivore
AVIBASE-8F49F932,139.25,2450.0,1000.0,3450.0,Forest,Herbivore,CP,No,Frugivore
AVIBASE-81167821,148.75,1500.0,1300.0,2800.0,Forest,Herbivore,,No,Frugivore
AVIBASE-2B6125A5,188.5,1460.0,1550.0,3010.0,Forest,Omnivore,HC,No,Omnivore
AVIBASE-9E0C32C5,176.25,1100.0,800.0,1900.0,Forest,Omnivore,,No,Omnivore
AVIBASE-2CEE58D1,159.33333,1450.0,350.0,1800.0,Forest,Omnivore,,No,Omnivore
AVIBASE-60679E85,143.0,1100.0,900.0,2000.0,Forest,Omnivore,,No,Omnivore
AVIBASE-5F5A22B4,162.5,1200.0,700.0,1900.0,Forest,Herbivore,HC,No,Frugivore
AVIBASE-EDEAF400,160.75,1200.0,700.0,1900.0,Forest,Herbivore,,No,Frugivore
AVIBASE-29679CC7,157.5,1100.0,600.0,1700.0,Forest,Omnivore,,No,Omnivore
AVIBASE-299479DE,82.75,1800.0,700.0,2500.0,Forest,Herbivore,HC,No,Frugivore
AVIBASE-507F94D7,76.0,1650.0,250.0,1900.0,Forest,Omnivore,CP,No,Omnivore
AVIBASE-847EFC94,73.5,1650.0,250.0,1900.0,Forest,Omnivore,,No,Omnivore
AVIBASE-612E3B48,120.25,200.0,1000.0,1200.0,Forest,Carnivore,HC,No,Invertivore
AVIBASE-A19AD1E4,95.75,0.0,1200.0,1200.0,Forest,Omnivore,CP,No,Omnivore
AVIBASE-D3B4EDA8,163.0,0.0,700.0,700.0,Forest,Herbivore,,No,Frugivore
AVIBASE-4A27D2EB,155.0,0.0,700.0,700.0,Forest,Herbivore,,No,Frugivore
AVIBASE-7F57334C,245.75,1800.0,350.0,2150.0,Forest,Omnivore,,No,Omnivore
AVIBASE-6117EEE5,199.0,1900.0,1000.0,2900.0,Forest,Omnivore,HC,No,Omnivore
AVIBASE-B6F1F3D3,113.0,1100.0,800.0,1900.0,Forest,Carnivore,,No,Invertivore
AVIBASE-7EF41BE0,168.75,0.0,180.0,180.0,Forest,Omnivore,,No,Omnivore
AVIBASE-249364E0,89.75,0.0,1400.0,1400.0,Forest,Omnivore,,No,Omnivore
AVIBASE-1B03A722,58.0,300.0,900.0,1200.0,Forest,Omnivore,,No,Omnivore
AVIBASE-77A0EB9D,51.0,0.0,400.0,400.0,Forest,Omnivore,CV,No,Omnivore
AVIBASE-5B56D6BE,148.75,250.0,900.0,1150.0,Forest,Herbivore,CP,No,Frugivore
AVIBASE-0EB8052B,183.75,0.0,180.0,180.0,Forest,Omnivore,HC,No,Omnivore
AVIBASE-4977903D,197.5,0.0,950.0,950.0,Forest,Omnivore,HC,No,Omnivore
AVIBASE-BD094FE6,221.75,0.0,1500.0,1500.0,Forest,Herbivore,CP,No,Frugivore
AVIBASE-A5CF883E,208.5,0.0,1550.0,1550.0,Forest,Herbivore,CP,No,Frugivore
AVIBASE-E7BFC77A,237.0,300.0,300.0,600.0,Forest,Omnivore,,No,Omnivore
AVIBASE-2215C01D,176.25,0.0,600.0,600.0,Forest,Omnivore,,No,Omnivore
AVIBASE-24369C90,257.5,670.0,680.0,1350.0,Forest,Herbivore,,No,Frugivore
AVIBASE-4EF0FE4A,159.25,1400.0,400.0,1800.0,Forest,Herbivore,CP,No,Frugivore
AVIBASE-F6555990,29.7,1200.0,1550.0,2750.0,Forest,Carnivore,"CP,CV",No,Invertivore
AVIBASE-90FA38FF,54.7,2800.0,920.0,3720.0,Forest,Carnivore,,No,Invertivore
AVIBASE-096C4DA1,34.58333,760.0,890.0,1650.0,Forest,Carnivore,,No,Invertivore
AVIBASE-3907E9E9,37.66667,400.0,1300.0,1700.0,Forest,Carnivore,CP,No,Invertivore
AVIBASE-92AA62A0,8.93333,1700.0,800.0,2500.0,Forest,Carnivore,CP,No,Invertivore
AVIBASE-F69C1AC7,11.73333,0.0,150.0,150.0,Forest,Carnivore,"CP,CV",No,Invertivore
AVIBASE-94D6C03B,20.13333,0.0,130.0,130.0,Grassland,Carnivore,CV,No,Invertivore
AVIBASE-329E7E89,22.75,0.0,200.0,200.0,Forest,Carnivore,CP,No,Invertivore
AVIBASE-1E93BEE8,29.775,0.0,,,Forest,Carnivore,CP,No,Invertivore
AVIBASE-658EF0D7,37.11667,0.0,1200.0,1200.0,Forest,Carnivore,CP,No,Invertivore
AVIBASE-C752BDF3,9.0,2750.0,1150.0,3900.0,Forest,Carnivore,,No,Invertivore
AVIBASE-D7B7C65F,,3850.0,750.0,4600.0,Shrubland,Carnivore,,No,Invertivore
AVIBASE-CC3C088D,15.0,0.0,320.0,320.0,Forest,Carnivore,CP,No,Invertivore
AVIBASE-A70DE4FC,8.0,0.0,1000.0,1000.0,Grassland,Carnivore,CP,No,Invertivore
AVIBASE-757B71A3,11.58333,0.0,1250.0,1250.0,Forest,Carnivore,CP,No,Invertivore
AVIBASE-8CB75D93,8.4,0.0,1000.0,1000.0,Forest,Carnivore,CP,No,Invertivore
AVIBASE-517E978A,10.26667,0.0,1000.0,1000.0,Forest,Carnivore,CP,No,Invertivore
AVIBASE-D3766504,12.96667,0.0,1800.0,1800.0,Shrubland,Carnivore,CP,No,Invertivore
AVIBASE-082099D1,11.25,0.0,1000.0,1000.0,Forest,Carnivore,CP,No,Invertivore
AVIBASE-4746C823,14.36667,1800.0,700.0,2500.0,Forest,Carnivore,CP,No,Invertivore
AVIBASE-FD1036BD,15.0,0.0,1200.0,1200.0,Forest,Carnivore,CP,No,Invertivore
AVIBASE-413503AF,11.26667,550.0,850.0,1400.0,Forest,Carnivore,CP,No,Invertivore
AVIBASE-ABDDA6D0,12.5,0.0,1050.0,1050.0,Forest,Carnivore,,No,Invertivore
AVIBASE-06999DE0,25.5,,,1800.0,Riverine,Carnivore,HC,No,Invertivore
AVIBASE-CCB5FC35,24.0,300.0,450.0,750.0,Riverine,Carnivore,,No,Invertivore
AVIBASE-00A4E68D,,0.0,50.0,50.0,Forest,Carnivore,CP,No,Invertivore
AVIBASE-ACCAFEAD,12.23333,0.0,670.0,670.0,Forest,Carnivore,HC,No,Invertivore
AVIBASE-8BDC8B1F,12.0,0.0,0.0,0.0,Coastal,Carnivore,HC,No,Invertivore
AVIBASE-C5A5486E,17.0,0.0,1000.0,1000.0,Forest,Carnivore,CP,No,Invertivore
AVIBASE-89BA2C94,47.0,500.0,950.0,1450.0,Forest,Carnivore,,No,Invertivore
AVIBASE-5FB7840A,44.93333,0.0,,,Forest,Carnivore,CP,No,Invertivore
AVIBASE-0608D05C,33.65,0.0,1000.0,1000.0,Shrubland,Carnivore,CP,No,Invertivore
AVIBASE-1A2A03C3,33.3,1700.0,700.0,2400.0,Forest,Carnivore,CP,No,Invertivore
AVIBASE-0B0E50E0,36.0,1700.0,900.0,2600.0,Forest,Carnivore,CP,No,Invertivore
AVIBASE-6C122D2F,37.16667,200.0,2400.0,2600.0,Forest,Carnivore,CP,No,Invertivore
AVIBASE-553BC5D4,38.56667,1800.0,950.0,2750.0,Forest,Carnivore,,No,Invertivore
AVIBASE-789991C9,25.0,0.0,650.0,650.0,Forest,Carnivore,,No,Invertivore
AVIBASE-A4623B67,17.75,0.0,1200.0,1200.0,Forest,Carnivore,,No,Invertivore
AVIBASE-09BEFD87,19.575,0.0,500.0,500.0,Riverine,Carnivore,CP,No,Invertivore
AVIBASE-055E5B40,20.125,0.0,,,Forest,Carnivore,CP,No,Invertivore
AVIBASE-547BFE9C,23.4,0.0,1000.0,1000.0,Shrubland,Carnivore,CP,No,Invertivore
AVIBASE-F3FC656C,25.36667,0.0,1200.0,1200.0,Forest,Carnivore,CP,No,Invertivore
AVIBASE-456CEEC0,22.9,2400.0,1500.0,3900.0,Forest,Carnivore,,No,Invertivore
AVIBASE-9B423379,18.96667,1400.0,1100.0,2500.0,Forest,Carnivore,,No,Invertivore
AVIBASE-D9B11F63,25.175,1500.0,1000.0,2500.0,Forest,Carnivore,CP,No,Invertivore
AVIBASE-08F565B0,23.08333,700.0,400.0,1100.0,Forest,Carnivore,,No,Invertivore
AVIBASE-F87556C7,19.25,0.0,0.0,0.0,Coastal,Carnivore,CP,No,Invertivore
AVIBASE-355D96C0,25.25,100.0,1350.0,1450.0,Forest,Carnivore,CP,No,Invertivore
AVIBASE-FB313820,21.2,0.0,1000.0,1000.0,Shrubland,Carnivore,CP,No,Invertivore
AVIBASE-6BD534AC,19.25,0.0,500.0,500.0,Forest,Carnivore,CP,No,Invertivore
AVIBASE-F5B2C19F,18.875,0.0,,,Forest,Carnivore,CP,No,Invertivore
AVIBASE-42D29B35,15.5,0.0,1500.0,1500.0,Forest,Carnivore,CP,No,Invertivore
AVIBASE-8AF3DD10,15.96667,600.0,1050.0,1650.0,Forest,Carnivore,CP,No,Invertivore
AVIBASE-30365337,209.5,0.0,800.0,800.0,Forest,Carnivore,CP,No,Invertivore
AVIBASE-C9B244E1,223.5,45.0,2055.0,2100.0,Forest,Carnivore,CP,No,Invertivore
AVIBASE-EE344F3D,53.6,800.0,2200.0,3000.0,Rock,Carnivore,CP,No,Invertivore
AVIBASE-CB9159AF,52.125,1800.0,1200.0,3000.0,Shrubland,Carnivore,CP,No,Invertivore
AVIBASE-BC5165E4,69.0,0.0,1300.0,1300.0,Forest,Carnivore,CP,No,Invertivore
AVIBASE-AEF821EC,59.7,0.0,3650.0,3650.0,Forest,Herbivore,CP,No,Frugivore
AVIBASE-F13AA87F,52.0,0.0,1500.0,1500.0,Forest,Herbivore,,No,Frugivore
AVIBASE-9437D635,33.025,0.0,3000.0,3000.0,Woodland,Herbivore,CP,No,Frugivore
AVIBASE-2AF8DBBD,58.66667,1500.0,1900.0,3400.0,Forest,Herbivore,CP,No,Frugivore
AVIBASE-18003191,33.6,1000.0,2500.0,3500.0,Forest,Omnivore,CP,No,Omnivore
AVIBASE-12D30D1A,30.66,1800.0,1200.0,3000.0,Forest,Omnivore,CP,No,Omnivore
AVIBASE-BD929CBC,22.6,61.0,1768.0,1829.0,Shrubland,Herbivore,CP,No,Frugivore
AVIBASE-D08193E0,51.88333,0.0,1100.0,1100.0,Woodland,Herbivore,CP,No,Frugivore
AVIBASE-A274284B,48.85,0.0,1500.0,1500.0,Woodland,Herbivore,DM,No,Frugivore
AVIBASE-511F5AF7,97.0,0.0,1500.0,1500.0,Forest,Herbivore,,No,Nectarivore
AVIBASE-D4D46BE5,38.5,0.0,1500.0,1500.0,Forest,Herbivore,CV,No,Nectarivore
AVIBASE-A9D4B4FA,49.5,0.0,1000.0,1000.0,Forest,Herbivore,,No,Nectarivore
AVIBASE-708DC3B5,53.13333,0.0,2000.0,2000.0,Forest,Herbivore,,No,Nectarivore
AVIBASE-07958FE0,55.0,0.0,2400.0,2400.0,Forest,Herbivore,CV,No,Nectarivore
AVIBASE-315A1AD2,,2000.0,1500.0,3500.0,Forest,Herbivore,,No,Frugivore
AVIBASE-9E9FDF8D,,1200.0,1540.0,2740.0,Forest,Herbivore,,No,Frugivore
AVIBASE-CF0C0E5D,5.5,760.0,3240.0,4000.0,Forest,Carnivore,CP,No,Invertivore
AVIBASE-D6F5D224,6.6,0.0,3000.0,3000.0,Shrubland,Carnivore,CP,No,Invertivore
AVIBASE-D9B57BA4,7.675,0.0,3100.0,3100.0,Woodland,Carnivore,CP,No,Invertivore
AVIBASE-15D49464,8.2,0.0,2500.0,2500.0,Forest,Carnivore,,No,Invertivore
AVIBASE-56209052,9.63333,0.0,2400.0,2400.0,Grassland,Carnivore,CP,No,Invertivore
AVIBASE-DB5D1D17,7.5,1600.0,900.0,2500.0,Forest,Carnivore,CP,No,Invertivore
AVIBASE-B01090EF,10.12,0.0,2150.0,2150.0,Forest,Carnivore,CP,No,Invertivore
AVIBASE-329CF549,8.58,900.0,1600.0,2500.0,Forest,Carnivore,CP,No,Invertivore
AVIBASE-18ED7458,8.7,600.0,2100.0,2700.0,Forest,Carnivore,CP,No,Invertivore
AVIBASE-501296F9,7.0,1800.0,2200.0,4000.0,Forest,Carnivore,CP,No,Invertivore
AVIBASE-02CF8BF8,7.0,900.0,2700.0,3600.0,Forest,Carnivore,PL,No,Invertivore
AVIBASE-2D6E3DBD,41.5,200.0,1800.0,2000.0,Woodland,Carnivore,,No,Invertivore
AVIBASE-59DFB1CC,12.81667,1200.0,2800.0,4000.0,Forest,Carnivore,,No,Invertivore
AVIBASE-D5567296,11.26667,2100.0,2475.0,4575.0,Forest,Carnivore,,No,Invertivore
AVIBASE-166CD440,8.91667,0.0,4570.0,4570.0,Forest,Carnivore,"CP,CV",No,Invertivore
AVIBASE-219D942F,12.05,350.0,2700.0,3050.0,Forest,Carnivore,,No,Invertivore
AVIBASE-EF7D309C,13.03333,0.0,2480.0,2480.0,Forest,Carnivore,,No,Invertivore
AVIBASE-15DACC11,12.85,0.0,2085.0,2085.0,Forest,Carnivore,,No,Invertivore
AVIBASE-E5531933,11.81667,0.0,2300.0,2300.0,Woodland,Carnivore,CP,No,Invertivore
AVIBASE-85491713,12.6,2000.0,2570.0,4570.0,Forest,Carnivore,PL,No,Invertivore
AVIBASE-4CB87DBB,10.4,300.0,2200.0,2500.0,Forest,Carnivore,PL,No,Invertivore
AVIBASE-715D4DDE,16.125,12.0,2182.0,2194.0,Woodland,Omnivore,,No,Omnivore
AVIBASE-E366AB90,17.225,686.0,1752.0,2438.0,Woodland,Omnivore,,No,Omnivore
AVIBASE-B488AB70,21.8,0.0,610.0,610.0,Forest,Carnivore,CP,No,Invertivore
AVIBASE-66698D9B,17.08333,0.0,2275.0,2275.0,Forest,Carnivore,,No,Invertivore
AVIBASE-B061340F,17.325,0.0,1600.0,1600.0,Woodland,Carnivore,,No,Invertivore
AVIBASE-3A79F96B,25.7,,,,Forest,Herbivore,,No,Granivore
AVIBASE-9ECF04CD,,,,,Forest,Carnivore,,No,Invertivore
AVIBASE-73CC2EE9,,0.0,1100.0,1100.0,Forest,Carnivore,,No,Invertivore
AVIBASE-5A832370,17.65,0.0,1150.0,1150.0,Forest,Carnivore,,No,Invertivore
AVIBASE-7C21AB68,11.25,3200.0,1035.0,4235.0,Shrubland,Carnivore,,No,Invertivore
AVIBASE-CEC34DA4,17.0,0.0,2200.0,2200.0,Shrubland,Carnivore,CV,No,Invertivore
AVIBASE-67504FA2,12.4,0.0,1000.0,1000.0,Forest,Carnivore,PL,No,Invertivore
AVIBASE-FF592882,9.875,0.0,1700.0,1700.0,Forest,Carnivore,CV,No,Invertivore
AVIBASE-68887DE7,10.5,0.0,2070.0,2070.0,Forest,Carnivore,PL,No,Invertivore
AVIBASE-E0270E9E,10.0,1900.0,1610.0,3510.0,Forest,Carnivore,,No,Invertivore
AVIBASE-F941AAD3,10.41667,0.0,1850.0,1850.0,Forest,Carnivore,,No,Invertivore
AVIBASE-B1F0CC82,11.88,0.0,3200.0,3200.0,Forest,Carnivore,,No,Invertivore
AVIBASE-DE0971C1,11.5,585.0,2645.0,3230.0,Forest,Carnivore,,No,Invertivore
AVIBASE-057C6607,11.46,2135.0,1265.0,3400.0,Forest,Carnivore,CV,No,Invertivore
AVIBASE-A14068AA,10.25,2200.0,2070.0,4270.0,Human Modified,Carnivore,CV,No,Invertivore
AVIBASE-523763E5,11.95,0.0,2200.0,2200.0,Forest,Carnivore,CV,No,Invertivore
AVIBASE-F87BD3E7,,0.0,4275.0,4275.0,Forest,Carnivore,,No,Invertivore
AVIBASE-C3670DBE,14.35,400.0,1700.0,2100.0,Woodland,Carnivore,"CP,CV",No,Invertivore
AVIBASE-F963401E,11.46667,0.0,4275.0,4275.0,Forest,Carnivore,CV,No,Invertivore
AVIBASE-BE2B80F4,10.8,0.0,1800.0,1800.0,Woodland,Carnivore,"CP,CV",No,Invertivore
AVIBASE-9BE53D34,11.38333,0.0,3500.0,3500.0,Woodland,Carnivore,"CV,O",No,Invertivore
AVIBASE-184A6A8E,13.56667,0.0,2500.0,2500.0,Forest,Carnivore,CP,No,Invertivore
AVIBASE-BDA1AC35,45.5,3100.0,2400.0,5500.0,Grassland,Carnivore,,No,Invertivore
AVIBASE-99CF4A04,18.36667,0.0,1850.0,1850.0,Forest,Carnivore,CV,No,Invertivore
AVIBASE-99CF4A04,16.55,0.0,4420.0,4420.0,Forest,Carnivore,CV,No,Invertivore
AVIBASE-4E1C5625,14.2,100.0,3860.0,3960.0,Forest,Carnivore,CV,No,Invertivore
AVIBASE-ACF0445B,13.75,375.0,545.0,920.0,Forest,Carnivore,PL,No,Invertivore
AVIBASE-171B0084,16.95,700.0,1800.0,2500.0,Forest,Carnivore,,No,Invertivore
AVIBASE-885D7623,15.8,600.0,1800.0,2400.0,Forest,Carnivore,,No,Invertivore
AVIBASE-F45DB0EB,14.25,,,,Forest,Carnivore,,No,Invertivore
AVIBASE-AEF498CA,18.94,350.0,2750.0,3100.0,Forest,Carnivore,PL,No,Invertivore
AVIBASE-5C70AA7D,16.95,0.0,1650.0,1650.0,Grassland,Carnivore,CV,No,Invertivore
AVIBASE-BD4E697F,18.55,915.0,1835.0,2750.0,Woodland,Carnivore,PL,No,Invertivore
AVIBASE-6EF0803B,21.6,0.0,1070.0,1070.0,Woodland,Carnivore,"CV,PL",No,Invertivore
AVIBASE-CB39188F,17.15,1000.0,830.0,1830.0,Grassland,Carnivore,"CP,CV",No,Invertivore
AVIBASE-C8880D28,21.15,1000.0,2400.0,3400.0,Grassland,Carnivore,"CP,PL",No,Invertivore
AVIBASE-1A289D90,16.95,1800.0,1400.0,3200.0,Forest,Carnivore,CV,No,Invertivore
AVIBASE-5C54F8C9,25.5,550.0,1950.0,2500.0,Forest,Carnivore,,No,Invertivore
AVIBASE-A51F9290,18.0,600.0,1400.0,2000.0,Woodland,Carnivore,"CP,PL",No,Invertivore
AVIBASE-1CA37CDE,,275.0,1325.0,1600.0,Woodland,Carnivore,"CP,CV",No,Invertivore
AVIBASE-92FDBAF0,17.5,1000.0,600.0,1600.0,Grassland,Carnivore,,No,Invertivore
AVIBASE-57C44300,15.8,1800.0,1600.0,3400.0,Forest,Carnivore,,No,Invertivore
AVIBASE-610FFD8E,12.0,915.0,1035.0,1950.0,Grassland,Carnivore,,No,Invertivore
AVIBASE-CC1DF030,17.0,915.0,1035.0,1950.0,Woodland,Carnivore,"CP,PL",No,Invertivore
AVIBASE-42478D2D,20.225,275.0,1605.0,1880.0,Grassland,Carnivore,CP,No,Invertivore
AVIBASE-3814F5D0,19.85,400.0,2345.0,2745.0,Shrubland,Carnivore,"CP,PL",No,Invertivore
AVIBASE-F81EB049,10.25,0.0,650.0,650.0,Wetland,Carnivore,PN,No,Invertivore
AVIBASE-64F9CBA7,9.9,,,,Wetland,Carnivore,PN,No,Invertivore
AVIBASE-454B9078,7.83333,1500.0,900.0,2400.0,Riverine,Carnivore,PN,No,Invertivore
AVIBASE-6D6870E3,9.18333,0.0,1000.0,1000.0,Wetland,Carnivore,PN,No,Invertivore
AVIBASE-5A636137,7.0,0.0,1075.0,1075.0,Grassland,Carnivore,PN,No,Invertivore
AVIBASE-1ED6D9B4,6.8,0.0,1000.0,1000.0,Grassland,Carnivore,PN,No,Invertivore
AVIBASE-6F967270,6.075,400.0,1200.0,1600.0,Shrubland,Carnivore,PN,No,Invertivore
AVIBASE-515353F2,8.0,0.0,600.0,600.0,Forest,Carnivore,PN,No,Invertivore
AVIBASE-F44BD4BE,6.83333,500.0,1700.0,2200.0,Woodland,Carnivore,PN,No,Invertivore
AVIBASE-6E9DA935,,1000.0,200.0,1200.0,Woodland,Carnivore,PN,No,Invertivore
AVIBASE-E6239363,7.12,0.0,1000.0,1000.0,Woodland,Carnivore,PN,No,Invertivore
AVIBASE-A5EFA84D,6.94,0.0,2135.0,2135.0,Shrubland,Carnivore,SP,No,Invertivore
AVIBASE-6413CE1A,46.5,0.0,1500.0,1500.0,Forest,Carnivore,CP,No,Invertivore
AVIBASE-7066D2F1,44.12,0.0,2150.0,2150.0,Forest,Carnivore,HC,No,Invertivore
AVIBASE-E386D2EB,23.5,0.0,900.0,900.0,Forest,Carnivore,HC,No,Invertivore
AVIBASE-7D59F91D,15.9,0.0,3050.0,3050.0,Wetland,Carnivore,CP,No,Invertivore
AVIBASE-3E4513D9,40.7,0.0,2000.0,2000.0,Desert,Carnivore,,No,Invertivore
AVIBASE-8A913C34,,0.0,1000.0,1000.0,Grassland,Carnivore,CP,No,Invertivore
AVIBASE-9BEA5037,24.75,1370.0,180.0,1550.0,Grassland,Carnivore,HC,No,Invertivore
AVIBASE-9BEA5037,26.76667,0.0,1000.0,1000.0,Grassland,Carnivore,SC,No,Invertivore
AVIBASE-9E0E6D4E,21.5,600.0,400.0,1000.0,Grassland,Omnivore,CV,No,Granivore
AVIBASE-3244C204,35.5,1000.0,400.0,1400.0,Grassland,Carnivore,CP,No,Invertivore
AVIBASE-69573E9E,40.4,0.0,500.0,500.0,Shrubland,Carnivore,CP,No,Invertivore
AVIBASE-56599D6D,41.0,0.0,1000.0,1000.0,Grassland,Carnivore,CP,No,Invertivore
AVIBASE-BEC2F8B6,52.2,0.0,500.0,500.0,Shrubland,Carnivore,"CP,DM",No,Invertivore
AVIBASE-511C1E5A,37.0,0.0,1000.0,1000.0,Woodland,Carnivore,CV,No,Invertivore
AVIBASE-148AA192,30.05,0.0,1000.0,1000.0,Grassland,Carnivore,CV,No,Invertivore
AVIBASE-9ADB6BA5,49.25,0.0,1000.0,1000.0,Desert,Omnivore,SC,No,Omnivore
AVIBASE-A977348D,25.0,0.0,3000.0,3000.0,Desert,Omnivore,SC,No,Omnivore
AVIBASE-20A0844D,18.75,0.0,1700.0,1700.0,Desert,Herbivore,SC,No,Granivore
AVIBASE-0E1F8A50,25.3,0.0,1000.0,1000.0,Shrubland,Herbivore,SC,No,Granivore
AVIBASE-7391E633,14.41667,0.0,1000.0,1000.0,Grassland,Herbivore,SC,No,Granivore
AVIBASE-E6FDE8D9,20.675,0.0,2500.0,2500.0,Grassland,Herbivore,CP,No,Granivore
AVIBASE-8C357822,14.0,0.0,1200.0,1200.0,Grassland,Herbivore,SC,No,Granivore
AVIBASE-9164F314,15.475,0.0,1800.0,1800.0,Grassland,Herbivore,CP,No,Granivore
AVIBASE-73ED9A54,16.0,0.0,1000.0,1000.0,Shrubland,Herbivore,SC,No,Granivore
AVIBASE-2F66131B,15.5,0.0,1500.0,1500.0,Grassland,Herbivore,CP,No,Granivore
AVIBASE-86EA668E,16.66667,0.0,1000.0,1000.0,Grassland,Herbivore,SC,No,Granivore
AVIBASE-97D7865F,14.5,0.0,1800.0,1800.0,Grassland,Herbivore,CP,No,Granivore
AVIBASE-DA66F809,,0.0,1000.0,1000.0,Grassland,Carnivore,,No,Invertivore
AVIBASE-DC38D1DA,25.66667,800.0,200.0,1000.0,Grassland,Herbivore,DM,No,Granivore
AVIBASE-99F447AD,24.71667,0.0,1800.0,1800.0,Grassland,Carnivore,DM,No,Invertivore
AVIBASE-A3E077E6,22.08,0.0,1500.0,1500.0,Shrubland,Carnivore,SC,No,Invertivore
AVIBASE-B14CE06F,25.25,500.0,1300.0,1800.0,Grassland,Carnivore,DM,No,Invertivore
AVIBASE-DD338581,29.33333,0.0,500.0,500.0,Shrubland,Carnivore,CP,No,Invertivore
AVIBASE-E591A2D7,37.5,600.0,500.0,1100.0,Shrubland,Carnivore,CP,No,Invertivore
AVIBASE-214FC464,29.64,0.0,1000.0,1000.0,Grassland,Carnivore,CP,No,Invertivore
AVIBASE-216207A9,28.56667,1450.0,50.0,1500.0,Shrubland,Carnivore,DM,No,Invertivore
AVIBASE-2B8E5C63,26.55,1600.0,600.0,2200.0,Grassland,Carnivore,DM,No,Invertivore
AVIBASE-86E9D9F4,25.125,0.0,500.0,500.0,Woodland,Carnivore,DM,No,Invertivore
AVIBASE-F22CCF78,21.75,500.0,400.0,900.0,Grassland,Herbivore,,No,Granivore
AVIBASE-67F96AAB,,0.0,500.0,500.0,Grassland,Omnivore,,No,Omnivore
AVIBASE-4E61514C,25.5,600.0,750.0,1350.0,Grassland,Omnivore,,No,Omnivore
AVIBASE-6B089785,20.4,0.0,1680.0,1680.0,Grassland,Omnivore,DM,No,Omnivore
AVIBASE-AB507233,20.1,550.0,1200.0,1750.0,Grassland,Herbivore,DM,No,Granivore
AVIBASE-8E612CF6,22.66667,600.0,1400.0,2000.0,Grassland,Carnivore,CP,No,Invertivore
AVIBASE-CA5526E1,,,,,Grassland,Omnivore,DM,No,Omnivore
AVIBASE-6249B61F,,0.0,900.0,900.0,Grassland,Carnivore,,No,Invertivore
AVIBASE-9C691722,,0.0,1500.0,1500.0,Grassland,Omnivore,DM,No,Omnivore
AVIBASE-A9DA95E4,20.575,0.0,1000.0,1000.0,Shrubland,Omnivore,DM,No,Omnivore
AVIBASE-86345D55,25.4,0.0,1000.0,1000.0,Grassland,Omnivore,CP,No,Omnivore
AVIBASE-D0EAD8A3,,100.0,1250.0,1350.0,Grassland,Carnivore,DM,No,Invertivore
AVIBASE-CA07B8DE,36.0,500.0,2120.0,2620.0,Grassland,Carnivore,DM,No,Invertivore
AVIBASE-C49FA9A8,26.23333,0.0,1000.0,1000.0,Grassland,Carnivore,DM,No,Invertivore
AVIBASE-6E24D502,29.0,0.0,1000.0,1000.0,Shrubland,Carnivore,DM,No,Invertivore
AVIBASE-8A1D5A9C,35.0,,,,Grassland,Carnivore,DM,No,Invertivore
AVIBASE-BAA83B0C,54.33333,0.0,1350.0,1350.0,Grassland,Carnivore,"SC,DM",No,Invertivore
AVIBASE-32F78ABD,44.25,0.0,3000.0,3000.0,Grassland,Carnivore,"SC,DM",No,Invertivore
AVIBASE-F90063D3,,0.0,700.0,700.0,Grassland,Carnivore,,No,Invertivore
AVIBASE-3F711542,40.28333,0.0,500.0,500.0,Grassland,Carnivore,SC,No,Invertivore
AVIBASE-742EC2F1,28.9,0.0,3000.0,3000.0,Woodland,Omnivore,SC,No,Omnivore
AVIBASE-D7A55FB3,14.06667,0.0,500.0,500.0,Shrubland,Herbivore,CP,No,Granivore
AVIBASE-527EE4D4,19.0,0.0,1000.0,1000.0,Grassland,Herbivore,SC,No,Granivore
AVIBASE-352A5391,18.8,0.0,1000.0,1000.0,Woodland,Herbivore,SC,No,Granivore
AVIBASE-1AF3034A,23.25,0.0,1800.0,1800.0,Grassland,Herbivore,,No,Granivore
AVIBASE-419AEB97,19.85,400.0,1200.0,1600.0,Grassland,Herbivore,,No,Granivore
AVIBASE-53C0293A,18.85,1700.0,100.0,1800.0,Grassland,Herbivore,CP,No,Granivore
AVIBASE-1E4143F8,14.25,0.0,1000.0,1000.0,Grassland,Herbivore,SC,No,Granivore
AVIBASE-400B3679,44.0,0.0,1000.0,1000.0,Grassland,Omnivore,SC,No,Omnivore
AVIBASE-359C16F5,22.25,0.0,50.0,50.0,Rock,Omnivore,SC,No,Omnivore
AVIBASE-E988F1D5,27.0,0.0,4300.0,4300.0,Grassland,Omnivore,CP,No,Omnivore
AVIBASE-ED2AC04E,36.71667,0.0,3500.0,3500.0,Grassland,Omnivore,SC,No,Omnivore
AVIBASE-4A6368CF,20.0,0.0,1000.0,1000.0,Grassland,Omnivore,CP,No,Omnivore
AVIBASE-0E6D5DBE,20.56667,0.0,1000.0,1000.0,Grassland,Omnivore,CP,No,Omnivore
AVIBASE-6CC67AB9,41.66667,0.0,1000.0,1000.0,Grassland,Herbivore,CP,No,Granivore
AVIBASE-5351025C,33.8,0.0,3200.0,3200.0,Shrubland,Carnivore,SC,No,Invertivore
AVIBASE-FC79EB47,41.16667,0.0,2300.0,2300.0,Grassland,Omnivore,SC,No,Omnivore
AVIBASE-DA29B24C,37.5,0.0,2000.0,2000.0,Grassland,Omnivore,CP,No,Omnivore
AVIBASE-FC0A1D95,34.91667,0.0,5400.0,5400.0,Grassland,Herbivore,CV,No,Granivore
AVIBASE-89FCE277,38.5,0.0,1000.0,1000.0,Grassland,Herbivore,SC,No,Granivore
AVIBASE-B50B0E47,20.25,1000.0,4000.0,5000.0,Grassland,Herbivore,SC,No,Granivore
AVIBASE-B9808769,,,,4300.0,Grassland,Carnivore,SC,No,Invertivore
AVIBASE-7F3B3206,24.0,1940.0,1700.0,3640.0,Grassland,Herbivore,,No,Granivore
AVIBASE-16EB660F,24.0,600.0,2800.0,3400.0,Grassland,Herbivore,SC,No,Granivore
AVIBASE-FCDA4F09,22.6,0.0,3000.0,3000.0,Grassland,Herbivore,CP,No,Granivore
AVIBASE-4091A51E,20.5,0.0,2000.0,2000.0,Grassland,Carnivore,SC,No,Invertivore
AVIBASE-36780791,54.5,1000.0,1700.0,2700.0,Grassland,Carnivore,CP,No,Invertivore
AVIBASE-BDC24A8A,59.03333,0.0,2000.0,2000.0,Grassland,Omnivore,SC,No,Omnivore
AVIBASE-811FC719,62.75,0.0,1000.0,1000.0,Grassland,Omnivore,SC,No,Omnivore
AVIBASE-0D93B732,54.5,0.0,3000.0,3000.0,Grassland,Omnivore,,No,Omnivore
AVIBASE-9AC67428,75.0,3200.0,1400.0,4600.0,Grassland,Omnivore,CP,No,Omnivore
AVIBASE-504B0218,39.46667,600.0,800.0,1400.0,Grassland,Omnivore,SC,No,Omnivore
AVIBASE-E75ECF62,20.5,0.0,1000.0,1000.0,Desert,Herbivore,SC,No,Granivore
AVIBASE-3C6A0512,,0.0,1200.0,1200.0,Desert,Herbivore,SC,No,Granivore
AVIBASE-399A4A3E,23.5,0.0,2000.0,2000.0,Shrubland,Omnivore,,No,Omnivore
AVIBASE-61CECCA7,,600.0,1200.0,1800.0,Grassland,Omnivore,"CP,SC",No,Omnivore
AVIBASE-399A4A3E,21.5,0.0,2250.0,2250.0,Grassland,Omnivore,SC,No,Omnivore
AVIBASE-238EC109,23.5,0.0,3000.0,3000.0,Grassland,Herbivore,SC,No,Granivore
AVIBASE-862C271E,18.5,0.0,3960.0,3960.0,Riverine,Omnivore,SC,No,Omnivore
AVIBASE-79A45DAF,28.81667,0.0,2000.0,2000.0,Shrubland,Herbivore,HC,No,Frugivore
AVIBASE-5D82C13B,31.75,0.0,2400.0,2400.0,Forest,Herbivore,,No,Frugivore
AVIBASE-3B3C39F1,38.975,0.0,1300.0,1300.0,Forest,Herbivore,,No,Frugivore
AVIBASE-B7F05102,22.625,0.0,1750.0,1750.0,Grassland,Carnivore,CP,No,Invertivore
AVIBASE-5A94FEAE,44.375,0.0,2150.0,2150.0,Forest,Carnivore,HC,No,Invertivore
AVIBASE-68043A88,43.16667,0.0,1250.0,1250.0,Forest,Carnivore,,No,Invertivore
AVIBASE-D4B9EE90,40.625,0.0,1000.0,1000.0,Forest,Carnivore,CP,No,Invertivore
AVIBASE-4F97BFE1,38.11667,0.0,500.0,500.0,Forest,Carnivore,CP,No,Invertivore
AVIBASE-1D9175EA,39.25,0.0,650.0,650.0,Forest,Carnivore,,No,Invertivore
AVIBASE-3C8E84A6,47.5,0.0,2000.0,2000.0,Woodland,Herbivore,CP,No,Frugivore
AVIBASE-89C51401,46.66667,0.0,2000.0,2000.0,Woodland,Herbivore,CP,No,Frugivore
AVIBASE-33703E6F,35.75,0.0,1300.0,1300.0,Forest,Herbivore,HC,No,Frugivore
AVIBASE-EBE56736,61.83333,0.0,1100.0,1100.0,Forest,Herbivore,,No,Frugivore
AVIBASE-4602AC01,49.75,1050.0,1250.0,2300.0,Forest,Herbivore,CP,No,Frugivore
AVIBASE-38652F17,,1350.0,450.0,1800.0,Forest,Herbivore,,No,Frugivore
AVIBASE-FCA9F934,36.0,0.0,500.0,500.0,Forest,Herbivore,HC,No,Frugivore
AVIBASE-D083BB3F,40.025,0.0,2100.0,2100.0,Forest,Herbivore,HC,No,Frugivore
AVIBASE-D3D4D1B7,46.1,0.0,1500.0,1500.0,Forest,Herbivore,HC,No,Frugivore
AVIBASE-E6A0D208,46.25,0.0,2000.0,2000.0,Forest,Herbivore,CP,No,Frugivore
AVIBASE-C6833BA9,35.3,0.0,1500.0,1500.0,Forest,Herbivore,CP,No,Frugivore
AVIBASE-0802ADF1,31.94,500.0,2000.0,2500.0,Forest,Herbivore,,No,Frugivore
AVIBASE-DA399CC6,37.41667,1000.0,1850.0,2850.0,Forest,Herbivore,CP,No,Frugivore
AVIBASE-6FC57210,26.75,1300.0,700.0,2000.0,Forest,Carnivore,HC,No,Invertivore
AVIBASE-8EDD570A,37.0,1050.0,1550.0,2600.0,Forest,Herbivore,,No,Frugivore
AVIBASE-1F66AE1E,35.86667,700.0,1800.0,2500.0,Forest,Herbivore,CP,No,Frugivore
AVIBASE-B421F18C,36.75,1440.0,1060.0,2500.0,Forest,Herbivore,,No,Frugivore
AVIBASE-54A902B5,30.0,1350.0,1950.0,3300.0,Forest,Herbivore,CP,No,Frugivore
AVIBASE-4996833A,43.88333,540.0,1710.0,2250.0,Forest,Herbivore,CP,No,Frugivore
AVIBASE-8479F56E,39.6,1100.0,800.0,1900.0,Forest,Herbivore,CP,No,Frugivore
AVIBASE-0F97A356,42.45,0.0,1250.0,1250.0,Forest,Carnivore,,No,Invertivore
AVIBASE-8A90BC6D,46.48333,0.0,1800.0,1800.0,Forest,Carnivore,HC,No,Invertivore
AVIBASE-F8104BC1,30.33333,0.0,1750.0,1750.0,Forest,Carnivore,CP,No,Invertivore
AVIBASE-6A110710,25.75,0.0,500.0,500.0,Forest,Carnivore,,No,Invertivore
AVIBASE-439C4BC9,27.58333,0.0,900.0,900.0,Forest,Carnivore,,No,Invertivore
AVIBASE-3413C42C,26.25,0.0,2200.0,2200.0,Forest,Herbivore,HC,No,Frugivore
AVIBASE-728B225E,25.68333,0.0,3000.0,3000.0,Forest,Herbivore,CP,No,Frugivore
AVIBASE-0B325B7F,24.98333,0.0,2300.0,2300.0,Forest,Herbivore,,No,Frugivore
AVIBASE-486103D7,22.0,0.0,1700.0,1700.0,Forest,Herbivore,CP,No,Frugivore
AVIBASE-0EA5F2E1,19.5,0.0,1450.0,1450.0,Forest,Herbivore,,No,Frugivore
AVIBASE-FA137697,13.98333,0.0,1550.0,1550.0,Forest,Carnivore,CP,No,Invertivore
AVIBASE-CEE94E55,15.0,900.0,1235.0,2135.0,Forest,Carnivore,CP,No,Invertivore
AVIBASE-7927D0DD,25.0,0.0,1500.0,1500.0,Forest,Carnivore,,No,Invertivore
AVIBASE-C47F378C,,900.0,950.0,1850.0,Forest,Carnivore,,No,Invertivore
AVIBASE-1D1C9EDA,23.0,0.0,1500.0,1500.0,Forest,Carnivore,CP,No,Invertivore
AVIBASE-DD741082,19.5,0.0,1430.0,1430.0,Forest,Carnivore,CP,No,Invertivore
AVIBASE-07FD1D4C,35.96667,0.0,1750.0,1750.0,Forest,Carnivore,CP,No,Invertivore
AVIBASE-B6EA8FA2,28.31667,750.0,1450.0,2200.0,Forest,Carnivore,HC,No,Invertivore
AVIBASE-29820AD9,23.88333,0.0,1000.0,1000.0,Woodland,Omnivore,,No,Omnivore
AVIBASE-7CE29E0E,28.28,400.0,1500.0,1900.0,Shrubland,Carnivore,CP,No,Invertivore
AVIBASE-2DA2C52F,34.83333,0.0,600.0,600.0,Forest,Carnivore,,No,Invertivore
AVIBASE-24F71192,30.25,600.0,2100.0,2700.0,Forest,Carnivore,CP,No,Invertivore
AVIBASE-E781F61C,48.5,0.0,1200.0,1200.0,Forest,Carnivore,PN,No,Invertivore
AVIBASE-4B94ECF0,19.0,600.0,980.0,1580.0,Forest,Carnivore,,No,Invertivore
AVIBASE-651384DF,32.65,0.0,3000.0,3000.0,Forest,Carnivore,CP,No,Invertivore
AVIBASE-04A5B0F9,52.43333,1200.0,600.0,1800.0,Forest,Carnivore,,No,Invertivore
AVIBASE-2E3D5AAF,22.5,,,2400.0,Forest,Carnivore,,No,Invertivore
AVIBASE-D5A35997,27.625,0.0,1100.0,1100.0,Forest,Carnivore,,No,Invertivore
AVIBASE-146387FC,31.75,0.0,1000.0,1000.0,Forest,Carnivore,,No,Invertivore
AVIBASE-260C7E77,16.5,0.0,1000.0,1000.0,Forest,Omnivore,,No,Omnivore
AVIBASE-56478ACE,30.5,0.0,1000.0,1000.0,Forest,Herbivore,,No,Frugivore
AVIBASE-3499C2A5,31.8,0.0,1000.0,1000.0,Forest,Omnivore,,No,Omnivore
AVIBASE-50D0244D,41.95,0.0,1000.0,1000.0,Forest,Omnivore,,No,Omnivore
AVIBASE-CA0141A1,45.0,0.0,1150.0,1150.0,Forest,Omnivore,CP,No,Omnivore
AVIBASE-8668C778,,500.0,1300.0,1800.0,Forest,Herbivore,,No,Frugivore
AVIBASE-AE002A11,45.0,0.0,1500.0,1500.0,Forest,Carnivore,CP,No,Invertivore
AVIBASE-31754E31,44.5,600.0,600.0,1200.0,Forest,Herbivore,,No,Frugivore
AVIBASE-2BC35886,43.13333,0.0,1670.0,1670.0,Forest,Herbivore,CP,No,Frugivore
AVIBASE-20A0A35C,46.66667,0.0,1400.0,1400.0,Forest,Herbivore,CP,No,Frugivore
AVIBASE-D02FCDDF,,0.0,1800.0,1800.0,Forest,Herbivore,,No,Frugivore
AVIBASE-AF1E4A9B,52.66667,1200.0,1200.0,2400.0,Forest,Omnivore,CP,No,Omnivore
AVIBASE-F9E2A503,23.66667,0.0,900.0,900.0,Forest,Omnivore,,No,Omnivore
AVIBASE-4763A554,27.5,500.0,1500.0,2000.0,Forest,Omnivore,,No,Omnivore
AVIBASE-804922A3,26.0,0.0,2400.0,2400.0,Forest,Herbivore,CP,No,Frugivore
AVIBASE-88FC3084,24.0,0.0,825.0,825.0,Forest,Herbivore,,No,Frugivore
AVIBASE-88FC3084,24.0,0.0,600.0,600.0,Forest,Omnivore,,No,Omnivore
AVIBASE-FDD62B5C,23.55,,,300.0,Forest,Herbivore,PN,No,Omnivore
AVIBASE-BD494C66,25.95,0.0,1000.0,1000.0,Forest,Omnivore,CP,No,Omnivore
AVIBASE-32E65FB3,31.2,700.0,900.0,1600.0,Forest,Omnivore,CP,No,Omnivore
AVIBASE-822717D8,32.11667,500.0,1500.0,2000.0,Forest,Herbivore,CP,No,Frugivore
AVIBASE-482275EB,32.0,700.0,2100.0,2800.0,Forest,Herbivore,,No,Omnivore
AVIBASE-5BAE0043,34.0,0.0,1000.0,1000.0,Forest,Herbivore,CP,No,Frugivore
AVIBASE-36D71C61,31.0,1000.0,500.0,1500.0,Forest,Herbivore,,No,Frugivore
AVIBASE-710EBAE8,,800.0,1100.0,1900.0,Forest,Herbivore,,No,Frugivore
AVIBASE-5AD8890F,,850.0,1650.0,2500.0,Forest,Omnivore,,No,Omnivore
AVIBASE-92BF7060,,850.0,2150.0,3000.0,Forest,Omnivore,CP,No,Omnivore
AVIBASE-0457ECD3,37.5,0.0,1200.0,1200.0,Forest,Herbivore,CP,No,Frugivore
AVIBASE-473131CC,36.0,800.0,1900.0,2700.0,Woodland,Omnivore,CP,No,Omnivore
AVIBASE-0D2A9574,36.0,0.0,600.0,600.0,Forest,Omnivore,,No,Omnivore
AVIBASE-6298D46A,34.93333,0.0,2000.0,2000.0,Forest,Herbivore,CP,No,Frugivore
AVIBASE-B827CE64,44.0,,,,Forest,Herbivore,,No,Frugivore
AVIBASE-CE85FAB6,57.5,0.0,1000.0,1000.0,Forest,Herbivore,,No,Frugivore
AVIBASE-712764DC,42.0,0.0,1045.0,1045.0,Forest,Herbivore,CP,No,Frugivore
AVIBASE-C4890A33,40.0,0.0,1000.0,1000.0,Forest,Herbivore,,No,Frugivore
AVIBASE-61540F2E,40.0,0.0,1000.0,1000.0,Forest,Herbivore,,No,Frugivore
AVIBASE-21FADED4,40.0,0.0,900.0,900.0,Forest,Herbivore,,No,Frugivore
AVIBASE-CB468573,40.0,0.0,1200.0,1200.0,Forest,Herbivore,,No,Frugivore
AVIBASE-8EA40B11,40.0,0.0,,,Forest,Herbivore,,No,Frugivore
AVIBASE-9C8EFCC6,40.0,0.0,1210.0,1210.0,Forest,Herbivore,,No,Frugivore
AVIBASE-07BCEAC0,40.0,0.0,1750.0,1750.0,Forest,Herbivore,,No,Frugivore
AVIBASE-DD7A7E32,40.0,,,,Forest,Herbivore,,No,Frugivore
AVIBASE-8A0F54C9,55.16667,0.0,1000.0,1000.0,Forest,Herbivore,,No,Frugivore
AVIBASE-D18AE87D,58.0,0.0,1000.0,1000.0,Forest,Herbivore,,No,Frugivore
AVIBASE-24F99A8F,65.25,500.0,1200.0,1700.0,Forest,Herbivore,,No,Frugivore
AVIBASE-BFD69DF2,59.4,0.0,1000.0,1000.0,Forest,Herbivore,,No,Frugivore
AVIBASE-59BEAB80,75.3,700.0,900.0,1600.0,Forest,Herbivore,CP,No,Frugivore
AVIBASE-E55C03F8,51.8,300.0,2200.0,2500.0,Forest,Herbivore,CP,No,Frugivore
AVIBASE-5089E131,43.83333,0.0,2500.0,2500.0,Forest,Herbivore,CP,No,Frugivore
AVIBASE-650CC5B3,73.5,200.0,624.0,824.0,Forest,Omnivore,CP,No,Omnivore
AVIBASE-A3E5953D,41.9,900.0,1235.0,2135.0,Forest,Carnivore,HC,No,Invertivore
AVIBASE-B76214D7,52.5,500.0,1600.0,2100.0,Forest,Herbivore,CP,No,Frugivore
AVIBASE-4E74E6CC,42.0,1000.0,1600.0,2600.0,Forest,Herbivore,CP,No,Omnivore
AVIBASE-105A8F99,59.5,500.0,500.0,1000.0,Forest,Herbivore,CP,No,Frugivore
AVIBASE-0A2ACE45,63.0,200.0,590.0,790.0,Forest,Herbivore,,No,Frugivore
AVIBASE-5E2E4545,79.13333,0.0,914.0,914.0,Forest,Omnivore,,No,Omnivore
AVIBASE-E11E7986,36.3,0.0,1200.0,1200.0,Forest,Herbivore,CP,No,Frugivore
AVIBASE-B36D1FAC,27.71667,0.0,1830.0,1830.0,Forest,Herbivore,CP,No,Frugivore
AVIBASE-58147836,24.48333,0.0,1000.0,1000.0,Forest,Herbivore,CP,No,Frugivore
AVIBASE-D370538F,,600.0,600.0,1200.0,Forest,Herbivore,HC,No,Frugivore
AVIBASE-C72EC8C8,25.0,0.0,800.0,800.0,Forest,Herbivore,CP,No,Frugivore
AVIBASE-78E73320,26.0,,,,Forest,Herbivore,,No,Frugivore
AVIBASE-84F1B408,,60.0,640.0,700.0,Forest,Herbivore,,No,Frugivore
AVIBASE-01D478BD,19.4,0.0,1000.0,1000.0,Forest,Herbivore,CP,No,Frugivore
AVIBASE-31F7A690,21.33333,400.0,670.0,1070.0,Forest,Herbivore,CP,No,Frugivore
AVIBASE-7F4011E2,22.38,500.0,500.0,1000.0,Forest,Herbivore,,No,Frugivore
AVIBASE-F517B7FD,29.5,0.0,1500.0,1500.0,Forest,Herbivore,CP,No,Frugivore
AVIBASE-442951D4,21.76667,0.0,900.0,900.0,Forest,Carnivore,CP,No,Invertivore
AVIBASE-8F9DB2BC,25.3,0.0,1200.0,1200.0,Woodland,Carnivore,CP,No,Invertivore
AVIBASE-74235327,30.0,0.0,1000.0,1000.0,Shrubland,Herbivore,,No,Frugivore
AVIBASE-D0DE2864,,600.0,900.0,1500.0,Forest,Herbivore,CP,No,Frugivore
AVIBASE-B6EF6AA0,37.0,,,,Forest,Herbivore,,No,Frugivore
AVIBASE-10F913B3,44.0,1200.0,1300.0,2500.0,Shrubland,Omnivore,"CP,SA",No,Omnivore
AVIBASE-40F3B30B,31.8,1200.0,300.0,1500.0,Shrubland,Omnivore,CP,No,Omnivore
AVIBASE-12679AF2,22.1,0.0,1300.0,1300.0,Forest,Herbivore,CP,No,Frugivore
AVIBASE-09CBDAE2,33.68333,0.0,500.0,500.0,Forest,Herbivore,CP,No,Frugivore
AVIBASE-9B937C26,30.98,0.0,450.0,450.0,Forest,Herbivore,CP,No,Frugivore
AVIBASE-6116C5B3,86.55,0.0,1500.0,1500.0,Forest,Herbivore,CP,No,Frugivore
AVIBASE-1DAB56C6,,600.0,300.0,900.0,Forest,Herbivore,,No,Frugivore
AVIBASE-CCF575F5,16.8,0.0,500.0,500.0,Forest,Herbivore,,No,Frugivore
AVIBASE-8BEDAAAC,35.08333,0.0,500.0,500.0,Shrubland,Herbivore,,No,Frugivore
AVIBASE-587EC0C3,34.05,0.0,1300.0,1300.0,Shrubland,Herbivore,CP,No,Frugivore
AVIBASE-33C76559,32.75,0.0,915.0,915.0,Shrubland,Herbivore,CP,No,Frugivore
AVIBASE-E5A86DFA,32.0,0.0,,,Human Modified,Omnivore,CP,No,Omnivore
AVIBASE-E68BC96B,,0.0,500.0,500.0,Shrubland,Herbivore,,No,Frugivore
AVIBASE-249A8210,29.11667,0.0,1600.0,1600.0,Forest,Herbivore,CP,No,Frugivore
AVIBASE-9F6CB52D,31.05,800.0,1300.0,2100.0,Forest,Omnivore,HC,No,Omnivore
AVIBASE-B4BD2218,,800.0,,,Shrubland,Herbivore,,No,Frugivore
AVIBASE-6EFA005F,,800.0,2200.0,3000.0,Forest,Herbivore,CP,No,Frugivore
AVIBASE-9B0BF560,30.0,1400.0,2570.0,3970.0,Forest,Herbivore,,No,Frugivore
AVIBASE-12D2FAB5,28.3,600.0,700.0,1300.0,Forest,Herbivore,CP,No,Frugivore
AVIBASE-4F30CD0E,36.5,900.0,1100.0,2000.0,Forest,Herbivore,CP,No,Frugivore
AVIBASE-0604A8C5,28.1,1000.0,1300.0,2300.0,Shrubland,Herbivore,CP,No,Frugivore
AVIBASE-BB5650EB,35.8,0.0,500.0,500.0,Human Modified,Herbivore,CP,No,Frugivore
AVIBASE-A7C19329,26.5,0.0,1000.0,1000.0,Forest,Herbivore,CP,No,Frugivore
AVIBASE-F9E37510,27.81667,0.0,2000.0,2000.0,Shrubland,Omnivore,CP,No,Omnivore
AVIBASE-E6413C7F,29.6,0.0,2030.0,2030.0,Shrubland,Omnivore,CP,No,Omnivore
AVIBASE-95F3F185,44.125,0.0,2285.0,2285.0,Shrubland,Herbivore,CP,No,Omnivore
AVIBASE-E28751A7,45.16667,0.0,1830.0,1830.0,Shrubland,Herbivore,CP,No,Omnivore
AVIBASE-4A85D701,26.5,0.0,2100.0,2100.0,Woodland,Herbivore,CP,No,Omnivore
AVIBASE-A1DD797F,34.73333,300.0,1800.0,2100.0,Shrubland,Omnivore,HC,No,Omnivore
AVIBASE-24B66475,38.5,0.0,2000.0,2000.0,Shrubland,Herbivore,CP,No,Frugivore
AVIBASE-9EF3E079,31.31667,0.0,2000.0,2000.0,Woodland,Herbivore,CP,No,Frugivore
AVIBASE-6ABDB635,38.4,0.0,3000.0,3000.0,Woodland,Herbivore,CP,No,Omnivore
AVIBASE-6234824B,37.5,0.0,500.0,500.0,Shrubland,Herbivore,CP,No,Omnivore
AVIBASE-F0C6A985,,0.0,500.0,500.0,Riverine,Carnivore,BU,No,Invertivore
AVIBASE-C1570ECC,26.0,0.0,500.0,500.0,Wetland,Carnivore,CR,No,Invertivore
AVIBASE-C780C198,9.725,0.0,1300.0,1300.0,Forest,Carnivore,BU,No,Invertivore
AVIBASE-88AAE3D3,11.0,500.0,1900.0,2400.0,Forest,Carnivore,BU,No,Invertivore
AVIBASE-F9E192E8,12.31667,0.0,3000.0,3000.0,Forest,Carnivore,PL,No,Invertivore
AVIBASE-4AC57370,10.73333,300.0,2100.0,2400.0,Forest,Carnivore,BU,No,Invertivore
AVIBASE-8CA8B659,9.26667,0.0,1000.0,1000.0,Forest,Carnivore,BU,No,Invertivore
AVIBASE-97E7A30B,10.11667,900.0,1400.0,2300.0,Grassland,Carnivore,BU,No,Invertivore
AVIBASE-46F6FA51,14.26667,0.0,1000.0,1000.0,Grassland,Carnivore,BU,No,Invertivore
AVIBASE-6C7BEEC6,21.3,0.0,2400.0,2400.0,Forest,Carnivore,CP,No,Invertivore
AVIBASE-1AED683B,24.08333,0.0,3000.0,3000.0,Grassland,Carnivore,BU,No,Invertivore
AVIBASE-118ACEB7,13.95,0.0,1000.0,1000.0,Riverine,Carnivore,BU,No,Invertivore
AVIBASE-D2854489,12.31667,0.0,3700.0,3700.0,Riverine,Carnivore,BU,No,Invertivore
AVIBASE-D9F712D6,9.6,500.0,1900.0,2400.0,Riverine,Carnivore,BU,No,Invertivore
AVIBASE-D0222DB9,9.75,0.0,1500.0,1500.0,Riverine,Carnivore,BU,No,Invertivore
AVIBASE-635B5E24,,0.0,1000.0,1000.0,Riverine,Carnivore,BU,No,Invertivore
AVIBASE-94A1C447,13.7,0.0,2100.0,2100.0,Riverine,Carnivore,BU,No,Invertivore
AVIBASE-A9A9E1D1,15.75,0.0,4500.0,4500.0,Grassland,Carnivore,BU,No,Invertivore
AVIBASE-BBA2F9DF,20.875,0.0,2500.0,2500.0,Wetland,Carnivore,CV,No,Invertivore
AVIBASE-B9861E4A,17.6,0.0,1000.0,1000.0,Grassland,Carnivore,CV,No,Invertivore
AVIBASE-BCDA59AF,17.0,0.0,1000.0,1000.0,Woodland,Carnivore,CV,No,Invertivore
AVIBASE-3ADA18E5,11.184,0.0,500.0,500.0,Grassland,Carnivore,"CV,O",No,Invertivore
AVIBASE-DBF8F78C,14.26667,0.0,500.0,500.0,Coastal,Carnivore,"CV,O",No,Invertivore
AVIBASE-9FC801AF,17.25,0.0,500.0,500.0,Riverine,Carnivore,CR,No,Invertivore
AVIBASE-21BA7041,,0.0,2000.0,2000.0,Forest,Carnivore,CV,No,Invertivore
AVIBASE-EB65944A,17.63333,0.0,63.0,63.0,Forest,Carnivore,CV,No,Invertivore
AVIBASE-75DC49AD,14.325,0.0,3500.0,3500.0,Woodland,Carnivore,"CV,O",No,Invertivore
AVIBASE-9BC43968,35.83333,0.0,4000.0,4000.0,Grassland,Carnivore,"BU,CV,O",No,Invertivore
AVIBASE-D6494239,34.33333,0.0,1800.0,1800.0,Grassland,Carnivore,CV,No,Invertivore
AVIBASE-13169BC5,31.5,0.0,1500.0,1500.0,Shrubland,Carnivore,CV,No,Invertivore
AVIBASE-ACB9D1C6,50.23333,0.0,3200.0,3200.0,Wetland,Carnivore,CR,No,Invertivore
AVIBASE-AF527712,50.25,0.0,2600.0,2600.0,Grassland,Carnivore,CV,No,Invertivore
AVIBASE-ECA64B18,41.75,0.0,2500.0,2500.0,Grassland,Carnivore,CV,No,Invertivore
AVIBASE-0C028E2E,41.23333,1100.0,1700.0,2800.0,Woodland,Carnivore,CV,No,Invertivore
AVIBASE-F8039EE7,40.83333,0.0,1500.0,1500.0,Shrubland,Carnivore,CV,No,Invertivore
AVIBASE-EF170D7E,39.33333,0.0,1900.0,1900.0,Coastal,Carnivore,CV,No,Invertivore
AVIBASE-B90C04E9,14.3,0.0,3000.0,3000.0,Shrubland,Carnivore,BU,No,Invertivore
AVIBASE-259B5E46,15.5,0.0,1230.0,1230.0,Forest,Carnivore,CV,No,Invertivore
AVIBASE-EE5B7812,15.86667,0.0,2000.0,2000.0,Grassland,Carnivore,BU,No,Invertivore
AVIBASE-DA652FA1,13.15,0.0,800.0,800.0,Riverine,Carnivore,BU,No,Invertivore
AVIBASE-11D863E7,12.5,1000.0,2100.0,3100.0,Forest,Carnivore,CV,No,Invertivore
AVIBASE-40A08189,11.0,0.0,1200.0,1200.0,Forest,Carnivore,CV,No,Invertivore
AVIBASE-DFFD116E,10.75,0.0,4000.0,4000.0,Human Modified,Carnivore,CV,No,Invertivore
AVIBASE-EC8951D5,11.025,0.0,300.0,300.0,Riverine,Carnivore,CV,No,Invertivore
AVIBASE-355CAC4F,14.0,0.0,1600.0,1600.0,Riverine,Carnivore,BU,No,Invertivore
AVIBASE-863A0FD8,10.06667,2000.0,1500.0,3500.0,Forest,Carnivore,CV,No,Invertivore
AVIBASE-61CC48FF,12.5,2500.0,1500.0,4000.0,Rock,Carnivore,CV,No,Invertivore
AVIBASE-0760A6D2,16.5,3100.0,1500.0,4600.0,Grassland,Carnivore,CV,No,Invertivore
AVIBASE-6F2AF9D0,25.0,0.0,4500.0,4500.0,Rock,Carnivore,HC,No,Invertivore
AVIBASE-0A739712,16.75,0.0,3600.0,3600.0,Rock,Carnivore,"CP,HC",No,Invertivore
AVIBASE-78F55CF1,13.9,0.0,3000.0,3000.0,Rock,Carnivore,"CP,HC",No,Invertivore
AVIBASE-21E0ADE5,23.15,0.0,3300.0,3300.0,Rock,Carnivore,"CP,HC",No,Invertivore
AVIBASE-1DF380FB,13.0,0.0,1800.0,1800.0,Rock,Carnivore,HC,No,Invertivore
AVIBASE-CB7FB32A,13.7,850.0,1350.0,2200.0,Grassland,Carnivore,CP,No,Invertivore
AVIBASE-10605B6E,14.5,,,,Grassland,Carnivore,CP,No,Invertivore
AVIBASE-0E5AB5F0,12.16667,0.0,1000.0,1000.0,Grassland,Carnivore,CP,No,Invertivore
AVIBASE-8FCDB881,15.6,0.0,2400.0,2400.0,Coastal,Carnivore,HC,No,Invertivore
AVIBASE-8FCDB881,15.0,0.0,2010.0,2010.0,Coastal,Carnivore,HC,No,Invertivore
AVIBASE-8C7E0230,15.22,0.0,1000.0,1000.0,Riverine,Carnivore,HC,No,Invertivore
AVIBASE-29D93FC2,,0.0,1000.0,1000.0,Grassland,Carnivore,HC,No,Invertivore
AVIBASE-BAAFB1BC,11.0,1500.0,200.0,1700.0,Grassland,Carnivore,CP,No,Invertivore
AVIBASE-F8F6B795,14.5,0.0,1000.0,1000.0,Wetland,Carnivore,HC,No,Invertivore
AVIBASE-58C502EA,19.35,0.0,3000.0,3000.0,Grassland,Carnivore,CP,No,Invertivore
AVIBASE-F401ECCF,13.7,1800.0,950.0,2750.0,Human Modified,Carnivore,CP,No,Invertivore
AVIBASE-42E93B64,13.33333,0.0,2700.0,2700.0,Grassland,Carnivore,CP,No,Invertivore
AVIBASE-B418B155,17.35,0.0,2600.0,2600.0,Grassland,Carnivore,CP,No,Invertivore
AVIBASE-0116C834,18.025,0.0,1000.0,1000.0,Riverine,Carnivore,CP,No,Invertivore
AVIBASE-E7755BD1,21.66667,0.0,1000.0,1000.0,Grassland,Carnivore,CP,No,Invertivore
AVIBASE-B79D6B3D,12.83333,0.0,2000.0,2000.0,Grassland,Carnivore,CP,No,Invertivore
AVIBASE-91BD7FA4,,0.0,500.0,500.0,Forest,Carnivore,CP,No,Invertivore
AVIBASE-30FEC6BE,16.65,0.0,4500.0,4500.0,Grassland,Carnivore,"DM,O",No,Invertivore
AVIBASE-535F7C54,,0.0,2565.0,2565.0,Grassland,Carnivore,PN,No,Invertivore
AVIBASE-15FD4123,18.0,1300.0,3500.0,4800.0,Rock,Carnivore,"SP,CP",No,Invertivore
AVIBASE-0F94AC6E,15.0,300.0,3700.0,4000.0,Grassland,Carnivore,DM,No,Invertivore
AVIBASE-3160A924,26.33333,0.0,2000.0,2000.0,Grassland,Carnivore,SP,No,Invertivore
AVIBASE-03EB8886,23.33333,0.0,3900.0,3900.0,Grassland,Carnivore,DM,No,Invertivore
AVIBASE-7F7470DA,15.0,0.0,1400.0,1400.0,Human Modified,Carnivore,SP,No,Invertivore
AVIBASE-E08FAF8E,,0.0,1250.0,1250.0,Rock,Carnivore,PN,No,Invertivore
AVIBASE-5ACC908D,18.83333,0.0,2000.0,2000.0,Grassland,Carnivore,CP,No,Invertivore
AVIBASE-958F4A5E,31.83333,0.0,1500.0,1500.0,Grassland,Carnivore,CP,No,Invertivore
AVIBASE-9185D29D,44.83333,0.0,2800.0,2800.0,Grassland,Carnivore,CP,No,Invertivore
AVIBASE-D134B7F0,16.0,0.0,1000.0,1000.0,Grassland,Carnivore,CP,No,Invertivore
AVIBASE-AC11EBBB,13.0,0.0,1000.0,1000.0,Grassland,Carnivore,CP,No,Invertivore
AVIBASE-BBDD34B2,,0.0,,,Grassland,Carnivore,,No,Invertivore
AVIBASE-7D1AE743,21.46667,0.0,1000.0,1000.0,Grassland,Carnivore,CP,No,Invertivore
AVIBASE-A4062482,9.9,0.0,700.0,700.0,Grassland,Carnivore,SP,No,Invertivore
AVIBASE-7FB74396,11.38333,0.0,1000.0,1000.0,Grassland,Carnivore,SP,No,Invertivore
AVIBASE-CF1BEA6B,16.3,0.0,1830.0,1830.0,Shrubland,Carnivore,CV,No,Invertivore
AVIBASE-F5C181CA,22.38667,0.0,2770.0,2770.0,Rock,Carnivore,SP,No,Invertivore
AVIBASE-79A1EDEC,21.05,0.0,2100.0,2100.0,Human Modified,Carnivore,"CP,HC",No,Invertivore
AVIBASE-C7A573E6,17.33333,0.0,2000.0,2000.0,Human Modified,Carnivore,SP,No,Invertivore
AVIBASE-340BBC4E,21.25,1500.0,2160.0,3660.0,Forest,Carnivore,SP,No,Invertivore
AVIBASE-61908368,,1200.0,1580.0,2780.0,Forest,Carnivore,DM,No,Invertivore
AVIBASE-F2E7531F,20.5,250.0,2850.0,3100.0,Forest,Carnivore,,No,Invertivore
AVIBASE-EBDB2EF8,12.25,180.0,2870.0,3050.0,Forest,Carnivore,CP,No,Invertivore
AVIBASE-1478AA79,34.16667,500.0,2000.0,2500.0,Grassland,Carnivore,CP,No,Invertivore
AVIBASE-8EE724E4,30.43333,0.0,2000.0,2000.0,Shrubland,Carnivore,CP,No,Invertivore
AVIBASE-35C5E4AF,29.0,0.0,1000.0,1000.0,Rock,Carnivore,,No,Invertivore
AVIBASE-931B81D9,13.33333,1000.0,800.0,1800.0,Forest,Carnivore,,No,Invertivore
AVIBASE-CE04A51B,12.16667,0.0,1500.0,1500.0,Forest,Carnivore,,No,Invertivore
AVIBASE-E5CA98CA,13.83333,,,1400.0,Forest,Carnivore,,No,Invertivore
AVIBASE-AD967279,,300.0,730.0,1030.0,Forest,Carnivore,,No,Invertivore
AVIBASE-D8BFA987,19.9,0.0,1800.0,1800.0,Forest,Carnivore,,No,Invertivore
AVIBASE-0C8B9FA4,7.66667,0.0,1500.0,1500.0,Woodland,Carnivore,,No,Invertivore
AVIBASE-406E1A4D,8.05,0.0,1520.0,1520.0,Woodland,Carnivore,,No,Invertivore
AVIBASE-A9030503,9.25,1000.0,1000.0,2000.0,Woodland,Carnivore,,No,Invertivore
AVIBASE-0B44E704,8.175,300.0,600.0,900.0,Shrubland,Carnivore,,No,Invertivore
AVIBASE-BA12CD7F,12.8,0.0,2000.0,2000.0,Shrubland,Carnivore,,No,Invertivore
AVIBASE-6B9529AE,10.0,0.0,1000.0,1000.0,Shrubland,Carnivore,,No,Invertivore
AVIBASE-98D10978,11.375,700.0,800.0,1500.0,Grassland,Carnivore,,No,Invertivore
AVIBASE-83E5801B,7.24,0.0,1390.0,1390.0,Forest,Carnivore,,No,Invertivore
AVIBASE-AA48D853,8.46667,0.0,1500.0,1500.0,Forest,Carnivore,,No,Invertivore
AVIBASE-2F29A1B1,10.83333,1500.0,1300.0,2800.0,Forest,Carnivore,,No,Invertivore
AVIBASE-1D1CA9F7,,1800.0,100.0,1900.0,Forest,Carnivore,,No,Invertivore
AVIBASE-E3C55435,13.65,0.0,1000.0,1000.0,Shrubland,Carnivore,CP,No,Invertivore
AVIBASE-A8F5D21F,7.71667,,,1525.0,Forest,Carnivore,CP,No,Invertivore
AVIBASE-684016CB,4.86667,600.0,600.0,1200.0,Forest,Carnivore,CP,No,Invertivore
AVIBASE-0FD03AFF,5.0,1525.0,825.0,2350.0,Forest,Carnivore,,No,Invertivore
AVIBASE-39C48CCA,6.31667,500.0,2000.0,2500.0,Forest,Carnivore,,No,Invertivore
AVIBASE-CB0748F4,7.75,1000.0,,,Forest,Carnivore,,No,Invertivore
AVIBASE-681B5F66,4.5,1050.0,1800.0,2850.0,Forest,Carnivore,,No,Invertivore
AVIBASE-516D598B,12.4,800.0,,,Forest,Carnivore,,No,Invertivore
AVIBASE-7D1FD35D,15.875,0.0,3000.0,3000.0,Shrubland,Carnivore,SP,No,Invertivore
AVIBASE-CF833D56,19.48,0.0,1500.0,1500.0,Shrubland,Carnivore,"DM,SP",No,Invertivore
AVIBASE-70419673,18.425,0.0,200.0,200.0,Forest,Carnivore,SP,No,Invertivore
AVIBASE-D91319C4,16.925,0.0,800.0,800.0,Forest,Carnivore,,No,Invertivore
AVIBASE-DFE28E09,16.25,600.0,300.0,900.0,Forest,Carnivore,,No,Invertivore
AVIBASE-A974FAFE,24.75,1000.0,400.0,1400.0,Forest,Carnivore,,No,Invertivore
AVIBASE-8CC7FC93,12.25,0.0,1200.0,1200.0,Forest,Carnivore,SP,No,Invertivore
AVIBASE-16508376,9.75,215.0,1585.0,1800.0,Forest,Carnivore,SP,No,Invertivore
AVIBASE-4B3D2096,,2000.0,1600.0,3600.0,Forest,Carnivore,"CP,SP",No,Invertivore
AVIBASE-0A91A181,5.45,1000.0,1440.0,2440.0,Shrubland,Carnivore,SP,No,Invertivore
AVIBASE-8C91ADCB,7.76667,200.0,4700.0,4900.0,Shrubland,Carnivore,SP,No,Invertivore
AVIBASE-FD0F40FE,9.42,60.0,2490.0,2550.0,Forest,Carnivore,SP,No,Invertivore
AVIBASE-CD13049C,7.5,150.0,2550.0,2700.0,Forest,Carnivore,,No,Invertivore
AVIBASE-39EECA04,,200.0,1940.0,2140.0,Forest,Carnivore,,No,Invertivore
AVIBASE-0195424E,,1000.0,2000.0,3000.0,Forest,Carnivore,SP,No,Invertivore
AVIBASE-F3E9CE95,13.25,0.0,2450.0,2450.0,Wetland,Carnivore,CP,No,Invertivore
AVIBASE-B9A707A5,11.15,250.0,3750.0,4000.0,Forest,Carnivore,SP,No,Invertivore
AVIBASE-5FA90F20,8.0,75.0,4225.0,4300.0,Shrubland,Carnivore,SP,No,Invertivore
AVIBASE-1884A2A5,9.0,245.0,3755.0,4000.0,Forest,Carnivore,,No,Invertivore
AVIBASE-1A0CF540,9.0,0.0,2100.0,2100.0,Forest,Carnivore,,No,Invertivore
AVIBASE-C83F6098,9.5,800.0,2350.0,3150.0,Forest,Carnivore,,No,Invertivore
AVIBASE-6A661300,10.25,0.0,1900.0,1900.0,Forest,Carnivore,,No,Invertivore
AVIBASE-E87512DF,9.35,250.0,2005.0,2255.0,Shrubland,Carnivore,SP,No,Invertivore
AVIBASE-D86EAD92,14.075,1200.0,1150.0,2350.0,Forest,Carnivore,,No,Invertivore
AVIBASE-FCF07F05,8.18333,0.0,3500.0,3500.0,Woodland,Carnivore,DM,No,Invertivore
AVIBASE-847AE7B8,6.23333,0.0,1000.0,1000.0,Forest,Carnivore,SP,No,Invertivore
AVIBASE-9EB7EBA9,7.0,0.0,1500.0,1500.0,Forest,Carnivore,PN,No,Invertivore
AVIBASE-F6DBAE37,5.8,0.0,800.0,800.0,Woodland,Carnivore,SP,No,Invertivore
AVIBASE-98BA31AA,13.0,700.0,1400.0,2100.0,Forest,Carnivore,,No,Invertivore
AVIBASE-798648B9,5.5,0.0,1200.0,1200.0,Forest,Carnivore,SP,No,Invertivore
AVIBASE-FCAE5D9C,7.0,1800.0,3200.0,5000.0,Forest,Carnivore,SP,No,Invertivore
AVIBASE-42100244,6.83333,2600.0,1700.0,4300.0,Forest,Carnivore,,No,Invertivore
AVIBASE-AE37ED4D,5.2,0.0,3505.0,3505.0,Woodland,Carnivore,PN,No,Invertivore
AVIBASE-547163C2,8.3,200.0,1630.0,1830.0,Forest,Carnivore,DM,No,Invertivore
AVIBASE-67134AC3,7.65,0.0,3020.0,3020.0,Forest,Carnivore,,No,Invertivore
AVIBASE-AC5C8F67,6.75,500.0,3160.0,3660.0,Forest,Carnivore,SP,No,Invertivore
AVIBASE-FC2CC96E,,1000.0,,,Forest,Carnivore,PN,No,Invertivore
AVIBASE-A75E9867,6.4,60.0,3900.0,3960.0,Forest,Carnivore,SP,No,Invertivore
AVIBASE-3A1C959D,6.5,400.0,3200.0,3600.0,Forest,Carnivore,SP,No,Invertivore
AVIBASE-7ED19F0D,6.5,60.0,1920.0,1980.0,Forest,Carnivore,SP,No,Invertivore
AVIBASE-E6E37DE5,7.8,1750.0,2215.0,3965.0,Shrubland,Carnivore,SP,No,Invertivore
AVIBASE-D456F669,6.9,2200.0,1570.0,3770.0,Forest,Carnivore,SP,No,Invertivore
AVIBASE-B70389E9,7.0,1500.0,2900.0,4400.0,Forest,Carnivore,SP,No,Invertivore
AVIBASE-2DAF0C85,6.0,1000.0,1600.0,2600.0,Forest,Carnivore,,No,Invertivore
AVIBASE-572C4C7F,10.7,0.0,1500.0,1500.0,Forest,Carnivore,SP,No,Invertivore
AVIBASE-C00674ED,9.08333,0.0,1900.0,1900.0,Forest,Carnivore,SP,No,Invertivore
AVIBASE-666F9FC9,8.0,800.0,1000.0,1800.0,Forest,Carnivore,DM,No,Invertivore
AVIBASE-56F0521E,6.76667,1000.0,3300.0,4300.0,Forest,Carnivore,SP,No,Invertivore
AVIBASE-E3DFBF9B,5.51667,600.0,2900.0,3500.0,Forest,Carnivore,,No,Invertivore
AVIBASE-BC391A83,7.0,2000.0,1980.0,3980.0,Forest,Carnivore,SP,No,Invertivore
AVIBASE-0C120038,6.2,0.0,3500.0,3500.0,Shrubland,Carnivore,"SP,DM",No,Invertivore
AVIBASE-3827F740,5.4,600.0,2400.0,3000.0,Forest,Carnivore,SP,No,Invertivore
AVIBASE-5A696583,4.9,1000.0,1800.0,2800.0,Shrubland,Carnivore,SP,No,Invertivore
AVIBASE-5D488808,5.1,1000.0,3200.0,4200.0,Forest,Carnivore,,No,Invertivore
AVIBASE-75889921,4.0,2600.0,500.0,3100.0,Forest,Carnivore,SP,No,Invertivore
AVIBASE-D234BA9D,,1700.0,1500.0,3200.0,Forest,Carnivore,,No,Invertivore
AVIBASE-943E36CA,6.4,300.0,1400.0,1700.0,Forest,Carnivore,SP,No,Invertivore
AVIBASE-EA9942E7,7.0,900.0,2700.0,3600.0,Forest,Carnivore,SP,No,Invertivore
AVIBASE-B763DEC5,9.26667,1220.0,2280.0,3500.0,Shrubland,Carnivore,,No,Invertivore
AVIBASE-9A536399,11.5,0.0,2000.0,2000.0,Shrubland,Carnivore,SP,No,Invertivore
AVIBASE-37DD095F,7.6,1500.0,3075.0,4575.0,Shrubland,Carnivore,SP,No,Invertivore
AVIBASE-E0C31BA6,6.83333,2100.0,2780.0,4880.0,Shrubland,Carnivore,SP,No,Invertivore
AVIBASE-54BE5060,9.0,1000.0,4000.0,5000.0,Shrubland,Carnivore,,No,Invertivore
AVIBASE-96819591,9.91667,0.0,4200.0,4200.0,Riverine,Carnivore,SP,No,Invertivore
AVIBASE-116192F7,5.56667,0.0,4200.0,4200.0,Shrubland,Carnivore,SP,No,Invertivore
AVIBASE-CACE0EBE,6.65,1800.0,1800.0,3600.0,Shrubland,Carnivore,DM,No,Invertivore
AVIBASE-88F4B969,9.53333,0.0,3500.0,3500.0,Forest,Carnivore,SP,No,Invertivore
AVIBASE-F05BA180,7.0,1000.0,3400.0,4400.0,Forest,Carnivore,SP,No,Invertivore
AVIBASE-AAD30068,7.3,0.0,4500.0,4500.0,Forest,Carnivore,,No,Invertivore
AVIBASE-458C8CBE,8.25,0.0,3300.0,3300.0,Forest,Carnivore,DM,No,Invertivore
AVIBASE-B7173913,8.675,0.0,2100.0,2100.0,Forest,Carnivore,DM,No,Invertivore
AVIBASE-12EE678E,7.625,0.0,4500.0,4500.0,Forest,Carnivore,,No,Invertivore
AVIBASE-2D272F5A,9.85,0.0,2000.0,2000.0,Woodland,Carnivore,SP,No,Invertivore
AVIBASE-87D743DD,8.7,0.0,1000.0,1000.0,Forest,Carnivore,,No,Invertivore
AVIBASE-A80ACEA2,9.96,0.0,1500.0,1500.0,Forest,Carnivore,,No,Invertivore
AVIBASE-6CD6A624,9.2,0.0,1800.0,1800.0,Forest,Carnivore,,No,Invertivore
AVIBASE-F6B77E64,8.4,0.0,2350.0,2350.0,Forest,Carnivore,SP,No,Invertivore
AVIBASE-E22B8495,8.9,1500.0,2800.0,4300.0,Forest,Carnivore,SP,No,Invertivore
AVIBASE-A75DF142,9.58333,1200.0,1900.0,3100.0,Forest,Carnivore,SP,No,Invertivore
AVIBASE-A10F5F87,8.56667,100.0,2100.0,2200.0,Forest,Carnivore,,No,Invertivore
AVIBASE-7CECD0FB,9.0,900.0,1300.0,2200.0,Forest,Carnivore,,No,Invertivore
AVIBASE-132E0773,8.0,400.0,1500.0,1900.0,Forest,Carnivore,SP,No,Invertivore
AVIBASE-1B17E3C3,7.0,1000.0,1600.0,2600.0,Forest,Carnivore,SP,No,Invertivore
AVIBASE-C8AB31F2,6.0,1100.0,1000.0,2100.0,Forest,Carnivore,SP,No,Invertivore
AVIBASE-D83BD358,7.2,1700.0,900.0,2600.0,Forest,Carnivore,DM,No,Invertivore
AVIBASE-5ED14FEA,6.6,1200.0,1300.0,2500.0,Forest,Carnivore,DM,No,Invertivore
AVIBASE-6011D298,7.6,2000.0,1500.0,3500.0,Forest,Carnivore,DM,No,Invertivore
AVIBASE-6A26566D,6.85,1200.0,1900.0,3100.0,Forest,Carnivore,,No,Invertivore
AVIBASE-65EA17D9,8.05,600.0,900.0,1500.0,Forest,Carnivore,,No,Invertivore
AVIBASE-86B50297,6.8,400.0,1900.0,2300.0,Forest,Carnivore,,No,Invertivore
AVIBASE-3542C46B,8.41667,500.0,2500.0,3000.0,Forest,Carnivore,SP,No,Invertivore
AVIBASE-38C788AE,8.8,0.0,4000.0,4000.0,Forest,Carnivore,SP,No,Invertivore
AVIBASE-23EF1BD9,8.43333,0.0,4500.0,4500.0,Forest,Carnivore,SP,No,Invertivore
AVIBASE-FFD86E74,,1000.0,1000.0,2000.0,Forest,Carnivore,,No,Invertivore
AVIBASE-C31573A5,12.08333,0.0,3700.0,3700.0,Forest,Carnivore,SP,No,Invertivore
AVIBASE-21AA0D1D,11.28333,0.0,1800.0,1800.0,Forest,Carnivore,,No,Invertivore
AVIBASE-D0FA2385,11.3,0.0,1800.0,1800.0,Forest,Carnivore,SP,No,Invertivore
AVIBASE-C794AF7E,10.7,1500.0,700.0,2200.0,Forest,Carnivore,SP,No,Invertivore
AVIBASE-CF467708,11.0,0.0,2500.0,2500.0,Forest,Carnivore,SP,No,Invertivore
AVIBASE-ECFC7E6C,10.71667,0.0,2500.0,2500.0,Shrubland,Carnivore,SP,No,Invertivore
AVIBASE-F1DD5495,5.33333,825.0,1925.0,2750.0,Forest,Carnivore,SP,No,Invertivore
AVIBASE-4534CB0D,5.0,800.0,1700.0,2500.0,Forest,Carnivore,,No,Invertivore
AVIBASE-97638612,,1400.0,800.0,2200.0,Forest,Carnivore,,No,Invertivore
AVIBASE-1AFEC004,5.85,900.0,1400.0,2300.0,Forest,Carnivore,DM,No,Invertivore
AVIBASE-C24A5DDC,,700.0,500.0,1200.0,Forest,Carnivore,,No,Invertivore
AVIBASE-93C31E93,6.25,,,1500.0,Forest,Carnivore,,No,Invertivore
AVIBASE-758EC511,6.0,0.0,2000.0,2000.0,Forest,Carnivore,SP,No,Invertivore
AVIBASE-9517BF86,9.83333,1800.0,1400.0,3200.0,Forest,Carnivore,SP,No,Invertivore
AVIBASE-1219F329,8.33333,1500.0,2200.0,3700.0,Forest,Carnivore,SP,No,Invertivore
AVIBASE-0B7734A6,8.75,0.0,2550.0,2550.0,Forest,Carnivore,SP,No,Invertivore
AVIBASE-C1BD4698,7.9,1500.0,2200.0,3700.0,Forest,Carnivore,SP,No,Invertivore
AVIBASE-36A98202,5.9,900.0,1665.0,2565.0,Woodland,Carnivore,SP,No,Invertivore
AVIBASE-EFE75F2E,,640.0,860.0,1500.0,Forest,Carnivore,DM,No,Invertivore
AVIBASE-81E5B0CF,6.9,900.0,1665.0,2565.0,Woodland,Carnivore,SP,No,Invertivore
AVIBASE-AA897420,7.18333,900.0,1850.0,2750.0,Forest,Carnivore,SP,No,Invertivore
AVIBASE-6CDC4FFC,9.05,460.0,740.0,1200.0,Forest,Carnivore,DM,No,Invertivore
AVIBASE-AE9B0CE7,9.0,800.0,,,Forest,Carnivore,DM,No,Invertivore
AVIBASE-789702E0,,0.0,2300.0,2300.0,Forest,Carnivore,,No,Invertivore
AVIBASE-9D5FE97B,7.5,0.0,420.0,420.0,Forest,Carnivore,,No,Invertivore
AVIBASE-3E0F39AF,9.25,500.0,1500.0,2000.0,Forest,Carnivore,,No,Invertivore
AVIBASE-74ED769B,10.0,600.0,2900.0,3500.0,Forest,Carnivore,,No,Invertivore
AVIBASE-34C3A112,10.0,600.0,1230.0,1830.0,Forest,Carnivore,,No,Invertivore
AVIBASE-0480ACAC,,1200.0,540.0,1740.0,Forest,Carnivore,,No,Invertivore
AVIBASE-3E0F39AF,9.625,300.0,2100.0,2400.0,Forest,Carnivore,SP,No,Invertivore
AVIBASE-E25490A1,,0.0,180.0,180.0,Forest,Carnivore,,No,Invertivore
AVIBASE-0BD8476A,,0.0,740.0,740.0,Forest,Carnivore,,No,Invertivore
AVIBASE-07AE29DF,15.91667,1500.0,1000.0,2500.0,Forest,Carnivore,,No,Invertivore
AVIBASE-B31940E1,18.25,0.0,2750.0,2750.0,Forest,Carnivore,CP,No,Invertivore
AVIBASE-F530CA35,17.5,0.0,500.0,500.0,Shrubland,Carnivore,,No,Invertivore
AVIBASE-D7C20246,19.25,0.0,2600.0,2600.0,Forest,Carnivore,,No,Invertivore
AVIBASE-D9E1EA36,16.5,500.0,1800.0,2300.0,Forest,Carnivore,,No,Invertivore
AVIBASE-0525E604,15.5,500.0,300.0,800.0,Forest,Carnivore,,No,Invertivore
AVIBASE-63136DAC,18.85,0.0,20.0,20.0,Shrubland,Carnivore,,No,Invertivore
AVIBASE-0D42A253,20.88333,0.0,1000.0,1000.0,Wetland,Carnivore,,No,Invertivore
AVIBASE-AAABFBE8,16.0,0.0,950.0,950.0,Shrubland,Carnivore,,No,Invertivore
AVIBASE-C8857CC8,22.975,0.0,1000.0,1000.0,Wetland,Carnivore,CP,No,Invertivore
AVIBASE-4AA7817D,15.01667,0.0,2400.0,2400.0,Wetland,Carnivore,CP,No,Invertivore
AVIBASE-6ED7C46F,17.0,0.0,2100.0,2100.0,Wetland,Carnivore,CP,No,Invertivore
AVIBASE-E0E4DFB8,15.9,0.0,500.0,500.0,Shrubland,Carnivore,CP,No,Invertivore
AVIBASE-DDF77AB5,12.0,200.0,190.0,390.0,Shrubland,Carnivore,CP,No,Invertivore
AVIBASE-B283E332,33.75,0.0,2000.0,2000.0,Wetland,Carnivore,CP,No,Invertivore
AVIBASE-9A6953ED,32.5,0.0,1000.0,1000.0,Wetland,Carnivore,CP,No,Invertivore
AVIBASE-D793DF5A,28.05,0.0,3000.0,3000.0,Wetland,Carnivore,CP,No,Invertivore
AVIBASE-52440FBD,18.06,0.0,2300.0,2300.0,Wetland,Carnivore,CP,No,Invertivore
AVIBASE-C3F75059,18.21667,0.0,10.0,10.0,Shrubland,Carnivore,CP,No,Invertivore
AVIBASE-EC92E596,31.475,0.0,500.0,500.0,Wetland,Carnivore,CP,No,Invertivore
AVIBASE-121E8914,32.45,0.0,400.0,400.0,Grassland,Carnivore,CP,No,Invertivore
AVIBASE-43B1D88C,,0.0,500.0,500.0,Forest,,,No,
AVIBASE-BBD2AC0C,26.0,0.0,500.0,500.0,Forest,,,No,
AVIBASE-0605561F,,0.0,500.0,500.0,Forest,,,No,
AVIBASE-50256AE7,18.5,0.0,60.0,60.0,Forest,Carnivore,,No,Invertivore
AVIBASE-8CF71142,,0.0,700.0,700.0,Forest,Carnivore,SP,No,Invertivore
AVIBASE-55572D3B,23.0,0.0,20.0,20.0,Shrubland,Carnivore,CP,No,Invertivore
AVIBASE-1EFA97FA,34.0,0.0,1100.0,1100.0,Shrubland,Carnivore,CP,No,Invertivore
AVIBASE-EC5497E6,43.75,50.0,650.0,700.0,Forest,Carnivore,CP,No,Invertivore
AVIBASE-C3251DE9,43.8,300.0,300.0,600.0,Forest,Carnivore,,No,Invertivore
AVIBASE-05C1A470,,0.0,1700.0,1700.0,Forest,Carnivore,,No,Invertivore
AVIBASE-1F6656EC,35.0,0.0,1070.0,1070.0,Shrubland,Carnivore,CP,No,Invertivore
AVIBASE-32D8BFB9,30.66667,0.0,100.0,100.0,Shrubland,Carnivore,CP,No,Invertivore
AVIBASE-87639F7A,22.65,0.0,600.0,600.0,Forest,Carnivore,CP,No,Invertivore
AVIBASE-212D4791,26.0,0.0,80.0,80.0,Forest,Carnivore,,No,Invertivore
AVIBASE-48FBC371,24.625,0.0,30.0,30.0,Forest,Carnivore,CP,No,Invertivore
AVIBASE-162AE792,24.5,0.0,347.0,347.0,Forest,Carnivore,CP,No,Invertivore
AVIBASE-1DB9A114,9.65,0.0,1500.0,1500.0,Wetland,Carnivore,CP,No,Invertivore
AVIBASE-E1559C49,11.4,0.0,1950.0,1950.0,Wetland,Carnivore,CP,No,Invertivore
AVIBASE-C15141A6,13.3,0.0,653.0,653.0,Wetland,Carnivore,CP,No,Invertivore
AVIBASE-FED5AED5,13.0,0.0,2500.0,2500.0,Wetland,Carnivore,CP,No,Invertivore
AVIBASE-D96A9FC9,8.15,0.0,610.0,610.0,Wetland,Carnivore,,No,Invertivore
AVIBASE-F084CA99,8.66667,0.0,3000.0,3000.0,Riverine,Carnivore,CP,No,Invertivore
AVIBASE-A5134675,8.0,0.0,500.0,500.0,Wetland,Carnivore,,No,Invertivore
AVIBASE-6A9ED1BF,10.2,900.0,2100.0,3000.0,Forest,Carnivore,,No,Invertivore
AVIBASE-781FE53F,10.5,0.0,1800.0,1800.0,Wetland,Carnivore,CP,No,Invertivore
AVIBASE-B22EAFC8,13.23333,0.0,1200.0,1200.0,Riverine,Carnivore,CP,No,Invertivore
AVIBASE-34E27C2A,12.88333,0.0,2600.0,2600.0,Wetland,Carnivore,CP,No,Invertivore
AVIBASE-B675E006,13.4,0.0,3000.0,3000.0,Shrubland,Carnivore,CP,No,Invertivore
AVIBASE-213C212A,24.03333,0.0,1000.0,1000.0,Shrubland,Carnivore,CP,No,Invertivore
AVIBASE-EBBD09CA,12.03333,0.0,2600.0,2600.0,Grassland,Carnivore,CP,No,Invertivore
AVIBASE-E999FD2D,11.83333,1800.0,1900.0,3700.0,Forest,Carnivore,CP,No,Invertivore
AVIBASE-1A6C6F17,9.0,0.0,2000.0,2000.0,Shrubland,Carnivore,CP,No,Invertivore
AVIBASE-A8242804,9.0,0.0,2001.0,2001.0,Shrubland,Carnivore,CP,No,Invertivore
AVIBASE-BAE527A2,11.5,0.0,2000.0,2000.0,Woodland,Carnivore,CP,No,Invertivore
AVIBASE-A7275096,13.0,,,1500.0,Human Modified,Carnivore,CP,No,Invertivore
AVIBASE-CB79F02F,10.36,930.0,1120.0,2050.0,Wetland,Carnivore,,No,Invertivore
AVIBASE-D092ED10,,930.0,30.0,960.0,Wetland,Carnivore,,No,Invertivore
AVIBASE-B10AD127,15.0,0.0,2400.0,2400.0,Shrubland,Carnivore,CP,No,Invertivore
AVIBASE-791DED18,18.4,0.0,500.0,500.0,Human Modified,Carnivore,CP,No,Invertivore
AVIBASE-DCDD1BCA,12.26667,0.0,1800.0,1800.0,Woodland,Carnivore,CP,No,Invertivore
AVIBASE-869C978C,14.38333,0.0,1500.0,1500.0,Woodland,Carnivore,CP,No,Invertivore
AVIBASE-A06552F5,56.5,0.0,500.0,500.0,Forest,Carnivore,,No,Invertivore
AVIBASE-A071F50B,59.375,0.0,1300.0,1300.0,Forest,Carnivore,DM,No,Invertivore
AVIBASE-31259EA5,61.0,0.0,1000.0,1000.0,Forest,Carnivore,DM,No,Invertivore
AVIBASE-2F6F30EF,27.66667,0.0,1800.0,1800.0,Riverine,Carnivore,CP,No,Invertivore
AVIBASE-AD5B8488,28.45,,,,Shrubland,Carnivore,CP,No,Invertivore
AVIBASE-0150666B,14.18333,0.0,500.0,500.0,Riverine,Carnivore,,No,Invertivore
AVIBASE-4C3CF429,17.06667,0.0,1900.0,1900.0,Shrubland,Carnivore,CP,No,Invertivore
AVIBASE-3200EE86,19.41667,0.0,1000.0,1000.0,Grassland,Carnivore,CP,No,Invertivore
AVIBASE-4AADBF95,20.0,0.0,350.0,350.0,Wetland,Carnivore,,No,Invertivore
AVIBASE-10A37318,10.7,0.0,1000.0,1000.0,Grassland,Carnivore,CP,No,Invertivore
AVIBASE-A630DB2C,15.75,525.0,1975.0,2500.0,Forest,Carnivore,,No,Invertivore
AVIBASE-2B020CA0,18.0,0.0,1700.0,1700.0,Grassland,Carnivore,CP,No,Invertivore
AVIBASE-2D46BB98,16.1,0.0,1200.0,1200.0,Wetland,Carnivore,CP,No,Invertivore
AVIBASE-0EB857AC,13.0,1200.0,2400.0,3600.0,Shrubland,Carnivore,CP,No,Invertivore
AVIBASE-79094AD6,11.66667,1200.0,2100.0,3300.0,Shrubland,Carnivore,CP,No,Invertivore
AVIBASE-BC0E4C9F,14.5,0.0,2000.0,2000.0,Woodland,Carnivore,CP,No,Invertivore
AVIBASE-AD2C0444,11.26667,2800.0,800.0,3600.0,Shrubland,Carnivore,,No,Invertivore
AVIBASE-50E2882A,14.0,2135.0,610.0,2745.0,Forest,Carnivore,,No,Invertivore
AVIBASE-A86920C2,23.0,700.0,2050.0,2750.0,Forest,Carnivore,,No,Invertivore
AVIBASE-3ED5F3FE,19.0,950.0,2050.0,3000.0,Forest,Carnivore,,No,Invertivore
AVIBASE-C5D95D65,22.5,850.0,1440.0,2290.0,Forest,Carnivore,,No,Invertivore
AVIBASE-07B21B75,19.0,1050.0,365.0,1415.0,Forest,Carnivore,,No,Invertivore
AVIBASE-954948C3,,750.0,,,Forest,Carnivore,,No,Invertivore
AVIBASE-A3DA71AE,10.3,0.0,1400.0,1400.0,Riverine,Carnivore,DM,No,Invertivore
AVIBASE-6F6DA65C,,75.0,3825.0,3900.0,Grassland,Carnivore,,No,Invertivore
AVIBASE-21589EE3,11.2,75.0,4425.0,4500.0,Shrubland,Carnivore,CP,No,Invertivore
AVIBASE-AC14DBAB,10.0,1200.0,1800.0,3000.0,Grassland,Carnivore,CP,No,Invertivore
AVIBASE-9D31EB97,10.43333,0.0,2800.0,2800.0,Shrubland,Carnivore,,No,Invertivore
AVIBASE-AACE84D1,,1100.0,1400.0,2500.0,Shrubland,Carnivore,,No,Invertivore
AVIBASE-C537F2F2,12.5,860.0,1240.0,2100.0,Forest,Carnivore,,No,Invertivore
AVIBASE-E2715929,,1000.0,1275.0,2275.0,Forest,Carnivore,,No,Invertivore
AVIBASE-E38055D6,12.0,850.0,950.0,1800.0,Grassland,Carnivore,,No,Invertivore
AVIBASE-EF8973E3,14.0,0.0,500.0,500.0,Wetland,Carnivore,SP,No,Invertivore
AVIBASE-BA50CCD7,23.5,0.0,500.0,500.0,Grassland,Carnivore,CP,No,Invertivore
AVIBASE-A0CF86E4,,0.0,200.0,200.0,Forest,Carnivore,,No,Invertivore
AVIBASE-5CB472D1,22.3,0.0,1000.0,1000.0,Shrubland,Carnivore,CP,No,Invertivore
AVIBASE-462CF36B,35.45,0.0,130.0,130.0,Grassland,Carnivore,CP,No,Invertivore
AVIBASE-297C0D49,25.0,0.0,500.0,500.0,Wetland,Carnivore,CP,No,Invertivore
AVIBASE-974B0A63,,900.0,1500.0,2400.0,Forest,Carnivore,,No,Invertivore
AVIBASE-E4A62726,59.46667,0.0,1000.0,1000.0,Grassland,Carnivore,CP,No,Invertivore
AVIBASE-AFE12556,34.5,0.0,1400.0,1400.0,Forest,Carnivore,,No,Invertivore
AVIBASE-9B658528,,1580.0,620.0,2200.0,Forest,Carnivore,,No,Invertivore
AVIBASE-9C16D3E4,30.0,0.0,1100.0,1100.0,Forest,Carnivore,,No,Invertivore
AVIBASE-D6C5E52E,30.975,0.0,1000.0,1000.0,Grassland,Carnivore,CP,No,Invertivore
AVIBASE-ADA9D3DA,26.94,0.0,4000.0,4000.0,Grassland,Carnivore,CP,No,Invertivore
AVIBASE-55BCBFAF,31.06667,0.0,2000.0,2000.0,Wetland,Carnivore,CP,No,Invertivore
AVIBASE-7742FBED,36.0,1200.0,350.0,1550.0,Forest,Carnivore,,No,Invertivore
AVIBASE-582FE962,25.5,750.0,750.0,1500.0,Forest,Carnivore,CP,No,Invertivore
AVIBASE-B67CE90E,25.55,0.0,1000.0,1000.0,Shrubland,Carnivore,CP,No,Invertivore
AVIBASE-B211BC0D,24.0,800.0,200.0,1000.0,Forest,Carnivore,,No,Invertivore
AVIBASE-62B8ED27,25.5,1550.0,450.0,2000.0,Forest,Carnivore,CP,No,Invertivore
AVIBASE-592B6CCB,10.66667,1500.0,900.0,2400.0,Forest,Carnivore,CP,No,Invertivore
AVIBASE-63CBD04F,16.75,756.0,1244.0,2000.0,Shrubland,Carnivore,SP,No,Invertivore
AVIBASE-F0EECB8B,31.5,0.0,460.0,460.0,Grassland,Carnivore,SP,No,Invertivore
AVIBASE-2470FC01,15.5,1000.0,1150.0,2150.0,Grassland,Carnivore,CP,No,Invertivore
AVIBASE-CE6A2FED,45.5,0.0,2000.0,2000.0,Grassland,Carnivore,SP,No,Invertivore
AVIBASE-D4F0437E,16.9,0.0,1000.0,1000.0,Forest,Carnivore,CP,No,Invertivore
AVIBASE-AD3FBCA9,22.5,1600.0,1350.0,2950.0,Forest,Carnivore,,No,Invertivore
AVIBASE-6A8A9135,18.96667,1370.0,830.0,2200.0,Shrubland,Carnivore,CP,No,Invertivore
AVIBASE-8160D091,19.83333,1700.0,700.0,2400.0,Forest,Carnivore,CP,No,Invertivore
AVIBASE-523913AE,17.83333,1800.0,1500.0,3300.0,Forest,Carnivore,CP,No,Invertivore
AVIBASE-875A131F,13.6,1800.0,800.0,2600.0,Grassland,Carnivore,CP,No,Invertivore
AVIBASE-D9721DB9,14.25,500.0,2000.0,2500.0,Grassland,Carnivore,,No,Invertivore
AVIBASE-4761DFE7,18.5,400.0,400.0,800.0,Wetland,Carnivore,,No,Invertivore
AVIBASE-ED9EE880,14.78333,0.0,2300.0,2300.0,Wetland,Carnivore,CP,No,Invertivore
AVIBASE-8CA1A851,22.01667,900.0,1150.0,2050.0,Wetland,Carnivore,,No,Invertivore
AVIBASE-1DC48058,17.0,1950.0,650.0,2600.0,Wetland,Carnivore,,No,Invertivore
AVIBASE-D6A69E06,12.7,0.0,2300.0,2300.0,Wetland,Carnivore,CP,No,Invertivore
AVIBASE-878C7D44,37.5,0.0,600.0,600.0,Wetland,Carnivore,CP,No,Invertivore
AVIBASE-8670BFA8,20.76667,800.0,800.0,1600.0,Forest,Carnivore,,No,Invertivore
AVIBASE-51FA9111,28.53333,0.0,1300.0,1300.0,Forest,Carnivore,CP,No,Invertivore
AVIBASE-DBD188EF,8.55,900.0,1600.0,2500.0,Forest,Carnivore,,No,Invertivore
AVIBASE-3BDC2A16,10.0,500.0,900.0,1400.0,Forest,Carnivore,SP,No,Invertivore
AVIBASE-FEC92F47,14.5,0.0,800.0,800.0,Shrubland,Carnivore,CP,No,Invertivore
AVIBASE-9813B521,18.33333,0.0,1500.0,1500.0,Forest,Carnivore,,No,Invertivore
AVIBASE-2CF15271,14.0,600.0,730.0,1330.0,Forest,Carnivore,,No,Invertivore
AVIBASE-BABC6C7F,19.0,1000.0,1000.0,2000.0,Forest,Carnivore,,No,Invertivore
AVIBASE-8A7929D9,19.0,1000.0,1300.0,2300.0,Forest,Carnivore,,No,Invertivore
AVIBASE-6FD3006B,21.4,200.0,750.0,950.0,Forest,Carnivore,,No,Invertivore
AVIBASE-317D64AD,12.0,0.0,1200.0,1200.0,Forest,Carnivore,,No,Invertivore
AVIBASE-62D4A4C8,6.96667,0.0,1800.0,1800.0,Forest,Carnivore,,No,Invertivore
AVIBASE-CF4FB76D,6.5,0.0,1500.0,1500.0,Forest,Carnivore,,No,Invertivore
AVIBASE-F4BF9645,8.0,0.0,1800.0,1800.0,Forest,Carnivore,SP,No,Invertivore
AVIBASE-73BC0382,7.85,0.0,800.0,800.0,Woodland,Carnivore,SP,No,Invertivore
AVIBASE-47053A35,14.0,0.0,2400.0,2400.0,Grassland,Carnivore,SP,No,Invertivore
AVIBASE-6B64558B,12.96667,0.0,2500.0,2500.0,Shrubland,Carnivore,SP,No,Invertivore
AVIBASE-5A184029,16.5,0.0,1900.0,1900.0,Grassland,Carnivore,SP,No,Invertivore
AVIBASE-5BD1E605,13.5,0.0,1000.0,1000.0,Grassland,Carnivore,SP,No,Invertivore
AVIBASE-01CFA60A,14.75,0.0,1900.0,1900.0,Grassland,Carnivore,SP,No,Invertivore
AVIBASE-F550D7D6,15.95,0.0,500.0,500.0,Grassland,Carnivore,SP,No,Invertivore
AVIBASE-373DCDF4,15.75,1600.0,2800.0,4400.0,Shrubland,Carnivore,"O,SP",No,Invertivore
AVIBASE-4849AA43,15.75,850.0,2500.0,3350.0,Shrubland,Carnivore,SP,No,Invertivore
AVIBASE-43B615B3,,240.0,65.0,305.0,Wetland,Carnivore,,No,Invertivore
AVIBASE-9C320DCB,19.5,1100.0,1300.0,2400.0,Forest,Carnivore,SP,No,Invertivore
AVIBASE-2C8B24B6,13.93333,600.0,1900.0,2500.0,Rock,Carnivore,SP,No,Invertivore
AVIBASE-4276CE06,,,,2100.0,Rock,Carnivore,,No,Invertivore
AVIBASE-909FEE8A,15.64,0.0,2000.0,2000.0,Shrubland,Carnivore,SP,No,Invertivore
AVIBASE-F8469E3F,17.5,900.0,1200.0,2100.0,Grassland,Carnivore,SP,No,Invertivore
AVIBASE-3B7E808C,10.75,1830.0,1170.0,3000.0,Shrubland,Carnivore,SP,No,Invertivore
AVIBASE-71F6A3F0,16.7,300.0,1200.0,1500.0,Grassland,Carnivore,SP,No,Invertivore
AVIBASE-2E0E6C82,13.33333,0.0,500.0,500.0,Shrubland,Carnivore,,No,Invertivore
AVIBASE-F7D5C201,11.61667,0.0,1000.0,1000.0,Shrubland,Carnivore,SP,No,Invertivore
AVIBASE-B7C5BC8D,11.12,0.0,1000.0,1000.0,Shrubland,Carnivore,SP,No,Invertivore
AVIBASE-9AEEFA09,13.75,0.0,2700.0,2700.0,Grassland,Carnivore,SP,No,Invertivore
AVIBASE-D74437DE,14.26,0.0,2500.0,2500.0,Wetland,Carnivore,SP,No,Invertivore
AVIBASE-1DA06308,14.75,,,,Wetland,Carnivore,SP,No,Invertivore
AVIBASE-E88C0B71,10.66667,0.0,,,Wetland,Carnivore,SP,No,Invertivore
AVIBASE-69045C0B,,240.0,65.0,305.0,Grassland,Carnivore,,No,Invertivore
AVIBASE-3DF3F9B9,13.66667,1500.0,1100.0,2600.0,Wetland,Carnivore,SP,No,Invertivore
AVIBASE-846B8B31,,,,,Wetland,Carnivore,SP,No,Invertivore
AVIBASE-89A3C105,13.8,,,,Wetland,Carnivore,SP,No,Invertivore
AVIBASE-2C6D5362,11.45,1200.0,400.0,1600.0,Wetland,Carnivore,SP,No,Invertivore
AVIBASE-F936B680,11.81667,0.0,3400.0,3400.0,Wetland,Carnivore,"SP,CP",No,Invertivore
AVIBASE-D3B1A98B,19.75,1200.0,1500.0,2700.0,Grassland,Carnivore,SP,No,Invertivore
AVIBASE-3C79F1AC,20.5,2300.0,1400.0,3700.0,Grassland,Carnivore,SP,No,Invertivore
AVIBASE-FB740D14,18.25,1300.0,1100.0,2400.0,Woodland,Carnivore,SP,No,Invertivore
AVIBASE-8338F12F,10.05,300.0,600.0,900.0,Grassland,Carnivore,SP,No,Invertivore
AVIBASE-6078DEED,9.45,0.0,850.0,850.0,Grassland,Carnivore,SP,No,Invertivore
AVIBASE-BF29E8B6,6.66667,0.0,1900.0,1900.0,Shrubland,Carnivore,SP,No,Invertivore
AVIBASE-FBDCA962,7.96667,0.0,2200.0,2200.0,Shrubland,Carnivore,SP,No,Invertivore
AVIBASE-81851E47,7.51667,0.0,1000.0,1000.0,Shrubland,Carnivore,SP,No,Invertivore
AVIBASE-844A290B,,1500.0,700.0,2200.0,Grassland,Carnivore,,No,Invertivore
AVIBASE-8220168F,9.18,0.0,2500.0,2500.0,Grassland,Carnivore,SP,No,Invertivore
AVIBASE-9CE4FC4C,8.5,0.0,1000.0,1000.0,Grassland,Carnivore,SP,No,Invertivore
AVIBASE-388BABD6,8.875,,,,Grassland,Carnivore,,No,Invertivore
AVIBASE-AEE2063F,8.28,0.0,2400.0,2400.0,Grassland,Carnivore,PN,No,Invertivore
AVIBASE-C08493AF,7.0,0.0,5.0,5.0,Shrubland,Carnivore,SP,No,Invertivore
AVIBASE-84C80AC6,9.6,0.0,2000.0,2000.0,Grassland,Carnivore,SP,No,Invertivore
AVIBASE-A2C88219,9.46667,0.0,1800.0,1800.0,Shrubland,Carnivore,,No,Invertivore
AVIBASE-F9FA8D6B,10.52,0.0,2000.0,2000.0,Grassland,Carnivore,SP,No,Invertivore
AVIBASE-53E61277,12.0,900.0,1500.0,2400.0,Grassland,Carnivore,,No,Invertivore
AVIBASE-9F281377,9.0,,,,Grassland,Carnivore,SP,No,Invertivore
AVIBASE-006667E7,8.66667,0.0,2300.0,2300.0,Grassland,Carnivore,SP,No,Invertivore
AVIBASE-6F165487,9.3,0.0,1800.0,1800.0,Grassland,Carnivore,SP,No,Invertivore
AVIBASE-78573BB2,9.61667,300.0,3400.0,3700.0,Grassland,Carnivore,SP,No,Invertivore
AVIBASE-7CB5F8B8,7.75,0.0,1800.0,1800.0,Grassland,Carnivore,CP,No,Invertivore
AVIBASE-ACD5DE47,10.5,0.0,1400.0,1400.0,Shrubland,Carnivore,SP,No,Invertivore
AVIBASE-FD81168B,14.5,300.0,2000.0,2300.0,Shrubland,Carnivore,DM,No,Invertivore
AVIBASE-76B7FC0A,15.5,300.0,2000.0,2300.0,Shrubland,Carnivore,DM,No,Invertivore
AVIBASE-DCC58CA1,12.5,0.0,1500.0,1500.0,Grassland,Carnivore,DM,No,Invertivore
AVIBASE-DCC58CA1,15.0,0.0,1500.0,1500.0,Grassland,Carnivore,DM,No,Invertivore
AVIBASE-52F282F8,15.0,0.0,1500.0,1500.0,Grassland,Carnivore,DM,No,Invertivore
AVIBASE-9A72741D,12.0,300.0,2265.0,2565.0,Grassland,Carnivore,SP,No,Invertivore
AVIBASE-0BF01CE3,10.0,300.0,1500.0,1800.0,Shrubland,Carnivore,CP,No,Invertivore
AVIBASE-9F434A62,12.0,600.0,1965.0,2565.0,Shrubland,Carnivore,CP,No,Invertivore
AVIBASE-4FF9ECC8,7.25,0.0,1600.0,1600.0,Forest,Carnivore,,No,Invertivore
AVIBASE-AC892456,7.0,0.0,460.0,460.0,Grassland,Carnivore,DM,No,Invertivore
AVIBASE-892900C9,6.5,500.0,700.0,1200.0,Shrubland,Carnivore,CP,No,Invertivore
AVIBASE-C29B19D7,7.0,0.0,1800.0,1800.0,Forest,Carnivore,CP,No,Invertivore
AVIBASE-F8885790,7.4,0.0,3200.0,3200.0,Shrubland,Carnivore,"O,HC",No,Invertivore
AVIBASE-8C3D3992,6.0,0.0,1000.0,1000.0,Riverine,Carnivore,DM,No,Invertivore
AVIBASE-7939B436,16.275,0.0,1800.0,1800.0,Shrubland,Carnivore,SP,No,Invertivore
AVIBASE-49F183EA,9.0,0.0,1500.0,1500.0,Shrubland,Carnivore,DM,No,Invertivore
AVIBASE-3745AE94,8.7,0.0,1550.0,1550.0,Shrubland,Carnivore,DM,No,Invertivore
AVIBASE-8D5A3CB1,9.33333,0.0,900.0,900.0,Wetland,Carnivore,SP,No,Invertivore
AVIBASE-0E6F19BB,8.23333,0.0,1800.0,1800.0,Grassland,Carnivore,SP,No,Invertivore
AVIBASE-63F72CA7,8.88333,0.0,2750.0,2750.0,Grassland,Carnivore,"O,SP",No,Invertivore
AVIBASE-465145E5,6.33333,0.0,800.0,800.0,Shrubland,Carnivore,SP,No,Invertivore
AVIBASE-319F6754,7.5,0.0,1300.0,1300.0,Grassland,Carnivore,SP,No,Invertivore
AVIBASE-1CB41EB5,8.0,,,,Riverine,Carnivore,SP,No,Invertivore
AVIBASE-10988568,9.46,0.0,1000.0,1000.0,Shrubland,Carnivore,SP,No,Invertivore
AVIBASE-4CDA27A3,9.25,0.0,3000.0,3000.0,Shrubland,Carnivore,"O,SP",No,Invertivore
AVIBASE-36261312,10.35,0.0,3000.0,3000.0,Shrubland,Carnivore,SP,No,Invertivore
AVIBASE-843FF082,8.5,0.0,1400.0,1400.0,Forest,Carnivore,SP,No,Invertivore
AVIBASE-C54D2FEE,13.31667,1500.0,1500.0,3000.0,Forest,Carnivore,SP,No,Invertivore
AVIBASE-C67FD539,11.63333,0.0,1500.0,1500.0,Woodland,Carnivore,SP,No,Invertivore
AVIBASE-D8177CEC,6.375,0.0,1800.0,1800.0,Shrubland,Carnivore,,No,Invertivore
AVIBASE-95B6C7C5,12.33333,0.0,2400.0,2400.0,Forest,Carnivore,CP,No,Invertivore
AVIBASE-45411DD0,12.95,1000.0,600.0,1600.0,Forest,Carnivore,,No,Invertivore
AVIBASE-23670191,10.78,0.0,1000.0,1000.0,Shrubland,Carnivore,CP,No,Invertivore
AVIBASE-0B870352,10.2,1400.0,800.0,2200.0,Shrubland,Carnivore,,No,Invertivore
AVIBASE-E823AB2F,5.5,0.0,500.0,500.0,Forest,Carnivore,,No,Invertivore
AVIBASE-6E07BDBD,5.5,600.0,1070.0,1670.0,Forest,Carnivore,,No,Invertivore
AVIBASE-9180EEB6,11.83333,1000.0,1500.0,2500.0,Forest,Carnivore,,No,Invertivore
AVIBASE-91FD087B,8.75,1550.0,1350.0,2900.0,Forest,Carnivore,"DM,O",No,Invertivore
AVIBASE-4016F61E,10.16667,1550.0,1550.0,3100.0,Forest,Carnivore,SP,No,Invertivore
AVIBASE-E1936846,10.0,600.0,600.0,1200.0,Grassland,Carnivore,,No,Invertivore
AVIBASE-2A88D0BC,7.0,0.0,1050.0,1050.0,Shrubland,Carnivore,CP,No,Invertivore
AVIBASE-DFC5A27D,6.0,1000.0,1000.0,2000.0,Woodland,Carnivore,,No,Invertivore
AVIBASE-B285E2B0,11.53333,0.0,2600.0,2600.0,Forest,Carnivore,SP,No,Invertivore
AVIBASE-0190A968,11.025,600.0,1800.0,2400.0,Forest,Carnivore,SP,No,Invertivore
AVIBASE-D5549C6D,11.0,1200.0,525.0,1725.0,Forest,Carnivore,,No,Invertivore
AVIBASE-A3869D21,11.0,1100.0,900.0,2000.0,Forest,Carnivore,SP,No,Invertivore
AVIBASE-32947D9C,9.8,0.0,200.0,200.0,Forest,Carnivore,SP,No,Invertivore
AVIBASE-8C13DA6F,7.0,0.0,1950.0,1950.0,Shrubland,Carnivore,SP,No,Invertivore
AVIBASE-EADB2314,8.24,0.0,2200.0,2200.0,Grassland,Carnivore,"O,SP",No,Invertivore
AVIBASE-1B4DA358,8.1,,,1800.0,Shrubland,Carnivore,SP,No,Invertivore
AVIBASE-0ABADB0F,10.5,1500.0,1300.0,2800.0,Forest,Carnivore,,No,Invertivore
AVIBASE-1ABAB622,7.8,1000.0,1500.0,2500.0,Forest,Carnivore,,No,Invertivore
AVIBASE-184BA213,8.0,500.0,1100.0,1600.0,Forest,Carnivore,SP,No,Invertivore
AVIBASE-DA2072A7,8.52,700.0,700.0,1400.0,Forest,Carnivore,,No,Invertivore
AVIBASE-4FE76868,8.78333,0.0,2000.0,2000.0,Forest,Carnivore,SP,No,Invertivore
AVIBASE-F3D1150D,9.1,1200.0,1000.0,2200.0,Forest,Carnivore,DM,No,Invertivore
AVIBASE-E8F03B18,8.75,1600.0,1800.0,3400.0,Forest,Carnivore,,No,Invertivore
AVIBASE-3454B218,,1600.0,880.0,2480.0,Forest,Carnivore,,No,Invertivore
AVIBASE-6687AA29,9.0,1500.0,800.0,2300.0,Forest,Carnivore,PN,No,Invertivore
AVIBASE-770308E9,8.85,0.0,820.0,820.0,Forest,Carnivore,SP,No,Invertivore
AVIBASE-75E0430B,8.5,0.0,2400.0,2400.0,Forest,Carnivore,CP,No,Invertivore
AVIBASE-D20B632B,,1500.0,850.0,2350.0,Forest,Carnivore,,No,Invertivore
AVIBASE-D029B521,9.5,1150.0,70.0,1220.0,Shrubland,Carnivore,CP,No,Invertivore
AVIBASE-C3B16DBB,,700.0,1350.0,2050.0,Forest,Carnivore,,No,Invertivore
AVIBASE-3D6CB174,,400.0,400.0,800.0,Riverine,Carnivore,,No,Invertivore
AVIBASE-7A8A8FCF,9.75,850.0,2150.0,3000.0,Forest,Carnivore,SP,No,Invertivore
AVIBASE-D6C2BFD2,12.5,1000.0,1200.0,2200.0,Forest,Carnivore,,No,Invertivore
AVIBASE-A1CA4EB2,10.4,0.0,1000.0,1000.0,Shrubland,Carnivore,SP,No,Invertivore
AVIBASE-31557605,28.76667,0.0,2000.0,2000.0,Forest,Carnivore,SP,No,Invertivore
AVIBASE-31E5F1E9,19.58333,800.0,1700.0,2500.0,Forest,Carnivore,PN,No,Invertivore
AVIBASE-DC456636,10.83333,0.0,2200.0,2200.0,Forest,Carnivore,SP,No,Invertivore
AVIBASE-B38ABEF9,11.0,,,,Forest,Carnivore,,No,Invertivore
AVIBASE-63220C79,9.66667,0.0,1550.0,1550.0,Forest,Carnivore,,No,Invertivore
AVIBASE-F58AF0FB,10.61667,0.0,1600.0,1600.0,Forest,Carnivore,,No,Invertivore
AVIBASE-BBBFDD5B,11.41667,,,2000.0,Forest,Carnivore,,No,Invertivore
AVIBASE-0195CFDD,12.0,100.0,1400.0,1500.0,Shrubland,Carnivore,SP,No,Invertivore
AVIBASE-1E7CADC2,13.08333,0.0,1700.0,1700.0,Woodland,Carnivore,SP,No,Invertivore
AVIBASE-13F7A4F9,12.56,0.0,1700.0,1700.0,Woodland,Carnivore,SP,No,Invertivore
AVIBASE-A3265EBB,12.65,0.0,1000.0,1000.0,Grassland,Carnivore,SP,No,Invertivore
AVIBASE-216F11D6,11.5,0.0,1000.0,1000.0,Shrubland,Carnivore,SP,No,Invertivore
AVIBASE-8EDC9B24,16.5,0.0,500.0,500.0,Forest,Carnivore,,No,Invertivore
AVIBASE-438D0DFF,15.5,300.0,2100.0,2400.0,Forest,Carnivore,SP,No,Invertivore
AVIBASE-31FB812A,16.83333,1475.0,955.0,2430.0,Shrubland,Carnivore,,No,Invertivore
AVIBASE-AF5B727B,7.83333,0.0,2100.0,2100.0,Shrubland,Carnivore,CP,No,Invertivore
AVIBASE-69618EFB,7.48,0.0,1400.0,1400.0,Forest,Carnivore,CP,No,Invertivore
AVIBASE-95A9CD5E,7.0,0.0,25.0,25.0,Shrubland,Carnivore,PN,No,Invertivore
AVIBASE-DADD146F,11.0,0.0,600.0,600.0,Forest,Carnivore,PN,No,Invertivore
AVIBASE-8E1757E6,8.51667,0.0,1060.0,1060.0,Forest,Carnivore,PN,No,Invertivore
AVIBASE-06F95A32,7.82,0.0,,,Forest,Carnivore,PN,No,Invertivore
AVIBASE-CF23E48F,9.7,0.0,750.0,750.0,Forest,Carnivore,,No,Invertivore
AVIBASE-D127FAAF,9.93333,0.0,400.0,400.0,Forest,Carnivore,PN,No,Invertivore
AVIBASE-6C405431,8.4,0.0,950.0,950.0,Shrubland,Carnivore,CP,No,Invertivore
AVIBASE-57FE408F,7.9,0.0,1875.0,1875.0,Forest,Carnivore,PN,No,Invertivore
AVIBASE-F3513134,8.15,0.0,1000.0,1000.0,Forest,Carnivore,,No,Invertivore
AVIBASE-DD80D268,8.95,0.0,1000.0,1000.0,Forest,Carnivore,,No,Invertivore
AVIBASE-E669B7A2,8.6,0.0,750.0,750.0,Forest,Carnivore,,No,Invertivore
AVIBASE-0B0BBE24,9.15,800.0,250.0,1050.0,Forest,Carnivore,CP,No,Invertivore
AVIBASE-49EF5910,9.45,1430.0,420.0,1850.0,Riverine,Carnivore,,No,Invertivore
AVIBASE-5C5C1A5E,8.83333,1000.0,1600.0,2600.0,Forest,Carnivore,CP,No,Invertivore
AVIBASE-D083C7B8,12.38333,800.0,1400.0,2200.0,Forest,Carnivore,SP,No,Invertivore
AVIBASE-77FE6CF2,7.11667,0.0,1000.0,1000.0,Woodland,Carnivore,CP,No,Invertivore
AVIBASE-D46EE5F8,4.5,0.0,1200.0,1200.0,Woodland,Carnivore,CP,No,Invertivore
AVIBASE-330BEC7E,6.73333,0.0,1000.0,1000.0,Woodland,Carnivore,CP,No,Invertivore
AVIBASE-75932535,7.0,500.0,1500.0,2000.0,Grassland,Carnivore,CP,No,Invertivore
AVIBASE-0394BA0B,9.0,0.0,1800.0,1800.0,Woodland,Carnivore,CP,No,Invertivore
AVIBASE-728CFC23,6.9,0.0,1000.0,1000.0,Shrubland,Carnivore,CP,No,Invertivore
AVIBASE-35C0145B,8.38333,0.0,1000.0,1000.0,Woodland,Carnivore,CP,No,Invertivore
AVIBASE-17767237,10.26667,0.0,1400.0,1400.0,Forest,Carnivore,,No,Invertivore
AVIBASE-7D340BF9,7.5,470.0,1230.0,1700.0,Forest,Carnivore,,No,Invertivore
AVIBASE-A6275491,10.6,500.0,1000.0,1500.0,Woodland,Carnivore,CP,No,Invertivore
AVIBASE-61F9065B,19.31667,0.0,2200.0,2200.0,Forest,Omnivore,CP,No,Omnivore
AVIBASE-A6A4FC63,21.26667,0.0,2600.0,2600.0,Woodland,Omnivore,CP,No,Omnivore
AVIBASE-1D1BD2CA,19.5,0.0,500.0,500.0,Forest,Carnivore,CP,No,Invertivore
AVIBASE-B1400E68,18.0,2440.0,1215.0,3655.0,Shrubland,Herbivore,CP,No,Frugivore
AVIBASE-015542ED,29.61667,600.0,1225.0,1825.0,Forest,Herbivore,CP,No,Frugivore
AVIBASE-7C3026CC,19.5,900.0,2100.0,3000.0,Forest,Carnivore,CP,No,Invertivore
AVIBASE-A0855E30,20.0,1220.0,1680.0,2900.0,Forest,Carnivore,CP,No,Invertivore
AVIBASE-1EA60B94,23.55,0.0,1600.0,1600.0,Forest,Carnivore,CP,No,Invertivore
AVIBASE-697DE8A6,14.73333,0.0,2750.0,2750.0,Shrubland,Carnivore,CP,No,Invertivore
AVIBASE-982C918E,13.85,500.0,1200.0,1700.0,Woodland,Carnivore,CP,No,Invertivore
AVIBASE-C39D67AD,15.06667,0.0,1000.0,1000.0,Shrubland,Carnivore,CP,No,Invertivore
AVIBASE-0DCD05BE,12.35,0.0,2650.0,2650.0,Shrubland,Carnivore,CP,No,Invertivore
AVIBASE-16FEF081,14.91667,1400.0,2300.0,3700.0,Woodland,Carnivore,CP,No,Invertivore
AVIBASE-40A82395,22.0,1500.0,1400.0,2900.0,Woodland,Carnivore,,No,Invertivore
AVIBASE-51DD2ADA,13.38333,-400.0,2300.0,1900.0,Grassland,Carnivore,CP,No,Invertivore
AVIBASE-95E7E0E5,22.78333,0.0,800.0,800.0,Woodland,Carnivore,CP,No,Invertivore
AVIBASE-37015E61,20.9,0.0,3000.0,3000.0,Woodland,Carnivore,CP,No,Invertivore
AVIBASE-D5AEADF4,,0.0,2000.0,2000.0,Desert,Carnivore,CP,No,Invertivore
AVIBASE-58F3D3E5,8.8,0.0,2200.0,2200.0,Desert,Carnivore,,No,Invertivore
AVIBASE-D1EF4402,8.61667,1000.0,1500.0,2500.0,Shrubland,Carnivore,CP,No,Invertivore
AVIBASE-AA027706,9.25,0.0,2000.0,2000.0,Shrubland,Carnivore,CP,No,Invertivore
AVIBASE-A1B09A86,12.425,0.0,1000.0,1000.0,Shrubland,Carnivore,CP,No,Invertivore
AVIBASE-94E23F51,12.2,0.0,1400.0,1400.0,Shrubland,Carnivore,CP,No,Invertivore
AVIBASE-B0D09483,17.3,0.0,1800.0,1800.0,Shrubland,Carnivore,CP,No,Invertivore
AVIBASE-62A53820,10.1,0.0,2200.0,2200.0,Shrubland,Carnivore,CP,No,Invertivore
AVIBASE-3FC15B06,,0.0,1000.0,1000.0,Shrubland,Carnivore,CP,No,Invertivore
AVIBASE-62A53820,11.55,0.0,2200.0,2200.0,Shrubland,Carnivore,CP,No,Invertivore
AVIBASE-14AFBA82,16.01667,0.0,3200.0,3200.0,Shrubland,Carnivore,CP,No,Invertivore
AVIBASE-BFECF5F8,10.45,0.0,2600.0,2600.0,Shrubland,Carnivore,CP,No,Invertivore
AVIBASE-6E1206E4,10.15,0.0,2000.0,2000.0,Shrubland,Carnivore,CP,No,Invertivore
AVIBASE-85629EF4,9.18333,0.0,2000.0,2000.0,Shrubland,Carnivore,CP,No,Invertivore
AVIBASE-586FA317,7.55,0.0,1200.0,1200.0,Shrubland,Carnivore,CP,No,Invertivore
AVIBASE-4C29F3A8,11.66667,1600.0,2350.0,3950.0,Shrubland,Carnivore,SP,No,Invertivore
AVIBASE-D1A1B007,,1500.0,1800.0,3300.0,Shrubland,Carnivore,CP,No,Invertivore
AVIBASE-42D184B0,6.83333,1100.0,1950.0,3050.0,Forest,Carnivore,"CP,SP",No,Invertivore
AVIBASE-0C0CEF5B,17.0,0.0,1830.0,1830.0,Shrubland,Carnivore,CP,No,Invertivore
AVIBASE-2095825C,,250.0,750.0,1000.0,Grassland,Carnivore,CP,No,Invertivore
AVIBASE-5909DA7E,,780.0,2020.0,2800.0,Shrubland,Carnivore,,No,Invertivore
AVIBASE-4AEBE232,17.675,0.0,1200.0,1200.0,Shrubland,Carnivore,CP,No,Invertivore
AVIBASE-BD27AE48,9.0,1250.0,1250.0,2500.0,Forest,Carnivore,,No,Invertivore
AVIBASE-6C677F32,11.0,1800.0,600.0,2400.0,Forest,Carnivore,,No,Invertivore
AVIBASE-24AAB99D,,2200.0,2100.0,4300.0,Shrubland,Carnivore,PN,No,Invertivore
AVIBASE-5DAF0274,11.0,2135.0,2065.0,4200.0,Shrubland,Carnivore,CP,No,Invertivore
AVIBASE-47572CAC,10.5,2200.0,1800.0,4000.0,Forest,Carnivore,,No,Invertivore
AVIBASE-A718ADC4,10.5,1400.0,1400.0,2800.0,Forest,Carnivore,CP,No,Invertivore
AVIBASE-9F47C704,10.05,1700.0,1700.0,3400.0,Forest,Carnivore,CP,No,Invertivore
AVIBASE-DA34BA3E,10.0,1590.0,1410.0,3000.0,Forest,Carnivore,,No,Invertivore
AVIBASE-989B57D8,14.95,0.0,2300.0,2300.0,Shrubland,Carnivore,CP,No,Invertivore
AVIBASE-88560BE4,18.825,0.0,800.0,800.0,Wetland,Carnivore,CP,No,Invertivore
AVIBASE-664698E5,,0.0,150.0,150.0,Wetland,Omnivore,CP,No,Omnivore
AVIBASE-C922CECC,32.25,350.0,2900.0,3250.0,Shrubland,Omnivore,CP,No,Omnivore
AVIBASE-D1065C8C,94.0,2000.0,1660.0,3660.0,Forest,Herbivore,CP,No,Omnivore
AVIBASE-83BC3338,33.75,1850.0,1750.0,3600.0,Forest,Herbivore,,No,Herbivore terrestrial
AVIBASE-B7B36296,35.0,1500.0,2160.0,3660.0,Forest,Omnivore,,No,Omnivore
AVIBASE-4D6EE0EA,31.33333,610.0,1490.0,2100.0,Forest,Herbivore,CP,No,Omnivore
AVIBASE-DBBA3A9A,,850.0,650.0,1500.0,Forest,Herbivore,,No,Omnivore
AVIBASE-A66D4C91,32.0,500.0,1430.0,1930.0,Forest,Carnivore,CP,No,Invertivore
AVIBASE-C89C9217,35.0,500.0,1430.0,1930.0,Forest,Carnivore,CP,No,Invertivore
AVIBASE-D4F1F491,8.5,50.0,1200.0,1250.0,Forest,Omnivore,CP,No,Omnivore
AVIBASE-CA227961,6.5,2700.0,960.0,3660.0,Forest,Omnivore,,No,Omnivore
AVIBASE-9FA30008,6.0,1200.0,2100.0,3300.0,Forest,Omnivore,CP,No,Omnivore
AVIBASE-B4B6C5A8,6.0,1500.0,1550.0,3050.0,Forest,Carnivore,SP,No,Invertivore
AVIBASE-6818E161,16.85,550.0,1550.0,2100.0,Forest,Herbivore,CP,No,Granivore
AVIBASE-6D920A28,8.5,1000.0,2300.0,3300.0,Shrubland,Omnivore,,No,Omnivore
AVIBASE-7B96A290,9.5,2350.0,1087.0,3437.0,Shrubland,Carnivore,CP,No,Invertivore
AVIBASE-5D7C768F,9.25,1525.0,1275.0,2800.0,Shrubland,Herbivore,CP,No,Granivore
AVIBASE-549E06B6,,900.0,1900.0,2800.0,Shrubland,Omnivore,,No,Omnivore
AVIBASE-32709919,9.9,600.0,2500.0,3100.0,Shrubland,Omnivore,CP,No,Omnivore
AVIBASE-A6246EF8,8.78,320.0,2030.0,2350.0,Shrubland,Herbivore,CP,No,Granivore
AVIBASE-7164CABB,,2440.0,610.0,3050.0,Forest,Carnivore,,No,Invertivore
AVIBASE-ED9A5BB0,20.25,800.0,2800.0,3600.0,Forest,Carnivore,CP,No,Invertivore
AVIBASE-EDF11415,12.1,100.0,2700.0,2800.0,Forest,Carnivore,CP,No,Invertivore
AVIBASE-BB20B241,12.36,300.0,1500.0,1800.0,Forest,Carnivore,CP,No,Invertivore
AVIBASE-18E06178,14.0,900.0,1300.0,2200.0,Forest,Carnivore,CP,No,Invertivore
AVIBASE-60D9AAA1,11.0,200.0,2100.0,2300.0,Forest,Carnivore,CP,No,Invertivore
AVIBASE-7A3177F9,12.33333,805.0,1975.0,2780.0,Forest,Herbivore,CP,No,Nectarivore
AVIBASE-68D50AEF,16.0,800.0,2000.0,2800.0,Forest,Carnivore,CP,No,Invertivore
AVIBASE-16E99455,,1075.0,1200.0,2275.0,Forest,Omnivore,PN,No,Omnivore
AVIBASE-1B155418,18.25,300.0,1900.0,2200.0,Forest,Carnivore,"CP,DM",No,Invertivore
AVIBASE-6B6C727C,20.66667,1200.0,2500.0,3700.0,Forest,Carnivore,"DM,SP",No,Invertivore
AVIBASE-E9226482,13.0,1600.0,2100.0,3700.0,Forest,Carnivore,CP,No,Invertivore
AVIBASE-8558E444,16.5,75.0,1105.0,1180.0,Forest,Carnivore,,No,Invertivore
AVIBASE-79C8806A,6.5,100.0,1000.0,1100.0,Forest,Carnivore,,No,Invertivore
AVIBASE-B7C99E58,8.75,100.0,1000.0,1100.0,Forest,Carnivore,,No,Invertivore
AVIBASE-AA79D6BA,16.2,0.0,1100.0,1100.0,Forest,Carnivore,,No,Invertivore
AVIBASE-A552D849,15.4,0.0,1150.0,1150.0,Forest,Carnivore,CP,No,Invertivore
AVIBASE-9E174B20,14.5,100.0,1040.0,1140.0,Forest,Carnivore,CP,No,Invertivore
AVIBASE-82328ACC,14.3,100.0,1040.0,1140.0,Forest,Carnivore,CP,No,Invertivore
AVIBASE-4D7B5D9D,,1000.0,1030.0,2030.0,Forest,Carnivore,,No,Invertivore
AVIBASE-A8066114,14.15,115.0,885.0,1000.0,Forest,Herbivore,,No,Frugivore
AVIBASE-614141B3,21.98333,800.0,1800.0,2600.0,Forest,Omnivore,,No,Omnivore
AVIBASE-E87556DB,28.5,1400.0,500.0,1900.0,Forest,Carnivore,CP,No,Invertivore
AVIBASE-2344C21D,22.75,1000.0,600.0,1600.0,Forest,Carnivore,,No,Invertivore
AVIBASE-7B91A089,18.15,0.0,500.0,500.0,Forest,Carnivore,CP,No,Invertivore
AVIBASE-C5B02511,,250.0,193.0,443.0,Forest,Carnivore,CP,No,Invertivore
AVIBASE-C66F1853,17.9,600.0,182.0,782.0,Forest,Carnivore,,No,Invertivore
AVIBASE-B1C8FC63,23.3,0.0,200.0,200.0,Forest,Carnivore,,No,Invertivore
AVIBASE-23A7AB57,,900.0,2100.0,3000.0,Forest,Herbivore,CP,No,Omnivore
AVIBASE-B0B39351,27.5,1100.0,1350.0,2450.0,Forest,Omnivore,,No,Omnivore
AVIBASE-1A31DD7F,6.8,550.0,450.0,1000.0,Forest,Herbivore,,No,Frugivore
AVIBASE-B34CCF13,20.175,1250.0,1150.0,2400.0,Forest,Herbivore,,No,Frugivore
AVIBASE-5149A050,14.5,1000.0,1500.0,2500.0,Forest,Herbivore,,No,Frugivore
AVIBASE-6A8BDC5E,,1000.0,1140.0,2140.0,Forest,Herbivore,,No,Frugivore
AVIBASE-65C5881A,,200.0,1200.0,1400.0,Forest,Herbivore,,No,Frugivore
AVIBASE-B5D365E9,16.65,0.0,1300.0,1300.0,Forest,Herbivore,,No,Frugivore
AVIBASE-2F3B27C1,,50.0,1950.0,2000.0,Forest,Herbivore,,No,Frugivore
AVIBASE-EAE691C1,10.85,0.0,800.0,800.0,Forest,Herbivore,,No,Frugivore
AVIBASE-DF8ECC87,15.0,0.0,463.0,463.0,Forest,Herbivore,CP,No,Frugivore
AVIBASE-44F9A3C9,18.25,500.0,700.0,1200.0,Forest,Omnivore,,No,Omnivore
AVIBASE-20BD1814,12.6,1000.0,1100.0,2100.0,Forest,Omnivore,CP,No,Omnivore
AVIBASE-6A7982E0,7.6,0.0,600.0,600.0,Forest,Carnivore,,No,Invertivore
AVIBASE-72F7680A,9.56667,700.0,2300.0,3000.0,Forest,Carnivore,,No,Invertivore
AVIBASE-8C2C2D5B,8.65,0.0,3000.0,3000.0,Woodland,Carnivore,CP,No,Invertivore
AVIBASE-F80D69C2,8.1,0.0,1800.0,1800.0,Shrubland,Carnivore,CP,No,Invertivore
AVIBASE-086290D2,10.5,1380.0,2020.0,3400.0,Forest,Omnivore,,No,Omnivore
AVIBASE-03E6F144,11.3,800.0,1790.0,2590.0,Forest,Carnivore,,No,Invertivore
AVIBASE-B1AC8066,9.0,0.0,2590.0,2590.0,Forest,Herbivore,CP,No,Omnivore
AVIBASE-BFA09720,13.9,1550.0,2650.0,4200.0,Forest,Carnivore,CP,No,Invertivore
AVIBASE-D0E2DCAD,10.6,0.0,3300.0,3300.0,Forest,Omnivore,CP,No,Omnivore
AVIBASE-0BD6646B,8.53333,0.0,2800.0,2800.0,Forest,Omnivore,CP,No,Omnivore
AVIBASE-4F96B6A7,10.0,0.0,1000.0,1000.0,Forest,Omnivore,,No,Omnivore
AVIBASE-28A814F4,11.0,,,,Forest,,,No,
AVIBASE-7BB0A730,9.9,1750.0,611.0,2361.0,Shrubland,Omnivore,CP,No,Omnivore
AVIBASE-769F157D,9.375,500.0,1800.0,2300.0,Forest,Herbivore,,No,Nectarivore
AVIBASE-094FE346,8.25,305.0,95.0,400.0,Forest,Herbivore,CP,No,Nectarivore
AVIBASE-68B28107,8.8,0.0,2800.0,2800.0,Forest,Carnivore,CP,No,Invertivore
AVIBASE-25BD316A,8.8,,,,Woodland,Omnivore,,No,Omnivore
AVIBASE-2F6AB5CF,10.8,1800.0,950.0,2750.0,Forest,Carnivore,,No,Invertivore
AVIBASE-28458566,10.45,1100.0,2300.0,3400.0,Woodland,Omnivore,CP,No,Omnivore
AVIBASE-33C35018,10.45,1100.0,2300.0,3400.0,Woodland,Omnivore,CP,No,Omnivore
AVIBASE-A23B8E7A,12.0,1380.0,2020.0,3400.0,Forest,Omnivore,,No,Omnivore
AVIBASE-5784EE2F,14.5,1900.0,900.0,2800.0,Forest,Carnivore,,No,Invertivore
AVIBASE-A2ED4AA2,11.4,1340.0,2300.0,3640.0,Woodland,Omnivore,CP,No,Omnivore
AVIBASE-9D93363E,,1340.0,2300.0,3640.0,Woodland,Omnivore,,No,Omnivore
AVIBASE-38EA4555,12.0,1500.0,730.0,2230.0,Forest,Omnivore,,No,Omnivore
AVIBASE-6483A467,10.83333,1500.0,1900.0,3400.0,Forest,Omnivore,CP,No,Omnivore
AVIBASE-6190D877,11.0,0.0,1000.0,1000.0,Woodland,Carnivore,CP,No,Invertivore
AVIBASE-59C09710,7.5,500.0,1100.0,1600.0,Forest,Carnivore,CP,No,Invertivore
AVIBASE-19ABB1C4,11.0,0.0,655.0,655.0,Forest,Carnivore,CP,No,Invertivore
AVIBASE-0EE77B43,8.35,400.0,1200.0,1600.0,Forest,Carnivore,,No,Invertivore
AVIBASE-9A1A058C,15.0,900.0,700.0,1600.0,Forest,Herbivore,CP,No,Frugivore
AVIBASE-9A08376E,14.8,0.0,800.0,800.0,Forest,Carnivore,CP,No,Invertivore
AVIBASE-B24BD4A1,,840.0,885.0,1725.0,Forest,Carnivore,,No,Invertivore
AVIBASE-28458566,9.825,1100.0,2300.0,3400.0,Woodland,Carnivore,CP,No,Invertivore
AVIBASE-6AA90803,13.85,0.0,2770.0,2770.0,Shrubland,Omnivore,CP,No,Omnivore
AVIBASE-EF6C3AEF,10.5,2000.0,465.0,2465.0,Shrubland,Omnivore,,No,Omnivore
AVIBASE-19469B66,13.85,0.0,2770.0,2770.0,Shrubland,Omnivore,CP,No,Omnivore
AVIBASE-ABDC4E76,10.45,1100.0,2300.0,3400.0,Woodland,Carnivore,CP,No,Invertivore
AVIBASE-E359D080,,0.0,95.0,95.0,Woodland,Herbivore,CP,No,Frugivore
AVIBASE-FDCF5A86,12.25,300.0,200.0,500.0,Woodland,Carnivore,CP,No,Invertivore
AVIBASE-AC6E9F03,11.0,0.0,1595.0,1595.0,Forest,Carnivore,CP,No,Invertivore
AVIBASE-539CB2B2,7.0,0.0,18.0,18.0,Coastal,Carnivore,CP,No,Invertivore
AVIBASE-7ACE42C3,8.3,0.0,1900.0,1900.0,Forest,Carnivore,,No,Invertivore
AVIBASE-DFF1C79B,8.8,0.0,790.0,790.0,Forest,Carnivore,CP,No,Invertivore
AVIBASE-A2DA598E,9.9,0.0,660.0,660.0,Forest,Omnivore,CP,No,Omnivore
AVIBASE-DA296953,10.91667,0.0,2300.0,2300.0,Forest,Carnivore,CP,No,Invertivore
AVIBASE-A8E088F0,9.0,1300.0,350.0,1650.0,Forest,Carnivore,,No,Invertivore
AVIBASE-D61C0011,11.5,0.0,1800.0,1800.0,Forest,Omnivore,HC,No,Omnivore
AVIBASE-F9D288FC,11.5,0.0,270.0,270.0,Forest,Omnivore,HC,No,Omnivore
AVIBASE-BE5D6964,10.46667,400.0,1100.0,1500.0,Forest,Carnivore,CP,No,Invertivore
AVIBASE-73789C73,,750.0,170.0,920.0,Forest,Carnivore,,No,Invertivore
AVIBASE-2C539D2C,9.65,0.0,300.0,300.0,Forest,Carnivore,CP,No,Invertivore
AVIBASE-2BAED570,,0.0,100.0,100.0,Shrubland,Carnivore,,No,Invertivore
AVIBASE-C02EB43E,,0.0,1370.0,1370.0,Shrubland,Carnivore,HC,No,Invertivore
AVIBASE-F2D16DB6,11.25,500.0,1200.0,1700.0,Forest,Carnivore,,No,Invertivore
AVIBASE-1FBDC9A2,11.0,500.0,1200.0,1700.0,Forest,Carnivore,,No,Invertivore
AVIBASE-11AF29B9,,0.0,300.0,300.0,Forest,Carnivore,,No,Invertivore
AVIBASE-E39A9AAB,,,,,Forest,Carnivore,,No,Invertivore
AVIBASE-1BAA1C0D,12.0,0.0,1050.0,1050.0,Forest,Carnivore,,No,Invertivore
AVIBASE-FA5F4790,12.0,0.0,1750.0,1750.0,Forest,Carnivore,,No,Invertivore
AVIBASE-FF493D26,10.5,100.0,750.0,850.0,Forest,Carnivore,,No,Invertivore
AVIBASE-78053B6F,,0.0,100.0,100.0,Forest,Carnivore,,No,Invertivore
AVIBASE-611D5087,11.5,0.0,1730.0,1730.0,Shrubland,Carnivore,CP,No,Invertivore
AVIBASE-5A75FDA4,9.85,0.0,500.0,500.0,Coastal,Carnivore,CP,No,Invertivore
AVIBASE-EA151AD8,13.05,0.0,2000.0,2000.0,Shrubland,Omnivore,CP,No,Omnivore
AVIBASE-2BB4714C,8.75,130.0,1870.0,2000.0,Forest,Herbivore,CP,No,Frugivore
AVIBASE-92519EB6,8.62,200.0,1400.0,1600.0,Forest,Omnivore,CP,No,Omnivore
AVIBASE-FDD7405C,9.9,0.0,1000.0,1000.0,Forest,Omnivore,CP,No,Omnivore
AVIBASE-C8D045DD,14.2,0.0,800.0,800.0,Forest,Carnivore,,No,Invertivore
AVIBASE-7CCB5F90,20.5,0.0,500.0,500.0,Forest,Carnivore,,No,Invertivore
AVIBASE-042FBC63,10.85,1200.0,650.0,1850.0,Forest,Herbivore,CP,No,Frugivore
AVIBASE-B1158F69,,800.0,600.0,1400.0,Forest,Herbivore,,No,Frugivore
AVIBASE-880E409F,10.95,0.0,500.0,500.0,Forest,Omnivore,CP,No,Omnivore
AVIBASE-BA48DD2D,29.75,0.0,100.0,100.0,Woodland,Carnivore,CP,No,Invertivore
AVIBASE-464C12B0,31.0,0.0,500.0,500.0,Forest,Carnivore,,No,Invertivore
AVIBASE-9DC224C8,,350.0,400.0,750.0,Forest,Carnivore,CP,No,Invertivore
AVIBASE-DFC89B28,10.0,0.0,500.0,500.0,Forest,Carnivore,CP,No,Invertivore
AVIBASE-B1F46366,10.3,670.0,780.0,1450.0,Forest,Omnivore,HC,No,Omnivore
AVIBASE-AABD6DAF,15.0,0.0,675.0,675.0,Forest,Carnivore,,No,Invertivore
AVIBASE-15A2A9E8,17.83333,900.0,1050.0,1950.0,Forest,Herbivore,,No,Omnivore
AVIBASE-E45772D3,15.25,500.0,1500.0,2000.0,Forest,Herbivore,,No,Omnivore
AVIBASE-0EBC5ED7,17.91667,500.0,750.0,1250.0,Forest,Herbivore,,No,Omnivore
AVIBASE-78540AAF,,0.0,100.0,100.0,Forest,Omnivore,,No,Omnivore
AVIBASE-5DA925D4,12.625,0.0,200.0,200.0,Forest,Herbivore,,No,Frugivore
AVIBASE-333A34AF,11.2,,,,Forest,Herbivore,,No,Omnivore
AVIBASE-6D6F6588,,0.0,600.0,600.0,Forest,Herbivore,,No,Omnivore
AVIBASE-C46489FF,9.63333,150.0,340.0,490.0,Forest,Carnivore,CP,No,Invertivore
AVIBASE-B5C21FAF,13.6,0.0,900.0,900.0,Forest,Carnivore,CP,No,Invertivore
AVIBASE-8F88A18F,21.95,0.0,1100.0,1100.0,Forest,Carnivore,,No,Invertivore
AVIBASE-559F03D2,12.25,1250.0,1150.0,2400.0,Forest,Carnivore,CP,No,Invertivore
AVIBASE-E59BD52D,,0.0,500.0,500.0,Forest,Carnivore,,No,Invertivore
AVIBASE-49B5530A,,0.0,610.0,610.0,Forest,Carnivore,,No,Invertivore
AVIBASE-AF7F8395,13.15,0.0,180.0,180.0,Forest,Carnivore,,No,Invertivore
AVIBASE-BA6338B7,,0.0,1000.0,1000.0,Forest,Carnivore,,No,Invertivore
AVIBASE-0AAB8320,12.85,0.0,500.0,500.0,Forest,Carnivore,,No,Invertivore
AVIBASE-5D2DBB73,13.3,0.0,1350.0,1350.0,Forest,Carnivore,,No,Invertivore
AVIBASE-5D2DBB73,,0.0,1050.0,1050.0,Forest,Carnivore,,No,Invertivore
AVIBASE-21DB781C,10.06667,0.0,300.0,300.0,Forest,Herbivore,CP,No,Omnivore
AVIBASE-40846AF6,8.92,0.0,900.0,900.0,Forest,Omnivore,CP,No,Omnivore
AVIBASE-112437E1,7.8,0.0,475.0,475.0,Forest,Herbivore,CP,No,Omnivore
AVIBASE-D3C0D13C,8.75,0.0,700.0,700.0,Forest,Carnivore,,No,Invertivore
AVIBASE-645B1F93,,0.0,170.0,170.0,Forest,Carnivore,,No,Invertivore
AVIBASE-EAA91476,15.15,0.0,250.0,250.0,Forest,Carnivore,,No,Invertivore
AVIBASE-4F0136EF,14.0,0.0,500.0,500.0,Forest,Herbivore,CP,No,Frugivore
AVIBASE-80532212,,950.0,670.0,1620.0,Forest,Carnivore,CP,No,Invertivore
AVIBASE-C136FA8A,23.125,0.0,500.0,500.0,Forest,Herbivore,CP,No,Frugivore
AVIBASE-93D88F0A,,0.0,300.0,300.0,Forest,Carnivore,CP,No,Invertivore
AVIBASE-F6F0421B,,900.0,740.0,1640.0,Forest,Omnivore,,No,Omnivore
AVIBASE-70452AB9,,0.0,300.0,300.0,Forest,Carnivore,,No,Invertivore
AVIBASE-19B31413,17.0,0.0,300.0,300.0,Forest,Carnivore,CP,No,Invertivore
AVIBASE-2BABE802,8.25,0.0,1000.0,1000.0,Forest,Carnivore,CP,No,Invertivore
AVIBASE-D401978B,10.25,0.0,1000.0,1000.0,Forest,Carnivore,,No,Invertivore
AVIBASE-2B007EF1,14.5,0.0,100.0,100.0,Forest,Carnivore,CP,No,Invertivore
AVIBASE-CF7A9E5B,19.0,0.0,1500.0,1500.0,Shrubland,Carnivore,DM,No,Invertivore
AVIBASE-DC4FBF45,12.2,0.0,915.0,915.0,Grassland,Carnivore,DM,No,Invertivore
AVIBASE-B517FCCC,16.325,0.0,1800.0,1800.0,Forest,Carnivore,DM,No,Invertivore
AVIBASE-2804840D,10.75,50.0,1115.0,1165.0,Forest,Carnivore,SP,No,Invertivore
AVIBASE-13F6B3C1,,0.0,1000.0,1000.0,Forest,Carnivore,SP,No,Invertivore
AVIBASE-C468218F,,0.0,500.0,500.0,Forest,Carnivore,,No,Invertivore
AVIBASE-4E2700ED,13.35,0.0,1525.0,1525.0,Forest,Carnivore,DM,No,Invertivore
AVIBASE-A9C71560,16.0,0.0,1200.0,1200.0,Human Modified,Carnivore,SP,No,Invertivore
AVIBASE-462272BA,20.9,0.0,700.0,700.0,Forest,Carnivore,"CP,SP",No,Invertivore
AVIBASE-0CE8B173,16.83333,100.0,1670.0,1770.0,Forest,Carnivore,SP,No,Invertivore
AVIBASE-3D4BA49D,7.6,300.0,2700.0,3000.0,Forest,Carnivore,DM,No,Invertivore
AVIBASE-89FA492A,13.03333,0.0,800.0,800.0,Forest,Carnivore,DM,No,Invertivore
AVIBASE-BACD6EA8,12.98,0.0,1200.0,1200.0,Forest,Carnivore,DM,No,Invertivore
AVIBASE-BF54D9A6,,0.0,1500.0,1500.0,Forest,Carnivore,DM,No,Invertivore
AVIBASE-4C8DBC91,9.8,245.0,2505.0,2750.0,Forest,Carnivore,"CP,DM",No,Invertivore
AVIBASE-8DA71DFB,10.55,40.0,3160.0,3200.0,Forest,Carnivore,CP,No,Invertivore
AVIBASE-21F71D10,9.66667,120.0,1080.0,1200.0,Forest,Carnivore,"DM,CP",No,Invertivore
AVIBASE-18E871A3,11.0,1400.0,1100.0,2500.0,Forest,Carnivore,CP,No,Invertivore
AVIBASE-55D143DB,,1400.0,600.0,2000.0,Forest,Carnivore,,No,Invertivore
AVIBASE-D7BB497E,,1600.0,1900.0,3500.0,Forest,Carnivore,,No,Invertivore
AVIBASE-11D591B6,,1400.0,1100.0,2500.0,Forest,Carnivore,,No,Invertivore
AVIBASE-24C6DDDE,12.66667,1200.0,1900.0,3100.0,Forest,Carnivore,CP,No,Invertivore
AVIBASE-0C4E399F,13.5,1400.0,1400.0,2800.0,Forest,Carnivore,DM,No,Invertivore
AVIBASE-F98A7432,,1000.0,1000.0,2000.0,Forest,Carnivore,DM,No,Invertivore
AVIBASE-9FAE6D78,11.0,1200.0,1800.0,3000.0,Forest,Carnivore,SP,No,Invertivore
AVIBASE-4B1B2550,87.45,500.0,1100.0,1600.0,Forest,Carnivore,CP,No,Invertivore
AVIBASE-6497AE0D,,800.0,1000.0,1800.0,Forest,Carnivore,,No,Invertivore
AVIBASE-67CF1812,40.0,400.0,3260.0,3660.0,Forest,Carnivore,CP,No,Invertivore
AVIBASE-997E5F29,44.0,900.0,1385.0,2285.0,Forest,Carnivore,SP,No,Invertivore
AVIBASE-37488194,35.0,230.0,2170.0,2400.0,Forest,Carnivore,SP,No,Invertivore
AVIBASE-F2705CFE,28.0,915.0,2585.0,3500.0,Forest,Carnivore,SP,No,Invertivore
AVIBASE-52B6BCA0,29.05,200.0,3200.0,3400.0,Forest,Carnivore,DM,No,Invertivore
AVIBASE-A37AFA6B,39.8,15.0,2285.0,2300.0,Forest,Carnivore,,No,Invertivore
AVIBASE-E2E9A295,43.0,245.0,2405.0,2650.0,Forest,Carnivore,DM,No,Invertivore
AVIBASE-212FC793,41.66667,915.0,1220.0,2135.0,Forest,Carnivore,DM,No,Invertivore
AVIBASE-8E59544F,,0.0,2100.0,2100.0,Forest,Carnivore,,No,Invertivore
AVIBASE-AA735A3A,,500.0,870.0,1370.0,Forest,Carnivore,DM,No,Invertivore
AVIBASE-0DFC1D72,29.675,1400.0,600.0,2000.0,Forest,Carnivore,DM,No,Invertivore
AVIBASE-1928C4DD,76.66667,915.0,1220.0,2135.0,Forest,Carnivore,DM,No,Invertivore
AVIBASE-DA20DCA9,57.7,305.0,2095.0,2400.0,Shrubland,Carnivore,DM,No,Invertivore
AVIBASE-894AED25,58.75,750.0,1080.0,1830.0,Forest,Carnivore,DM,No,Invertivore
AVIBASE-ACFAA819,62.5,200.0,3600.0,3800.0,Forest,Carnivore,DM,No,Invertivore
AVIBASE-E4AFAF52,,,,,Forest,Carnivore,DM,No,Invertivore
AVIBASE-6D1FD3C6,65.0,50.0,2450.0,2500.0,Shrubland,Carnivore,,No,Invertivore
AVIBASE-5B383BC6,24.5,0.0,1400.0,1400.0,Forest,Carnivore,DM,No,Invertivore
AVIBASE-738596E2,13.0,30.0,970.0,1000.0,Forest,Carnivore,,No,Invertivore
AVIBASE-4F128303,28.26667,0.0,700.0,700.0,Forest,Carnivore,CP,No,Invertivore
AVIBASE-D58D57B3,15.0,150.0,2150.0,2300.0,Forest,Carnivore,"CP,DM",No,Invertivore
AVIBASE-65635086,24.36667,0.0,1220.0,1220.0,Forest,Carnivore,"CP,DM",No,Invertivore
AVIBASE-835EE647,33.33333,100.0,600.0,700.0,Forest,Carnivore,CP,No,Invertivore
AVIBASE-14D82446,29.0,230.0,380.0,610.0,Forest,Carnivore,,No,Invertivore
AVIBASE-7CDC4535,35.1,900.0,1050.0,1950.0,Forest,Carnivore,,No,Invertivore
AVIBASE-DBD78D47,36.0,300.0,1710.0,2010.0,Forest,Carnivore,,No,Invertivore
AVIBASE-5F7A6F45,25.25,0.0,1000.0,1000.0,Forest,Carnivore,CP,No,Invertivore
AVIBASE-1E93233E,,600.0,1000.0,1600.0,Forest,Carnivore,CP,No,Invertivore
AVIBASE-C4B3E8AB,32.0,300.0,500.0,800.0,Forest,Carnivore,DM,No,Invertivore
AVIBASE-464EC010,26.75,250.0,1950.0,2200.0,Forest,Carnivore,"CP,DM",No,Invertivore
AVIBASE-97A164E7,14.875,0.0,1000.0,1000.0,Grassland,Carnivore,CP,No,Invertivore
AVIBASE-0254B25D,,0.0,900.0,900.0,Grassland,Carnivore,CP,No,Invertivore
AVIBASE-EC123357,51.2,0.0,700.0,700.0,Forest,Carnivore,CP,No,Invertivore
AVIBASE-E5EA242E,,610.0,1390.0,2000.0,Forest,Carnivore,,No,Invertivore
AVIBASE-BAD948AE,66.25,0.0,500.0,500.0,Forest,Carnivore,CP,No,Invertivore
AVIBASE-B7AA8B6E,17.53333,0.0,700.0,700.0,Forest,Carnivore,CP,No,Invertivore
AVIBASE-BF217461,18.0,120.0,795.0,915.0,Forest,Carnivore,,No,Invertivore
AVIBASE-9AB7E1FF,17.5,0.0,800.0,800.0,Forest,Carnivore,CP,No,Invertivore
AVIBASE-A23AFA06,28.0,0.0,1000.0,1000.0,Forest,Carnivore,CP,No,Invertivore
AVIBASE-7DB7D6CE,20.41667,120.0,795.0,915.0,Forest,Carnivore,CP,No,Invertivore
AVIBASE-BAA37492,32.5,0.0,100.0,100.0,Forest,Carnivore,,No,Invertivore
AVIBASE-0BD98439,41.0,200.0,1200.0,1400.0,Forest,Carnivore,SA,No,Invertivore
AVIBASE-D3B8C7BE,40.9,500.0,1300.0,1800.0,Forest,Carnivore,,No,Invertivore
AVIBASE-5DC957D6,10.75,600.0,2145.0,2745.0,Forest,Carnivore,DM,No,Invertivore
AVIBASE-31A8AC8C,10.83333,300.0,3300.0,3600.0,Forest,Carnivore,DM,No,Invertivore
AVIBASE-5736CF44,,1510.0,590.0,2100.0,Forest,Carnivore,,No,Invertivore
AVIBASE-169BEF6D,,650.0,1350.0,2000.0,Forest,Carnivore,DM,No,Invertivore
AVIBASE-D3441B7C,13.25,0.0,1100.0,1100.0,Forest,Carnivore,"CP,DM",No,Invertivore
AVIBASE-D581A297,18.0,300.0,2800.0,3100.0,Forest,Carnivore,DM,No,Invertivore
AVIBASE-22849F1D,18.0,40.0,1790.0,1830.0,Forest,Carnivore,DM,No,Invertivore
AVIBASE-D6800997,25.83333,0.0,1000.0,1000.0,Shrubland,Carnivore,"CP,DM",No,Invertivore
AVIBASE-17132E4C,30.0,0.0,1675.0,1675.0,Forest,Carnivore,"CP,SP",No,Invertivore
AVIBASE-A9D2D8D4,,0.0,800.0,800.0,Wetland,Carnivore,"CP,SP",No,Invertivore
AVIBASE-D5C80DD0,29.0,0.0,760.0,760.0,Forest,Carnivore,CP,No,Invertivore
AVIBASE-492BAC9A,25.0,0.0,1300.0,1300.0,Forest,Carnivore,CP,No,Invertivore
AVIBASE-2510ED3A,29.0,0.0,1410.0,1410.0,Forest,Carnivore,CP,No,Invertivore
AVIBASE-BF150AB3,22.0,0.0,1000.0,1000.0,Forest,Carnivore,CP,No,Invertivore
AVIBASE-CAA4C9CE,24.0,0.0,1300.0,1300.0,Forest,Carnivore,CP,No,Invertivore
AVIBASE-E91198DD,20.7,280.0,1855.0,2135.0,Shrubland,Carnivore,"CP,DM",No,Invertivore
AVIBASE-F013EAF4,17.6,610.0,940.0,1550.0,Forest,Carnivore,CP,No,Invertivore
AVIBASE-1DEBB8DB,,0.0,900.0,900.0,Forest,Carnivore,,No,Invertivore
AVIBASE-0CA4E55F,16.55,0.0,1550.0,1550.0,Forest,Carnivore,CP,No,Invertivore
AVIBASE-F13200CB,21.0,0.0,200.0,200.0,Forest,Carnivore,CP,No,Invertivore
AVIBASE-D4A0A875,26.65,0.0,920.0,920.0,Forest,Carnivore,CP,No,Invertivore
AVIBASE-F876CBEE,24.5,0.0,1000.0,1000.0,Shrubland,Carnivore,CP,No,Invertivore
AVIBASE-83DCEA75,19.0,0.0,1000.0,1000.0,Shrubland,Carnivore,CP,No,Invertivore
AVIBASE-B96E3F33,19.0,,,,Grassland,Carnivore,CP,No,Invertivore
AVIBASE-3805ACAD,26.68,0.0,1800.0,1800.0,Shrubland,Carnivore,CP,No,Invertivore
AVIBASE-64078193,23.16667,500.0,1025.0,1525.0,Forest,Carnivore,CP,No,Invertivore
AVIBASE-A14D3117,25.16,0.0,2100.0,2100.0,Forest,Carnivore,CP,No,Invertivore
AVIBASE-596BDE51,24.66667,1550.0,1250.0,2800.0,Forest,Carnivore,CP,No,Invertivore
AVIBASE-58BB1A14,29.91667,0.0,1850.0,1850.0,Forest,Carnivore,CP,No,Invertivore
AVIBASE-2D157C82,29.63333,700.0,1400.0,2100.0,Forest,Carnivore,CP,No,Invertivore
AVIBASE-874C8B3C,65.9,800.0,800.0,1600.0,Riverine,Carnivore,,No,Invertivore
AVIBASE-0058E798,45.25,0.0,1500.0,1500.0,Forest,Carnivore,CP,No,Invertivore
AVIBASE-640FA04F,36.53333,535.0,865.0,1400.0,Forest,Carnivore,,No,Invertivore
AVIBASE-52B32004,19.6,0.0,750.0,750.0,Forest,Carnivore,CP,No,Invertivore
AVIBASE-B0AD6BC8,28.33333,0.0,1100.0,1100.0,Forest,Carnivore,CP,No,Invertivore
AVIBASE-0C21DA3C,27.8,0.0,1700.0,1700.0,Forest,Carnivore,CP,No,Invertivore
AVIBASE-84378150,,200.0,970.0,1170.0,Forest,Carnivore,,No,Invertivore
AVIBASE-15B3568A,27.725,900.0,2000.0,2900.0,Forest,Carnivore,CP,No,Invertivore
AVIBASE-472A5B98,21.03333,300.0,1800.0,2100.0,Forest,Carnivore,"CP,DM",No,Invertivore
AVIBASE-3A4DCAD0,27.05,0.0,915.0,915.0,Forest,Carnivore,DM,No,Invertivore
AVIBASE-58C82362,27.05,0.0,915.0,915.0,Forest,Carnivore,DM,No,Invertivore
AVIBASE-3A700A8C,27.05,0.0,2135.0,2135.0,Forest,Carnivore,DM,No,Invertivore
AVIBASE-3B593D10,,900.0,1600.0,2500.0,Forest,Carnivore,CP,No,Invertivore
AVIBASE-E056E59C,28.5,0.0,1000.0,1000.0,Forest,Carnivore,CP,No,Invertivore
AVIBASE-84D17453,39.5,40.0,725.0,765.0,Forest,Carnivore,,No,Invertivore
AVIBASE-E86FF436,51.5,0.0,800.0,800.0,Forest,Carnivore,,No,Invertivore
AVIBASE-F8F526E4,16.75,50.0,2085.0,2135.0,Forest,Carnivore,"CP,DM",No,Invertivore
AVIBASE-9293E8A9,19.5,900.0,1100.0,2000.0,Forest,Carnivore,SP,No,Invertivore
AVIBASE-E87A913F,,1200.0,1650.0,2850.0,Forest,Carnivore,,No,Invertivore
AVIBASE-8E29E9C5,,1220.0,780.0,2000.0,Forest,Carnivore,,No,Invertivore
AVIBASE-10D3B698,40.6,540.0,0.0,540.0,Forest,Carnivore,,No,Invertivore
AVIBASE-D6493AE5,35.5,50.0,2050.0,2100.0,Forest,Carnivore,,No,Invertivore
AVIBASE-E4C78D6C,19.675,520.0,1580.0,2100.0,Forest,Carnivore,CP,No,Invertivore
AVIBASE-F2E3ABD3,13.6,0.0,1200.0,1200.0,Forest,Carnivore,CP,No,Invertivore
AVIBASE-2EAEE9C9,14.73333,0.0,1200.0,1200.0,Forest,Carnivore,,No,Invertivore
AVIBASE-C2737F2A,,900.0,1500.0,2400.0,Forest,Carnivore,CP,No,Invertivore
AVIBASE-735DD267,16.13333,245.0,2155.0,2400.0,Forest,Omnivore,CP,No,Omnivore
AVIBASE-39FE95C7,14.65,900.0,1665.0,2565.0,Forest,Carnivore,CP,No,Invertivore
AVIBASE-EE1BC181,,300.0,800.0,1100.0,Forest,Carnivore,CP,No,Invertivore
AVIBASE-F8788273,15.23333,600.0,2400.0,3000.0,Forest,Carnivore,CP,No,Invertivore
AVIBASE-A62C0342,14.53333,900.0,1665.0,2565.0,Forest,Carnivore,CP,No,Invertivore
AVIBASE-493A2E85,15.2,760.0,1430.0,2190.0,Forest,Carnivore,CP,No,Invertivore
AVIBASE-6FCD4F9D,136.25,1000.0,2060.0,3060.0,Forest,Carnivore,CP,No,Invertivore
AVIBASE-D7F4C39A,47.66667,1200.0,1600.0,2800.0,Forest,Carnivore,CP,No,Invertivore
AVIBASE-FD32868A,56.0,1200.0,900.0,2100.0,Forest,Carnivore,,No,Invertivore
AVIBASE-8D9E3FCF,,910.0,540.0,1450.0,Forest,Carnivore,,No,Invertivore
AVIBASE-B4B5F30E,,900.0,1500.0,2400.0,Forest,Carnivore,,No,Invertivore
AVIBASE-C9493A71,64.2,1500.0,2460.0,3960.0,Forest,Carnivore,CP,No,Invertivore
AVIBASE-93675AD5,65.33333,1800.0,1200.0,3000.0,Forest,Carnivore,CP,No,Invertivore
AVIBASE-466F5979,79.33333,900.0,1540.0,2440.0,Forest,Omnivore,CP,No,Omnivore
AVIBASE-67F7511E,40.56667,1400.0,2505.0,3905.0,Woodland,Omnivore,CP,No,Omnivore
AVIBASE-CE76873B,47.5,1400.0,1000.0,2400.0,Shrubland,Carnivore,,No,Invertivore
AVIBASE-5046CFCA,48.0,900.0,1500.0,2400.0,Forest,Carnivore,CP,No,Invertivore
AVIBASE-9779E4D3,64.875,1800.0,2400.0,4200.0,Forest,Carnivore,CP,No,Invertivore
AVIBASE-06A0BB28,70.75,1800.0,2800.0,4600.0,Shrubland,Carnivore,CP,No,Invertivore
AVIBASE-AB9D580D,75.5,1475.0,1950.0,3425.0,Forest,Carnivore,CP,No,Invertivore
AVIBASE-18376B32,65.33333,1980.0,2590.0,4570.0,Shrubland,Carnivore,CP,No,Invertivore
AVIBASE-9CBD5A5C,56.0,1000.0,3200.0,4200.0,Shrubland,Carnivore,CP,No,Invertivore
AVIBASE-3F5E062B,77.5,900.0,1600.0,2500.0,Forest,Carnivore,CP,No,Invertivore
AVIBASE-C798D901,,1500.0,940.0,2440.0,Forest,Carnivore,,No,Invertivore
AVIBASE-F9A2B4EB,78.78333,1600.0,1800.0,3400.0,Woodland,Carnivore,CP,No,Invertivore
AVIBASE-3467E0CF,83.0,1500.0,1500.0,3000.0,Forest,Carnivore,CP,No,Invertivore
AVIBASE-2C87AFAC,94.5,900.0,2250.0,3150.0,Forest,Carnivore,,No,Invertivore
AVIBASE-B0EA6012,71.0,610.0,1955.0,2565.0,Forest,Carnivore,CP,No,Invertivore
AVIBASE-A37EB5E5,,2000.0,200.0,2200.0,Forest,Carnivore,,No,Invertivore
AVIBASE-503C6098,65.0,1065.0,765.0,1830.0,Forest,Carnivore,CP,No,Invertivore
AVIBASE-F192C0CB,43.8,1600.0,800.0,2400.0,Forest,Carnivore,CP,No,Invertivore
AVIBASE-E39255D9,42.4,1600.0,1000.0,2600.0,Forest,Carnivore,CP,No,Invertivore
AVIBASE-7BF8790B,44.25,1200.0,1400.0,2600.0,Shrubland,Carnivore,CP,No,Invertivore
AVIBASE-9D9DBBDC,,1200.0,935.0,2135.0,Forest,Carnivore,CP,No,Invertivore
AVIBASE-3C8820C7,42.0,100.0,2900.0,3000.0,Forest,Omnivore,CP,No,Omnivore
AVIBASE-2487A80F,42.25,750.0,2250.0,3000.0,Forest,Omnivore,,No,Omnivore
AVIBASE-50BF5295,37.5,1200.0,2210.0,3410.0,Forest,Omnivore,CP,No,Omnivore
AVIBASE-F990AA6C,41.75,1650.0,1350.0,3000.0,Forest,Carnivore,CP,No,Invertivore
AVIBASE-3B369923,38.0,900.0,1900.0,2800.0,Forest,Carnivore,CP,No,Invertivore
AVIBASE-49E535FF,31.0,1000.0,1565.0,2565.0,Forest,Omnivore,,No,Omnivore
AVIBASE-2869ADB4,40.95,800.0,2095.0,2895.0,Forest,Carnivore,,No,Invertivore
AVIBASE-05F6BA7F,43.83333,1400.0,2100.0,3500.0,Forest,Carnivore,CP,No,Invertivore
AVIBASE-1CB4B6D5,27.5,1200.0,1800.0,3000.0,Forest,Carnivore,,No,Invertivore
AVIBASE-EE65C146,47.5,1700.0,1600.0,3300.0,Forest,Omnivore,,No,Omnivore
AVIBASE-99A1540F,,1700.0,1600.0,3300.0,Forest,Carnivore,,No,Invertivore
AVIBASE-A6704D52,19.8,800.0,1800.0,2600.0,Forest,Carnivore,CP,No,Invertivore
AVIBASE-55B3A7AF,19.06667,1600.0,2150.0,3750.0,Forest,Carnivore,CP,No,Invertivore
AVIBASE-34B1C50C,36.5,600.0,2000.0,2600.0,Shrubland,Carnivore,CP,No,Invertivore
AVIBASE-FEA407F5,38.2,1200.0,900.0,2100.0,Forest,Carnivore,CP,No,Invertivore
AVIBASE-2CCD5892,38.0,1000.0,1500.0,2500.0,Forest,Carnivore,,No,Invertivore
AVIBASE-E5AD68C4,,1000.0,1400.0,2400.0,Forest,Carnivore,,No,Invertivore
AVIBASE-E147E79E,21.24167,900.0,2300.0,3200.0,Shrubland,Omnivore,CP,No,Omnivore
AVIBASE-DA16A143,25.5,365.0,1835.0,2200.0,Forest,Omnivore,CP,No,Omnivore
AVIBASE-EDA24491,,600.0,1500.0,2100.0,Forest,Omnivore,,No,Omnivore
AVIBASE-63449558,15.25,470.0,2930.0,3400.0,Forest,Carnivore,PN,No,Invertivore
AVIBASE-932DB585,25.83333,1000.0,1650.0,2650.0,Forest,Carnivore,CP,No,Invertivore
AVIBASE-8D7B97E0,,2060.0,280.0,2340.0,Shrubland,Herbivore,,No,Frugivore
AVIBASE-AB57523F,,1700.0,500.0,2200.0,Forest,Herbivore,CP,No,Frugivore
AVIBASE-E1A2DAD9,31.6,830.0,2170.0,3000.0,Forest,Carnivore,CP,No,Invertivore
AVIBASE-D0E844AC,47.5,900.0,1100.0,2000.0,Forest,Carnivore,CP,No,Invertivore
AVIBASE-9C498E1F,47.5,1400.0,800.0,2200.0,Riverine,Omnivore,CP,No,Omnivore
AVIBASE-8EB286E5,73.425,0.0,1200.0,1200.0,Shrubland,Carnivore,CP,No,Invertivore
AVIBASE-9E35E2B0,70.0,0.0,1200.0,1200.0,Forest,Carnivore,CP,No,Invertivore
AVIBASE-B7794D41,35.0,0.0,775.0,775.0,Grassland,Carnivore,CP,No,Invertivore
AVIBASE-51AADA00,67.5,825.0,395.0,1220.0,Forest,Carnivore,CP,No,Invertivore
AVIBASE-C4F17E29,64.5,0.0,2100.0,2100.0,Forest,Carnivore,CP,No,Invertivore
AVIBASE-5713B725,69.0,0.0,1525.0,1525.0,Forest,Omnivore,CP,No,Omnivore
AVIBASE-A70548E8,63.15,0.0,1000.0,1000.0,Shrubland,Omnivore,CP,No,Omnivore
AVIBASE-861DA135,43.16667,0.0,2000.0,2000.0,Shrubland,Carnivore,CP,No,Invertivore
AVIBASE-987C8F6E,36.83333,915.0,585.0,1500.0,Shrubland,Carnivore,CP,No,Invertivore
AVIBASE-FE13475E,33.0,0.0,500.0,500.0,Riverine,Carnivore,CP,No,Invertivore
AVIBASE-18B418AB,45.5,,,,Grassland,Omnivore,,No,Omnivore
AVIBASE-18B418AB,34.28333,0.0,900.0,900.0,Grassland,Omnivore,CP,No,Omnivore
AVIBASE-3EFD8DF0,54.83333,0.0,500.0,500.0,Shrubland,Carnivore,CP,No,Invertivore
AVIBASE-E99FE2FE,73.5,0.0,2800.0,2800.0,Shrubland,Carnivore,CP,No,Invertivore
AVIBASE-308AADDB,46.75,0.0,1000.0,1000.0,Wetland,Carnivore,CP,No,Invertivore
AVIBASE-9302DF03,45.5,0.0,600.0,600.0,Shrubland,Carnivore,CP,No,Invertivore
AVIBASE-9295CC66,61.0,915.0,915.0,1830.0,Shrubland,Carnivore,CP,No,Invertivore
AVIBASE-0179C599,86.75,,,1550.0,Forest,Carnivore,CP,No,Invertivore
AVIBASE-60C54BA1,,0.0,500.0,500.0,Forest,Carnivore,,No,Invertivore
AVIBASE-B79B29C4,85.5,700.0,200.0,900.0,Forest,Carnivore,,No,Invertivore
AVIBASE-AD7B6E81,64.0,950.0,1185.0,2135.0,Forest,Carnivore,CP,No,Invertivore
AVIBASE-722187E9,,1000.0,650.0,1650.0,Forest,Carnivore,,No,Invertivore
AVIBASE-27E0131C,47.0,1500.0,1700.0,3200.0,Forest,Carnivore,,No,Invertivore
AVIBASE-6EBDD2D5,66.75,0.0,2300.0,2300.0,Grassland,Carnivore,CP,No,Invertivore
AVIBASE-735E491F,78.0,1250.0,1200.0,2450.0,Rock,Carnivore,CP,No,Invertivore
AVIBASE-224B2B08,67.5,1070.0,630.0,1700.0,Shrubland,Carnivore,CP,No,Invertivore
AVIBASE-0E9C6F45,69.66667,0.0,500.0,500.0,Shrubland,Carnivore,,No,Invertivore
AVIBASE-E6576A8D,74.02,0.0,1675.0,1675.0,Shrubland,Carnivore,CP,No,Invertivore
AVIBASE-7AB9D354,75.66667,0.0,500.0,500.0,Shrubland,Carnivore,CP,No,Invertivore
AVIBASE-10993285,,0.0,1000.0,1000.0,Shrubland,Carnivore,,No,Invertivore
AVIBASE-D5BF7D2F,80.1875,0.0,1000.0,1000.0,Woodland,Omnivore,CP,No,Omnivore
AVIBASE-775C66B9,76.0,600.0,600.0,1200.0,Woodland,Carnivore,CP,No,Invertivore
AVIBASE-1481EF1F,75.26667,0.0,1200.0,1200.0,Woodland,Carnivore,CP,No,Invertivore
AVIBASE-CD65BECB,84.0,1550.0,600.0,2150.0,Wetland,Carnivore,CP,No,Invertivore
AVIBASE-7350FE4C,79.5,1500.0,400.0,1900.0,Woodland,Carnivore,CP,No,Invertivore
AVIBASE-3D55152D,76.75,0.0,1000.0,1000.0,Woodland,Carnivore,CP,No,Invertivore
AVIBASE-B0F2FB67,73.6,1000.0,800.0,1800.0,Shrubland,Carnivore,CP,No,Invertivore
AVIBASE-9D4891EC,78.75,800.0,1200.0,2000.0,Forest,Carnivore,CP,No,Invertivore
AVIBASE-946F5D45,,915.0,595.0,1510.0,Forest,Carnivore,,No,Invertivore
AVIBASE-71D4A209,65.46667,0.0,1800.0,1800.0,Shrubland,Carnivore,CP,No,Invertivore
AVIBASE-4E8B4445,63.6,0.0,1200.0,1200.0,Forest,Omnivore,CP,No,Omnivore
AVIBASE-3651A4D5,95.5,0.0,1675.0,1675.0,Forest,Omnivore,CP,No,Omnivore
AVIBASE-5B9161ED,,900.0,1600.0,2500.0,Forest,Herbivore,CP,No,Frugivore
AVIBASE-0C83FC88,104.75,305.0,1895.0,2200.0,Forest,Carnivore,CP,No,Invertivore
AVIBASE-6583F1BC,122.16667,0.0,1600.0,1600.0,Forest,Omnivore,CP,No,Omnivore
AVIBASE-CFEA4730,,750.0,1250.0,2000.0,Forest,Omnivore,CP,No,Omnivore
AVIBASE-60FA71F5,,800.0,850.0,1650.0,Forest,Carnivore,,No,Invertivore
AVIBASE-830EF7CF,131.5,500.0,1300.0,1800.0,Forest,Carnivore,,No,Invertivore
AVIBASE-C2DAFFFB,,800.0,450.0,1250.0,Forest,Carnivore,,No,Invertivore
AVIBASE-DF9E2D94,108.0,380.0,1320.0,1700.0,Forest,Carnivore,,No,Invertivore
AVIBASE-FD662075,97.5,400.0,1300.0,1700.0,Forest,Carnivore,,No,Invertivore
AVIBASE-1C31D0DE,67.8,2000.0,1500.0,3500.0,Forest,Carnivore,CP,No,Invertivore
AVIBASE-422037AA,64.25,610.0,1370.0,1980.0,Forest,Carnivore,CP,No,Invertivore
AVIBASE-566F8C8C,,1350.0,400.0,1750.0,Forest,Carnivore,,No,Invertivore
AVIBASE-01F5F4C6,49.0,1220.0,1525.0,2745.0,Forest,Carnivore,CP,No,Invertivore
AVIBASE-7A44AD5A,132.5,1100.0,2560.0,3660.0,Forest,Herbivore,CP,No,Omnivore
AVIBASE-826C6C37,120.5,2135.0,1980.0,4115.0,Forest,Carnivore,CP,No,Invertivore
AVIBASE-73B7590F,,2500.0,1770.0,4270.0,Forest,Carnivore,,No,Invertivore
AVIBASE-82C19E11,82.0,1200.0,2460.0,3660.0,Forest,Carnivore,,No,Invertivore
AVIBASE-96A465BE,85.0,455.0,305.0,760.0,Forest,Carnivore,CP,No,Invertivore
AVIBASE-BBE951A5,92.0,90.0,1210.0,1300.0,Forest,Carnivore,CP,No,Invertivore
AVIBASE-7EA7CEE7,,650.0,1350.0,2000.0,Forest,Carnivore,CP,No,Invertivore
AVIBASE-8A04ACFE,56.0,610.0,690.0,1300.0,Forest,Carnivore,CP,No,Invertivore
AVIBASE-8A908A7E,,,,,Forest,Carnivore,CP,No,Invertivore
AVIBASE-6E91359B,61.0,900.0,2300.0,3200.0,Forest,Carnivore,CP,No,Invertivore
AVIBASE-36545FD3,63.65,200.0,2600.0,2800.0,Forest,Carnivore,CP,No,Invertivore
AVIBASE-0DBAC9AF,63.2,120.0,1880.0,2000.0,Forest,Carnivore,CP,No,Invertivore
AVIBASE-664E4CED,74.5,0.0,915.0,915.0,Forest,Carnivore,CP,No,Invertivore
AVIBASE-48A456CC,81.875,0.0,1525.0,1525.0,Forest,Carnivore,CP,No,Invertivore
AVIBASE-2A59B27F,68.33333,600.0,1230.0,1830.0,Shrubland,Carnivore,CP,No,Invertivore
AVIBASE-8FD7181A,117.33333,0.0,1000.0,1000.0,Shrubland,Carnivore,CP,No,Invertivore
AVIBASE-75BA8D16,140.2,500.0,1330.0,1830.0,Forest,Carnivore,CP,No,Invertivore
AVIBASE-ECB9A862,58.01667,1600.0,1700.0,3300.0,Shrubland,Carnivore,CP,No,Invertivore
AVIBASE-37F6EC60,,1200.0,1600.0,2800.0,Forest,Carnivore,CP,No,Invertivore
AVIBASE-EA1D6AB8,80.5,350.0,3915.0,4265.0,Forest,Carnivore,CP,No,Invertivore
AVIBASE-B30DCDD9,145.5,2800.0,1800.0,4600.0,Shrubland,Herbivore,CP,No,Frugivore
AVIBASE-CADC3FC1,112.5,3650.0,850.0,4500.0,Forest,Carnivore,,No,Invertivore
AVIBASE-D5C979A6,103.66667,300.0,3500.0,3800.0,Forest,Carnivore,CP,No,Invertivore
AVIBASE-C7279987,120.0,850.0,1450.0,2300.0,Forest,Carnivore,,No,Invertivore
AVIBASE-DB7534FA,87.0,1065.0,1680.0,2745.0,Forest,Herbivore,CP,No,Frugivore
AVIBASE-329039A2,90.0,600.0,1200.0,1800.0,Forest,Omnivore,,No,Omnivore
AVIBASE-799CD8D0,80.0,340.0,1760.0,2100.0,Forest,Carnivore,CP,No,Invertivore
AVIBASE-3ADCF52E,32.16667,880.0,1120.0,2000.0,Forest,Carnivore,CP,No,Invertivore
AVIBASE-D2E8BF1B,32.375,900.0,1000.0,1900.0,Forest,Carnivore,,No,Invertivore
AVIBASE-FC1BE879,37.03333,1000.0,1200.0,2200.0,Forest,Carnivore,CP,No,Invertivore
AVIBASE-AEE09552,34.75,0.0,1200.0,1200.0,Shrubland,Herbivore,CP,No,Nectarivore
AVIBASE-EDEE3E5C,34.81667,1500.0,800.0,2300.0,Grassland,Herbivore,CP,No,Nectarivore
AVIBASE-BFC86948,63.63333,0.0,1800.0,1800.0,Forest,Herbivore,HC,No,Frugivore
AVIBASE-052BB649,,0.0,700.0,700.0,Forest,Herbivore,,No,Frugivore
AVIBASE-D27C14EE,83.175,0.0,1500.0,1500.0,Forest,Herbivore,CP,No,Frugivore
AVIBASE-B60B1166,6.975,0.0,3000.0,3000.0,Forest,Carnivore,PN,No,Invertivore
AVIBASE-85B03849,6.35,0.0,1600.0,1600.0,Forest,Carnivore,CP,No,Invertivore
AVIBASE-C92557B8,7.0,600.0,950.0,1550.0,Forest,Carnivore,CP,No,Invertivore
AVIBASE-154BCCAE,6.225,0.0,3500.0,3500.0,Forest,Carnivore,PN,No,Invertivore
AVIBASE-367F4CFC,5.55,2500.0,1200.0,3700.0,Forest,Carnivore,,No,Invertivore
AVIBASE-1C51C109,5.73333,0.0,4000.0,4000.0,Forest,Carnivore,PN,No,Invertivore
AVIBASE-2721665B,,300.0,2100.0,2400.0,Grassland,Carnivore,CP,No,Invertivore
AVIBASE-0F82D614,12.75,0.0,1600.0,1600.0,Woodland,Carnivore,CP,No,Invertivore
AVIBASE-F840409E,11.75,0.0,1000.0,1000.0,Woodland,Carnivore,CP,No,Invertivore
AVIBASE-BC190F25,10.3,300.0,700.0,1000.0,Forest,Carnivore,,No,Invertivore
AVIBASE-9187C7FC,15.5,0.0,1100.0,1100.0,Forest,Carnivore,,No,Invertivore
AVIBASE-40A94346,33.25,0.0,1500.0,1500.0,Forest,Carnivore,DM,No,Invertivore
AVIBASE-DA03B16F,30.32,0.0,3000.0,3000.0,Forest,Carnivore,DM,No,Invertivore
AVIBASE-5AEBD293,33.15,2100.0,1050.0,3150.0,Forest,Carnivore,DM,No,Invertivore
AVIBASE-5987A3C3,23.3,0.0,800.0,800.0,Woodland,Carnivore,DM,No,Invertivore
AVIBASE-07DBD2B4,28.96667,0.0,1500.0,1500.0,Shrubland,Carnivore,DM,No,Invertivore
AVIBASE-ECCBDBAF,50.2,0.0,300.0,300.0,Forest,Carnivore,DM,No,Invertivore
AVIBASE-EBFB7E8D,41.75,0.0,2100.0,2100.0,Shrubland,Carnivore,DM,No,Invertivore
AVIBASE-5C021745,30.41667,0.0,300.0,300.0,Woodland,Carnivore,DM,No,Invertivore
AVIBASE-E664FCBD,26.03333,0.0,1200.0,1200.0,Forest,Carnivore,DM,No,Invertivore
AVIBASE-99A2DDD7,33.26667,0.0,1400.0,1400.0,Forest,Carnivore,SP,No,Invertivore
AVIBASE-B77A0E9A,29.65,800.0,1700.0,2500.0,Shrubland,Carnivore,DM,No,Invertivore
AVIBASE-D2879DA9,26.8,800.0,1700.0,2500.0,Shrubland,Carnivore,DM,No,Invertivore
AVIBASE-CD80E82E,35.0,0.0,50.0,50.0,Shrubland,Carnivore,SP,No,Invertivore
AVIBASE-891F222F,39.45,0.0,2375.0,2375.0,Desert,Carnivore,DM,No,Invertivore
AVIBASE-49145364,31.16667,0.0,1300.0,1300.0,Forest,Carnivore,SP,No,Invertivore
AVIBASE-E59FF7D2,9.6,200.0,2100.0,2300.0,Forest,Carnivore,,No,Invertivore
AVIBASE-DAD468AA,11.0,0.0,600.0,600.0,Forest,Carnivore,,No,Invertivore
AVIBASE-76DF73A9,16.1,0.0,2000.0,2000.0,Rock,Carnivore,CP,No,Invertivore
AVIBASE-EAD14427,12.3,0.0,3000.0,3000.0,Rock,Carnivore,CP,No,Invertivore
AVIBASE-A88A7607,28.4,75.0,925.0,1000.0,Forest,Carnivore,,No,Invertivore
AVIBASE-68A90F93,28.85,75.0,725.0,800.0,Forest,Carnivore,,No,Invertivore
AVIBASE-594A4DB7,24.96667,2200.0,1600.0,3800.0,Forest,Carnivore,SP,No,Invertivore
AVIBASE-D51075E1,24.45,1500.0,1600.0,3100.0,Forest,Carnivore,SP,No,Invertivore
AVIBASE-EA4C21DC,19.53333,2400.0,800.0,3200.0,Forest,Carnivore,PN,No,Invertivore
AVIBASE-5A3DDD7A,16.6,2000.0,1000.0,3000.0,Forest,Carnivore,,No,Invertivore
AVIBASE-43D33E03,8.36667,0.0,,,Grassland,Carnivore,SP,No,Invertivore
AVIBASE-1DEA4AB6,,3000.0,1100.0,4100.0,Shrubland,Carnivore,DM,No,Invertivore
AVIBASE-E3052D44,17.85,2500.0,515.0,3015.0,Wetland,Carnivore,SP,No,Invertivore
AVIBASE-CB4C1514,10.31667,0.0,4500.0,4500.0,Grassland,Carnivore,DM,No,Invertivore
AVIBASE-787E0536,11.58333,0.0,2500.0,2500.0,Wetland,Carnivore,DM,No,Invertivore
AVIBASE-603194D3,9.8,0.0,3000.0,3000.0,Shrubland,Carnivore,HC,No,Invertivore
AVIBASE-4C688475,,0.0,,,Wetland,Carnivore,SP,No,Invertivore
AVIBASE-2258FAE9,24.7,0.0,1100.0,1100.0,Forest,Carnivore,,No,Invertivore
AVIBASE-123847EA,23.0,800.0,1000.0,1800.0,Forest,Carnivore,SP,No,Invertivore
AVIBASE-9335AB39,26.0,0.0,500.0,500.0,Riverine,Carnivore,SP,No,Invertivore
AVIBASE-B24D2A00,26.91667,2000.0,1500.0,3500.0,Forest,Carnivore,SP,No,Invertivore
AVIBASE-92A6502D,33.75,2000.0,1500.0,3500.0,Forest,Carnivore,,No,Invertivore
AVIBASE-09EBF75E,22.75,1830.0,1520.0,3350.0,Forest,Carnivore,,No,Invertivore
AVIBASE-5D5C6D51,19.5,0.0,1500.0,1500.0,Forest,Carnivore,DM,No,Invertivore
AVIBASE-A5AADBF7,27.5,1200.0,1200.0,2400.0,Forest,Carnivore,SP,No,Invertivore
AVIBASE-FB669B0D,18.56667,0.0,500.0,500.0,Riverine,Carnivore,SP,No,Invertivore
AVIBASE-5F71C217,12.86667,0.0,2000.0,2000.0,Forest,Carnivore,,No,Invertivore
AVIBASE-18253ACC,15.175,0.0,1300.0,1300.0,Forest,Carnivore,DM,No,Invertivore
AVIBASE-13450F63,16.0,0.0,1900.0,1900.0,Forest,Carnivore,DM,No,Invertivore
AVIBASE-E9B8A81C,,1300.0,700.0,2000.0,Forest,Carnivore,,No,Invertivore
AVIBASE-E9CB2D0D,,1300.0,300.0,1600.0,Forest,Carnivore,,No,Invertivore
AVIBASE-2A489303,15.675,1300.0,700.0,2000.0,Woodland,Carnivore,,No,Invertivore
AVIBASE-6BBBDB1A,18.2,0.0,1600.0,1600.0,Woodland,Carnivore,,No,Invertivore
AVIBASE-0A9020EB,26.03333,300.0,1200.0,1500.0,Woodland,Carnivore,SP,No,Invertivore
AVIBASE-B0D4848C,22.15,250.0,600.0,850.0,Forest,Carnivore,,No,Invertivore
AVIBASE-CDEAC371,27.2,1100.0,750.0,1850.0,Shrubland,Carnivore,,No,Invertivore
AVIBASE-7F9FC6F3,15.81667,0.0,2000.0,2000.0,Forest,Carnivore,,No,Invertivore
AVIBASE-49CAF311,18.68333,0.0,2000.0,2000.0,Forest,Carnivore,,No,Invertivore
AVIBASE-5993D0AB,23.15,0.0,600.0,600.0,Shrubland,Carnivore,SP,No,Invertivore
AVIBASE-B5E5DF75,18.8,0.0,2000.0,2000.0,Forest,Carnivore,SP,No,Invertivore
AVIBASE-DF6E7F1C,19.75,0.0,950.0,950.0,Forest,Carnivore,SP,No,Invertivore
AVIBASE-18C1675B,22.8,0.0,1500.0,1500.0,Shrubland,Carnivore,,No,Invertivore
AVIBASE-9CC8A7D9,13.5,0.0,400.0,400.0,Shrubland,Carnivore,DM,No,Invertivore
AVIBASE-8966445C,20.95,0.0,900.0,900.0,Forest,Carnivore,DM,No,Invertivore
AVIBASE-F04B5608,,0.0,200.0,200.0,Forest,Carnivore,,No,Invertivore
AVIBASE-085440D8,19.0,0.0,1200.0,1200.0,Forest,Carnivore,,No,Invertivore
AVIBASE-8F45CD3F,22.6,0.0,1400.0,1400.0,Forest,Carnivore,,No,Invertivore
AVIBASE-535B0642,16.86667,0.0,1100.0,1100.0,Woodland,Carnivore,SP,No,Invertivore
AVIBASE-6CD673F3,17.0,0.0,900.0,900.0,Forest,Carnivore,SP,No,Invertivore
AVIBASE-CB5469E1,19.8,0.0,2000.0,2000.0,Forest,Carnivore,,No,Invertivore
AVIBASE-0B70AD86,17.0,,,,Shrubland,Carnivore,,No,Invertivore
AVIBASE-AF700208,9.1,0.0,4575.0,4575.0,Forest,Carnivore,DM,No,Invertivore
AVIBASE-C757BD95,9.0,0.0,2000.0,2000.0,Forest,Carnivore,,No,Invertivore
AVIBASE-CF5B7A9D,9.26667,0.0,3718.0,3718.0,Forest,Carnivore,DM,No,Invertivore
AVIBASE-D80D50B4,18.3,0.0,335.0,335.0,Shrubland,Carnivore,"CP,CV",No,Invertivore
AVIBASE-A381417F,11.13333,0.0,3000.0,3000.0,Forest,Carnivore,"CV,O,CR",No,Invertivore
AVIBASE-5506AF3C,12.3,0.0,100.0,100.0,Forest,Carnivore,"CV,CR",No,Invertivore
AVIBASE-783F7744,18.5,0.0,200.0,200.0,Grassland,Carnivore,SP,No,Invertivore
AVIBASE-5AB5707F,9.03333,0.0,600.0,600.0,Woodland,Carnivore,CV,No,Invertivore
AVIBASE-D37C40FA,10.83333,1250.0,2250.0,3500.0,Forest,Carnivore,CP,No,Invertivore
AVIBASE-2E21DCF1,9.85,900.0,1550.0,2450.0,Forest,Carnivore,,No,Invertivore
AVIBASE-A223AEB9,11.6,1700.0,1800.0,3500.0,Forest,Carnivore,,No,Invertivore
AVIBASE-44D48362,,3200.0,1400.0,4600.0,Forest,Carnivore,,No,Invertivore
AVIBASE-7699C151,15.81667,1600.0,800.0,2400.0,Forest,Carnivore,,No,Invertivore
AVIBASE-A3B57560,14.0,2800.0,800.0,3600.0,Grassland,Carnivore,SP,No,Invertivore
AVIBASE-E4E3CB1F,9.35,0.0,500.0,500.0,Forest,Carnivore,SP,No,Invertivore
AVIBASE-3563183F,14.93333,0.0,1300.0,1300.0,Forest,Carnivore,SP,No,Invertivore
AVIBASE-57420691,16.48333,400.0,2600.0,3000.0,Forest,Carnivore,SP,No,Invertivore
AVIBASE-BDC37153,14.4,2270.0,1670.0,3940.0,Forest,Carnivore,,No,Invertivore
AVIBASE-5A62A484,13.75,1350.0,1250.0,2600.0,Forest,Carnivore,,No,Invertivore
AVIBASE-228BABC3,15.98,2250.0,390.0,2640.0,Forest,Carnivore,,No,Invertivore
AVIBASE-85F08EC1,18.175,0.0,1400.0,1400.0,Forest,Carnivore,,No,Invertivore
AVIBASE-A7667D10,18.8,0.0,1800.0,1800.0,Forest,Carnivore,,No,Invertivore
AVIBASE-31AE7224,20.25,860.0,1240.0,2100.0,Forest,Carnivore,,No,Invertivore
AVIBASE-E4221D69,19.25,0.0,1100.0,1100.0,Forest,Carnivore,CP,No,Invertivore
AVIBASE-EC974AC4,31.025,1100.0,1600.0,2700.0,Forest,Carnivore,,No,Invertivore
AVIBASE-0664F1F4,31.02,1100.0,1600.0,2700.0,Forest,Carnivore,DM,No,Invertivore
AVIBASE-FAF1A289,21.26667,0.0,500.0,500.0,Forest,Carnivore,SP,No,Invertivore
AVIBASE-AC56BC49,24.55,0.0,1050.0,1050.0,Forest,Carnivore,,No,Invertivore
AVIBASE-7113E393,10.25,0.0,750.0,750.0,Forest,Carnivore,CP,No,Invertivore
AVIBASE-32BF3F02,9.05,0.0,1200.0,1200.0,Forest,Carnivore,CP,No,Invertivore
AVIBASE-0AA19250,11.75,0.0,750.0,750.0,Forest,Carnivore,CP,No,Invertivore
AVIBASE-2C4579F1,10.5,0.0,500.0,500.0,Forest,Carnivore,CP,No,Invertivore
AVIBASE-73B2C287,6.25,0.0,500.0,500.0,Forest,Carnivore,,No,Invertivore
AVIBASE-64EC317B,5.96,0.0,500.0,500.0,Forest,Carnivore,,No,Invertivore
AVIBASE-07742DD4,6.0,0.0,750.0,750.0,Forest,Carnivore,,No,Invertivore
AVIBASE-6909DD14,5.9,0.0,500.0,500.0,Forest,Carnivore,,No,Invertivore
AVIBASE-C12E5EDD,5.5,150.0,0.0,150.0,Forest,Carnivore,,No,Invertivore
AVIBASE-38BBA0C1,6.0,,,500.0,Forest,Carnivore,,No,Invertivore
AVIBASE-45304071,6.4,0.0,1000.0,1000.0,Forest,Carnivore,CP,No,Invertivore
AVIBASE-A039EC13,6.0,200.0,2500.0,2700.0,Forest,Carnivore,CP,No,Invertivore
AVIBASE-CB41276B,6.7,0.0,400.0,400.0,Forest,Carnivore,CP,No,Invertivore
AVIBASE-B47F0D81,7.25,0.0,2000.0,2000.0,Shrubland,Carnivore,CP,No,Invertivore
AVIBASE-70D28286,5.0,0.0,100.0,100.0,Shrubland,Carnivore,CP,No,Invertivore
AVIBASE-B51DD08F,5.575,0.0,200.0,200.0,Shrubland,Carnivore,CP,No,Invertivore
AVIBASE-70A56DCB,5.805,0.0,1200.0,1200.0,Woodland,Carnivore,CP,No,Invertivore
AVIBASE-A15C5071,6.31667,0.0,2500.0,2500.0,Woodland,Carnivore,CP,No,Invertivore
AVIBASE-C05CE29C,5.26667,0.0,2100.0,2100.0,Shrubland,Carnivore,CP,No,Invertivore
AVIBASE-A0015FD7,5.625,0.0,500.0,500.0,Shrubland,Carnivore,CP,No,Invertivore
AVIBASE-A6C81FC1,6.05,0.0,500.0,500.0,Shrubland,Carnivore,,No,Invertivore
AVIBASE-50735F3E,6.8,0.0,1000.0,1000.0,Woodland,Carnivore,CP,No,Invertivore
AVIBASE-49E0ABDB,14.76667,2100.0,1800.0,3900.0,Forest,Carnivore,CV,No,Invertivore
AVIBASE-341E57F9,,2250.0,2020.0,4270.0,Forest,Carnivore,,No,Invertivore
AVIBASE-C71B1D8A,41.5,1200.0,2200.0,3400.0,Forest,Carnivore,CV,No,Invertivore
AVIBASE-19CCBBD2,21.72,0.0,3500.0,3500.0,Forest,Carnivore,CV,No,Invertivore
AVIBASE-9867D23D,,300.0,1835.0,2135.0,Forest,Carnivore,CV,No,Invertivore
AVIBASE-F2F45703,,820.0,1925.0,2745.0,Forest,Carnivore,CV,No,Invertivore
AVIBASE-7A91853C,13.2,180.0,2020.0,2200.0,Forest,Carnivore,CV,No,Invertivore
AVIBASE-8B0CE251,15.0,800.0,1700.0,2500.0,Forest,Carnivore,,No,Invertivore
AVIBASE-32983F3A,15.45,0.0,2600.0,2600.0,Forest,Carnivore,,No,Invertivore
AVIBASE-BD0914CB,11.124,0.0,4050.0,4050.0,Forest,Carnivore,"CP,CV",No,Invertivore
AVIBASE-AD7F307B,10.076,0.0,600.0,600.0,Woodland,Carnivore,CV,No,Invertivore
AVIBASE-71CBBD81,9.95,0.0,12.0,12.0,Woodland,Carnivore,,No,Invertivore
AVIBASE-103FF2D9,10.25,2440.0,1560.0,4000.0,Forest,Carnivore,,No,Invertivore
AVIBASE-5415A0C3,17.3,350.0,1654.0,2004.0,Forest,Carnivore,CV,No,Invertivore
AVIBASE-E29D7FB9,12.575,0.0,2000.0,2000.0,Forest,Carnivore,CV,No,Invertivore
AVIBASE-0716A71C,10.6,0.0,3075.0,3075.0,Forest,Carnivore,CV,No,Invertivore
AVIBASE-7FD1FB23,12.625,750.0,1050.0,1800.0,Forest,Carnivore,CV,No,Invertivore
AVIBASE-CEB2041A,9.86,600.0,2000.0,2600.0,Forest,Carnivore,CV,No,Invertivore
AVIBASE-C37C527F,28.9,800.0,2550.0,3350.0,Rock,Carnivore,CV,No,Invertivore
AVIBASE-102758DF,43.0,300.0,3000.0,3300.0,Rock,Carnivore,CV,No,Invertivore
AVIBASE-B6B17E4A,22.15,,,,Forest,Carnivore,CV,No,Invertivore
AVIBASE-D966EFC2,,2440.0,613.0,3053.0,Forest,Carnivore,CV,No,Invertivore
AVIBASE-26FFF238,14.0,915.0,1985.0,2900.0,Forest,Carnivore,CV,No,Invertivore
AVIBASE-3C468678,21.51667,0.0,3300.0,3300.0,Forest,Omnivore,"CV,CR,O",No,Omnivore
AVIBASE-12968248,16.23333,915.0,3655.0,4570.0,Forest,Carnivore,CV,No,Invertivore
AVIBASE-C7F955AB,19.1,1800.0,1705.0,3505.0,Forest,Carnivore,CV,No,Invertivore
AVIBASE-434FA927,15.1,0.0,1000.0,1000.0,Woodland,Carnivore,CV,No,Invertivore
AVIBASE-DB238042,19.5,0.0,2200.0,2200.0,Forest,Carnivore,CV,No,Invertivore
AVIBASE-23F3AE9C,,300.0,700.0,1000.0,Forest,Carnivore,CV,No,Invertivore
AVIBASE-89C42590,16.5,0.0,5100.0,5100.0,Rock,Carnivore,CV,No,Invertivore
AVIBASE-73BE9A87,10.25,0.0,3000.0,3000.0,Forest,Carnivore,CV,No,Invertivore
AVIBASE-42A2C710,9.8,1675.0,2525.0,4200.0,Woodland,Carnivore,,No,Invertivore
AVIBASE-BAC33609,8.3,0.0,3500.0,3500.0,Forest,Carnivore,CP,No,Invertivore
AVIBASE-552E2BA9,9.0,800.0,1400.0,2200.0,Forest,Carnivore,CV,No,Invertivore
AVIBASE-C1423023,8.63333,650.0,3350.0,4000.0,Forest,Carnivore,CV,No,Invertivore
AVIBASE-C7320C9E,9.33333,1500.0,2160.0,3660.0,Forest,Carnivore,CV,No,Invertivore
AVIBASE-B0B998E2,10.25,800.0,1950.0,2750.0,Forest,Carnivore,,No,Invertivore
AVIBASE-313F4D74,10.0,800.0,2250.0,3050.0,Forest,Carnivore,,No,Invertivore
AVIBASE-5304F5C0,10.0,1600.0,1230.0,2830.0,Forest,Carnivore,,No,Invertivore
AVIBASE-0B9E1A38,15.16667,760.0,765.0,1525.0,Woodland,Carnivore,CP,No,Invertivore
AVIBASE-A51A5F84,14.75,370.0,1930.0,2300.0,Woodland,Carnivore,CP,No,Invertivore
AVIBASE-95B77F08,38.31667,0.0,1800.0,1800.0,Shrubland,Herbivore,CP,No,Frugivore
AVIBASE-240F0470,36.11667,0.0,240.0,240.0,Shrubland,Carnivore,CP,No,Invertivore
AVIBASE-7EFF698D,48.15,0.0,3000.0,3000.0,Shrubland,Omnivore,CP,No,Omnivore
AVIBASE-1281617B,66.75,0.0,2500.0,2500.0,Shrubland,Omnivore,CP,No,Omnivore
AVIBASE-38C451EA,71.0,0.0,200.0,200.0,Woodland,Omnivore,CP,No,Omnivore
AVIBASE-7EEE7E61,65.975,0.0,2100.0,2100.0,Riverine,Omnivore,CP,No,Omnivore
AVIBASE-BF9BFD26,66.5,0.0,2450.0,2450.0,Woodland,Omnivore,CP,No,Omnivore
AVIBASE-F0CD0BD7,63.5,0.0,2500.0,2500.0,Shrubland,Omnivore,HC,No,Omnivore
AVIBASE-ADEDDFD6,55.56667,0.0,1800.0,1800.0,Shrubland,Carnivore,CP,No,Invertivore
AVIBASE-CE56D85A,46.26,0.0,2600.0,2600.0,Shrubland,Carnivore,CP,No,Invertivore
AVIBASE-38961C3A,58.5,2300.0,1200.0,3500.0,Shrubland,Carnivore,CP,No,Invertivore
AVIBASE-1050FB29,53.7,0.0,1500.0,1500.0,Shrubland,Omnivore,,No,Omnivore
AVIBASE-1B4F109C,62.75,0.0,46.0,46.0,Shrubland,Omnivore,CP,No,Omnivore
AVIBASE-87608314,70.45,0.0,200.0,200.0,Shrubland,Omnivore,CP,No,Omnivore
AVIBASE-23512589,50.6,0.0,715.0,715.0,Shrubland,Carnivore,,No,Invertivore
AVIBASE-53B8B2E8,68.1,300.0,650.0,950.0,Woodland,Omnivore,CP,No,Omnivore
AVIBASE-F6DF700B,43.825,0.0,2000.0,2000.0,Shrubland,Carnivore,CP,No,Invertivore
AVIBASE-C8F9F2D0,70.16667,0.0,520.0,520.0,Shrubland,Carnivore,CP,No,Invertivore
AVIBASE-6CB9F53A,68.4,0.0,1500.0,1500.0,Shrubland,Carnivore,CP,No,Invertivore
AVIBASE-E92F543E,54.5,0.0,100.0,100.0,Woodland,Carnivore,,No,Invertivore
AVIBASE-A3E0C737,60.93333,0.0,1500.0,1500.0,Desert,Omnivore,HC,No,Omnivore
AVIBASE-E866F8FA,64.05,0.0,1800.0,1800.0,Grassland,Carnivore,CP,No,Invertivore
AVIBASE-624FDE60,85.36667,1400.0,1600.0,3000.0,Shrubland,Carnivore,,No,Invertivore
AVIBASE-033B53E6,78.76,0.0,3000.0,3000.0,Desert,Carnivore,CP,No,Invertivore
AVIBASE-20748450,85.5,0.0,2000.0,2000.0,Shrubland,Carnivore,CP,No,Invertivore
AVIBASE-F4EE41F5,61.96667,0.0,2360.0,2360.0,Shrubland,Carnivore,CP,No,Invertivore
AVIBASE-6DF504ED,64.76667,0.0,1150.0,1150.0,Desert,Carnivore,,No,Invertivore
AVIBASE-55539291,50.0,0.0,200.0,200.0,Forest,Omnivore,CP,No,Omnivore
AVIBASE-C4D41592,61.25,0.0,3000.0,3000.0,Woodland,Omnivore,CP,No,Omnivore
AVIBASE-67BFEEF0,66.0,900.0,2100.0,3000.0,Forest,Carnivore,CP,No,Invertivore
AVIBASE-C146593B,86.5,0.0,900.0,900.0,Forest,Herbivore,CP,No,Frugivore
AVIBASE-C2A16FAE,114.25,0.0,900.0,900.0,Forest,Herbivore,CP,No,Frugivore
AVIBASE-9E532090,57.86667,0.0,900.0,900.0,Forest,Omnivore,CP,No,Omnivore
AVIBASE-65229424,70.6,0.0,1200.0,1200.0,Forest,Carnivore,CP,No,Invertivore
AVIBASE-5A358E52,56.91667,0.0,1000.0,1000.0,Forest,Herbivore,DM,No,Frugivore
AVIBASE-5A358E52,,0.0,220.0,220.0,Forest,Herbivore,,No,Frugivore
AVIBASE-EAC36FC4,,0.0,300.0,300.0,Forest,Herbivore,DM,No,Frugivore
AVIBASE-EBFD2E7C,57.4,0.0,1700.0,1700.0,Forest,Herbivore,,No,Frugivore
AVIBASE-C193474D,,0.0,500.0,500.0,Forest,Herbivore,,No,Frugivore
AVIBASE-1DAF4FBC,72.0,0.0,50.0,50.0,Forest,Herbivore,CV,No,Frugivore
AVIBASE-D88E91F8,70.0,0.0,500.0,500.0,Forest,Herbivore,,No,Frugivore
AVIBASE-714CC7E7,190.0,0.0,675.0,675.0,Forest,Herbivore,,No,Frugivore
AVIBASE-14EA1B2B,67.41667,0.0,800.0,800.0,Forest,Herbivore,,No,Frugivore
AVIBASE-87C70101,130.5,0.0,1200.0,1200.0,Forest,Herbivore,PL,No,Frugivore
AVIBASE-468C94DE,83.66667,0.0,800.0,800.0,Forest,Herbivore,SP,No,Frugivore
AVIBASE-041F72CD,,0.0,1200.0,1200.0,Forest,Herbivore,,No,Frugivore
AVIBASE-F5AFC816,54.75,0.0,1000.0,1000.0,Forest,Herbivore,PL,No,Frugivore
AVIBASE-21D04F26,,0.0,300.0,300.0,Forest,Herbivore,HC,No,Frugivore
AVIBASE-0A6E49EB,,1200.0,600.0,1800.0,Forest,Omnivore,,No,Omnivore
AVIBASE-2A15DF76,55.25,0.0,700.0,700.0,Forest,Herbivore,CP,No,Frugivore
AVIBASE-E989867D,62.0,0.0,1000.0,1000.0,Forest,Herbivore,CV,No,Frugivore
AVIBASE-E0A3FD2C,42.0,900.0,600.0,1500.0,Forest,Herbivore,CV,No,Frugivore
AVIBASE-49AC7F69,82.86667,0.0,500.0,500.0,Forest,Herbivore,,No,Omnivore
AVIBASE-17B8763A,47.0,500.0,200.0,700.0,Forest,Herbivore,CV,No,Frugivore
AVIBASE-90B5B8B0,61.13333,0.0,1200.0,1200.0,Forest,Herbivore,,No,Frugivore
AVIBASE-28D7FBB7,120.1,0.0,500.0,500.0,Forest,Herbivore,CV,No,Frugivore
AVIBASE-0A341459,,,,,Forest,Carnivore,,No,Omnivore
AVIBASE-98C34B37,,0.0,600.0,600.0,Forest,Herbivore,,No,Frugivore
AVIBASE-51BBE050,82.5,150.0,450.0,600.0,Forest,Omnivore,CV,No,Omnivore
AVIBASE-645D0A23,217.0,0.0,800.0,800.0,Forest,Herbivore,,No,Frugivore
AVIBASE-2F1EB496,192.5,0.0,500.0,500.0,Forest,Herbivore,CV,No,Frugivore
AVIBASE-585791D1,148.0,0.0,600.0,600.0,Forest,Herbivore,,No,Frugivore
AVIBASE-B3AE961E,124.0,0.0,1000.0,1000.0,Forest,Omnivore,,No,Invertivore
AVIBASE-6DE7C210,,0.0,1000.0,1000.0,Forest,Herbivore,,No,Frugivore
AVIBASE-49A7572C,126.5,200.0,700.0,900.0,Forest,Herbivore,,No,Frugivore
AVIBASE-68A78883,109.0,1250.0,,,Forest,Omnivore,O,No,Omnivore
AVIBASE-25C10A1A,145.0,0.0,1500.0,1500.0,Forest,Omnivore,CV,No,Omnivore
AVIBASE-4BF75EE6,,0.0,1500.0,1500.0,Forest,Herbivore,CV,No,Frugivore
AVIBASE-78348EF2,,0.0,1200.0,1200.0,Forest,Herbivore,CV,No,Frugivore
AVIBASE-15FFA539,,0.0,250.0,250.0,Forest,Herbivore,,No,Frugivore
AVIBASE-157B2BF5,,1000.0,500.0,1500.0,Forest,Omnivore,,No,Omnivore
AVIBASE-EDAF97E7,50.0,0.0,1000.0,1000.0,Woodland,Herbivore,,No,Frugivore
AVIBASE-58C780B0,47.66667,700.0,300.0,1000.0,Forest,Omnivore,,No,Omnivore
AVIBASE-79264228,88.5,0.0,800.0,800.0,Forest,Herbivore,,No,Frugivore
AVIBASE-6BEF1E77,,0.0,2000.0,2000.0,Forest,Herbivore,,No,Frugivore
AVIBASE-DEA48F1F,195.0,0.0,1370.0,1370.0,Forest,Omnivore,CV,No,Omnivore
AVIBASE-E5D74EED,192.0,0.0,100.0,100.0,Forest,Omnivore,,No,Omnivore
AVIBASE-0DC9A072,192.0,0.0,1300.0,1300.0,Forest,Herbivore,"CV,O",No,Frugivore
AVIBASE-1A713EA2,126.0,300.0,1000.0,1300.0,Woodland,Herbivore,CV,No,Frugivore
AVIBASE-B483CC1C,97.2,0.0,1520.0,1520.0,Grassland,Carnivore,,No,Invertivore
AVIBASE-65BCBB64,117.66667,0.0,500.0,500.0,Grassland,Omnivore,CV,No,Omnivore
AVIBASE-D70B61EE,95.5,,,,Human Modified,Omnivore,"CV,HC",No,Omnivore
AVIBASE-5FE2771C,,0.0,1500.0,1500.0,Grassland,Omnivore,CV,No,Omnivore
AVIBASE-8724C64A,82.5,0.0,2000.0,2000.0,Woodland,Omnivore,CV,No,Omnivore
AVIBASE-EABE979B,,800.0,400.0,1200.0,Grassland,Omnivore,,No,Omnivore
AVIBASE-F8CFF92C,69.0,0.0,500.0,500.0,Grassland,Omnivore,,No,Omnivore
AVIBASE-F23A2F38,116.41667,0.0,3000.0,3000.0,Human Modified,Omnivore,CV,No,Omnivore
AVIBASE-A0FB9485,,0.0,2000.0,2000.0,Grassland,Omnivore,CV,No,Omnivore
AVIBASE-DDF650D1,,0.0,1500.0,1500.0,Grassland,Omnivore,CV,No,Omnivore
AVIBASE-462CDF14,,0.0,2400.0,2400.0,Human Modified,Omnivore,CV,No,Omnivore
AVIBASE-8E1A6EB9,65.0,0.0,500.0,500.0,Shrubland,Omnivore,CV,No,Omnivore
AVIBASE-632ACC15,81.5,0.0,1300.0,1300.0,Grassland,Carnivore,,No,Invertivore
AVIBASE-DAC2B38A,157.66667,0.0,2000.0,2000.0,Grassland,Carnivore,,No,Invertivore
AVIBASE-5DC5A1CC,83.33333,0.0,1500.0,1500.0,Shrubland,Omnivore,,No,Omnivore
AVIBASE-0F5360B9,83.0,0.0,1600.0,1600.0,Grassland,Omnivore,DM,No,Omnivore
AVIBASE-6BF56F5F,,0.0,1600.0,1600.0,Grassland,Omnivore,DM,No,Omnivore
AVIBASE-2FC5C397,74.85,0.0,500.0,500.0,Forest,Carnivore,,No,Invertivore
AVIBASE-FDA38B76,39.4,800.0,700.0,1500.0,Woodland,Omnivore,,No,Omnivore
AVIBASE-ED5CDA85,61.0,0.0,400.0,400.0,Grassland,Carnivore,,No,Invertivore
AVIBASE-1D3605F2,38.0,0.0,2000.0,2000.0,Woodland,Omnivore,CV,No,Omnivore
AVIBASE-8A195598,,0.0,500.0,500.0,Forest,Herbivore,,No,Frugivore
AVIBASE-1D3605F2,,,,,Woodland,Omnivore,,No,Omnivore
AVIBASE-E44DFDFA,46.0,900.0,900.0,1800.0,Forest,Carnivore,,No,Invertivore
AVIBASE-E3A389C3,,400.0,600.0,1000.0,Forest,Herbivore,,No,Frugivore
AVIBASE-5E135F53,92.5,0.0,175.0,175.0,Forest,Omnivore,,No,Omnivore
AVIBASE-2AF0BD16,,,,,Forest,Omnivore,,No,Omnivore
AVIBASE-C66353E1,,,,,Forest,Carnivore,,No,Invertivore
AVIBASE-24208346,75.0,0.0,750.0,750.0,Grassland,Omnivore,CV,No,Omnivore
AVIBASE-94A44032,81.03333,0.0,2500.0,2500.0,Human Modified,Omnivore,CV,No,Omnivore
AVIBASE-B0D81671,88.575,0.0,2500.0,2500.0,Forest,Omnivore,O,No,Omnivore
AVIBASE-9D95139B,72.0,0.0,2000.0,2000.0,Grassland,Carnivore,,No,Invertivore
AVIBASE-40781028,57.66667,0.0,2000.0,2000.0,Woodland,Herbivore,,No,Frugivore
AVIBASE-A8BD788E,63.66667,200.0,1600.0,1800.0,Forest,Herbivore,,No,Frugivore
AVIBASE-60B48D34,58.66667,0.0,1300.0,1300.0,Forest,Omnivore,,No,Omnivore
AVIBASE-57BBB7F1,89.51667,0.0,1800.0,1800.0,Grassland,Omnivore,,No,Omnivore
AVIBASE-7DDB347E,88.33333,500.0,1500.0,2000.0,Forest,Omnivore,,No,Omnivore
AVIBASE-0AA15ACA,64.0,0.0,1700.0,1700.0,Forest,Omnivore,CV,No,Omnivore
AVIBASE-AEEED5D0,63.0,500.0,1500.0,2000.0,Shrubland,Omnivore,,No,Omnivore
AVIBASE-18B10CF9,127.83333,0.0,2300.0,2300.0,Forest,Herbivore,,No,Frugivore
AVIBASE-A7EA21CA,130.0,0.0,650.0,650.0,Forest,Herbivore,CV,No,Frugivore
AVIBASE-86BC7EC3,37.3,,,,Woodland,Omnivore,,No,Omnivore
AVIBASE-6A0BA87A,115.5,600.0,900.0,1500.0,Grassland,Omnivore,,No,Omnivore
AVIBASE-3BB2565D,80.5,0.0,2000.0,2000.0,Woodland,Omnivore,,No,Omnivore
AVIBASE-56713D11,117.5,0.0,500.0,500.0,Grassland,Omnivore,,No,Omnivore
AVIBASE-EE674721,54.5,0.0,1000.0,1000.0,Shrubland,Carnivore,,No,Invertivore
AVIBASE-75BAB34E,75.55,0.0,1300.0,1300.0,Woodland,Carnivore,,No,Invertivore
AVIBASE-6135A721,,,,,Woodland,Carnivore,,No,Invertivore
AVIBASE-20521EC7,,,,,Woodland,Carnivore,,No,Invertivore
AVIBASE-996AF595,113.25,,,1500.0,Woodland,Omnivore,,No,Omnivore
AVIBASE-D5703E7A,69.1,900.0,800.0,1700.0,Woodland,Herbivore,,No,Frugivore
AVIBASE-405CCAAE,68.5,0.0,3000.0,3000.0,Shrubland,Carnivore,,No,Invertivore
AVIBASE-621F6E07,58.66667,500.0,1500.0,2000.0,Woodland,Carnivore,,No,Invertivore
AVIBASE-B24A13C7,45.0,0.0,1300.0,1300.0,Shrubland,Carnivore,,No,Invertivore
AVIBASE-B92C3566,66.0,0.0,2440.0,2440.0,Grassland,Carnivore,,No,Invertivore
AVIBASE-6BFEA7BE,61.0,1100.0,700.0,1800.0,Woodland,Carnivore,,No,Invertivore
AVIBASE-4FF4CAF8,49.33333,0.0,1900.0,1900.0,Shrubland,Carnivore,,No,Invertivore
AVIBASE-C244BE28,101.66667,0.0,2500.0,2500.0,Grassland,Omnivore,,No,Omnivore
AVIBASE-A77D4A77,,300.0,1200.0,1500.0,Shrubland,Omnivore,,No,Omnivore
AVIBASE-9D7AA862,40.5,0.0,1800.0,1800.0,Forest,Herbivore,CV,No,Frugivore
AVIBASE-B1A3AF6C,46.53333,0.0,3000.0,3000.0,Forest,Herbivore,,No,Frugivore
AVIBASE-508D5CA2,133.5,0.0,3000.0,3000.0,Rock,Herbivore,,No,Frugivore
AVIBASE-F2C7AA06,126.5,1300.0,1700.0,3000.0,Forest,Herbivore,,No,Frugivore
AVIBASE-01D755E8,114.66667,0.0,1000.0,1000.0,Forest,Herbivore,,No,Frugivore
AVIBASE-E11D6D66,86.0,1000.0,2000.0,3000.0,Forest,Herbivore,,No,Frugivore
AVIBASE-9F79E839,100.0,0.0,3800.0,3800.0,Rock,Omnivore,,No,Omnivore
AVIBASE-9AD060AA,100.0,0.0,1100.0,1100.0,Rock,Omnivore,CV,No,Omnivore
AVIBASE-0EDF9145,123.0,0.0,3200.0,3200.0,Rock,Herbivore,,No,Frugivore
AVIBASE-975D0D5D,105.33333,0.0,2000.0,2000.0,Rock,Omnivore,,No,Omnivore
AVIBASE-E8DEABBD,143.66667,400.0,900.0,1300.0,Rock,Herbivore,,No,Frugivore
AVIBASE-B3461BEC,136.66667,2000.0,1000.0,3000.0,Rock,Omnivore,,No,Omnivore
AVIBASE-DB82ABEA,,500.0,2000.0,2500.0,Rock,Herbivore,CP,No,Frugivore
AVIBASE-AEC1B69C,40.33333,1500.0,1100.0,2600.0,Forest,Herbivore,CV,No,Frugivore
AVIBASE-295B9665,47.83333,450.0,2050.0,2500.0,Forest,Herbivore,"CV,O",No,Frugivore
AVIBASE-E2FB8C49,39.53333,0.0,1700.0,1700.0,Forest,Herbivore,,No,Frugivore
AVIBASE-D6F2837E,45.66667,1800.0,700.0,2500.0,Forest,Herbivore,,No,Frugivore
AVIBASE-1350773F,,1800.0,800.0,2600.0,Forest,Omnivore,"CV,O",No,Omnivore
AVIBASE-D9E58EA7,64.0,860.0,340.0,1200.0,Woodland,Herbivore,,No,Frugivore
AVIBASE-D3390C6C,64.25,0.0,1200.0,1200.0,Woodland,Omnivore,,No,Omnivore
AVIBASE-3F941452,68.0,0.0,1500.0,1500.0,Woodland,Carnivore,,No,Invertivore
AVIBASE-2D92A49B,26.5,0.0,1000.0,1000.0,Forest,Omnivore,CV,No,Omnivore
AVIBASE-1FE5D5C8,39.4,500.0,1250.0,1750.0,Forest,Omnivore,CV,No,Omnivore
AVIBASE-BFBAA892,,800.0,950.0,1750.0,Forest,Carnivore,CV,No,Invertivore
AVIBASE-7B63B7D9,45.5,0.0,1250.0,1250.0,Forest,Omnivore,CV,No,Omnivore
AVIBASE-5D970425,61.5,0.0,1000.0,1000.0,Woodland,Carnivore,CV,No,Invertivore
AVIBASE-7471E71D,50.5,0.0,3000.0,3000.0,Grassland,Carnivore,CV,No,Invertivore
AVIBASE-493D380B,45.0,3000.0,2500.0,5500.0,Rock,Omnivore,CP,No,Omnivore
AVIBASE-97B870B4,30.075,1000.0,3270.0,4270.0,Grassland,Carnivore,CP,No,Invertivore
AVIBASE-AC2B812A,27.0,0.0,2900.0,2900.0,Woodland,Carnivore,CP,No,Invertivore
AVIBASE-A8347C7D,29.88333,0.0,2440.0,2440.0,Woodland,Carnivore,CP,No,Invertivore
AVIBASE-6DD922F2,37.75,0.0,1500.0,1500.0,Forest,Carnivore,,No,Invertivore
AVIBASE-031AC7C9,34.85,0.0,1500.0,1500.0,Forest,Carnivore,HC,No,Invertivore
AVIBASE-0BD37CDF,51.83333,0.0,1900.0,1900.0,Forest,Carnivore,,No,Invertivore
AVIBASE-90FDC4CC,66.5,0.0,1400.0,1400.0,Forest,Carnivore,PL,No,Invertivore
AVIBASE-ECCFBEB5,61.28,,,,Rock,Carnivore,CP,No,Invertivore
AVIBASE-E4DF8DBE,39.36667,300.0,3200.0,3500.0,Forest,Herbivore,CP,No,Frugivore
AVIBASE-E294A36A,36.9,780.0,1920.0,2700.0,Forest,Herbivore,CP,No,Frugivore
AVIBASE-5459228D,32.83333,350.0,3150.0,3500.0,Forest,Omnivore,CP,No,Omnivore
AVIBASE-2641F161,20.0,1050.0,250.0,1300.0,Forest,Herbivore,,No,Frugivore
AVIBASE-09CC6AEA,,0.0,1000.0,1000.0,Forest,Herbivore,,No,Frugivore
AVIBASE-C52EFB11,,1000.0,200.0,1200.0,Forest,Herbivore,CP,No,Frugivore
AVIBASE-A1C41A3F,50.91,1000.0,2000.0,3000.0,Forest,Herbivore,CP,No,Frugivore
AVIBASE-62B955D3,40.0,1050.0,250.0,1300.0,Forest,Herbivore,CP,No,Frugivore
AVIBASE-6FD86A69,32.25,0.0,2000.0,2000.0,Forest,Carnivore,CP,No,Invertivore
AVIBASE-FE142904,29.4,240.0,640.0,880.0,Forest,Herbivore,CP,No,Frugivore
AVIBASE-F76226A8,31.925,450.0,2300.0,2750.0,Forest,Herbivore,CP,No,Frugivore
AVIBASE-6EFA5695,29.08333,900.0,600.0,1500.0,Forest,Herbivore,,No,Frugivore
AVIBASE-8FE62CA5,28.056,800.0,2000.0,2800.0,Forest,Carnivore,CP,No,Invertivore
AVIBASE-69DE3A4D,65.1,700.0,2500.0,3200.0,Forest,Herbivore,CP,No,Frugivore
AVIBASE-65A535DA,103.0,1000.0,2000.0,3000.0,Forest,Herbivore,HC,No,Frugivore
AVIBASE-D29F7DED,106.5,700.0,1100.0,1800.0,Forest,Herbivore,HC,No,Frugivore
AVIBASE-80724C8B,,1000.0,1200.0,2200.0,Forest,Herbivore,,No,Frugivore
AVIBASE-031D861E,,900.0,2100.0,3000.0,Forest,Herbivore,HC,No,Frugivore
AVIBASE-58312873,81.58333,0.0,2000.0,2000.0,Forest,Omnivore,,No,Omnivore
AVIBASE-2C57FFF5,80.25,1800.0,1700.0,3500.0,Forest,Carnivore,CP,No,Invertivore
AVIBASE-EF37266B,53.0,750.0,100.0,850.0,Forest,Herbivore,CP,No,Frugivore
AVIBASE-01C2BBD4,44.0,500.0,950.0,1450.0,Forest,Herbivore,CP,No,Frugivore
AVIBASE-3ECE7C7F,58.5,400.0,800.0,1200.0,Forest,Herbivore,,No,Frugivore
AVIBASE-74070E02,47.35,690.0,810.0,1500.0,Forest,Herbivore,,No,Frugivore
AVIBASE-C2CEE19A,57.0,600.0,1000.0,1600.0,Forest,Herbivore,CP,No,Frugivore
AVIBASE-26A08D59,63.14,1500.0,1300.0,2800.0,Forest,Herbivore,,No,Frugivore
AVIBASE-8E1D9327,53.875,50.0,1275.0,1325.0,Forest,Carnivore,CP,No,Invertivore
AVIBASE-17697D12,36.275,1200.0,1800.0,3000.0,Forest,Carnivore,,No,Invertivore
AVIBASE-3CC53D26,37.8,600.0,1700.0,2300.0,Forest,Carnivore,,No,Invertivore
AVIBASE-7FC3681F,28.66667,400.0,2500.0,2900.0,Forest,Carnivore,CP,No,Invertivore
AVIBASE-259F7A06,31.5,300.0,1500.0,1800.0,Forest,Carnivore,CP,No,Invertivore
AVIBASE-345A1B6E,36.26667,600.0,2650.0,3250.0,Forest,Carnivore,CP,No,Invertivore
AVIBASE-AC269ED8,34.05,0.0,2000.0,2000.0,Forest,Carnivore,CP,No,Invertivore
AVIBASE-B066CD21,31.86667,0.0,2300.0,2300.0,Forest,Carnivore,CP,No,Invertivore
AVIBASE-CB874866,20.45,1800.0,1700.0,3500.0,Forest,Carnivore,CP,No,Invertivore
AVIBASE-B01E8BD4,28.0,0.0,3500.0,3500.0,Forest,Carnivore,,No,Invertivore
AVIBASE-EFA53F7D,28.2925,1500.0,2000.0,3500.0,Forest,Carnivore,,No,Invertivore
AVIBASE-AE3380AF,29.23333,1350.0,2150.0,3500.0,Forest,Carnivore,CP,No,Invertivore
AVIBASE-B904BB22,31.88333,0.0,2000.0,2000.0,Forest,Carnivore,CP,No,Invertivore
AVIBASE-5E1BED9D,27.58333,0.0,2225.0,2225.0,Forest,Carnivore,CP,No,Invertivore
AVIBASE-0B8F4EE6,38.84333,0.0,2500.0,2500.0,Forest,Carnivore,CP,No,Invertivore
AVIBASE-37CC6F0D,92.625,1000.0,3200.0,4200.0,Forest,Carnivore,CP,No,Invertivore
AVIBASE-CE0D5641,93.66667,1300.0,3200.0,4500.0,Shrubland,Carnivore,CP,No,Invertivore
AVIBASE-1BF62F08,79.5,1440.0,2410.0,3850.0,Forest,Carnivore,CP,No,Invertivore
AVIBASE-A328C3EC,81.0,2130.0,1170.0,3300.0,Forest,Carnivore,CP,No,Invertivore
AVIBASE-F13C1733,123.0,900.0,2900.0,3800.0,Forest,Carnivore,CP,No,Invertivore
AVIBASE-6E50C3FA,,1700.0,1800.0,3500.0,Forest,Carnivore,,No,Invertivore
AVIBASE-6A3FCF48,79.0,750.0,1350.0,2100.0,Forest,Carnivore,CP,No,Invertivore
AVIBASE-5CA42489,80.6,1200.0,940.0,2140.0,Forest,Carnivore,,No,Invertivore
AVIBASE-B0B3DA78,94.5,450.0,1750.0,2200.0,Forest,Carnivore,CP,No,Invertivore
AVIBASE-8E267A26,171.5,0.0,1600.0,1600.0,Forest,Carnivore,CP,No,Invertivore
AVIBASE-99F75999,135.16667,920.0,2680.0,3600.0,Forest,Carnivore,CP,No,Invertivore
AVIBASE-99F75999,,600.0,1500.0,2100.0,Forest,Carnivore,,No,Invertivore
AVIBASE-BEEAC3EE,,600.0,1200.0,1800.0,Forest,Carnivore,CP,No,Invertivore
AVIBASE-8BAD426A,172.0,100.0,300.0,400.0,Forest,Carnivore,CP,No,Invertivore
AVIBASE-A183D8C2,,,,,Forest,Carnivore,,No,Invertivore
AVIBASE-72343F64,53.5,1450.0,50.0,1500.0,Forest,Carnivore,,No,Invertivore
AVIBASE-E1D48C52,65.5,400.0,300.0,700.0,Forest,Carnivore,,No,Invertivore
AVIBASE-6F0AC682,93.0,0.0,1700.0,1700.0,Forest,Carnivore,CP,No,Invertivore
AVIBASE-485394E0,,0.0,500.0,500.0,Forest,Carnivore,,No,Invertivore
AVIBASE-34226B9D,114.0,700.0,350.0,1050.0,Forest,Carnivore,CP,No,Invertivore
AVIBASE-10891EF5,,580.0,920.0,1500.0,Forest,Carnivore,,No,Invertivore
AVIBASE-6DF9DA47,,1500.0,0.0,1500.0,Forest,Carnivore,,No,Invertivore
AVIBASE-E7163B81,75.16667,0.0,2500.0,2500.0,Grassland,Carnivore,CP,No,Invertivore
AVIBASE-AC0C3921,62.0,750.0,1650.0,2400.0,Forest,Carnivore,CP,No,Invertivore
AVIBASE-CB1E8753,71.0,0.0,610.0,610.0,Forest,Carnivore,CP,No,Invertivore
AVIBASE-DB5CE93A,47.5,0.0,1700.0,1700.0,Forest,Carnivore,CP,No,Invertivore
AVIBASE-60A39CF9,63.83333,0.0,1530.0,1530.0,Forest,Carnivore,CP,No,Invertivore
AVIBASE-098F2468,70.0,300.0,1900.0,2200.0,Forest,Carnivore,CP,No,Invertivore
AVIBASE-4745E8A7,72.5,500.0,1800.0,2300.0,Forest,Carnivore,,No,Invertivore
AVIBASE-C54DCA26,54.0,1310.0,2290.0,3600.0,Forest,Omnivore,CP,No,Omnivore
AVIBASE-05BC1F90,44.16667,700.0,1150.0,1850.0,Forest,Carnivore,,No,Invertivore
AVIBASE-45C55FDE,56.33333,500.0,2000.0,2500.0,Forest,Carnivore,CP,No,Invertivore
AVIBASE-F82540A0,57.58333,250.0,2050.0,2300.0,Forest,Carnivore,HC,No,Invertivore
AVIBASE-ACD5455A,49.5,700.0,800.0,1500.0,Forest,Carnivore,,No,Invertivore
AVIBASE-ECBCA806,,800.0,480.0,1280.0,Forest,Omnivore,,No,Omnivore
AVIBASE-63802CCE,39.9,0.0,1200.0,1200.0,Forest,Carnivore,,No,Invertivore
AVIBASE-EF99AC5E,,0.0,1000.0,1000.0,Forest,Carnivore,,No,Invertivore
AVIBASE-8A975661,47.3,0.0,1300.0,1300.0,Forest,Carnivore,CP,No,Invertivore
AVIBASE-04480AF2,,0.0,280.0,280.0,Forest,Carnivore,,No,Invertivore
AVIBASE-BD5E4D1A,47.3,200.0,2100.0,2300.0,Forest,Carnivore,,No,Invertivore
AVIBASE-552E29B1,63.0,0.0,1560.0,1560.0,Forest,Carnivore,,No,Invertivore
AVIBASE-7B78D803,56.5,380.0,620.0,1000.0,Forest,Carnivore,,No,Invertivore
AVIBASE-55A20FBF,,0.0,1000.0,1000.0,Forest,Carnivore,,No,Invertivore
AVIBASE-E8E2ED6D,,2000.0,1400.0,3400.0,Shrubland,Carnivore,CP,No,Invertivore
AVIBASE-8C5759C5,76.15,500.0,1500.0,2000.0,Shrubland,Carnivore,CP,No,Invertivore
AVIBASE-4435BAA4,63.0,1300.0,1900.0,3200.0,Forest,Omnivore,,No,Omnivore
AVIBASE-D929EB21,73.83333,0.0,2700.0,2700.0,Forest,Carnivore,CP,No,Invertivore
AVIBASE-A95B43F1,126.66667,0.0,3800.0,3800.0,Forest,Omnivore,CP,No,Omnivore
AVIBASE-40A2405D,60.5,0.0,3000.0,3000.0,Woodland,Omnivore,CP,No,Omnivore
AVIBASE-E636E6DC,82.5,400.0,400.0,800.0,Forest,Carnivore,CP,No,Invertivore
AVIBASE-927299E4,85.23333,0.0,2000.0,2000.0,Forest,Carnivore,CP,No,Invertivore
AVIBASE-428DA7CD,68.0,950.0,3250.0,4200.0,Forest,Omnivore,CP,No,Omnivore
AVIBASE-FC085C6D,71.0,1615.0,125.0,1740.0,Forest,Carnivore,CP,No,Invertivore
AVIBASE-5A00E5A5,71.0,900.0,1400.0,2300.0,Forest,Carnivore,,No,Invertivore
AVIBASE-3A7D7B07,79.91667,800.0,1400.0,2200.0,Shrubland,Omnivore,CP,No,Omnivore
AVIBASE-5D12DEA5,64.75,0.0,2200.0,2200.0,Woodland,Carnivore,CP,No,Invertivore
AVIBASE-9B5CD224,62.5,0.0,1850.0,1850.0,Forest,Omnivore,CP,No,Omnivore
AVIBASE-A0DC8E87,49.33333,0.0,1750.0,1750.0,Shrubland,Carnivore,CP,No,Invertivore
AVIBASE-0816917D,73.0,900.0,2880.0,3780.0,Riverine,Omnivore,CP,No,Omnivore
AVIBASE-8363CB4A,62.0,1300.0,700.0,2000.0,Forest,Herbivore,,No,Frugivore
AVIBASE-BE61F5C1,116.5,0.0,4000.0,4000.0,Woodland,Carnivore,CP,No,Invertivore
AVIBASE-A8A85BCF,63.0,0.0,1000.0,1000.0,Woodland,Carnivore,CP,No,Invertivore
AVIBASE-88BB4F2A,106.61667,0.0,2700.0,2700.0,Forest,Carnivore,CP,No,Omnivore
AVIBASE-F1E0AFD4,75.5,1700.0,1400.0,3100.0,Woodland,Carnivore,CP,No,Invertivore
AVIBASE-7CE0A1A9,60.0,1800.0,700.0,2500.0,Forest,Carnivore,,No,Invertivore
AVIBASE-06DEFA6B,97.25,640.0,2360.0,3000.0,Forest,Carnivore,CP,No,Invertivore
AVIBASE-CED9626E,77.0,700.0,,,Forest,Carnivore,CP,No,Invertivore
AVIBASE-F4692C3B,66.05,1200.0,1200.0,2400.0,Forest,Omnivore,CP,No,Omnivore
AVIBASE-54C010AC,62.75,0.0,2500.0,2500.0,Forest,Carnivore,CP,No,Invertivore
AVIBASE-259E02EC,62.3,0.0,1200.0,1200.0,Forest,Carnivore,,No,Invertivore
AVIBASE-FCC6C5EA,63.5,0.0,1100.0,1100.0,Forest,Carnivore,CP,No,Invertivore
AVIBASE-6E24CCD1,78.33333,0.0,2300.0,2300.0,Forest,Carnivore,CP,No,Invertivore
AVIBASE-B6A18478,76.425,0.0,3000.0,3000.0,Forest,Carnivore,CP,No,Invertivore
AVIBASE-4C2FBE92,72.0,1000.0,1600.0,2600.0,Forest,Omnivore,CP,No,Omnivore
AVIBASE-F80DAC22,72.5,0.0,2400.0,2400.0,Forest,Carnivore,CP,No,Invertivore
AVIBASE-57274462,84.5,0.0,1000.0,1000.0,Forest,Omnivore,,No,Omnivore
AVIBASE-0C037550,,,,,Forest,Carnivore,CP,No,Invertivore
AVIBASE-9E3252A7,101.25,3000.0,1800.0,4800.0,Shrubland,Carnivore,CP,No,Invertivore
AVIBASE-8A6BF14B,,2100.0,2400.0,4500.0,Forest,Carnivore,CP,No,Invertivore
AVIBASE-D120D5A0,111.0,0.0,2310.0,2310.0,Woodland,Omnivore,CP,No,Omnivore
AVIBASE-CE71B4FF,113.2,0.0,3000.0,3000.0,Woodland,Omnivore,CP,No,Omnivore
AVIBASE-AECDBFFA,90.2,0.0,4200.0,4200.0,Forest,Carnivore,CP,No,Invertivore
AVIBASE-77B6BACB,80.85,0.0,3900.0,3900.0,Forest,Carnivore,CP,No,Invertivore
AVIBASE-E3B69278,73.66667,0.0,3000.0,3000.0,Grassland,Carnivore,CP,No,Invertivore
AVIBASE-22761AD4,78.5,0.0,1000.0,1000.0,Forest,Carnivore,,No,Invertivore
AVIBASE-82351263,92.325,450.0,2850.0,3300.0,Forest,Carnivore,CP,No,Invertivore
AVIBASE-4699C170,96.4,250.0,3750.0,4000.0,Forest,Omnivore,CP,No,Omnivore
AVIBASE-6813F422,,1100.0,1300.0,2400.0,Forest,Omnivore,,No,Omnivore
AVIBASE-D77E4B41,79.63333,0.0,3500.0,3500.0,Forest,Omnivore,CP,No,Frugivore
AVIBASE-7738F2BC,75.0,100.0,1900.0,2000.0,Woodland,Carnivore,,No,Invertivore
AVIBASE-0C95D04B,72.61667,1600.0,1000.0,2600.0,Forest,Herbivore,CP,No,Frugivore
AVIBASE-3DD40BBD,72.0,1500.0,1800.0,3300.0,Forest,Omnivore,,No,Omnivore
AVIBASE-C43110B3,96.0,2250.0,1250.0,3500.0,Shrubland,Omnivore,CP,No,Omnivore
AVIBASE-30692E5A,74.515,0.0,1200.0,1200.0,Woodland,Omnivore,CP,No,Omnivore
AVIBASE-D3E71486,85.0,0.0,1975.0,1975.0,Forest,Omnivore,CP,No,Omnivore
AVIBASE-6B75CDBA,78.3,0.0,2400.0,2400.0,Forest,Carnivore,CP,No,Invertivore
AVIBASE-076FBCAC,,,,,Shrubland,,,No,
AVIBASE-25D8B98B,,0.0,18.0,18.0,Forest,Carnivore,,No,Invertivore
AVIBASE-A786A6B2,82.0,0.0,1800.0,1800.0,Forest,Omnivore,CP,No,Omnivore
AVIBASE-D2B2A4AF,108.0,0.0,1400.0,1400.0,Forest,Carnivore,CP,No,Invertivore
AVIBASE-8E286BF9,86.25,1800.0,1700.0,3500.0,Forest,Herbivore,CP,No,Omnivore
AVIBASE-EE26D2EA,67.0,900.0,1100.0,2000.0,Forest,Herbivore,HC,No,Frugivore
AVIBASE-0CAD32A5,59.0,100.0,1700.0,1800.0,Forest,Herbivore,CP,No,Frugivore
AVIBASE-24058626,92.5,1300.0,800.0,2100.0,Forest,Carnivore,CP,No,Invertivore
AVIBASE-27399961,74.0,1400.0,1200.0,2600.0,Forest,Herbivore,,No,Frugivore
AVIBASE-E47AA20C,63.5,600.0,1000.0,1600.0,Forest,Omnivore,CP,No,Omnivore
AVIBASE-D580A2C8,100.66667,700.0,3300.0,4000.0,Human Modified,Carnivore,CP,No,Invertivore
AVIBASE-1070D1CB,97.5,700.0,2800.0,3500.0,Human Modified,Carnivore,CP,No,Invertivore
AVIBASE-B3BB28D9,53.61667,300.0,3150.0,3450.0,Forest,Herbivore,CP,No,Frugivore
AVIBASE-9B9D5DC7,83.16667,1400.0,1400.0,2800.0,Forest,Herbivore,CP,No,Frugivore
AVIBASE-D068BA78,83.61667,600.0,2000.0,2600.0,Forest,Omnivore,,No,Omnivore
AVIBASE-23C068E4,142.66667,1300.0,2900.0,4200.0,Forest,Omnivore,CP,No,Omnivore
AVIBASE-F09C3940,100.06,0.0,2150.0,2150.0,Grassland,Carnivore,CP,No,Invertivore
AVIBASE-69C20D91,71.2,0.0,600.0,600.0,Forest,Omnivore,CP,No,Omnivore
AVIBASE-6E6DD03A,64.925,,,,Forest,Carnivore,,No,Invertivore
AVIBASE-89E3147F,50.5,0.0,1600.0,1600.0,Forest,Herbivore,CP,No,Frugivore
AVIBASE-17FCF7A0,62.0,0.0,2600.0,2600.0,Shrubland,Carnivore,CP,No,Invertivore
AVIBASE-C740512D,95.0,0.0,300.0,300.0,Shrubland,Carnivore,CP,No,Omnivore
AVIBASE-1F4DAD80,70.0,200.0,1800.0,2000.0,Woodland,Omnivore,,No,Omnivore
AVIBASE-F2FC64EA,64.71667,900.0,1900.0,2800.0,Shrubland,Omnivore,CP,No,Omnivore
AVIBASE-8337C755,56.55,0.0,1750.0,1750.0,Grassland,Omnivore,CP,No,Omnivore
AVIBASE-F28463EA,58.0,0.0,1200.0,1200.0,Woodland,Herbivore,CP,No,Frugivore
AVIBASE-83389238,62.0,100.0,2400.0,2500.0,Forest,Herbivore,HC,No,Frugivore
AVIBASE-0A8145AC,70.33333,0.0,3000.0,3000.0,Forest,Omnivore,CP,No,Omnivore
AVIBASE-E31352FA,62.25,0.0,1500.0,1500.0,Forest,Carnivore,CP,No,Invertivore
AVIBASE-3F04DF41,78.5,0.0,1500.0,1500.0,Shrubland,Herbivore,,No,Frugivore
AVIBASE-E124336D,77.56667,500.0,1000.0,1500.0,Forest,Herbivore,CP,No,Frugivore
AVIBASE-C0938247,63.0,0.0,1500.0,1500.0,Forest,Herbivore,CP,No,Frugivore
AVIBASE-78EFB310,71.5,100.0,900.0,1000.0,Forest,Carnivore,CP,No,Invertivore
AVIBASE-33FBD873,67.0,0.0,800.0,800.0,Forest,Carnivore,,No,Invertivore
AVIBASE-849B6005,71.66667,0.0,2200.0,2200.0,Woodland,Herbivore,CP,No,Frugivore
AVIBASE-B337C841,78.65,0.0,2450.0,2450.0,Forest,Omnivore,CP,No,Omnivore
AVIBASE-F697CCD2,62.5,0.0,1000.0,1000.0,Forest,Herbivore,CP,No,Frugivore
AVIBASE-CA2946CA,69.0,0.0,1900.0,1900.0,Forest,Omnivore,CP,No,Omnivore
AVIBASE-DCFB54ED,63.0,80.0,1020.0,1100.0,Forest,Herbivore,,No,Frugivore
AVIBASE-3EB04282,84.0,250.0,100.0,350.0,Woodland,Omnivore,,No,Omnivore
AVIBASE-ECD2AB67,32.16667,0.0,1500.0,1500.0,Forest,Carnivore,HC,No,Invertivore
AVIBASE-DA4D7386,33.5,0.0,1500.0,1500.0,Forest,Carnivore,CP,No,Invertivore
AVIBASE-B796DBCB,21.4,0.0,1000.0,1000.0,Shrubland,Carnivore,CP,No,Invertivore
AVIBASE-231FD09E,37.85,0.0,500.0,500.0,Forest,Carnivore,CP,No,Invertivore
AVIBASE-712C7EA0,25.98333,40.0,1560.0,1600.0,Forest,Carnivore,CP,No,Invertivore
AVIBASE-92908926,26.41667,0.0,1300.0,1300.0,Forest,Carnivore,CP,No,Invertivore
AVIBASE-8CFA2604,25.2,1000.0,950.0,1950.0,Shrubland,Carnivore,CP,No,Invertivore
AVIBASE-C1EF6940,20.0,0.0,1200.0,1200.0,Woodland,Carnivore,CP,No,Invertivore
AVIBASE-6D92499B,25.25,0.0,1500.0,1500.0,Grassland,Carnivore,HC,No,Invertivore
AVIBASE-B68BD0D2,22.5,0.0,1000.0,1000.0,Human Modified,Carnivore,HC,No,Invertivore
AVIBASE-15B2DD49,18.8,0.0,2200.0,2200.0,Grassland,Carnivore,CP,No,Invertivore
AVIBASE-B5B6EC7B,16.51667,0.0,2200.0,2200.0,Woodland,Carnivore,CP,No,Invertivore
AVIBASE-D112C938,37.26,0.0,2000.0,2000.0,Woodland,Carnivore,"CP,CV",No,Invertivore
AVIBASE-4B41D53C,71.0,0.0,500.0,500.0,Forest,Carnivore,CP,No,Invertivore
AVIBASE-24D2DF19,32.85,0.0,1900.0,1900.0,Forest,Carnivore,CP,No,Invertivore
AVIBASE-97015904,23.85,0.0,1800.0,1800.0,Forest,Carnivore,CP,No,Invertivore
AVIBASE-5DE3F1BD,21.23333,0.0,2050.0,2050.0,Shrubland,Carnivore,CP,No,Invertivore
AVIBASE-E22B9F79,40.25,0.0,900.0,900.0,Forest,Carnivore,,No,Invertivore
AVIBASE-9006B4EF,17.96667,0.0,1600.0,1600.0,Shrubland,Carnivore,CV,No,Invertivore
AVIBASE-E80564C5,24.05,0.0,1000.0,1000.0,Forest,Carnivore,CP,No,Invertivore
AVIBASE-CEED5ACE,26.0,0.0,1000.0,1000.0,Forest,Carnivore,,No,Invertivore
AVIBASE-974AE5EC,28.65,0.0,500.0,500.0,Forest,Carnivore,,No,Invertivore
AVIBASE-93B8CF8F,,0.0,1000.0,1000.0,Forest,Carnivore,CP,No,Invertivore
AVIBASE-D5038426,,0.0,600.0,600.0,Riverine,Carnivore,"CV,CR",No,Invertivore
AVIBASE-E5ABD6CB,28.5,0.0,1750.0,1750.0,Forest,Carnivore,"CV,CR",No,Invertivore
AVIBASE-FA03A965,23.06667,0.0,2000.0,2000.0,Woodland,Carnivore,CP,No,Invertivore
AVIBASE-6E8F3B30,33.825,0.0,1000.0,1000.0,Grassland,Carnivore,CP,No,Invertivore
AVIBASE-EA749CEC,19.8,0.0,1000.0,1000.0,Forest,Carnivore,CP,No,Invertivore
AVIBASE-8B037156,34.83333,0.0,1600.0,1600.0,Forest,Carnivore,"CP,O",No,Invertivore
AVIBASE-F563FE97,12.83333,0.0,1800.0,1800.0,Forest,Carnivore,"CP,O",No,Invertivore
AVIBASE-5EA2B90C,13.2,0.0,2000.0,2000.0,Forest,Carnivore,O,No,Invertivore
AVIBASE-809D08A6,15.6,0.0,1000.0,1000.0,Forest,Carnivore,,No,Invertivore
AVIBASE-84E4178E,18.0,1470.0,680.0,2150.0,Forest,Carnivore,CP,No,Invertivore
AVIBASE-3B3A6911,15.83333,0.0,1500.0,1500.0,Woodland,Carnivore,,No,Invertivore
AVIBASE-6A0D9212,,0.0,1000.0,1000.0,Shrubland,Carnivore,,No,Invertivore
AVIBASE-167C67BA,,2000.0,200.0,2200.0,Forest,Carnivore,,No,Invertivore
AVIBASE-3809131C,24.5,1400.0,1100.0,2500.0,Forest,Carnivore,CP,No,Invertivore
AVIBASE-373E54E6,23.5,1800.0,700.0,2500.0,Woodland,Carnivore,CP,No,Invertivore
AVIBASE-A920880B,39.66667,0.0,600.0,600.0,Forest,Carnivore,,No,Invertivore
AVIBASE-C25A248F,30.9,1300.0,1150.0,2450.0,Forest,Carnivore,CP,No,Invertivore
AVIBASE-F188F8C8,28.8,0.0,1800.0,1800.0,Woodland,Carnivore,"HC,O",No,Invertivore
AVIBASE-8A9A7AAA,26.66667,0.0,1800.0,1800.0,Woodland,Carnivore,"CP,O",No,Invertivore
AVIBASE-D17B7DA0,26.98333,800.0,600.0,1400.0,Rock,Carnivore,CP,No,Invertivore
AVIBASE-AB38EDFD,22.5,400.0,1100.0,1500.0,Grassland,Carnivore,"DM,O",No,Invertivore
AVIBASE-FD391374,28.43333,0.0,1000.0,1000.0,Woodland,Carnivore,CP,No,Invertivore
AVIBASE-F21A8321,14.0,0.0,2100.0,2100.0,Forest,Carnivore,"CP,O",No,Invertivore
AVIBASE-E281D783,18.16667,0.0,2000.0,2000.0,Shrubland,Carnivore,CP,No,Invertivore
AVIBASE-561780A5,27.66667,0.0,1000.0,1000.0,Grassland,Carnivore,CP,No,Invertivore
AVIBASE-D5629ECA,13.0,750.0,1000.0,1750.0,Woodland,Carnivore,O,No,Invertivore
AVIBASE-79993B33,17.98333,0.0,500.0,500.0,Forest,Carnivore,,No,Invertivore
AVIBASE-AD9EBAC2,17.5,0.0,1600.0,1600.0,Forest,Carnivore,CP,No,Invertivore
AVIBASE-D6E30413,,800.0,1200.0,2000.0,Forest,Carnivore,CP,No,Invertivore
AVIBASE-B4FF5927,14.83333,0.0,2000.0,2000.0,Forest,Carnivore,CP,No,Invertivore
AVIBASE-BCB683C2,11.4,1400.0,2600.0,4000.0,Forest,Carnivore,CP,No,Invertivore
AVIBASE-2DA49BD5,12.56667,500.0,2800.0,3300.0,Forest,Carnivore,CP,No,Invertivore
AVIBASE-472841E9,11.5,150.0,1550.0,1700.0,Forest,Carnivore,CP,No,Invertivore
AVIBASE-71563862,,0.0,1000.0,1000.0,Forest,Carnivore,,No,Invertivore
AVIBASE-C8814B4A,,0.0,500.0,500.0,Forest,Carnivore,,No,Invertivore
AVIBASE-119680B1,11.75,0.0,1800.0,1800.0,Forest,Carnivore,CP,No,Invertivore
AVIBASE-119680B1,11.9,,,1295.0,Forest,Carnivore,CP,No,Invertivore
AVIBASE-5613E15E,12.25,150.0,1050.0,1200.0,Forest,Carnivore,,No,Invertivore
AVIBASE-E78D263C,8.9,0.0,2100.0,2100.0,Forest,Carnivore,CP,No,Invertivore
AVIBASE-79574FC3,9.6,0.0,1000.0,1000.0,Forest,Carnivore,CP,No,Invertivore
AVIBASE-6E95C4A9,11.25,900.0,2500.0,3400.0,Woodland,Carnivore,"CP,O,CV",No,Invertivore
AVIBASE-EE8206E7,17.51667,0.0,2200.0,2200.0,Woodland,Carnivore,"CP,O",No,Invertivore
AVIBASE-7387E828,13.0,1000.0,1000.0,2000.0,Woodland,Carnivore,CP,No,Invertivore
AVIBASE-A962CA14,17.33333,0.0,1800.0,1800.0,Riverine,Carnivore,"CP,O",No,Invertivore
AVIBASE-77F0C62C,11.16667,0.0,4000.0,4000.0,Wetland,Carnivore,"CR,O",No,Invertivore
AVIBASE-63EF266B,18.2,250.0,2050.0,2300.0,Forest,Carnivore,CP,No,Invertivore
AVIBASE-26F04AA3,23.0,900.0,1200.0,2100.0,Forest,Carnivore,"CP,CV",No,Invertivore
AVIBASE-76F3C885,,1000.0,1200.0,2200.0,Riverine,Carnivore,,No,Invertivore
AVIBASE-CD06F87E,24.15,0.0,1700.0,1700.0,Forest,Carnivore,,No,Invertivore
AVIBASE-7FBCFF87,21.5,245.0,2955.0,3200.0,Forest,Carnivore,,No,Invertivore
AVIBASE-72E5DD5A,20.5,1000.0,2000.0,3000.0,Forest,Carnivore,CP,No,Invertivore
AVIBASE-ACBC2BB0,32.0,750.0,1950.0,2700.0,Forest,Carnivore,,No,Invertivore
AVIBASE-7D6DCAC3,23.725,900.0,1700.0,2600.0,Forest,Carnivore,,No,Invertivore
AVIBASE-AE0A8E40,11.25,270.0,2290.0,2560.0,Forest,Carnivore,CP,No,Invertivore
AVIBASE-75234D1E,34.5,600.0,2250.0,2850.0,Forest,Carnivore,CP,No,Invertivore
AVIBASE-B7679B3F,23.0,0.0,1850.0,1850.0,Forest,Carnivore,,No,Invertivore
AVIBASE-BC81D33B,23.5,180.0,1520.0,1700.0,Forest,Carnivore,,No,Invertivore
AVIBASE-52FED114,16.35,1200.0,1400.0,2600.0,Forest,Carnivore,CP,No,Invertivore
AVIBASE-BFD3F2BE,15.1,825.0,2175.0,3000.0,Forest,Carnivore,CP,No,Invertivore
AVIBASE-1DF0E856,17.35,1200.0,1200.0,2400.0,Forest,Carnivore,CP,No,Invertivore
AVIBASE-4EA42529,22.5,500.0,1000.0,1500.0,Forest,Carnivore,,No,Invertivore
AVIBASE-7C862AD0,19.7,200.0,2200.0,2400.0,Forest,Carnivore,,No,Invertivore
AVIBASE-A89B82E6,,1300.0,480.0,1780.0,Forest,Carnivore,CV,No,Invertivore
AVIBASE-64C5A03E,,1400.0,900.0,2300.0,Forest,Carnivore,,No,Invertivore
AVIBASE-DB232D5C,25.8,0.0,2000.0,2000.0,Forest,Carnivore,CV,No,Invertivore
AVIBASE-B69E7CB5,,900.0,600.0,1500.0,Forest,Carnivore,,No,Invertivore
AVIBASE-B136588C,,0.0,500.0,500.0,Forest,Herbivore,,No,Frugivore
AVIBASE-75A6445E,,450.0,1380.0,1830.0,Forest,Carnivore,CP,No,Invertivore
AVIBASE-03E8C346,12.2,600.0,2400.0,3000.0,Forest,Carnivore,SP,No,Invertivore
AVIBASE-EBEB71F0,13.1,400.0,2000.0,2400.0,Forest,Carnivore,DM,No,Invertivore
AVIBASE-480F2C3C,18.55,275.0,1925.0,2200.0,Forest,Carnivore,CP,No,Invertivore
AVIBASE-1937A3C8,14.0,0.0,2000.0,2000.0,Riverine,Carnivore,,No,Invertivore
AVIBASE-AAF62362,15.0,0.0,2090.0,2090.0,Forest,Carnivore,"CP,CV",No,Invertivore
AVIBASE-7FD53F95,14.4,0.0,1100.0,1100.0,Forest,Carnivore,,No,Invertivore
AVIBASE-CA394EC6,15.75,600.0,1000.0,1600.0,Forest,Carnivore,,No,Invertivore
AVIBASE-A35345E1,,0.0,500.0,500.0,Forest,Carnivore,CP,No,Invertivore
AVIBASE-37C2CC2E,21.5,0.0,1000.0,1000.0,Forest,Carnivore,,No,Invertivore
AVIBASE-52C69037,17.75,0.0,500.0,500.0,Forest,Carnivore,,No,Invertivore
AVIBASE-62BD5AD2,19.92,100.0,1100.0,1200.0,Forest,Carnivore,CP,No,Invertivore
AVIBASE-A9493977,19.9,100.0,1100.0,1200.0,Forest,Carnivore,,No,Invertivore
AVIBASE-667AA6BF,17.8,0.0,1000.0,1000.0,Forest,Carnivore,,No,Invertivore
AVIBASE-C29DEB80,18.66667,300.0,1400.0,1700.0,Forest,Carnivore,CP,No,Invertivore
AVIBASE-1AFE0391,18.025,0.0,1600.0,1600.0,Forest,Carnivore,,No,Invertivore
AVIBASE-383E7A61,,0.0,,,Forest,Carnivore,,No,Invertivore
AVIBASE-F63B6317,17.48,0.0,1160.0,1160.0,Forest,Carnivore,CP,No,Invertivore
AVIBASE-F18BBB65,,550.0,1250.0,1800.0,Forest,Carnivore,,No,Invertivore
AVIBASE-0EA33C18,15.1,305.0,1195.0,1500.0,Forest,Carnivore,CP,No,Invertivore
AVIBASE-16C6AC8A,,0.0,915.0,915.0,Woodland,Carnivore,CP,No,Invertivore
AVIBASE-869DE48B,15.5,400.0,2115.0,2515.0,Forest,Carnivore,CP,No,Invertivore
AVIBASE-52840970,16.5,0.0,1000.0,1000.0,Coastal,Carnivore,CP,No,Invertivore
AVIBASE-8E5FA27F,17.5,500.0,800.0,1300.0,Forest,Carnivore,,No,Invertivore
AVIBASE-2DF4A02C,,0.0,,,Forest,Carnivore,CP,No,Invertivore
AVIBASE-0A57AF48,,,,,Forest,Carnivore,,No,Invertivore
AVIBASE-869DE48B,15.2,0.0,1300.0,1300.0,Forest,Carnivore,CP,No,Invertivore
AVIBASE-7BF59220,15.5,400.0,800.0,1200.0,Forest,Carnivore,,No,Invertivore
AVIBASE-69456178,18.5,900.0,450.0,1350.0,Forest,Carnivore,CP,No,Invertivore
AVIBASE-786EFC15,16.4,270.0,1230.0,1500.0,Shrubland,Carnivore,CP,No,Invertivore
AVIBASE-9265448C,,0.0,900.0,900.0,Forest,Carnivore,CP,No,Invertivore
AVIBASE-0231D778,,0.0,300.0,300.0,Forest,Carnivore,,No,Invertivore
AVIBASE-B93D7A8F,,0.0,300.0,300.0,Forest,Carnivore,,No,Invertivore
AVIBASE-EAF7A5C6,,150.0,50.0,200.0,Forest,Carnivore,,No,Invertivore
AVIBASE-C809B2B9,18.11667,1000.0,1000.0,2000.0,Forest,Carnivore,CP,No,Invertivore
AVIBASE-3622BD28,17.08333,130.0,1720.0,1850.0,Forest,Carnivore,CP,No,Invertivore
AVIBASE-230A0342,21.13333,0.0,4300.0,4300.0,Forest,Carnivore,DM,No,Invertivore
AVIBASE-6711EB24,16.58333,50.0,1250.0,1300.0,Forest,Carnivore,CP,No,Invertivore
AVIBASE-01EFFC14,16.0,50.0,450.0,500.0,Forest,Carnivore,CP,No,Invertivore
AVIBASE-E3760281,18.25,0.0,500.0,500.0,Forest,Carnivore,,No,Invertivore
AVIBASE-F95998A8,16.55,650.0,1750.0,2400.0,Forest,Carnivore,,No,Invertivore
AVIBASE-DB856F78,23.675,1100.0,1600.0,2700.0,Forest,Carnivore,CP,No,Invertivore
AVIBASE-F71CDDC8,37.5,1300.0,1700.0,3000.0,Forest,Carnivore,CP,No,Invertivore
AVIBASE-8B7A6FE9,34.56667,0.0,2800.0,2800.0,Forest,Carnivore,CP,No,Invertivore
AVIBASE-4ACA4C5C,50.18333,0.0,2400.0,2400.0,Forest,Carnivore,CP,No,Invertivore
AVIBASE-68B8466C,43.4,950.0,950.0,1900.0,Forest,Carnivore,CP,No,Invertivore
AVIBASE-FA3C53B8,59.73333,0.0,950.0,950.0,Forest,Carnivore,HC,No,Invertivore
AVIBASE-16BD42DD,35.43333,0.0,2300.0,2300.0,Riverine,Carnivore,CP,No,Invertivore
AVIBASE-68C54292,45.66667,0.0,1800.0,1800.0,Forest,Carnivore,CP,No,Invertivore
AVIBASE-53EABB81,26.5,1000.0,2200.0,3200.0,Forest,Carnivore,CP,No,Invertivore
AVIBASE-BB05D1FC,36.3,0.0,2000.0,2000.0,Shrubland,Carnivore,CP,No,Invertivore
AVIBASE-3846F8A8,31.75,0.0,2000.0,2000.0,Forest,Carnivore,CP,No,Invertivore
AVIBASE-B175F364,61.16667,650.0,600.0,1250.0,Forest,Carnivore,,No,Invertivore
AVIBASE-9616C96E,28.63333,0.0,2000.0,2000.0,Shrubland,Carnivore,CP,No,Invertivore
AVIBASE-A0A3B03D,33.7,0.0,1400.0,1400.0,Shrubland,Carnivore,,No,Invertivore
AVIBASE-A27D752A,28.16667,0.0,1200.0,1200.0,Shrubland,Carnivore,,No,Invertivore
AVIBASE-345658E9,23.33333,0.0,1500.0,1500.0,Shrubland,Carnivore,,No,Invertivore
AVIBASE-70F693B6,37.75,690.0,1510.0,2200.0,Rock,Carnivore,CP,No,Invertivore
AVIBASE-94932CDC,22.86667,0.0,1000.0,1000.0,Woodland,Carnivore,CP,No,Invertivore
AVIBASE-A38BABE1,29.43333,0.0,3400.0,3400.0,Forest,Omnivore,CP,No,Omnivore
AVIBASE-96D9A285,23.0,1660.0,730.0,2390.0,Forest,Carnivore,CP,No,Invertivore
AVIBASE-CB6410F3,24.91667,1000.0,900.0,1900.0,Forest,Carnivore,CP,No,Invertivore
AVIBASE-63CF0D74,25.3,1400.0,730.0,2130.0,Forest,Carnivore,CP,No,Invertivore
AVIBASE-F6E72DBC,21.91667,1600.0,700.0,2300.0,Forest,Carnivore,,No,Invertivore
AVIBASE-44A7DA22,18.7,1400.0,1000.0,2400.0,Forest,Carnivore,,No,Invertivore
AVIBASE-CDFAB323,,1800.0,400.0,2200.0,Forest,Carnivore,,No,Invertivore
AVIBASE-3E4783BA,16.03333,0.0,1750.0,1750.0,Forest,Carnivore,CP,No,Invertivore
AVIBASE-9B35BE95,14.16667,600.0,1700.0,2300.0,Forest,Carnivore,CP,No,Invertivore
AVIBASE-09E90D06,18.26667,850.0,1350.0,2200.0,Forest,Carnivore,CP,No,Invertivore
AVIBASE-5F5CE177,18.65,600.0,1900.0,2500.0,Forest,Carnivore,,No,Invertivore
AVIBASE-65C6355E,18.61667,0.0,1500.0,1500.0,Forest,Carnivore,,No,Invertivore
AVIBASE-C25F57BD,14.66667,1500.0,600.0,2100.0,Forest,Carnivore,CP,No,Invertivore
AVIBASE-F82D1379,11.0,810.0,470.0,1280.0,Forest,Carnivore,,No,Invertivore
AVIBASE-25C26AB9,17.83333,400.0,1750.0,2150.0,Shrubland,Carnivore,CP,No,Invertivore
AVIBASE-73BD4B29,23.8,300.0,1900.0,2200.0,Grassland,Carnivore,HC,No,Invertivore
AVIBASE-6EC66752,26.2,0.0,2200.0,2200.0,Woodland,Carnivore,CP,No,Invertivore
AVIBASE-7C7F0DEE,25.5,0.0,2300.0,2300.0,Woodland,Carnivore,"CP,DM",No,Invertivore
AVIBASE-AFD6FD81,18.01667,0.0,3800.0,3800.0,Grassland,Carnivore,CP,No,Invertivore
AVIBASE-789DEC69,22.06667,305.0,3995.0,4300.0,Forest,Carnivore,CP,No,Invertivore
AVIBASE-0691DA78,27.0,200.0,2500.0,2700.0,Forest,Carnivore,"CP,DM",No,Invertivore
AVIBASE-3713C563,21.5,1000.0,400.0,1400.0,Forest,Carnivore,"CP,DM",No,Invertivore
AVIBASE-1C308E43,,1000.0,1400.0,2400.0,Forest,Carnivore,SP,No,Invertivore
AVIBASE-497B8CEE,14.0,2100.0,1250.0,3350.0,Forest,Carnivore,,No,Invertivore
AVIBASE-AD2D6B14,14.7,2800.0,900.0,3700.0,Forest,Carnivore,,No,Invertivore
AVIBASE-786B0F98,19.625,0.0,1500.0,1500.0,Grassland,Carnivore,"CP,DM",No,Invertivore
AVIBASE-95418926,23.175,2600.0,1400.0,4000.0,Grassland,Carnivore,DM,No,Invertivore
AVIBASE-157C8A98,,2600.0,2200.0,4800.0,Shrubland,Carnivore,DM,No,Invertivore
AVIBASE-92454493,15.45,600.0,2700.0,3300.0,Riverine,Carnivore,"CP,CV",No,Invertivore
AVIBASE-7520AC01,27.0,0.0,1450.0,1450.0,Riverine,Carnivore,CP,No,Invertivore
AVIBASE-B04A5C77,30.2,300.0,1500.0,1800.0,Riverine,Carnivore,"CP,DM",No,Invertivore
AVIBASE-94160C77,41.0,600.0,2400.0,3000.0,Riverine,Carnivore,"CP,CV",No,Invertivore
AVIBASE-9DBB7968,43.9,300.0,450.0,750.0,Riverine,Carnivore,CP,No,Invertivore
AVIBASE-B87B3B02,32.5,,,1950.0,Riverine,Carnivore,,No,Invertivore
AVIBASE-A35795D6,29.7,0.0,1300.0,1300.0,Riverine,Carnivore,CP,No,Invertivore
AVIBASE-89D92B91,,600.0,1400.0,2000.0,Riverine,Carnivore,,No,Invertivore
AVIBASE-858C33DD,25.6,800.0,1400.0,2200.0,Forest,Carnivore,,No,Invertivore
AVIBASE-5420A5B7,,400.0,1700.0,2100.0,Forest,Carnivore,,No,Invertivore
AVIBASE-DF2951BF,,500.0,2800.0,3300.0,Forest,Herbivore,CP,No,Omnivore
AVIBASE-0652AFB0,,400.0,1100.0,1500.0,Forest,Carnivore,,No,Invertivore
AVIBASE-DE6C227D,171.16667,1000.0,3000.0,4000.0,Forest,Carnivore,CP,No,Invertivore
AVIBASE-7508D58D,,800.0,1600.0,2400.0,Forest,Carnivore,CP,No,Invertivore
AVIBASE-5C64346C,,1000.0,1200.0,2200.0,Forest,Carnivore,,No,Invertivore
AVIBASE-8B409B52,96.0,750.0,1000.0,1750.0,Forest,Carnivore,CP,No,Invertivore
AVIBASE-1C4DA989,115.5,500.0,1700.0,2200.0,Forest,Carnivore,,No,Invertivore
AVIBASE-F7B59EF7,,1200.0,900.0,2100.0,Forest,Carnivore,,No,Invertivore
AVIBASE-FFC22757,,1500.0,2000.0,3500.0,Forest,Carnivore,,No,Invertivore
AVIBASE-E6265029,,1500.0,2000.0,3500.0,Riverine,Carnivore,,No,Invertivore
AVIBASE-8F08C0B4,25.5,900.0,2400.0,3300.0,Forest,Carnivore,PN,No,Invertivore
AVIBASE-2008024C,25.5,0.0,1000.0,1000.0,Forest,Carnivore,CP,No,Invertivore
AVIBASE-52502154,27.75,1900.0,,,Forest,Carnivore,,No,Invertivore
AVIBASE-ED864E8F,31.6,1000.0,,,Forest,Carnivore,,No,Invertivore
AVIBASE-85E10874,38.25,1100.0,1150.0,2250.0,Forest,Carnivore,,No,Invertivore
AVIBASE-0C0078A7,21.5,300.0,3300.0,3600.0,Forest,Carnivore,DM,No,Invertivore
AVIBASE-DF676564,27.5,500.0,2500.0,3000.0,Forest,Carnivore,,No,Invertivore
AVIBASE-66A4C6BB,,1000.0,2000.0,3000.0,Forest,Carnivore,,No,Invertivore
AVIBASE-E1BA4929,,450.0,2550.0,3000.0,Forest,Carnivore,,No,Invertivore
AVIBASE-26ACC9A5,15.43333,600.0,1500.0,2100.0,Forest,Carnivore,DM,No,Invertivore
AVIBASE-BCB949A5,17.5,600.0,1400.0,2000.0,Forest,Carnivore,DM,No,Invertivore
AVIBASE-1599A511,,885.0,2715.0,3600.0,Forest,Carnivore,,No,Invertivore
AVIBASE-EED638F3,,1400.0,1600.0,3000.0,Forest,Carnivore,,No,Invertivore
AVIBASE-98AF741E,18.62,950.0,2050.0,3000.0,Forest,Carnivore,DM,No,Invertivore
AVIBASE-3353BA88,,1300.0,600.0,1900.0,Forest,Carnivore,,No,Invertivore
AVIBASE-A8AA7E19,15.63333,0.0,1600.0,1600.0,Forest,Carnivore,CP,No,Invertivore
AVIBASE-43B60493,17.16667,500.0,2800.0,3300.0,Forest,Carnivore,CP,No,Invertivore
AVIBASE-76E2708C,20.0,600.0,1500.0,2100.0,Forest,Carnivore,,No,Invertivore
AVIBASE-20940C94,,0.0,800.0,800.0,Forest,Carnivore,,No,Invertivore
AVIBASE-69346554,24.1,200.0,400.0,600.0,Forest,Carnivore,,No,Invertivore
AVIBASE-742C395C,24.0,0.0,600.0,600.0,Forest,Carnivore,CV,No,Invertivore
AVIBASE-9C056398,17.0,0.0,1200.0,1200.0,Forest,Carnivore,CP,No,Invertivore
AVIBASE-5C44B7AF,18.0,2400.0,400.0,2800.0,Forest,Carnivore,,No,Invertivore
AVIBASE-70030C48,12.33333,0.0,1000.0,1000.0,Forest,Carnivore,CP,No,Invertivore
AVIBASE-40B76146,13.0,0.0,1400.0,1400.0,Forest,Carnivore,CP,No,Invertivore
AVIBASE-DEA1FD2E,12.5,0.0,1800.0,1800.0,Forest,Carnivore,CP,No,Invertivore
AVIBASE-98DA78EC,12.0,150.0,50.0,200.0,Forest,Carnivore,CP,No,Invertivore
AVIBASE-8A18D787,7.91667,160.0,3840.0,4000.0,Forest,Carnivore,CP,No,Invertivore
AVIBASE-0EEEF8C2,8.36667,275.0,3025.0,3300.0,Forest,Carnivore,CP,No,Invertivore
AVIBASE-0557B8E5,11.75,800.0,1210.0,2010.0,Forest,Carnivore,CP,No,Invertivore
AVIBASE-EF8548B9,9.83333,1200.0,2700.0,3900.0,Forest,Carnivore,CP,No,Invertivore
AVIBASE-4A9906BA,6.5,300.0,3200.0,3500.0,Forest,Carnivore,CP,No,Invertivore
AVIBASE-57D97C57,12.33333,335.0,3465.0,3800.0,Forest,Carnivore,CP,No,Invertivore
AVIBASE-94AF14FA,7.66,150.0,2650.0,2800.0,Forest,Carnivore,CP,No,Invertivore
AVIBASE-808001B1,8.0,150.0,3050.0,3200.0,Forest,Carnivore,CP,No,Invertivore
AVIBASE-58F57E07,8.4,275.0,2725.0,3000.0,Forest,Carnivore,CP,No,Invertivore
AVIBASE-F6A82D7F,13.43333,1000.0,2600.0,3600.0,Forest,Carnivore,CP,No,Invertivore
AVIBASE-BFB564AA,10.5,900.0,1800.0,2700.0,Forest,Carnivore,CV,No,Invertivore
AVIBASE-6A3CA06B,10.0,0.0,2350.0,2350.0,Forest,Carnivore,CP,No,Invertivore
AVIBASE-99985173,11.0,,,,Human Modified,Carnivore,"CP,CV",No,Invertivore
AVIBASE-BE56C141,12.6,0.0,2000.0,2000.0,Forest,Carnivore,CP,No,Invertivore
AVIBASE-CD1B2156,12.65,1200.0,600.0,1800.0,Woodland,Carnivore,CP,No,Invertivore
AVIBASE-66F7EC4B,14.21667,0.0,2000.0,2000.0,Forest,Carnivore,CP,No,Invertivore
AVIBASE-0B2F8058,12.23333,0.0,1600.0,1600.0,Woodland,Carnivore,CP,No,Invertivore
AVIBASE-47C88B19,9.16667,700.0,1900.0,2600.0,Forest,Carnivore,SP,No,Invertivore
AVIBASE-4BA2D4EE,9.0,0.0,320.0,320.0,Forest,Carnivore,,No,Invertivore
AVIBASE-EE4C2320,10.26667,300.0,1600.0,1900.0,Forest,Carnivore,PN,No,Invertivore
AVIBASE-ADF166DE,10.5,250.0,450.0,700.0,Forest,Carnivore,,No,Invertivore
AVIBASE-C7896162,12.0,0.0,1000.0,1000.0,Forest,Carnivore,,No,Invertivore
AVIBASE-0DBEE836,11.5,0.0,600.0,600.0,Forest,Carnivore,,No,Invertivore
AVIBASE-752092BF,15.75,100.0,900.0,1000.0,Forest,Carnivore,,No,Invertivore
AVIBASE-16577904,,0.0,930.0,930.0,Forest,Carnivore,,No,Invertivore
AVIBASE-02C91A31,,0.0,1200.0,1200.0,Forest,Carnivore,,No,Invertivore
AVIBASE-F5DB600C,14.16667,0.0,1000.0,1000.0,Forest,Carnivore,,No,Invertivore
AVIBASE-C1BCE534,10.31667,1000.0,500.0,1500.0,Forest,Carnivore,,No,Invertivore
AVIBASE-1DE8E22F,11.55,700.0,800.0,1500.0,Forest,Carnivore,,No,Invertivore
AVIBASE-42C56290,10.7,1100.0,730.0,1830.0,Forest,Carnivore,,No,Invertivore
AVIBASE-C219B576,,0.0,850.0,850.0,Forest,Carnivore,,No,Invertivore
AVIBASE-74313060,14.6,2000.0,2200.0,4200.0,Forest,Carnivore,CP,No,Invertivore
AVIBASE-CF1D988A,14.15,600.0,4000.0,4600.0,Forest,Carnivore,SA,No,Invertivore
AVIBASE-55B75532,13.94,1500.0,1800.0,3300.0,Forest,Carnivore,CP,No,Invertivore
AVIBASE-40EF82DE,13.0,1300.0,2500.0,3800.0,Forest,Carnivore,,No,Invertivore
AVIBASE-9F2611E8,14.58,0.0,3000.0,3000.0,Forest,Carnivore,CP,No,Invertivore
AVIBASE-EBC83ABE,12.5,3000.0,1400.0,4400.0,Forest,Carnivore,CP,No,Invertivore
AVIBASE-5D15D786,21.66667,1500.0,2700.0,4200.0,Forest,Carnivore,,No,Invertivore
AVIBASE-03E448A1,18.08333,2100.0,3300.0,5400.0,Woodland,Carnivore,CP,No,Invertivore
AVIBASE-F6732792,15.83333,1000.0,4200.0,5200.0,Forest,Omnivore,"CP,CV,CR",No,Omnivore
AVIBASE-DDD9AFC2,15.16667,1200.0,3100.0,4300.0,Forest,Carnivore,"HC,CR",No,Invertivore
AVIBASE-B28F28BC,17.76667,1400.0,3100.0,4500.0,Forest,Carnivore,"CV,CR",No,Invertivore
AVIBASE-1850B440,17.96667,600.0,3400.0,4000.0,Riverine,Carnivore,"CP,CR",No,Invertivore
AVIBASE-4DB42DF9,23.0,300.0,,,Riverine,Carnivore,,No,Invertivore
AVIBASE-D2E75830,31.26667,1800.0,3300.0,5100.0,Riverine,Carnivore,"CR,CV,CP",No,Invertivore
AVIBASE-40DEDD83,,2000.0,1500.0,3500.0,Shrubland,Carnivore,CP,No,Invertivore
AVIBASE-612B5C24,16.0,0.0,5200.0,5200.0,Rock,Carnivore,"CP,CR",No,Invertivore
AVIBASE-06DD9D95,15.5,0.0,2200.0,2200.0,Woodland,Carnivore,"CV,CR",No,Invertivore
AVIBASE-7A8D10C0,14.33333,500.0,2700.0,3200.0,Shrubland,Carnivore,"CP,CR",No,Invertivore
AVIBASE-E859E499,15.4,0.0,3700.0,3700.0,Forest,Carnivore,"CP,CV,CR",No,Invertivore
AVIBASE-015533E2,16.91667,150.0,4150.0,4300.0,Woodland,Carnivore,"CR,CP",No,Invertivore
AVIBASE-3B01E171,25.0,1500.0,3700.0,5200.0,Grassland,Omnivore,"CP,CV",No,Omnivore
AVIBASE-A84C5E18,35.0,610.0,1770.0,2380.0,Forest,Carnivore,"CP,CR",No,Invertivore
AVIBASE-AC6BC1EC,36.5,0.0,1650.0,1650.0,Forest,Carnivore,"CP,CR",No,Invertivore
AVIBASE-7305993C,52.6,1200.0,2200.0,3400.0,Forest,Carnivore,"CP,CR",No,Invertivore
AVIBASE-A20D777F,34.75,200.0,2000.0,2200.0,Rock,Carnivore,CP,No,Invertivore
AVIBASE-CCC257D0,45.1,600.0,2600.0,3200.0,Grassland,Carnivore,"CP,CR",No,Invertivore
AVIBASE-6BE53CFC,,800.0,500.0,1300.0,Forest,Carnivore,"CP,CR",No,Invertivore
AVIBASE-747DE096,25.4,800.0,1700.0,2500.0,Forest,Carnivore,"CP,CR,CV",No,Invertivore
AVIBASE-7DFEBA9C,29.25,0.0,200.0,200.0,Shrubland,Herbivore,CP,No,Frugivore
AVIBASE-566669CC,23.5,800.0,600.0,1400.0,Rock,Carnivore,,No,Invertivore
AVIBASE-736D38E7,52.5,0.0,5000.0,5000.0,Rock,Carnivore,"HC,CR,CV",No,Invertivore
AVIBASE-41D76F4B,53.5,0.0,4200.0,4200.0,Rock,Carnivore,"HC,SA,CR,CV",No,Invertivore
AVIBASE-22E11A7D,57.5,0.0,2500.0,2500.0,Rock,Herbivore,"PL,CR",No,Omnivore
AVIBASE-57DB5D4E,44.75,0.0,2250.0,2250.0,Woodland,Carnivore,CP,No,Invertivore
AVIBASE-6A984F97,,1250.0,1250.0,2500.0,Forest,Carnivore,CR,No,Invertivore
AVIBASE-161A2629,,0.0,700.0,700.0,Grassland,Carnivore,"CP,CR",No,Invertivore
AVIBASE-1580864C,14.85,0.0,3300.0,3300.0,Shrubland,Carnivore,"CP,CR",No,Invertivore
AVIBASE-A0EDAEA2,17.51667,0.0,2300.0,2300.0,Grassland,Carnivore,CP,No,Invertivore
AVIBASE-BB5C7A45,,0.0,1000.0,1000.0,Shrubland,Carnivore,,No,Invertivore
AVIBASE-FC6AF842,,0.0,1200.0,1200.0,Forest,Carnivore,CV,No,Invertivore
AVIBASE-A64A1FA2,18.36667,0.0,2400.0,2400.0,Shrubland,Carnivore,"CV,SA",No,Invertivore
AVIBASE-8C0E2D62,,2100.0,1000.0,3100.0,Grassland,Carnivore,CR,No,Invertivore
AVIBASE-54793140,,0.0,275.0,275.0,Grassland,Carnivore,CP,No,Invertivore
AVIBASE-80216E85,15.0,0.0,3000.0,3000.0,Grassland,Carnivore,CR,No,Invertivore
AVIBASE-0EA8F8B9,15.96667,0.0,3000.0,3000.0,Shrubland,Carnivore,CP,No,Invertivore
AVIBASE-63C0999F,12.58333,1200.0,1800.0,3000.0,Woodland,Carnivore,,No,Invertivore
AVIBASE-DB645AF5,12.5,0.0,3000.0,3000.0,Shrubland,Carnivore,"SA,CR",No,Invertivore
AVIBASE-0EA8F8B9,16.0,0.0,4000.0,4000.0,Shrubland,Carnivore,CP,No,Invertivore
AVIBASE-FEA56E91,12.5,200.0,600.0,800.0,Shrubland,Carnivore,CP,No,Invertivore
AVIBASE-916C5AED,35.18,1500.0,200.0,1700.0,Rock,Carnivore,"CP,CR",No,Invertivore
AVIBASE-EA459C8C,20.875,0.0,540.0,540.0,Shrubland,Omnivore,CP,No,Omnivore
AVIBASE-17DEACED,23.15,0.0,350.0,350.0,Shrubland,Carnivore,CP,No,Invertivore
AVIBASE-BF0859C5,19.34,2250.0,850.0,3100.0,Shrubland,Omnivore,"CP,CR",No,Omnivore
AVIBASE-8EB0AB41,20.16667,3400.0,1000.0,4400.0,Grassland,Carnivore,"CP,CR",No,Invertivore
AVIBASE-F8B6EC31,45.08,0.0,2440.0,2440.0,Rock,Omnivore,"CP,CR",No,Omnivore
AVIBASE-E09F7223,55.83333,1500.0,1500.0,3000.0,Shrubland,Carnivore,"BU,HC",No,Invertivore
AVIBASE-7631D1A3,,730.0,1000.0,1730.0,Grassland,Carnivore,,No,Invertivore
AVIBASE-400A83B9,40.25,0.0,1300.0,1300.0,Grassland,Carnivore,BU,No,Invertivore
AVIBASE-3B26A7B2,33.18333,0.0,2500.0,2500.0,Grassland,Carnivore,"CP,CR",No,Invertivore
AVIBASE-B55BADC1,41.66667,600.0,1600.0,2200.0,Grassland,Carnivore,BU,No,Invertivore
AVIBASE-1B6016EC,,1800.0,900.0,2700.0,Rock,Carnivore,CR,No,Invertivore
AVIBASE-AC5FC9B9,39.28333,100.0,1650.0,1750.0,Woodland,Carnivore,"CV,CP",No,Invertivore
AVIBASE-AB031597,26.68333,0.0,3000.0,3000.0,Grassland,Carnivore,"CP,CV,CR,BU",No,Invertivore
AVIBASE-3983013B,30.0,1500.0,1700.0,3200.0,Grassland,Carnivore,CR,No,Invertivore
AVIBASE-E6BD3258,28.2,0.0,1700.0,1700.0,Grassland,Carnivore,"BU,CP",No,Invertivore
AVIBASE-DB59BA9E,20.64,2300.0,700.0,3000.0,Rock,Carnivore,"CR,BU",No,Invertivore
AVIBASE-19ADEF8A,36.0,940.0,2250.0,3190.0,Grassland,Carnivore,"CR,BU",No,Invertivore
AVIBASE-E6C6F746,30.0,0.0,4000.0,4000.0,Grassland,Carnivore,BU,No,Invertivore
AVIBASE-6ADB636C,20.0,0.0,2300.0,2300.0,Grassland,Carnivore,"CV,BU",No,Invertivore
AVIBASE-17F2D08C,21.16667,0.0,1400.0,1400.0,Desert,Carnivore,CR,No,Invertivore
AVIBASE-078BC0ED,21.66667,0.0,5100.0,5100.0,Grassland,Carnivore,"BU,CV",No,Invertivore
AVIBASE-CBB94183,15.33333,0.0,2500.0,2500.0,Rock,Carnivore,"CV,HC,BU",No,Invertivore
AVIBASE-2FB34D83,19.66667,1200.0,2300.0,3500.0,Rock,Carnivore,"CV,HC,BU",No,Invertivore
AVIBASE-DF26171F,16.5,0.0,1200.0,1200.0,Rock,Carnivore,"CV,HC,BU",No,Invertivore
AVIBASE-A3148129,17.5,0.0,1800.0,1800.0,Forest,Carnivore,"CP,CV",No,Invertivore
AVIBASE-CC3B0B59,20.98333,0.0,2500.0,2500.0,Grassland,Carnivore,"CR,CV",No,Invertivore
AVIBASE-631D27EF,19.6,190.0,1010.0,1200.0,Rock,Carnivore,,No,Invertivore
AVIBASE-A9ADB78D,31.0,0.0,1000.0,1000.0,Grassland,Carnivore,"CP,BU,CR",No,Invertivore
AVIBASE-10E5B18E,14.95,0.0,2000.0,2000.0,Rock,Carnivore,"CR,HC,PL",No,Invertivore
AVIBASE-CD8DEBE3,21.0,400.0,2000.0,2400.0,Shrubland,Carnivore,"CP,CV,O,BU",No,Invertivore
AVIBASE-DA3F40DB,17.66667,400.0,2040.0,2440.0,Rock,Carnivore,CR,No,Invertivore
AVIBASE-B2C33E06,,740.0,1060.0,1800.0,Shrubland,Carnivore,,No,Invertivore
AVIBASE-F8995B0A,12.85,0.0,1000.0,1000.0,Rock,Carnivore,"CP,CR",No,Invertivore
AVIBASE-F0CB79C0,22.0,0.0,2400.0,2400.0,Shrubland,Carnivore,"BU,HC,CR",No,Invertivore
AVIBASE-3A712A25,26.58333,0.0,2200.0,2200.0,Rock,Carnivore,"CV,HC,BU",No,Invertivore
AVIBASE-3CA06BE3,22.0,1000.0,3000.0,4000.0,Rock,Carnivore,"CV,HC",No,Invertivore
AVIBASE-FB719320,21.45,0.0,4100.0,4100.0,Rock,Carnivore,"CR,CP",No,Invertivore
AVIBASE-E749750A,23.5,700.0,3300.0,4000.0,Rock,Carnivore,"CR,BU",No,Invertivore
AVIBASE-CAFA98EE,26.41667,0.0,3000.0,3000.0,Desert,Carnivore,"CP,CR",No,Invertivore
AVIBASE-95C1E715,24.45,0.0,3000.0,3000.0,Grassland,Carnivore,"CP,CR",No,Invertivore
AVIBASE-1C98EA2F,39.6,0.0,3000.0,3000.0,Rock,Carnivore,"CP,CR",No,Invertivore
AVIBASE-3CA06BE3,,0.0,3500.0,3500.0,Grassland,Carnivore,CV,No,Invertivore
AVIBASE-5396F9FB,25.0,810.0,2190.0,3000.0,Rock,Carnivore,"CP,CR",No,Invertivore
AVIBASE-FDECE3B9,59.66667,900.0,4600.0,5500.0,Riverine,Carnivore,"SP,CR",No,Invertivore
AVIBASE-4E5EB987,76.68333,450.0,4550.0,5000.0,Riverine,Carnivore,"SP,CR",No,Invertivore
AVIBASE-A5EC8BF5,56.25,0.0,2500.0,2500.0,Riverine,Carnivore,"DM,SP,CV,CR",No,Invertivore
AVIBASE-DE849BDB,46.225,1000.0,3000.0,4000.0,Riverine,Carnivore,"DM,CR",No,Invertivore
AVIBASE-2135780F,36.25,1500.0,1000.0,2500.0,Riverine,Carnivore,"SP,CR",No,Invertivore
AVIBASE-E7717F1E,35.4,100.0,900.0,1000.0,Forest,Omnivore,,No,Omnivore
AVIBASE-9FA8B081,30.85,0.0,1000.0,1000.0,Forest,Herbivore,,No,Omnivore
AVIBASE-A0473AFB,42.575,0.0,900.0,900.0,Forest,Omnivore,CP,No,Omnivore
AVIBASE-3EB2B90E,21.08333,0.0,700.0,700.0,Forest,Omnivore,,No,Omnivore
AVIBASE-47CF4ED7,23.58333,0.0,1800.0,1800.0,Forest,Omnivore,CP,No,Omnivore
AVIBASE-5BCF3089,23.58333,0.0,1400.0,1400.0,Forest,Omnivore,CP,No,Omnivore
AVIBASE-04A9DF5B,,550.0,1650.0,2200.0,Forest,Omnivore,,No,Omnivore
AVIBASE-6D18F47F,,0.0,1200.0,1200.0,Forest,Omnivore,CP,No,Omnivore
AVIBASE-5FEE1D85,33.66667,0.0,1200.0,1200.0,Forest,Omnivore,CP,No,Omnivore
AVIBASE-6B917A63,40.0,600.0,400.0,1000.0,Forest,Omnivore,,No,Omnivore
AVIBASE-A42A16D2,31.7,450.0,2350.0,2800.0,Shrubland,Omnivore,HC,No,Omnivore
AVIBASE-3CCD237B,,1000.0,,,Forest,Omnivore,,No,Omnivore
AVIBASE-2A6A63B9,15.3,1000.0,500.0,1500.0,Forest,Omnivore,,No,Omnivore
AVIBASE-8387A208,8.33333,0.0,1500.0,1500.0,Forest,Herbivore,PN,No,Frugivore
AVIBASE-C52E5D09,8.25,0.0,1065.0,1065.0,Forest,Herbivore,PN,No,Frugivore
AVIBASE-AB5413A0,8.5,0.0,500.0,500.0,Forest,Herbivore,,No,Frugivore
AVIBASE-9C17341F,7.55,0.0,1760.0,1760.0,Forest,Herbivore,PN,No,Omnivore
AVIBASE-A6B4FA85,10.95,0.0,1280.0,1280.0,Forest,Carnivore,,No,Invertivore
AVIBASE-27665659,9.23333,0.0,1000.0,1000.0,Forest,Herbivore,,No,Frugivore
AVIBASE-B8F60E84,10.2,900.0,,,Forest,Herbivore,,No,Frugivore
AVIBASE-4AFCA9BB,9.4,0.0,2000.0,2000.0,Forest,Herbivore,PN,No,Frugivore
AVIBASE-DDEA6B69,,775.0,3140.0,3915.0,Forest,Carnivore,,No,Invertivore
AVIBASE-6D711040,,0.0,1000.0,1000.0,Forest,Herbivore,PN,No,Frugivore
AVIBASE-8D178429,9.9,0.0,1100.0,1100.0,Forest,Omnivore,PN,No,Omnivore
AVIBASE-78B55ACC,9.25,150.0,2850.0,3000.0,Forest,Herbivore,PN,No,Frugivore
AVIBASE-E524E4CB,7.8,30.0,320.0,350.0,Forest,Herbivore,,No,Frugivore
AVIBASE-6D0266CC,10.0,0.0,1800.0,1800.0,Forest,Herbivore,PN,No,Frugivore
AVIBASE-FD27C27B,8.5,0.0,2000.0,2000.0,Forest,Herbivore,PN,No,Frugivore
AVIBASE-BCD2017C,10.96667,900.0,450.0,1350.0,Forest,Herbivore,SP,No,Frugivore
AVIBASE-9B41B11D,11.475,800.0,1200.0,2000.0,Forest,Herbivore,,No,Frugivore
AVIBASE-0C55C543,11.31667,900.0,1100.0,2000.0,Forest,Herbivore,,No,Frugivore
AVIBASE-01EAB134,8.78333,0.0,1000.0,1000.0,Forest,Herbivore,,No,Frugivore
AVIBASE-1C0CB747,9.6,0.0,1000.0,1000.0,Forest,Herbivore,,No,Frugivore
AVIBASE-82F4FF0B,8.95,0.0,1250.0,1250.0,Forest,Herbivore,,No,Frugivore
AVIBASE-DD4ABC00,6.0,0.0,1000.0,1000.0,Forest,Herbivore,,No,Frugivore
AVIBASE-8BDE79BB,,0.0,500.0,500.0,Forest,Herbivore,,No,Frugivore
AVIBASE-3E81AAE0,6.78333,0.0,1800.0,1800.0,Forest,Herbivore,"PN,SP",No,Frugivore
AVIBASE-1262D49B,8.25,0.0,1800.0,1800.0,Forest,Herbivore,,No,Frugivore
AVIBASE-BDB26F7B,6.0,0.0,2100.0,2100.0,Forest,Herbivore,PN,No,Frugivore
AVIBASE-62585CD8,7.4,500.0,800.0,1300.0,Forest,Omnivore,PN,No,Omnivore
AVIBASE-B6C34EB4,6.0,0.0,1700.0,1700.0,Forest,Omnivore,PN,No,Omnivore
AVIBASE-B6C34EB4,,,,,Forest,Herbivore,,No,Frugivore
AVIBASE-4E318300,4.93333,0.0,1000.0,1000.0,Forest,Herbivore,,No,Frugivore
AVIBASE-EDF116F9,,200.0,2200.0,2400.0,Forest,Herbivore,,No,Frugivore
AVIBASE-3D30CF40,9.0,0.0,1100.0,1100.0,Forest,Herbivore,PN,No,Frugivore
AVIBASE-2CB92155,,0.0,1350.0,1350.0,Forest,Herbivore,,No,Frugivore
AVIBASE-20BD1A23,9.0,0.0,1000.0,1000.0,Forest,Herbivore,SP,No,Nectarivore
AVIBASE-00242897,7.63333,0.0,1500.0,1500.0,Forest,Herbivore,,No,Frugivore
AVIBASE-C4E2C54B,6.4,0.0,1600.0,1600.0,Forest,Herbivore,PN,No,Frugivore
AVIBASE-92AEC0AF,,0.0,500.0,500.0,Forest,Herbivore,,No,Frugivore
AVIBASE-5D552978,8.25,0.0,1000.0,1000.0,Forest,Herbivore,,No,Frugivore
AVIBASE-7BFF5F7A,8.775,0.0,1500.0,1500.0,Forest,Omnivore,PN,No,Omnivore
AVIBASE-376EC06B,11.58333,0.0,900.0,900.0,Forest,Carnivore,,No,Invertivore
AVIBASE-5BAE90CD,,0.0,800.0,800.0,Forest,Herbivore,,No,Frugivore
AVIBASE-C7EFE9E7,,0.0,1200.0,1200.0,Forest,Herbivore,PN,No,Frugivore
AVIBASE-2A0A1DE3,9.0,0.0,250.0,250.0,Woodland,Carnivore,,No,Invertivore
AVIBASE-7CCB0FB6,9.0,0.0,1400.0,1400.0,Forest,Omnivore,PN,No,Omnivore
AVIBASE-98E4D63A,9.0,,,,Forest,Herbivore,,No,Frugivore
AVIBASE-25D14505,6.5,0.0,1200.0,1200.0,Forest,Herbivore,PN,No,Frugivore
AVIBASE-86A57304,6.5,460.0,2080.0,2540.0,Forest,Herbivore,PN,No,Frugivore
AVIBASE-907DF569,5.9,450.0,3550.0,4000.0,Forest,Herbivore,SP,No,Frugivore
AVIBASE-8C11AB08,,200.0,1000.0,1200.0,Forest,Herbivore,,No,Frugivore
AVIBASE-0BCE71E0,,800.0,1400.0,2200.0,Forest,Herbivore,SP,No,Frugivore
AVIBASE-6C9DF46C,8.46667,1000.0,500.0,1500.0,Forest,Herbivore,,No,Frugivore
AVIBASE-3C63FD9F,,800.0,1600.0,2400.0,Forest,Omnivore,SP,No,Omnivore
AVIBASE-0EC4EDBB,,0.0,1200.0,1200.0,Shrubland,Herbivore,,No,Frugivore
AVIBASE-F5D63C6F,,800.0,1600.0,2400.0,Forest,Herbivore,,No,Frugivore
AVIBASE-10016732,6.625,0.0,1000.0,1000.0,Forest,Herbivore,PN,No,Omnivore
AVIBASE-3C404F82,,0.0,600.0,600.0,Forest,Omnivore,SP,No,Omnivore
AVIBASE-67A740A4,8.45,0.0,1000.0,1000.0,Forest,Carnivore,PN,No,Invertivore
AVIBASE-D508B219,12.01667,0.0,1550.0,1550.0,Forest,Carnivore,,No,Invertivore
AVIBASE-D34970F5,11.825,700.0,850.0,1550.0,Forest,Carnivore,,No,Invertivore
AVIBASE-67F06823,7.46667,0.0,1580.0,1580.0,Forest,Carnivore,PN,No,Invertivore
AVIBASE-1DA9FFC9,8.0,0.0,1800.0,1800.0,Woodland,Omnivore,DM,No,Omnivore
AVIBASE-2FFB2DBC,9.15,0.0,1200.0,1200.0,Forest,Omnivore,SP,No,Omnivore
AVIBASE-7F96C52A,11.275,0.0,1200.0,1200.0,Coastal,Omnivore,"SP,PN",No,Omnivore
AVIBASE-C8FA38F5,15.0,0.0,610.0,610.0,Forest,Omnivore,SP,No,Omnivore
AVIBASE-63A37EE4,12.58,0.0,900.0,900.0,Forest,Carnivore,PN,No,Invertivore
AVIBASE-C13861D6,7.4,0.0,500.0,500.0,Coastal,Carnivore,PN,No,Invertivore
AVIBASE-857DCDD5,11.78333,0.0,1000.0,1000.0,Grassland,Carnivore,SP,No,Invertivore
AVIBASE-2D0C83B2,10.0,0.0,500.0,500.0,Woodland,Carnivore,SP,No,Invertivore
AVIBASE-56C6CBA8,12.96667,0.0,1800.0,1800.0,Forest,Carnivore,PN,No,Invertivore
AVIBASE-74D67BDB,12.5,0.0,500.0,500.0,Forest,Omnivore,PN,No,Omnivore
AVIBASE-1B29AD28,7.2,0.0,1850.0,1850.0,Forest,Omnivore,SP,No,Omnivore
AVIBASE-3429B283,10.25,0.0,1200.0,1200.0,Forest,Omnivore,SP,No,Omnivore
AVIBASE-35A2CCDF,10.41667,0.0,2150.0,2150.0,Forest,Carnivore,SP,No,Invertivore
AVIBASE-8C506F22,9.55,700.0,800.0,1500.0,Forest,Omnivore,"PN,SP",No,Omnivore
AVIBASE-1611F295,8.9,0.0,2600.0,2600.0,Forest,Carnivore,PN,No,Invertivore
AVIBASE-B0E7740F,6.56667,0.0,1500.0,1500.0,Grassland,Herbivore,SP,No,Nectarivore
AVIBASE-8333D907,7.25,0.0,2200.0,2200.0,Shrubland,Herbivore,SP,No,Nectarivore
AVIBASE-0B4F3AA2,7.08333,60.0,1490.0,1550.0,Woodland,Carnivore,PN,No,Invertivore
AVIBASE-9B953393,10.7,0.0,500.0,500.0,Riverine,Carnivore,PN,No,Invertivore
AVIBASE-4834AB04,10.4,0.0,500.0,500.0,Forest,Carnivore,PN,No,Invertivore
AVIBASE-BFA9B759,7.025,0.0,1800.0,1800.0,Forest,Carnivore,PN,No,Invertivore
AVIBASE-1DEA5DEA,22.0,0.0,2000.0,2000.0,Forest,Omnivore,PN,No,Omnivore
AVIBASE-02B06535,10.4,0.0,1200.0,1200.0,Shrubland,Herbivore,SP,No,Nectarivore
AVIBASE-6DE16262,13.125,0.0,3000.0,3000.0,Woodland,Omnivore,SP,No,Omnivore
AVIBASE-ED6CD9D5,14.0,0.0,1000.0,1000.0,Forest,Omnivore,PN,No,Omnivore
AVIBASE-36A24C79,15.0,0.0,2000.0,2000.0,Forest,Omnivore,PN,No,Omnivore
AVIBASE-B76E3DA1,11.05,800.0,2000.0,2800.0,Forest,Omnivore,PN,No,Omnivore
AVIBASE-AE0035FF,13.0,1400.0,1880.0,3280.0,Forest,Omnivore,PN,No,Omnivore
AVIBASE-EE79A5EF,10.18333,0.0,2300.0,2300.0,Forest,Omnivore,PN,No,Omnivore
AVIBASE-C1CBA33A,11.81667,0.0,1200.0,1200.0,Forest,Omnivore,PN,No,Omnivore
AVIBASE-59EE3B94,9.56667,0.0,1000.0,1000.0,Forest,Herbivore,PN,No,Nectarivore
AVIBASE-23BEFB19,11.9,0.0,500.0,500.0,Shrubland,Omnivore,PN,No,Omnivore
AVIBASE-2E2DE0B6,9.875,0.0,1500.0,1500.0,Forest,Omnivore,PN,No,Omnivore
AVIBASE-B022292C,13.225,0.0,2200.0,2200.0,Woodland,Omnivore,PN,No,Omnivore
AVIBASE-0059A2E0,11.7,0.0,1700.0,1700.0,Woodland,Herbivore,DM,No,Nectarivore
AVIBASE-8F052626,12.0,0.0,1500.0,1500.0,Shrubland,Omnivore,DM,No,Omnivore
AVIBASE-98E4ABFF,11.5,0.0,1370.0,1370.0,Forest,Omnivore,DM,No,Omnivore
AVIBASE-9A13D986,8.225,0.0,1400.0,1400.0,Forest,Omnivore,PN,No,Omnivore
AVIBASE-B5F1B635,4.75,300.0,1800.0,2100.0,Forest,Omnivore,PN,No,Omnivore
AVIBASE-10D43C0F,7.23333,0.0,1220.0,1220.0,Forest,Omnivore,PN,No,Omnivore
AVIBASE-A9A975C7,6.0,0.0,500.0,500.0,Forest,Omnivore,,No,Omnivore
AVIBASE-F1495113,6.0,0.0,1220.0,1220.0,Forest,Omnivore,SP,No,Omnivore
AVIBASE-16EBA05A,9.0,0.0,1400.0,1400.0,Forest,Omnivore,PN,No,Omnivore
AVIBASE-ECF86816,8.25,0.0,915.0,915.0,Coastal,Herbivore,PN,No,Nectarivore
AVIBASE-F500EA53,14.75,800.0,700.0,1500.0,Woodland,Herbivore,SP,No,Nectarivore
AVIBASE-0F533AC6,11.5,1750.0,750.0,2500.0,Forest,Herbivore,SP,No,Nectarivore
AVIBASE-FAFA576B,14.125,1800.0,2400.0,4200.0,Forest,Herbivore,PN,No,Nectarivore
AVIBASE-D4F9B273,15.45,1000.0,1350.0,2350.0,Shrubland,Herbivore,PN,No,Nectarivore
AVIBASE-26F27894,15.275,0.0,3000.0,3000.0,Shrubland,Herbivore,SP,No,Nectarivore
AVIBASE-D91BCC1B,15.275,1900.0,2500.0,4400.0,Grassland,Herbivore,SP,No,Nectarivore
AVIBASE-D33D2F6D,14.3,1170.0,2130.0,3300.0,Grassland,Omnivore,SP,No,Omnivore
AVIBASE-D2B15B3F,6.3,0.0,1750.0,1750.0,Shrubland,Omnivore,SP,No,Omnivore
AVIBASE-6F3E5C98,5.5,0.0,1700.0,1700.0,Forest,Herbivore,SP,No,Nectarivore
AVIBASE-4E7287C8,9.71667,750.0,1400.0,2150.0,Woodland,Herbivore,"PN,SP",No,Nectarivore
AVIBASE-82E7EDC0,7.8,600.0,1500.0,2100.0,Woodland,Herbivore,"PN,SP",No,Nectarivore
AVIBASE-679F9748,7.83333,0.0,1000.0,1000.0,Shrubland,Herbivore,SP,No,Nectarivore
AVIBASE-942E8A93,6.2,0.0,500.0,500.0,Shrubland,Herbivore,,No,Nectarivore
AVIBASE-E0C82A32,7.25,2000.0,1500.0,3500.0,Shrubland,Herbivore,SP,No,Nectarivore
AVIBASE-5D8A4ACA,9.5,1000.0,900.0,1900.0,Forest,Herbivore,,No,Nectarivore
AVIBASE-35BD0745,8.71667,,,,Forest,Herbivore,,No,Nectarivore
AVIBASE-A6083057,7.0,1800.0,1000.0,2800.0,Forest,Omnivore,DM,No,Omnivore
AVIBASE-E47FCBF7,11.75,0.0,1000.0,1000.0,Shrubland,Carnivore,SP,No,Invertivore
AVIBASE-F995313F,6.41667,1500.0,1600.0,3100.0,Forest,Omnivore,SP,No,Omnivore
AVIBASE-D88A2E02,5.3,2050.0,1250.0,3300.0,Forest,Carnivore,,No,Invertivore
AVIBASE-EF6101F4,8.11667,1850.0,1850.0,3700.0,Forest,Herbivore,"PN,DM",No,Nectarivore
AVIBASE-CBA39A29,,600.0,900.0,1500.0,Forest,Herbivore,,No,Nectarivore
AVIBASE-411ECD6F,8.35,1400.0,1050.0,2450.0,Human Modified,Herbivore,,No,Nectarivore
AVIBASE-B929416B,7.9,1300.0,550.0,1850.0,Forest,Herbivore,"PN,DM",No,Nectarivore
AVIBASE-85666B49,10.0,1200.0,1380.0,2580.0,Forest,Herbivore,SP,No,Nectarivore
AVIBASE-718A3B70,6.9,0.0,1530.0,1530.0,Grassland,Herbivore,PN,No,Nectarivore
AVIBASE-375BAF53,8.325,700.0,600.0,1300.0,Grassland,Herbivore,PN,No,Nectarivore
AVIBASE-5AC9F737,11.5,1200.0,800.0,2000.0,Grassland,Herbivore,SP,No,Nectarivore
AVIBASE-68352820,9.43333,500.0,700.0,1200.0,Woodland,Herbivore,,No,Nectarivore
AVIBASE-6A9FC674,16.625,,,,Riverine,Omnivore,,No,Omnivore
AVIBASE-4C428439,8.775,0.0,1800.0,1800.0,Wetland,Omnivore,PN,No,Omnivore
AVIBASE-7C822074,5.02,50.0,1250.0,1300.0,Grassland,Herbivore,PN,No,Nectarivore
AVIBASE-71C72002,7.225,0.0,1000.0,1000.0,Shrubland,Herbivore,SP,No,Nectarivore
AVIBASE-17DE4B1F,6.8,,,,Grassland,Omnivore,SP,No,Omnivore
AVIBASE-9CDA630C,8.33333,0.0,,,Grassland,Omnivore,,No,Omnivore
AVIBASE-8427E71F,,0.0,119.0,119.0,Forest,Omnivore,PN,No,Omnivore
AVIBASE-693FC6FD,8.5,1350.0,700.0,2050.0,Grassland,Herbivore,PN,No,Nectarivore
AVIBASE-783E492C,7.2,250.0,2950.0,3200.0,Grassland,Herbivore,PN,No,Nectarivore
AVIBASE-36D2C0CD,10.525,100.0,2200.0,2300.0,Shrubland,Herbivore,PN,No,Nectarivore
AVIBASE-688582BF,9.625,0.0,1980.0,1980.0,Shrubland,Herbivore,PN,No,Omnivore
AVIBASE-48EC6C78,14.05,0.0,1500.0,1500.0,Grassland,Herbivore,PN,No,Nectarivore
AVIBASE-3D3EF8AC,13.325,0.0,500.0,500.0,Forest,Omnivore,,No,Omnivore
AVIBASE-7C8BC7CF,17.75,0.0,1400.0,1400.0,Forest,Herbivore,PN,No,Omnivore
AVIBASE-E3B9A841,8.925,600.0,1100.0,1700.0,Forest,Herbivore,,No,Nectarivore
AVIBASE-F2C131F9,,0.0,1000.0,1000.0,Woodland,Carnivore,,No,Invertivore
AVIBASE-8D3818DB,9.2,0.0,1000.0,1000.0,Woodland,Omnivore,SP,No,Omnivore
AVIBASE-8E9E45B5,8.5,0.0,2700.0,2700.0,Woodland,Herbivore,SP,No,Nectarivore
AVIBASE-427683B4,8.2,0.0,1000.0,1000.0,Desert,Omnivore,SP,No,Omnivore
AVIBASE-6781CD7F,6.3,950.0,1100.0,2050.0,Forest,Herbivore,PL,No,Nectarivore
AVIBASE-DD180188,6.35,0.0,1000.0,1000.0,Forest,Omnivore,PN,No,Omnivore
AVIBASE-1F21FFE9,8.475,0.0,2100.0,2100.0,Grassland,Omnivore,PN,No,Omnivore
AVIBASE-E9BCF764,7.75,0.0,2400.0,2400.0,Shrubland,Omnivore,PN,No,Omnivore
AVIBASE-8885A375,,0.0,1700.0,1700.0,Forest,Omnivore,PN,No,Omnivore
AVIBASE-CBE7EC40,8.65,0.0,1700.0,1700.0,Forest,Omnivore,PN,No,Omnivore
AVIBASE-29AC81C3,,0.0,1700.0,1700.0,Forest,Omnivore,PN,No,Omnivore
AVIBASE-955B9257,,0.0,1700.0,1700.0,Forest,Omnivore,PN,No,Omnivore
AVIBASE-4780F291,,0.0,1700.0,1700.0,Forest,Omnivore,PN,No,Omnivore
AVIBASE-10FCE777,,0.0,1700.0,1700.0,Forest,Omnivore,PN,No,Omnivore
AVIBASE-10F11D12,,0.0,1700.0,1700.0,Forest,Omnivore,PN,No,Omnivore
AVIBASE-B9D5E209,,0.0,1000.0,1000.0,Forest,Carnivore,,No,Invertivore
AVIBASE-CAA420CC,,0.0,950.0,950.0,Forest,Omnivore,,No,Omnivore
AVIBASE-AB27B1A6,,0.0,800.0,800.0,Forest,Omnivore,PN,No,Omnivore
AVIBASE-D7C2EAB8,6.775,0.0,2300.0,2300.0,Forest,Omnivore,SP,No,Omnivore
AVIBASE-8EDC0A7A,13.61667,0.0,2050.0,2050.0,Forest,Omnivore,PN,No,Omnivore
AVIBASE-BFE7E27F,18.0,400.0,100.0,500.0,Shrubland,Omnivore,SP,No,Omnivore
AVIBASE-ED0E14EA,18.5,400.0,100.0,500.0,Shrubland,Omnivore,SP,No,Omnivore
AVIBASE-8449EA0A,10.8,0.0,900.0,900.0,Forest,Omnivore,"PN,SP",No,Omnivore
AVIBASE-308AEC0F,6.58333,0.0,790.0,790.0,Forest,Omnivore,,No,Omnivore
AVIBASE-0D9CEEA0,7.65,90.0,765.0,855.0,Forest,Omnivore,,No,Omnivore
AVIBASE-A3D7FDD3,8.0,0.0,460.0,460.0,Shrubland,Omnivore,PN,No,Omnivore
AVIBASE-2088177F,8.5,0.0,2100.0,2100.0,Forest,Omnivore,PN,No,Omnivore
AVIBASE-C5403451,6.8,1000.0,700.0,1700.0,Forest,Omnivore,,No,Omnivore
AVIBASE-14CD28B5,7.6,1500.0,800.0,2300.0,Forest,Omnivore,PN,No,Omnivore
AVIBASE-5D34F362,6.85,1000.0,980.0,1980.0,Forest,Omnivore,,No,Omnivore
AVIBASE-3D2D7373,6.45,0.0,1350.0,1350.0,Forest,Omnivore,,No,Omnivore
AVIBASE-3C217384,6.0,0.0,1350.0,1350.0,Forest,Herbivore,,No,Nectarivore
AVIBASE-ECDC0D64,5.9,610.0,1390.0,2000.0,Forest,Herbivore,,No,Nectarivore
AVIBASE-E7057C1D,,75.0,825.0,900.0,Forest,Omnivore,,No,Omnivore
AVIBASE-D477F7AD,4.025,0.0,2000.0,2000.0,Forest,Omnivore,,No,Omnivore
AVIBASE-6E012370,4.125,0.0,2000.0,2000.0,Shrubland,Omnivore,PN,No,Omnivore
AVIBASE-6A4A67F7,6.15,330.0,3940.0,4270.0,Forest,Omnivore,SP,No,Omnivore
AVIBASE-02BA43E4,6.25,330.0,3335.0,3665.0,Forest,Omnivore,PN,No,Omnivore
AVIBASE-792ED873,,1200.0,1800.0,3000.0,Forest,Omnivore,PN,No,Omnivore
AVIBASE-7B909DE5,5.8,,,,Forest,Omnivore,PN,No,Omnivore
AVIBASE-FAD022B6,5.7,500.0,900.0,1400.0,Forest,Herbivore,PN,No,Omnivore
AVIBASE-E1067234,5.66667,305.0,1895.0,2200.0,Forest,Herbivore,PN,No,Nectarivore
AVIBASE-EC22F3AA,6.425,0.0,1200.0,1200.0,Forest,Carnivore,PN,No,Invertivore
AVIBASE-A4D54F5C,9.5,0.0,1000.0,1000.0,Shrubland,Carnivore,PN,No,Invertivore
AVIBASE-88A56D18,7.9,500.0,500.0,1000.0,Forest,Herbivore,PN,No,Nectarivore
AVIBASE-90026E92,6.0,800.0,1185.0,1985.0,Forest,Herbivore,PN,No,Nectarivore
AVIBASE-F89D732E,5.32,0.0,1000.0,1000.0,Forest,Herbivore,SP,No,Nectarivore
AVIBASE-FCD9D132,8.25,610.0,4270.0,4880.0,Forest,Herbivore,PN,No,Nectarivore
AVIBASE-7700E7E6,11.55,0.0,1200.0,1200.0,Forest,Omnivore,PN,No,Omnivore
AVIBASE-B4EF3CAD,12.225,0.0,600.0,600.0,Forest,Omnivore,PN,No,Omnivore
AVIBASE-3933216D,10.675,0.0,1000.0,1000.0,Forest,Omnivore,,No,Omnivore
AVIBASE-E1281FE3,11.25,0.0,1000.0,1000.0,Forest,Omnivore,,No,Omnivore
AVIBASE-5C74D7EC,15.95,0.0,1350.0,1350.0,Forest,Omnivore,PN,No,Omnivore
AVIBASE-1C7C664E,26.15,0.0,1700.0,1700.0,Forest,Carnivore,PN,No,Invertivore
AVIBASE-D33E142C,43.93333,0.0,1600.0,1600.0,Forest,Omnivore,"SP,PN",No,Omnivore
AVIBASE-87554DD5,22.9,0.0,1400.0,1400.0,Forest,Omnivore,PN,No,Omnivore
AVIBASE-9CBAAD85,30.8,0.0,1400.0,1400.0,Forest,Omnivore,,No,Omnivore
AVIBASE-3BC09B12,22.75,0.0,1200.0,1200.0,Forest,Carnivore,HC,No,Invertivore
AVIBASE-3918E69D,26.4,800.0,800.0,1600.0,Forest,Omnivore,CP,No,Omnivore
AVIBASE-2415E2C8,25.7,600.0,1600.0,2200.0,Forest,Omnivore,CP,No,Omnivore
AVIBASE-3E2ED011,28.88,0.0,2200.0,2200.0,Forest,Herbivore,DM,No,Nectarivore
AVIBASE-F316501A,28.73333,930.0,2070.0,3000.0,Forest,Omnivore,PN,No,Omnivore
AVIBASE-A6E996A8,28.65,1000.0,,,Forest,Carnivore,,No,Invertivore
AVIBASE-B1A5B22C,23.075,0.0,3000.0,3000.0,Rock,Herbivore,"CP,CR",No,Granivore
AVIBASE-F8748F12,32.5,1000.0,3800.0,4800.0,Grassland,Herbivore,"CR,DM",No,Granivore
AVIBASE-B0303029,36.28333,3500.0,1600.0,5100.0,Grassland,Omnivore,BU,No,Omnivore
AVIBASE-D1C47869,40.0,2500.0,2000.0,4500.0,Grassland,Herbivore,,No,Granivore
AVIBASE-3E389D03,44.0,2000.0,3300.0,5300.0,Rock,Herbivore,"CR,BU",No,Granivore
AVIBASE-0039BCC0,31.3,3500.0,1700.0,5200.0,Grassland,Herbivore,"CR,CP,BU",No,Granivore
AVIBASE-09F330B1,26.55,2400.0,600.0,3000.0,Rock,Herbivore,BU,No,Granivore
AVIBASE-24BD3553,26.11667,2500.0,2500.0,5000.0,Grassland,Herbivore,"BU,CR",No,Granivore
AVIBASE-3F9357EF,22.5,1000.0,2000.0,3000.0,Grassland,Herbivore,BU,No,Granivore
AVIBASE-5DE8CA02,,4000.0,1500.0,5500.0,Grassland,Herbivore,BU,No,Granivore
AVIBASE-FCD72CEE,24.75,0.0,1800.0,1800.0,Grassland,Herbivore,"CV,CR",No,Omnivore
AVIBASE-E323BF95,26.0,0.0,1500.0,1500.0,Grassland,Herbivore,"SP,CV",No,Granivore
AVIBASE-969A369C,18.75,250.0,1650.0,1900.0,Grassland,Herbivore,"CV,CP",No,Granivore
AVIBASE-77CBF484,16.33333,0.0,1500.0,1500.0,Grassland,Herbivore,"CV,CR,CP",No,Granivore
AVIBASE-DEE88DF6,26.15,0.0,1000.0,1000.0,Grassland,Herbivore,DM,No,Granivore
AVIBASE-D8F2F78B,18.75,0.0,2200.0,2200.0,Shrubland,Herbivore,"O,SP",No,Granivore
AVIBASE-A3D20D11,,,,,Grassland,Herbivore,DM,No,Granivore
AVIBASE-126E0CFA,,1000.0,700.0,1700.0,Grassland,Herbivore,DM,No,Granivore
AVIBASE-DBAB527C,28.5,1000.0,2000.0,3000.0,Woodland,Herbivore,DM,No,Granivore
AVIBASE-3E2EFDA6,31.0,0.0,1000.0,1000.0,Grassland,Herbivore,"DM,CR",No,Granivore
AVIBASE-E10D0809,28.66667,0.0,2500.0,2500.0,Woodland,Herbivore,"DM,CV",No,Granivore
AVIBASE-F375B25B,31.1,1400.0,3100.0,4500.0,Shrubland,Herbivore,"DM,CV,O",No,Granivore
AVIBASE-2B55E679,25.0,,,2000.0,Grassland,Herbivore,"DM,O",No,Granivore
AVIBASE-DB4998D1,40.75,0.0,1000.0,1000.0,Grassland,Herbivore,"DM,O,CV",No,Granivore
AVIBASE-7EB3ECC4,23.73333,0.0,1000.0,1000.0,Grassland,Herbivore,"CV,O",No,Granivore
AVIBASE-E60EFA61,,0.0,325.0,325.0,Shrubland,Herbivore,SP,No,Granivore
AVIBASE-469D6B56,17.5,0.0,4300.0,4300.0,Woodland,Herbivore,"CV,CR",No,Granivore
AVIBASE-C22FBF8D,23.33333,0.0,4400.0,4400.0,Human Modified,Herbivore,"CV,BU",No,Granivore
AVIBASE-17AC96E0,27.025,,,,Desert,Herbivore,"DM,CV",No,Granivore
AVIBASE-AABF0A3A,19.0,0.0,1500.0,1500.0,Woodland,Herbivore,"DM,CV",No,Granivore
AVIBASE-BE010552,22.5,0.0,570.0,570.0,Shrubland,Herbivore,,No,Granivore
AVIBASE-E2E3F3F4,27.5,0.0,1200.0,1200.0,Shrubland,Herbivore,CR,No,Granivore
AVIBASE-5A8E09A1,28.0,0.0,2750.0,2750.0,Shrubland,Herbivore,"SP,CR",No,Granivore
AVIBASE-3718C3F9,26.5,0.0,2200.0,2200.0,Human Modified,Herbivore,"DM,CV",No,Granivore
AVIBASE-240E3390,27.44,0.0,4600.0,4600.0,Human Modified,Herbivore,"CV,SP,CR",No,Granivore
AVIBASE-1D25E0DB,18.0,0.0,1500.0,1500.0,Shrubland,Herbivore,"CP,CR",No,Granivore
AVIBASE-ECD1267B,32.65,0.0,1200.0,1200.0,Rock,Herbivore,"DM,CR",No,Granivore
AVIBASE-B4037E8F,19.5,0.0,1000.0,1000.0,Desert,Herbivore,"DM,CV",No,Granivore
AVIBASE-246789A2,20.0,,,,Rock,Herbivore,DM,No,Granivore
AVIBASE-24E0C8A6,14.5,0.0,600.0,600.0,Shrubland,Herbivore,DM,No,Granivore
AVIBASE-4C373DA1,13.16667,0.0,1000.0,1000.0,Shrubland,Herbivore,DM,No,Granivore
AVIBASE-7D19D9ED,17.25,0.0,500.0,500.0,Riverine,Herbivore,"SP,DM",No,Granivore
AVIBASE-864D4A4F,68.0,400.0,800.0,1200.0,Grassland,Omnivore,SP,No,Omnivore
AVIBASE-9EB53638,78.0,0.0,1500.0,1500.0,Grassland,Carnivore,SP,No,Invertivore
AVIBASE-00B07B12,70.0,0.0,1400.0,1400.0,Grassland,Carnivore,SP,No,Invertivore
AVIBASE-94C71DF6,42.85,400.0,1000.0,1400.0,Grassland,Omnivore,PN,No,Omnivore
AVIBASE-2C504059,36.7,1200.0,800.0,2000.0,Woodland,Herbivore,PN,No,Granivore
AVIBASE-5011E123,40.0,0.0,1500.0,1500.0,Grassland,Omnivore,PN,No,Omnivore
AVIBASE-B8B882AE,44.66667,0.0,1500.0,1500.0,Woodland,Herbivore,PN,No,Granivore
AVIBASE-FD2FEFFD,66.33333,1100.0,900.0,2000.0,Grassland,Omnivore,SP,No,Omnivore
AVIBASE-573C3683,19.025,500.0,900.0,1400.0,Shrubland,Omnivore,SP,No,Omnivore
AVIBASE-65856D49,20.75,200.0,1100.0,1300.0,Grassland,Herbivore,SP,No,Granivore
AVIBASE-7799DC8B,27.9,0.0,1500.0,1500.0,Shrubland,Omnivore,SP,No,Omnivore
AVIBASE-49802951,10.93333,0.0,1000.0,1000.0,Woodland,Herbivore,SP,No,Granivore
AVIBASE-C90890A3,18.0,400.0,1600.0,2000.0,Grassland,Herbivore,SP,No,Granivore
AVIBASE-C7708C70,43.25,0.0,3000.0,3000.0,Grassland,Herbivore,SP,No,Omnivore
AVIBASE-BE1FE156,30.5,800.0,2200.0,3000.0,Shrubland,Carnivore,SP,No,Invertivore
AVIBASE-8F52076C,31.0,1100.0,1800.0,2900.0,Forest,Omnivore,PN,No,Omnivore
AVIBASE-8395D0B4,,0.0,900.0,900.0,Forest,Carnivore,,No,Invertivore
AVIBASE-9FB7D020,,500.0,200.0,700.0,Grassland,Omnivore,SP,No,Omnivore
AVIBASE-42F3647E,38.63333,900.0,1100.0,2000.0,Woodland,Omnivore,SP,No,Omnivore
AVIBASE-36C24C3D,13.18333,0.0,1700.0,1700.0,Wetland,Carnivore,SP,No,Invertivore
AVIBASE-23CA12EF,24.0,0.0,10.0,10.0,Coastal,Carnivore,PN,No,Invertivore
AVIBASE-1373D324,14.96667,400.0,1100.0,1500.0,Grassland,Omnivore,SP,No,Omnivore
AVIBASE-CA4839B2,27.0,0.0,2200.0,2200.0,Woodland,Carnivore,PN,No,Invertivore
AVIBASE-2D3998EE,26.7,0.0,1650.0,1650.0,Forest,Carnivore,PN,No,Invertivore
AVIBASE-55997100,29.13333,0.0,1800.0,1800.0,Shrubland,Carnivore,PN,No,Invertivore
AVIBASE-63A997EA,21.5,1500.0,1500.0,3000.0,Forest,Carnivore,PN,No,Invertivore
AVIBASE-B38CE692,24.0,1000.0,2000.0,3000.0,Forest,Carnivore,PN,No,Invertivore
AVIBASE-9526D2F3,44.25,0.0,2000.0,2000.0,Grassland,Omnivore,PN,No,Omnivore
AVIBASE-476A437E,35.6,0.0,1400.0,1400.0,Wetland,Carnivore,SP,No,Invertivore
AVIBASE-86BEAFA6,30.58,0.0,1300.0,1300.0,Woodland,Herbivore,SP,No,Granivore
AVIBASE-2D86B0D2,41.125,1200.0,1100.0,2300.0,Grassland,Omnivore,PN,No,Omnivore
AVIBASE-2C42345F,23.15,0.0,1200.0,1200.0,Coastal,Herbivore,SP,No,Frugivore
AVIBASE-D8E67602,21.7,0.0,1800.0,1800.0,Grassland,Carnivore,PN,No,Invertivore
AVIBASE-F40197D6,21.31667,0.0,1200.0,1200.0,Woodland,Omnivore,SP,No,Omnivore
AVIBASE-2379E3EB,23.81667,250.0,1250.0,1500.0,Wetland,Herbivore,SP,No,Granivore
AVIBASE-CFC74E20,30.6,0.0,500.0,500.0,Forest,Herbivore,SP,No,Omnivore
AVIBASE-F9FB0226,21.58333,900.0,1200.0,2100.0,Wetland,Herbivore,SP,No,Granivore
AVIBASE-E72166BD,23.25,0.0,1000.0,1000.0,Wetland,Herbivore,SP,No,Omnivore
AVIBASE-70B92675,,,,,Riverine,Herbivore,PN,No,Granivore
AVIBASE-98820857,17.45,250.0,50.0,300.0,Wetland,Herbivore,SP,No,Granivore
AVIBASE-9F7489D0,22.28333,0.0,2000.0,2000.0,Grassland,Herbivore,SP,No,Granivore
AVIBASE-6A84BDB8,20.5,0.0,1500.0,1500.0,Wetland,Herbivore,SP,No,Granivore
AVIBASE-E069A0BB,24.98333,0.0,1500.0,1500.0,Grassland,Carnivore,PN,No,Invertivore
AVIBASE-A36C5049,30.85,0.0,2600.0,2600.0,Woodland,Herbivore,PN,No,Omnivore
AVIBASE-EF5ED87B,17.4,500.0,1000.0,1500.0,Wetland,Herbivore,PN,No,Granivore
AVIBASE-B4E50529,16.75,900.0,200.0,1100.0,Riverine,Omnivore,SP,No,Omnivore
AVIBASE-A23369E3,,0.0,1000.0,1000.0,Wetland,Herbivore,PN,No,Granivore
AVIBASE-FC6C191F,20.0,0.0,1800.0,1800.0,Grassland,Omnivore,SP,No,Omnivore
AVIBASE-4DC2B23C,35.5,1200.0,1000.0,2200.0,Grassland,Herbivore,SP,No,Granivore
AVIBASE-4436DD6C,,900.0,300.0,1200.0,Shrubland,Herbivore,SP,No,Granivore
AVIBASE-E8AA9E1C,37.2,0.0,2500.0,2500.0,Grassland,Herbivore,SP,No,Granivore
AVIBASE-9569D117,63.5,0.0,1500.0,1500.0,Forest,Herbivore,SP,No,Granivore
AVIBASE-3F347626,31.5,0.0,800.0,800.0,Forest,Carnivore,SP,No,Invertivore
AVIBASE-20D915AD,34.16667,0.0,2000.0,2000.0,Forest,Carnivore,SP,No,Invertivore
AVIBASE-341298B9,29.175,1000.0,500.0,1500.0,Forest,Herbivore,,No,Frugivore
AVIBASE-2A2CC7B3,23.825,0.0,200.0,200.0,Forest,Carnivore,SP,No,Invertivore
AVIBASE-2E4A97D9,18.75,0.0,1500.0,1500.0,Riverine,Herbivore,SP,No,Granivore
AVIBASE-19D053B3,25.225,0.0,1500.0,1500.0,Grassland,Omnivore,SP,No,Omnivore
AVIBASE-DF0759C0,23.3,500.0,1300.0,1800.0,Grassland,Herbivore,SP,No,Granivore
AVIBASE-6E00B2C6,21.625,,,,Grassland,Herbivore,SP,No,Granivore
AVIBASE-01BFAE61,35.25,0.0,1500.0,1500.0,Shrubland,Herbivore,PN,No,Granivore
AVIBASE-79264A96,,,,,Forest,Omnivore,,No,Omnivore
AVIBASE-BE85C81E,38.0,0.0,1300.0,1300.0,Forest,Carnivore,PN,No,Invertivore
AVIBASE-E6E4F15D,27.5,0.0,850.0,850.0,Forest,Carnivore,SP,No,Invertivore
AVIBASE-263E6762,23.1,0.0,1950.0,1950.0,Forest,Carnivore,PN,No,Invertivore
AVIBASE-E979E67D,23.96667,0.0,700.0,700.0,Grassland,Herbivore,PN,No,Granivore
AVIBASE-1203E244,18.8,0.0,1000.0,1000.0,Wetland,Herbivore,SP,No,Granivore
AVIBASE-0405CA69,22.0,1000.0,700.0,1700.0,Grassland,Herbivore,SP,No,Granivore
AVIBASE-AE1F2524,20.0,0.0,245.0,245.0,Wetland,Herbivore,PN,No,Granivore
AVIBASE-29FF745B,18.2,0.0,1000.0,1000.0,Shrubland,Herbivore,PN,No,Granivore
AVIBASE-03DE2091,25.0,0.0,1400.0,1400.0,Shrubland,Herbivore,PN,No,Granivore
AVIBASE-47903D44,34.5,0.0,1300.0,1300.0,Grassland,Herbivore,SP,No,Granivore
AVIBASE-70312286,37.5,0.0,2500.0,2500.0,Forest,Carnivore,PN,No,Invertivore
AVIBASE-38D07CD0,31.5,1000.0,,,Forest,Carnivore,SP,No,Invertivore
AVIBASE-C34E4EF3,,1200.0,600.0,1800.0,Forest,Carnivore,SP,No,Invertivore
AVIBASE-6B5D78CE,20.925,100.0,1700.0,1800.0,Woodland,Carnivore,SP,No,Invertivore
AVIBASE-ECDFEAF6,30.8,1300.0,700.0,2000.0,Forest,Carnivore,SP,No,Invertivore
AVIBASE-C649EA57,30.33333,1700.0,1100.0,2800.0,Forest,Carnivore,PN,No,Invertivore
AVIBASE-7BB02508,,100.0,1500.0,1600.0,Woodland,Carnivore,SP,No,Invertivore
AVIBASE-A1709D2B,22.0,0.0,1600.0,1600.0,Forest,Herbivore,PN,No,Granivore
AVIBASE-3A590685,,600.0,400.0,1000.0,Forest,Carnivore,,No,Invertivore
AVIBASE-7B17318C,32.0,0.0,500.0,500.0,Forest,Carnivore,PN,No,Invertivore
AVIBASE-6E20B613,32.83333,0.0,1350.0,1350.0,Forest,Carnivore,PN,No,Invertivore
AVIBASE-EA26AF30,26.0,0.0,400.0,400.0,Forest,Carnivore,PN,No,Invertivore
AVIBASE-50D17C91,,0.0,400.0,400.0,Forest,Carnivore,PN,No,Invertivore
AVIBASE-13AA5A5C,30.5,0.0,1000.0,1000.0,Forest,Carnivore,PN,No,Invertivore
AVIBASE-228DDFAD,36.75,0.0,500.0,500.0,Forest,Carnivore,PN,No,Invertivore
AVIBASE-E27AFD14,37.5,0.0,1500.0,1500.0,Forest,Carnivore,SP,No,Invertivore
AVIBASE-960B56F2,47.5,0.0,1700.0,1700.0,Forest,Carnivore,PN,No,Invertivore
AVIBASE-A41AEDC9,45.0,0.0,1500.0,1500.0,Forest,Carnivore,SP,No,Invertivore
AVIBASE-D0203B65,35.78333,0.0,1500.0,1500.0,Forest,Carnivore,PN,No,Invertivore
AVIBASE-6F711277,25.72,0.0,1600.0,1600.0,Woodland,Carnivore,PN,No,Invertivore
AVIBASE-4B8D1BAD,23.58333,500.0,1600.0,2100.0,Woodland,Carnivore,PN,No,Invertivore
AVIBASE-ECE36984,,0.0,,,Shrubland,Carnivore,,No,Invertivore
AVIBASE-9387DC41,12.85,400.0,2600.0,3000.0,Grassland,Herbivore,DM,No,Granivore
AVIBASE-F8041931,20.25,0.0,1600.0,1600.0,Shrubland,Herbivore,DM,No,Granivore
AVIBASE-2B6DE136,20.5,500.0,1000.0,1500.0,Grassland,Herbivore,SP,No,Granivore
AVIBASE-F7DFA41B,16.875,0.0,2400.0,2400.0,Shrubland,Herbivore,SP,No,Granivore
AVIBASE-3AA01547,24.55,0.0,900.0,900.0,Forest,Carnivore,SP,No,Invertivore
AVIBASE-3706ABE9,,0.0,2200.0,2200.0,Forest,Carnivore,,No,Invertivore
AVIBASE-8999FD8C,24.125,0.0,,,Shrubland,Omnivore,SP,No,Omnivore
AVIBASE-FD358454,19.13333,0.0,2000.0,2000.0,Forest,Omnivore,SP,No,Omnivore
AVIBASE-C65AA8EE,,0.0,2200.0,2200.0,Forest,Herbivore,,No,Granivore
AVIBASE-2F37FD05,18.0,450.0,350.0,800.0,Forest,Carnivore,DM,No,Invertivore
AVIBASE-B55985C7,17.03333,0.0,500.0,500.0,Forest,Carnivore,DM,No,Invertivore
AVIBASE-CC3F83AD,15.2,20.0,370.0,390.0,Forest,Carnivore,SP,No,Invertivore
AVIBASE-D76AC221,25.0,0.0,500.0,500.0,Riverine,Herbivore,SP,No,Granivore
AVIBASE-4A58452B,15.21667,400.0,1400.0,1800.0,Wetland,Herbivore,SP,No,Granivore
AVIBASE-95A724BE,14.0,0.0,1000.0,1000.0,Grassland,Herbivore,SP,No,Granivore
AVIBASE-CC7862AF,27.8,700.0,1100.0,1800.0,Grassland,Omnivore,SP,No,Omnivore
AVIBASE-A31AC101,12.5,0.0,1000.0,1000.0,Grassland,Herbivore,SP,No,Granivore
AVIBASE-7B414273,20.7,0.0,2000.0,2000.0,Forest,Herbivore,SP,No,Granivore
AVIBASE-95F08BC3,23.5,0.0,1700.0,1700.0,Grassland,Herbivore,SP,No,Granivore
AVIBASE-3D122849,16.75,600.0,1400.0,2000.0,Grassland,Herbivore,SP,No,Granivore
AVIBASE-2B94D2D5,25.0,0.0,300.0,300.0,Grassland,Herbivore,SP,No,Granivore
AVIBASE-97A73D9F,29.775,0.0,3200.0,3200.0,Grassland,Herbivore,DM,No,Granivore
AVIBASE-B08FF959,26.25,0.0,1500.0,1500.0,Grassland,Herbivore,SP,No,Granivore
AVIBASE-F5E0EA0D,22.05,0.0,2100.0,2100.0,Grassland,Herbivore,SP,No,Granivore
AVIBASE-59E7ABE5,35.5,1100.0,700.0,1800.0,Wetland,Omnivore,SP,No,Omnivore
AVIBASE-F7C77F74,35.5,1800.0,1200.0,3000.0,Grassland,Omnivore,DM,No,Omnivore
AVIBASE-749E7B3C,21.75,0.0,2000.0,2000.0,Grassland,Herbivore,SP,No,Granivore
AVIBASE-26618AA1,18.925,0.0,2200.0,2200.0,Grassland,Herbivore,SP,No,Granivore
AVIBASE-6A1F6033,22.225,750.0,2590.0,3340.0,Grassland,Herbivore,SP,No,Granivore
AVIBASE-3153FE22,35.81667,1800.0,1000.0,2800.0,Grassland,Herbivore,DM,No,Granivore
AVIBASE-87071086,40.0,1500.0,1500.0,3000.0,Grassland,Herbivore,"DM,SP",No,Granivore
AVIBASE-E6B72B68,15.3,0.0,500.0,500.0,Woodland,Herbivore,SP,No,Granivore
AVIBASE-069E414F,18.8,2700.0,980.0,3680.0,Forest,Herbivore,SP,No,Granivore
AVIBASE-00AF5DA1,18.4,0.0,1000.0,1000.0,Forest,Herbivore,SP,No,Granivore
AVIBASE-AA0BCF4A,13.0,0.0,500.0,500.0,Shrubland,Herbivore,SP,No,Granivore
AVIBASE-82ABFD7F,14.0,0.0,1500.0,1500.0,Shrubland,Herbivore,SP,No,Granivore
AVIBASE-27E88DB9,10.0,0.0,1000.0,1000.0,Riverine,Herbivore,SP,No,Granivore
AVIBASE-FAC6FDBA,9.0,0.0,500.0,500.0,Wetland,Herbivore,SP,No,Granivore
AVIBASE-4359B503,11.5,0.0,1000.0,1000.0,Woodland,Herbivore,PN,No,Granivore
AVIBASE-AA669EFC,10.55,0.0,1000.0,1000.0,Rock,Herbivore,SP,No,Granivore
AVIBASE-FC54497E,11.18333,0.0,1000.0,1000.0,Riverine,Herbivore,SP,No,Granivore
AVIBASE-80FEE3DC,12.76667,0.0,1000.0,1000.0,Grassland,Herbivore,SP,No,Granivore
AVIBASE-4DF9C4F6,9.83333,0.0,1000.0,1000.0,Shrubland,Herbivore,"SP,CV",No,Granivore
AVIBASE-CF7D71B0,12.06,0.0,2300.0,2300.0,Grassland,Herbivore,SP,No,Granivore
AVIBASE-CAEA2737,12.55,,,,Grassland,Herbivore,SP,No,Granivore
AVIBASE-6642D95D,13.75,0.0,1000.0,1000.0,Forest,Herbivore,SP,No,Granivore
AVIBASE-1C1BB52B,14.05,0.0,1000.0,1000.0,Woodland,Herbivore,SP,No,Granivore
AVIBASE-72840F17,15.0,0.0,1000.0,1000.0,Woodland,Herbivore,"SP,CV",No,Granivore
AVIBASE-7D6F12FE,13.3,0.0,1000.0,1000.0,Grassland,Herbivore,SP,No,Granivore
AVIBASE-142E4CB7,9.75,750.0,1450.0,2200.0,Woodland,Herbivore,"SP,O",No,Granivore
AVIBASE-64E386FE,16.05,0.0,2000.0,2000.0,Shrubland,Herbivore,SP,No,Granivore
AVIBASE-E358EC8A,9.3,1300.0,1400.0,2700.0,Grassland,Herbivore,SP,No,Granivore
AVIBASE-9E75E6F9,8.2,0.0,2000.0,2000.0,Woodland,Herbivore,SP,No,Granivore
AVIBASE-FC6A9CD0,12.0,0.0,2000.0,2000.0,Grassland,Herbivore,SP,No,Granivore
AVIBASE-C03E353A,11.33333,0.0,1200.0,1200.0,Grassland,Herbivore,SP,No,Granivore
AVIBASE-549BEA0C,24.7,0.0,500.0,500.0,Grassland,Herbivore,"DM,CR,CV",No,Granivore
AVIBASE-BBD0A638,20.7,0.0,720.0,720.0,Grassland,Herbivore,SP,No,Granivore
AVIBASE-982303AD,8.56667,0.0,1700.0,1700.0,Shrubland,Herbivore,SP,No,Granivore
AVIBASE-6ECF5020,8.5,0.0,500.0,500.0,Grassland,Herbivore,SP,No,Granivore
AVIBASE-6D4F72B1,14.0,0.0,3000.0,3000.0,Shrubland,Herbivore,SP,No,Granivore
AVIBASE-9138891C,13.25,600.0,1500.0,2100.0,Grassland,Herbivore,SP,No,Granivore
AVIBASE-F84846C3,12.0,0.0,1150.0,1150.0,Grassland,Herbivore,SP,No,Granivore
AVIBASE-22BE6FC5,11.25,240.0,2260.0,2500.0,Shrubland,Herbivore,"SP,CV",No,Granivore
AVIBASE-F1F444EE,9.5,0.0,500.0,500.0,Grassland,Herbivore,CR,No,Granivore
AVIBASE-63392C0E,11.45,0.0,700.0,700.0,Shrubland,Herbivore,SP,No,Granivore
AVIBASE-C4445409,10.0,0.0,500.0,500.0,Grassland,Herbivore,SP,No,Granivore
AVIBASE-937B5409,12.3,0.0,2100.0,2100.0,Wetland,Herbivore,SP,No,Granivore
AVIBASE-5634598A,12.95,0.0,1700.0,1700.0,Wetland,Herbivore,SP,No,Granivore
AVIBASE-E8A0ABCF,11.5,0.0,1500.0,1500.0,Wetland,Herbivore,SP,No,Granivore
AVIBASE-E92CE1F0,12.6,0.0,1500.0,1500.0,Grassland,Herbivore,SP,No,Granivore
AVIBASE-E25374DB,12.0,0.0,1000.0,1000.0,Shrubland,Herbivore,DM,No,Granivore
AVIBASE-083AA376,13.05,0.0,1300.0,1300.0,Grassland,Herbivore,SP,No,Granivore
AVIBASE-34A03C70,,1200.0,1000.0,2200.0,Grassland,Herbivore,DM,No,Granivore
AVIBASE-497D7737,15.5,3200.0,600.0,3800.0,Grassland,Herbivore,,No,Granivore
AVIBASE-21E64EAC,,2700.0,1200.0,3900.0,Grassland,Herbivore,,No,Granivore
AVIBASE-D6BEA296,,1800.0,300.0,2100.0,Grassland,Herbivore,,No,Granivore
AVIBASE-E9579BCC,11.2,0.0,1800.0,1800.0,Grassland,Herbivore,SP,No,Granivore
AVIBASE-68DA304C,9.75,0.0,2200.0,2200.0,Grassland,Herbivore,SP,No,Granivore
AVIBASE-5E0856C9,11.5,0.0,2000.0,2000.0,Grassland,Herbivore,PN,No,Granivore
AVIBASE-0EF407D4,,0.0,1000.0,1000.0,Grassland,Herbivore,,No,Granivore
AVIBASE-84A01BC8,10.5,0.0,500.0,500.0,Grassland,Herbivore,,No,Granivore
AVIBASE-84A01BC8,,0.0,900.0,900.0,Shrubland,Herbivore,,No,Granivore
AVIBASE-E3DD5ABD,11.5,0.0,,,Wetland,Herbivore,SP,No,Granivore
AVIBASE-497038CC,12.85,0.0,1600.0,1600.0,Shrubland,Herbivore,SP,No,Granivore
AVIBASE-468F5860,14.5,0.0,1800.0,1800.0,Wetland,Herbivore,SP,No,Granivore
AVIBASE-D8C80CAF,11.0,0.0,400.0,400.0,Grassland,Herbivore,DM,No,Granivore
AVIBASE-922C2DF2,,0.0,1200.0,1200.0,Grassland,Herbivore,DM,No,Granivore
AVIBASE-886A8AB7,13.25,0.0,370.0,370.0,Grassland,Herbivore,"CV,DM",No,Granivore
AVIBASE-C8D798BA,15.96,0.0,1500.0,1500.0,Forest,Herbivore,SP,No,Granivore
AVIBASE-99FE1678,14.52,1000.0,,,Forest,Herbivore,SP,No,Granivore
AVIBASE-CF1F8158,11.6,600.0,2700.0,3300.0,Forest,Herbivore,SP,No,Granivore
AVIBASE-39D00123,11.0,0.0,1000.0,1000.0,Shrubland,Herbivore,SP,No,Granivore
AVIBASE-07A73FDE,11.75,0.0,1200.0,1200.0,Forest,Herbivore,DM,No,Granivore
AVIBASE-3A4A4B7D,11.73333,500.0,1370.0,1870.0,Forest,Herbivore,SP,No,Frugivore
AVIBASE-3A4A4B7D,12.975,0.0,500.0,500.0,Forest,Herbivore,SP,No,Frugivore
AVIBASE-DE6E6331,21.0,0.0,1000.0,1000.0,Forest,Carnivore,SP,No,Invertivore
AVIBASE-58F4664B,10.0,0.0,1400.0,1400.0,Forest,Herbivore,DM,No,Granivore
AVIBASE-B6EA0B9C,11.25,1000.0,1250.0,2250.0,Forest,Herbivore,,No,Granivore
AVIBASE-F7429922,20.0,1200.0,1400.0,2600.0,Forest,Herbivore,,No,Omnivore
AVIBASE-A47408C2,13.83333,0.0,3000.0,3000.0,Forest,Herbivore,SP,No,Granivore
AVIBASE-BD9A8EF4,8.0,50.0,2050.0,2100.0,Forest,Omnivore,O,No,Omnivore
AVIBASE-99453701,8.75,1000.0,900.0,1900.0,Wetland,Herbivore,O,No,Granivore
AVIBASE-B9BE800C,7.0,900.0,2100.0,3000.0,Grassland,Herbivore,DM,No,Granivore
AVIBASE-95DC125B,7.0,0.0,2400.0,2400.0,Grassland,Herbivore,,No,Granivore
AVIBASE-7CB6CE7B,6.9,0.0,1800.0,1800.0,Woodland,Herbivore,SP,No,Granivore
AVIBASE-1A6B766A,9.25,0.0,2400.0,2400.0,Shrubland,Herbivore,"SP,O",No,Granivore
AVIBASE-1C1A87C4,17.0,1600.0,1800.0,3400.0,Forest,Herbivore,,No,Granivore
AVIBASE-7E6DF5D5,13.5,1500.0,1200.0,2700.0,Forest,Herbivore,,No,Granivore
AVIBASE-98B15EE7,12.45,1700.0,1330.0,3030.0,Forest,Herbivore,SP,No,Granivore
AVIBASE-E034D9D9,12.875,1200.0,1300.0,2500.0,Forest,Herbivore,SP,No,Granivore
AVIBASE-6B6E52A1,9.25,0.0,1000.0,1000.0,Forest,Carnivore,SP,No,Invertivore
AVIBASE-06C33419,9.63333,0.0,1000.0,1000.0,Forest,Carnivore,DM,No,Invertivore
AVIBASE-39D5C361,9.5,700.0,1100.0,1800.0,Forest,Carnivore,,No,Invertivore
AVIBASE-F3B46894,9.16667,0.0,1800.0,1800.0,Forest,Omnivore,SP,No,Omnivore
AVIBASE-AD1CBF5A,10.15,0.0,1800.0,1800.0,Forest,Omnivore,SP,No,Omnivore
AVIBASE-B15F4C49,19.0,0.0,3500.0,3500.0,Forest,Omnivore,"SP,DM",No,Omnivore
AVIBASE-AE4727FB,13.25,0.0,1000.0,1000.0,Forest,Omnivore,SP,No,Omnivore
AVIBASE-2AD189C1,11.46667,0.0,1200.0,1200.0,Grassland,Herbivore,PN,No,Granivore
AVIBASE-50BF77FB,8.75,100.0,1720.0,1820.0,Grassland,Herbivore,SP,No,Granivore
AVIBASE-842FF43C,8.94,950.0,550.0,1500.0,Grassland,Herbivore,SP,No,Granivore
AVIBASE-174BFAB6,10.5,0.0,1000.0,1000.0,Shrubland,Herbivore,"SP,O",No,Omnivore
AVIBASE-BC75EA9A,7.56667,60.0,1890.0,1950.0,Shrubland,Herbivore,SP,No,Granivore
AVIBASE-3161DF72,7.325,200.0,300.0,500.0,Shrubland,Herbivore,SP,No,Granivore
AVIBASE-2680F124,7.86667,230.0,2570.0,2800.0,Grassland,Herbivore,SP,No,Granivore
AVIBASE-16E6A0F3,7.5,1500.0,1800.0,3300.0,Grassland,Herbivore,SP,No,Granivore
AVIBASE-C38DEB1A,8.0,1460.0,2040.0,3500.0,Grassland,Herbivore,SP,No,Granivore
AVIBASE-1E79A7D7,8.05,0.0,1000.0,1000.0,Grassland,Herbivore,SP,No,Granivore
AVIBASE-A25AFBEA,,0.0,100.0,100.0,Shrubland,Herbivore,,No,Granivore
AVIBASE-1066028B,7.55,1200.0,900.0,2100.0,Grassland,Herbivore,SP,No,Granivore
AVIBASE-61CB98C0,7.78333,0.0,3030.0,3030.0,Grassland,Herbivore,SP,No,Granivore
AVIBASE-9C12483E,,,,,Grassland,Herbivore,,No,Granivore
AVIBASE-D30DC715,7.06667,0.0,1000.0,1000.0,Grassland,Herbivore,SP,No,Granivore
AVIBASE-6DD8F10F,7.8,0.0,1650.0,1650.0,Grassland,Herbivore,SP,No,Granivore
AVIBASE-5E163A46,8.5,1000.0,1500.0,2500.0,Shrubland,Herbivore,,No,Granivore
AVIBASE-8E5252EB,11.31667,0.0,2700.0,2700.0,Grassland,Herbivore,SP,No,Granivore
AVIBASE-EF6293B7,,950.0,720.0,1670.0,Grassland,Herbivore,SP,No,Granivore
AVIBASE-CDDA63E0,20.8,0.0,1500.0,1500.0,Shrubland,Herbivore,"SP,CV,O",No,Granivore
AVIBASE-13BE59E4,23.83333,0.0,1000.0,1000.0,Grassland,Omnivore,"SP,CV,O",No,Omnivore
AVIBASE-7423EBDD,6.1,0.0,1000.0,1000.0,Grassland,Herbivore,SP,No,Granivore
AVIBASE-ECC40D44,8.03333,750.0,850.0,1600.0,Grassland,Herbivore,"SP,O",No,Granivore
AVIBASE-F30FC757,8.5,0.0,300.0,300.0,Grassland,Herbivore,SP,No,Granivore
AVIBASE-DE689967,14.16667,0.0,1600.0,1600.0,Shrubland,Herbivore,SP,No,Granivore
AVIBASE-E247988F,11.13333,0.0,1000.0,1000.0,Shrubland,Herbivore,SP,No,Omnivore
AVIBASE-B40A6BCD,9.53333,40.0,1760.0,1800.0,Grassland,Herbivore,SP,No,Granivore
AVIBASE-EAE77D96,10.06667,0.0,2300.0,2300.0,Grassland,Herbivore,SP,No,Granivore
AVIBASE-5CAE6778,10.16667,0.0,1300.0,1300.0,Grassland,Herbivore,"SP,O",No,Granivore
AVIBASE-AEAD40DD,20.2,,,1400.0,Forest,Herbivore,,No,Granivore
AVIBASE-3817DA4A,22.76667,0.0,1000.0,1000.0,Forest,Omnivore,SP,No,Omnivore
AVIBASE-46A1FC77,22.82,0.0,2100.0,2100.0,Forest,Herbivore,SP,No,Granivore
AVIBASE-A24ED820,14.0,100.0,1700.0,1800.0,Forest,Herbivore,SP,No,Granivore
AVIBASE-E617A8C3,20.175,0.0,1000.0,1000.0,Forest,Herbivore,SP,No,Granivore
AVIBASE-2CC91390,,0.0,1700.0,1700.0,Forest,Herbivore,SP,No,Granivore
AVIBASE-01A3BE3C,14.9,100.0,1400.0,1500.0,Shrubland,Herbivore,SP,No,Granivore
AVIBASE-6A1ED1C2,16.16667,0.0,1800.0,1800.0,Shrubland,Herbivore,SP,No,Granivore
AVIBASE-C7891867,14.9,0.0,1000.0,1000.0,Shrubland,Herbivore,SP,No,Granivore
AVIBASE-2F790B56,13.9,750.0,1050.0,1800.0,Grassland,Omnivore,,No,Omnivore
AVIBASE-1AAAEAFD,14.65,0.0,1000.0,1000.0,Grassland,Herbivore,SP,No,Granivore
AVIBASE-76B35118,13.2,0.0,1000.0,1000.0,Grassland,Omnivore,SP,No,Omnivore
AVIBASE-F729393B,11.5,1300.0,1000.0,2300.0,Grassland,Herbivore,SP,No,Granivore
AVIBASE-50490520,14.96,0.0,2000.0,2000.0,Shrubland,Herbivore,SP,No,Granivore
AVIBASE-7970DC5F,12.75,0.0,500.0,500.0,Woodland,Herbivore,SP,No,Granivore
AVIBASE-BD7558AD,14.86667,0.0,1500.0,1500.0,Grassland,Omnivore,O,No,Omnivore
AVIBASE-B4A4E4BF,9.34,0.0,2200.0,2200.0,Grassland,Herbivore,SP,No,Granivore
AVIBASE-8153E1B0,10.025,0.0,2500.0,2500.0,Woodland,Herbivore,DM,No,Granivore
AVIBASE-871F32D9,9.66,,,1200.0,Grassland,Herbivore,SP,No,Granivore
AVIBASE-8AC4DC43,9.48333,,,,Shrubland,Herbivore,SP,No,Granivore
AVIBASE-25D648E7,10.8,0.0,900.0,900.0,Rock,Herbivore,SP,No,Granivore
AVIBASE-D2EDC42A,9.0,400.0,400.0,800.0,Rock,Herbivore,,No,Granivore
AVIBASE-27012CC9,10.6,0.0,1000.0,1000.0,Grassland,Herbivore,SP,No,Granivore
AVIBASE-43FE4788,9.46667,0.0,1000.0,1000.0,Grassland,Herbivore,SP,No,Granivore
AVIBASE-995975D1,10.875,0.0,2000.0,2000.0,Wetland,Herbivore,"SP,O",No,Granivore
AVIBASE-868766DD,10.01667,0.0,1700.0,1700.0,Grassland,Herbivore,SP,No,Granivore
AVIBASE-93287BF3,,0.0,1700.0,1700.0,Grassland,Herbivore,,No,Granivore
AVIBASE-42CBC191,9.5,700.0,1000.0,1700.0,Grassland,Herbivore,SP,No,Granivore
AVIBASE-BA01A793,12.875,0.0,2000.0,2000.0,Grassland,Herbivore,NO,No,Granivore
AVIBASE-2AA13F1D,13.18,1350.0,450.0,1800.0,Shrubland,Herbivore,NO,No,Granivore
AVIBASE-30A131ED,12.46667,0.0,1000.0,1000.0,Grassland,Herbivore,NO,No,Granivore
AVIBASE-04D7BC6C,13.0,0.0,1000.0,1000.0,Grassland,Herbivore,NO,No,Granivore
AVIBASE-49EF9657,14.83333,0.0,2000.0,2000.0,Forest,Herbivore,NO,No,Granivore
AVIBASE-634F5756,12.75,0.0,1250.0,1250.0,Forest,Herbivore,NO,No,Granivore
AVIBASE-0D1546EC,12.76,0.0,1000.0,1000.0,Grassland,Herbivore,NO,No,Granivore
AVIBASE-86FBD1A0,12.18333,,,,Grassland,Herbivore,NO,No,Granivore
AVIBASE-12EC9197,13.25,800.0,400.0,1200.0,Rock,Herbivore,NO,No,Granivore
AVIBASE-A37F0FEC,12.35,800.0,400.0,1200.0,Woodland,Herbivore,NO,No,Granivore
AVIBASE-673E66F0,15.36667,0.0,2600.0,2600.0,Grassland,Herbivore,NO,No,Granivore
AVIBASE-8D05A048,12.0,,,1360.0,Grassland,Herbivore,NO,No,Granivore
AVIBASE-424B857C,13.65,0.0,1600.0,1600.0,Grassland,Herbivore,NO,No,Granivore
AVIBASE-019E8CA3,14.45,0.0,1000.0,1000.0,Grassland,Herbivore,NO,No,Granivore
AVIBASE-ACF0F1A2,21.0,0.0,1400.0,1400.0,Grassland,Herbivore,NO,No,Granivore
AVIBASE-DFCFAB2A,19.66667,,,,Grassland,Herbivore,NO,No,Granivore
AVIBASE-78607A22,20.5,0.0,1000.0,1000.0,Grassland,Herbivore,NO,No,Granivore
AVIBASE-E60F7093,,0.0,1000.0,1000.0,Grassland,Herbivore,NO,No,Granivore
AVIBASE-C1A42CCA,21.38333,300.0,1400.0,1700.0,Woodland,Herbivore,NO,No,Granivore
AVIBASE-C97A5C39,20.88,0.0,1000.0,1000.0,Grassland,Herbivore,NO,No,Granivore
AVIBASE-9D945327,11.11667,1000.0,2500.0,3500.0,Forest,Carnivore,CP,No,Invertivore
AVIBASE-A783468F,38.58,0.0,5000.0,5000.0,Rock,Carnivore,"CP,CR",No,Invertivore
AVIBASE-EB8501AD,26.78333,2000.0,3500.0,5500.0,Grassland,Carnivore,CP,No,Invertivore
AVIBASE-0158561B,23.82,2500.0,3000.0,5500.0,Shrubland,Omnivore,CP,No,Omnivore
AVIBASE-68193296,18.2,1300.0,3700.0,5000.0,Forest,Carnivore,CP,No,Invertivore
AVIBASE-D3220040,17.43333,0.0,1000.0,1000.0,Forest,Carnivore,CP,No,Invertivore
AVIBASE-AEBE407C,18.5,1500.0,3600.0,5100.0,Shrubland,Carnivore,"CP,CR",No,Invertivore
AVIBASE-14C13A71,20.84167,1850.0,1950.0,3800.0,Rock,Omnivore,CP,No,Omnivore
AVIBASE-C68A31C1,19.05,1800.0,1200.0,3000.0,Shrubland,Carnivore,CP,No,Invertivore
AVIBASE-38790757,17.0,,,,Shrubland,Carnivore,,No,Invertivore
AVIBASE-26530C86,19.9,0.0,2600.0,2600.0,Shrubland,Carnivore,CP,No,Invertivore
AVIBASE-18D3C762,17.85,1000.0,2000.0,3000.0,Shrubland,Carnivore,CP,No,Invertivore
AVIBASE-D47C1AA7,20.75,1500.0,3500.0,5000.0,Forest,Omnivore,,No,Omnivore
AVIBASE-8E872FAA,15.0,0.0,1800.0,1800.0,Forest,Carnivore,CP,No,Invertivore
AVIBASE-5983D677,17.85,0.0,4500.0,4500.0,Grassland,Carnivore,CP,No,Invertivore
AVIBASE-5487B650,16.26667,0.0,1300.0,1300.0,Wetland,Carnivore,CP,No,Invertivore
AVIBASE-5B0295C1,21.0,0.0,4600.0,4600.0,Wetland,Carnivore,CP,No,Invertivore
AVIBASE-4F2CC293,20.93333,0.0,3000.0,3000.0,Wetland,Carnivore,CP,No,Invertivore
AVIBASE-B034A3E6,22.93333,0.0,2600.0,2600.0,Wetland,Carnivore,CP,No,Invertivore
AVIBASE-47CB67FD,,0.0,1540.0,1540.0,Forest,Carnivore,,No,Invertivore
AVIBASE-AE073221,17.75,0.0,4100.0,4100.0,Riverine,Carnivore,CP,No,Invertivore
AVIBASE-747B3A52,19.38,1500.0,500.0,2000.0,Riverine,Carnivore,CP,No,Invertivore
AVIBASE-400E032C,25.61667,0.0,5000.0,5000.0,Riverine,Carnivore,"CP,CR,BU",No,Invertivore
AVIBASE-CE7D41A6,26.91667,0.0,3000.0,3000.0,Riverine,Carnivore,"CP,CR",No,Invertivore
AVIBASE-FE9D807D,,0.0,1000.0,1000.0,Riverine,Carnivore,CR,No,Invertivore
AVIBASE-B9F2A8B6,30.3,0.0,1500.0,1500.0,Riverine,Carnivore,CP,No,Invertivore
AVIBASE-F75CF94C,30.83333,0.0,2200.0,2200.0,Riverine,Carnivore,"CP,CR",No,Invertivore
AVIBASE-B9104F62,19.875,0.0,1000.0,1000.0,Grassland,Carnivore,CP,No,Invertivore
AVIBASE-FED54E53,30.75,1850.0,950.0,2800.0,Grassland,Carnivore,CP,No,Invertivore
AVIBASE-05AE5DFF,,1800.0,950.0,2750.0,Grassland,Carnivore,CP,No,Invertivore
AVIBASE-14CFB78A,55.75,730.0,1720.0,2450.0,Grassland,Carnivore,HC,No,Invertivore
AVIBASE-CA742F9D,49.43333,0.0,2300.0,2300.0,Grassland,Carnivore,CP,No,Invertivore
AVIBASE-0D9BFED1,48.06667,0.0,2350.0,2350.0,Grassland,Carnivore,CP,No,Invertivore
AVIBASE-F774B577,39.8,0.0,1000.0,1000.0,Grassland,Carnivore,CP,No,Invertivore
AVIBASE-70129CB1,33.725,0.0,2200.0,2200.0,Grassland,Carnivore,CP,No,Invertivore
AVIBASE-E05608A4,,800.0,700.0,1500.0,Grassland,Carnivore,,No,Invertivore
AVIBASE-41ECD10E,32.16667,0.0,1800.0,1800.0,Grassland,Carnivore,CP,No,Invertivore
AVIBASE-57A0C80B,20.38333,0.0,2400.0,2400.0,Grassland,Carnivore,"CP,DM",No,Invertivore
AVIBASE-E353F8BD,,,,,Grassland,Carnivore,CP,No,Invertivore
AVIBASE-7BF0555A,24.03333,0.0,3700.0,3700.0,Grassland,Carnivore,CP,No,Invertivore
AVIBASE-0D7CC717,24.5,0.0,3400.0,3400.0,Grassland,Carnivore,CP,No,Invertivore
AVIBASE-B855F1E4,27.25,2000.0,700.0,2700.0,Grassland,Carnivore,CP,No,Invertivore
AVIBASE-9F65782F,24.25,0.0,3000.0,3000.0,Rock,Carnivore,CP,No,Invertivore
AVIBASE-250CDA58,25.91667,0.0,3600.0,3600.0,Grassland,Carnivore,CP,No,Invertivore
AVIBASE-ECFF22D2,29.08333,0.0,2600.0,2600.0,Grassland,Carnivore,CP,No,Invertivore
AVIBASE-3A1FA0A7,23.5,0.0,2600.0,2600.0,Rock,Carnivore,CP,No,Invertivore
AVIBASE-C21A0347,24.65,0.0,1800.0,1800.0,Woodland,Carnivore,CP,No,Invertivore
AVIBASE-3BC778CE,30.2,0.0,1700.0,1700.0,Grassland,Carnivore,CP,No,Invertivore
AVIBASE-ECC3F122,26.0,0.0,2200.0,2200.0,Grassland,Carnivore,CP,No,Invertivore
AVIBASE-1DD0949C,,0.0,500.0,500.0,Grassland,Carnivore,,No,Invertivore
AVIBASE-14873249,18.85,0.0,3000.0,3000.0,Grassland,Carnivore,CP,No,Invertivore
AVIBASE-365F5E97,26.0,0.0,4000.0,4000.0,Woodland,Carnivore,CP,No,Invertivore
AVIBASE-25F7AF65,20.875,2500.0,1500.0,4000.0,Grassland,Carnivore,CP,No,Invertivore
AVIBASE-9DC4CC54,21.63333,0.0,1000.0,1000.0,Shrubland,Carnivore,CP,No,Invertivore
AVIBASE-6137BE25,21.0,1500.0,2700.0,4200.0,Grassland,Carnivore,CP,No,Invertivore
AVIBASE-319D044A,22.85,0.0,2500.0,2500.0,Wetland,Carnivore,CP,No,Invertivore
AVIBASE-8F268682,21.98,0.0,3250.0,3250.0,Grassland,Carnivore,"CP,BU",No,Invertivore
AVIBASE-0A3FA185,21.35,0.0,3200.0,3200.0,Grassland,Carnivore,CP,No,Invertivore
AVIBASE-E1CBB1C2,24.9,0.0,400.0,400.0,Coastal,Carnivore,"CP,CR",No,Invertivore
AVIBASE-9E5537A4,,1500.0,800.0,2300.0,Grassland,Carnivore,CP,No,Invertivore
AVIBASE-E097F2EC,24.85,900.0,2100.0,3000.0,Grassland,Carnivore,CP,No,Invertivore
AVIBASE-B17CFF22,17.5,0.0,2000.0,2000.0,Rock,Carnivore,CP,No,Invertivore
AVIBASE-C69E0E28,33.76667,150.0,1850.0,2000.0,Woodland,Carnivore,CP,No,Invertivore
AVIBASE-56CB3F84,32.16667,300.0,2700.0,3000.0,Rock,Carnivore,HC,No,Invertivore
AVIBASE-E6629C69,15.6,800.0,700.0,1500.0,Grassland,Carnivore,CP,No,Invertivore
AVIBASE-4C7B3D81,17.0,0.0,2200.0,2200.0,Woodland,Carnivore,CP,No,Invertivore
AVIBASE-19489268,14.5,,,,Forest,Carnivore,,No,Invertivore
AVIBASE-D8A51184,23.66667,0.0,500.0,500.0,Grassland,Carnivore,CP,No,Invertivore
AVIBASE-71F12B23,24.92,1400.0,1000.0,2400.0,Grassland,Carnivore,CP,No,Invertivore
AVIBASE-183DFD8A,36.5,3200.0,1300.0,4500.0,Grassland,Carnivore,CP,No,Invertivore
AVIBASE-BF2ABEE9,,1450.0,300.0,1750.0,Forest,Carnivore,,No,Invertivore
AVIBASE-BF380B5D,24.08333,0.0,2500.0,2500.0,Grassland,Carnivore,CP,No,Invertivore
AVIBASE-5CAA1EA8,15.5,0.0,1300.0,1300.0,Grassland,Carnivore,DM,No,Invertivore
AVIBASE-3FAE5E4B,15.15,0.0,450.0,450.0,Coastal,Carnivore,,No,Invertivore
AVIBASE-8DAF3F7F,20.16667,0.0,4000.0,4000.0,Grassland,Carnivore,CP,No,Invertivore
AVIBASE-19455D26,20.0,3500.0,800.0,4300.0,Grassland,Carnivore,,No,Invertivore
AVIBASE-4E83271D,,0.0,500.0,500.0,Shrubland,Carnivore,,No,Invertivore
AVIBASE-0E627EF1,20.5,0.0,4450.0,4450.0,Grassland,Carnivore,CP,No,Invertivore
AVIBASE-AAA4D21C,37.4,0.0,200.0,200.0,Grassland,Carnivore,"CP,DM,CR",No,Invertivore
AVIBASE-28F81C1C,19.5,0.0,900.0,900.0,Grassland,Carnivore,HC,No,Invertivore
AVIBASE-D46D5344,18.58333,0.0,3700.0,3700.0,Grassland,Carnivore,CP,No,Invertivore
AVIBASE-5FC6B003,24.65,2100.0,2100.0,4200.0,Grassland,Omnivore,CP,No,Omnivore
AVIBASE-80262BF2,,3050.0,1950.0,5000.0,Shrubland,Herbivore,,No,Granivore
AVIBASE-37F52281,22.75,0.0,2500.0,2500.0,Woodland,Carnivore,CP,No,Invertivore
AVIBASE-9C8662BB,22.7025,,,,Woodland,Carnivore,,No,Invertivore
AVIBASE-D77B121C,23.0,,,,Forest,Herbivore,,No,Granivore
AVIBASE-3F80A0BC,23.0,300.0,1300.0,1600.0,Forest,Carnivore,,No,Invertivore
AVIBASE-1E2D705D,26.1475,,,,Forest,Carnivore,,No,Invertivore
AVIBASE-A338CC4F,30.65,1200.0,1100.0,2300.0,Forest,Herbivore,,No,Granivore
AVIBASE-EE6907BB,27.7,700.0,500.0,1200.0,Forest,Herbivore,CP,No,Granivore
AVIBASE-E16B2C03,24.36667,0.0,3050.0,3050.0,Woodland,Herbivore,CP,No,Omnivore
AVIBASE-91A4FA36,67.0,1800.0,1700.0,3500.0,Forest,Herbivore,HC,No,Omnivore
AVIBASE-F7B5C386,74.66667,2200.0,1800.0,4000.0,Forest,Herbivore,HC,No,Granivore
AVIBASE-7AF5B51C,62.0,1000.0,2600.0,3600.0,Forest,Herbivore,CP,No,Omnivore
AVIBASE-E3BD8022,58.66667,1000.0,3600.0,4600.0,Forest,Herbivore,CP,No,Frugivore
AVIBASE-C6B5497C,60.675,1500.0,1500.0,3000.0,Forest,Omnivore,SA,No,Omnivore
AVIBASE-5C079E0C,48.12,1200.0,2300.0,3500.0,Forest,Herbivore,,No,Granivore
AVIBASE-84E1F114,57.25,0.0,2200.0,2200.0,Woodland,Herbivore,CP,No,Granivore
AVIBASE-507C9379,47.25,0.0,1000.0,1000.0,Forest,Herbivore,CP,No,Granivore
AVIBASE-A682E863,81.33333,0.0,1000.0,1000.0,Forest,Herbivore,CP,No,Granivore
AVIBASE-83AC4DAD,61.3,0.0,3100.0,3100.0,Forest,Herbivore,CP,No,Omnivore
AVIBASE-88383AD3,24.75,1300.0,2400.0,3700.0,Forest,Herbivore,CP,No,Omnivore
AVIBASE-B46569BF,20.7,1500.0,600.0,2100.0,Forest,Herbivore,CP,No,Omnivore
AVIBASE-77B73033,19.5,1550.0,1950.0,3500.0,Forest,Herbivore,CP,No,Omnivore
AVIBASE-9A1D7F23,22.45,1500.0,2700.0,4200.0,Forest,Herbivore,CP,No,Granivore
AVIBASE-1C8E0DB2,19.9,2000.0,1800.0,3800.0,Forest,Herbivore,CP,No,Omnivore
AVIBASE-BD3982A7,19.5,2280.0,920.0,3200.0,Forest,Herbivore,CP,No,Omnivore
AVIBASE-14C7C939,19.5,1250.0,500.0,1750.0,Forest,Herbivore,,No,Frugivore
AVIBASE-24764DC7,31.83333,0.0,3000.0,3000.0,Forest,Herbivore,CP,No,Granivore
AVIBASE-0788A895,30.3,300.0,700.0,1000.0,Forest,Herbivore,CP,No,Granivore
AVIBASE-7782AD9F,39.75,1100.0,3100.0,4200.0,Rock,Herbivore,CP,No,Omnivore
AVIBASE-EAF23C54,,1800.0,1800.0,3600.0,Rock,Herbivore,CP,No,Omnivore
AVIBASE-8049F707,20.5,0.0,3000.0,3000.0,Desert,Herbivore,SA,No,Granivore
AVIBASE-B8FE90AC,22.0,500.0,4000.0,4500.0,Grassland,Herbivore,"SA,CR",No,Granivore
AVIBASE-A8EC7456,,2315.0,1685.0,4000.0,Forest,Herbivore,,No,Granivore
AVIBASE-0134A6D7,33.25,1800.0,1565.0,3365.0,Forest,Herbivore,CP,No,Granivore
AVIBASE-88F67B5E,19.0,1400.0,2600.0,4000.0,Forest,Herbivore,,No,Granivore
AVIBASE-9058051F,22.08333,1500.0,2900.0,4400.0,Forest,Herbivore,,No,Omnivore
AVIBASE-AC494997,22.275,450.0,3825.0,4275.0,Grassland,Herbivore,"HC,CR,BU",No,Granivore
AVIBASE-D12C9F11,28.75,1500.0,4500.0,6000.0,Rock,Herbivore,"CP,CR,BU",No,Granivore
AVIBASE-B150BF7F,33.8,0.0,5500.0,5500.0,Grassland,Herbivore,CP,No,Omnivore
AVIBASE-029491CD,33.55,0.0,3000.0,3000.0,Grassland,Herbivore,"CP,CR",No,Granivore
AVIBASE-A8F0BE19,25.5,2620.0,980.0,3600.0,Grassland,Herbivore,CP,No,Granivore
AVIBASE-0B90527D,28.21667,3350.0,980.0,4330.0,Grassland,Herbivore,CP,No,Granivore
AVIBASE-3A713345,25.85,200.0,4350.0,4550.0,Forest,Herbivore,CP,No,Granivore
AVIBASE-1884ACC6,39.5,400.0,3450.0,3850.0,Forest,Herbivore,CP,No,Omnivore
AVIBASE-0DD36226,,,,,Forest,Herbivore,,No,Granivore
AVIBASE-D3FBD80B,41.475,2200.0,3000.0,5200.0,Shrubland,Herbivore,CP,No,Granivore
AVIBASE-7621E1A6,43.33333,900.0,4100.0,5000.0,Rock,Herbivore,"CR,CP",No,Granivore
AVIBASE-2FF259E0,33.25,2200.0,1100.0,3300.0,Forest,Herbivore,CP,No,Omnivore
AVIBASE-2FF259E0,33.25,1200.0,3700.0,4900.0,Forest,Herbivore,CP,No,Omnivore
AVIBASE-60DE3563,18.4,2700.0,1800.0,4500.0,Shrubland,Herbivore,CP,No,Omnivore
AVIBASE-540EE551,,,,,Shrubland,Herbivore,,No,Omnivore
AVIBASE-1A121D37,20.0,3950.0,950.0,4900.0,Shrubland,Herbivore,,No,Granivore
AVIBASE-0D592D10,17.91667,1200.0,3340.0,4540.0,Forest,Herbivore,CP,No,Granivore
AVIBASE-9C8F0B66,26.5,2000.0,1700.0,3700.0,Forest,Herbivore,,No,Granivore
AVIBASE-013420E1,23.0,2000.0,2600.0,4600.0,Shrubland,Herbivore,,No,Granivore
AVIBASE-83525783,,2100.0,2500.0,4600.0,Forest,Herbivore,,No,Granivore
AVIBASE-86EBCA5D,19.85,1065.0,2335.0,3400.0,Forest,Herbivore,,No,Granivore
AVIBASE-9EFFB614,22.15,2280.0,1220.0,3500.0,Forest,Herbivore,,No,Granivore
AVIBASE-8F36D663,20.5,1000.0,1000.0,2000.0,Rock,Herbivore,CR,No,Granivore
AVIBASE-2AA95030,23.15,2600.0,900.0,3500.0,Rock,Herbivore,CR,No,Granivore
AVIBASE-57C123A2,,4500.0,900.0,5400.0,Rock,Herbivore,CR,No,Omnivore
AVIBASE-4C9486AE,,5000.0,125.0,5125.0,Rock,Herbivore,,No,Herbivore terrestrial
AVIBASE-463680BF,18.43333,0.0,3400.0,3400.0,Shrubland,Herbivore,CP,No,Omnivore
AVIBASE-68DF5AB7,28.16667,1500.0,1530.0,3030.0,Forest,Herbivore,CP,No,Granivore
AVIBASE-46CD933C,,1800.0,1250.0,3050.0,Shrubland,Herbivore,CP,No,Granivore
AVIBASE-8B4F255E,30.93333,2400.0,1800.0,4200.0,Shrubland,Herbivore,HC,No,Granivore
AVIBASE-F048220F,,2800.0,1800.0,4600.0,Shrubland,Herbivore,CP,No,Granivore
AVIBASE-261F5C16,46.66667,2700.0,3000.0,5700.0,Grassland,Herbivore,CP,No,Granivore
AVIBASE-48F59E1E,46.45,1800.0,2400.0,4200.0,Shrubland,Herbivore,,No,Omnivore
AVIBASE-9AC8AEA8,25.5,1400.0,670.0,2070.0,Forest,Carnivore,CP,No,Invertivore
AVIBASE-9BD21181,,300.0,350.0,650.0,Forest,Carnivore,CP,No,Invertivore
AVIBASE-3DB0103D,,670.0,330.0,1000.0,Forest,Carnivore,CP,No,Invertivore
AVIBASE-D94752EA,13.025,900.0,1600.0,2500.0,Forest,Carnivore,CP,No,Invertivore
AVIBASE-2CFFFB8A,14.31667,600.0,1000.0,1600.0,Forest,Carnivore,CP,No,Invertivore
AVIBASE-AFEB17B8,34.36667,0.0,11.0,11.0,Shrubland,Herbivore,CP,No,Omnivore
AVIBASE-DB422AD0,24.5,0.0,277.0,277.0,Shrubland,Herbivore,CR,No,Omnivore
AVIBASE-6B31D099,37.425,2000.0,1000.0,3000.0,Forest,Herbivore,CP,No,Granivore
AVIBASE-8C3D2DCA,,1500.0,200.0,1700.0,Forest,Herbivore,,No,Granivore
AVIBASE-58F9A637,,990.0,210.0,1200.0,Forest,Herbivore,,No,Granivore
AVIBASE-16AF165D,,1400.0,300.0,1700.0,Forest,Herbivore,CP,No,Granivore
AVIBASE-AC2EDFEE,,800.0,700.0,1500.0,Forest,Herbivore,CP,No,Frugivore
AVIBASE-544B1381,,600.0,200.0,800.0,Forest,Herbivore,CP,No,Frugivore
AVIBASE-A71C0CB7,18.35,1300.0,600.0,1900.0,Forest,Herbivore,CP,No,Nectarivore
AVIBASE-D7D0A5F1,,0.0,1200.0,1200.0,Forest,Herbivore,,No,Nectarivore
AVIBASE-97746C36,,1200.0,,,Forest,Herbivore,,No,Nectarivore
AVIBASE-E35F8B09,,0.0,1700.0,1700.0,Forest,Herbivore,,No,Omnivore
AVIBASE-A643D860,26.525,1500.0,600.0,2100.0,Forest,Herbivore,CP,No,Nectarivore
AVIBASE-374CF449,14.675,1250.0,1750.0,3000.0,Forest,Herbivore,"CP,CV",No,Nectarivore
AVIBASE-4309F417,,0.0,11.0,11.0,Forest,Herbivore,CP,No,Nectarivore
AVIBASE-8FE1196F,,152.0,1068.0,1220.0,Shrubland,Carnivore,CP,No,Invertivore
AVIBASE-67049C23,24.33333,350.0,1650.0,2000.0,Forest,Carnivore,CP,No,Invertivore
AVIBASE-F131E02A,29.66667,,,,Forest,Carnivore,CP,No,Invertivore
AVIBASE-B50DDCA2,34.0,200.0,1300.0,1500.0,Forest,Carnivore,CP,No,Invertivore
AVIBASE-CA33F844,28.33333,,,,Forest,Carnivore,CP,No,Invertivore
AVIBASE-2019D40E,25.0,1000.0,1000.0,2000.0,Forest,Carnivore,,No,Invertivore
AVIBASE-FBE9861A,27.0,600.0,1400.0,2000.0,Forest,Carnivore,CP,No,Invertivore
AVIBASE-43F17FD6,23.0,1220.0,880.0,2100.0,Forest,Carnivore,CP,No,Invertivore
AVIBASE-DDE78CC9,27.2,1500.0,500.0,2000.0,Forest,Carnivore,CP,No,Invertivore
AVIBASE-99A702C3,22.725,1200.0,1150.0,2350.0,Forest,Carnivore,CP,No,Invertivore
AVIBASE-55DDF05C,10.41667,600.0,1000.0,1600.0,Forest,Omnivore,CP,No,Omnivore
AVIBASE-DD65F272,14.1,1000.0,1300.0,2300.0,Forest,Carnivore,"CP,CV",No,Invertivore
AVIBASE-0F8900D1,10.84,1100.0,500.0,1600.0,Forest,Carnivore,CP,No,Invertivore
AVIBASE-B690DF97,10.71667,1100.0,1000.0,2100.0,Forest,Carnivore,CV,No,Invertivore
AVIBASE-AF12BC31,11.0,,,,Forest,Carnivore,,No,Invertivore
AVIBASE-8904189E,,1100.0,1000.0,2100.0,Forest,Carnivore,CP,No,Invertivore
AVIBASE-ABB15738,13.65,500.0,2600.0,3100.0,Forest,Carnivore,CP,No,Invertivore
AVIBASE-0A603DFD,13.7,125.0,1075.0,1200.0,Forest,Omnivore,CP,No,Omnivore
AVIBASE-5305B509,17.25,600.0,1000.0,1600.0,Forest,Omnivore,CP,No,Omnivore
AVIBASE-B4EE123D,24.27833,0.0,1000.0,1000.0,Forest,Herbivore,CP,No,Omnivore
AVIBASE-AC1E519F,28.41667,1000.0,2000.0,3000.0,Forest,Herbivore,CP,No,Omnivore
AVIBASE-89431E9F,21.725,0.0,3500.0,3500.0,Shrubland,Herbivore,CP,No,Granivore
AVIBASE-65BD2033,27.71667,0.0,1400.0,1400.0,Forest,Herbivore,CP,No,Omnivore
AVIBASE-684A6610,23.43333,0.0,2400.0,2400.0,Forest,Herbivore,CP,No,Granivore
AVIBASE-63B91A39,17.31667,1200.0,3200.0,4400.0,Forest,Herbivore,CP,No,Granivore
AVIBASE-8875A644,15.5,1200.0,700.0,1900.0,Forest,Herbivore,CP,No,Granivore
AVIBASE-380A28B4,,1200.0,1900.0,3100.0,Forest,Herbivore,CP,No,Granivore
AVIBASE-FA269911,22.5,0.0,1400.0,1400.0,Grassland,Herbivore,CP,No,Granivore
AVIBASE-BE193EC5,31.2,0.0,1200.0,1200.0,Shrubland,Herbivore,,No,Omnivore
AVIBASE-078921E8,30.375,0.0,2950.0,2950.0,Shrubland,Herbivore,"CP,PL",No,Omnivore
AVIBASE-FB76AD60,24.5,0.0,1400.0,1400.0,Shrubland,Herbivore,,No,Omnivore
AVIBASE-80B649D4,23.56667,1700.0,1300.0,3000.0,Forest,Herbivore,HC,No,Granivore
AVIBASE-83F51B60,28.0,0.0,1500.0,1500.0,Forest,Herbivore,CP,No,Omnivore
AVIBASE-58012642,45.0,230.0,1170.0,1400.0,Forest,Herbivore,,No,Granivore
AVIBASE-D419E3A5,13.9,1000.0,1750.0,2750.0,Shrubland,Herbivore,CP,No,Omnivore
AVIBASE-5108E1D3,12.5,1070.0,1060.0,2130.0,Shrubland,Herbivore,CP,No,Granivore
AVIBASE-C978ABCC,12.75,900.0,1500.0,2400.0,Forest,Herbivore,,No,Granivore
AVIBASE-E16846C3,,0.0,1500.0,1500.0,Shrubland,Herbivore,,No,Granivore
AVIBASE-5E456730,13.53333,900.0,700.0,1600.0,Wetland,Herbivore,CP,No,Granivore
AVIBASE-994D87C2,15.5,0.0,1800.0,1800.0,Forest,Herbivore,CP,No,Omnivore
AVIBASE-C887C3FC,12.0,600.0,400.0,1000.0,Shrubland,Herbivore,CP,No,Granivore
AVIBASE-D12CDD0F,11.13333,0.0,1000.0,1000.0,Grassland,Herbivore,CP,No,Granivore
AVIBASE-71D3C8A6,,900.0,1600.0,2500.0,Grassland,Herbivore,,No,Granivore
AVIBASE-69EB514A,11.2,0.0,2430.0,2430.0,Woodland,Herbivore,CP,No,Granivore
AVIBASE-C121E620,14.0,1000.0,1400.0,2400.0,Shrubland,Herbivore,CP,No,Granivore
AVIBASE-31B513F0,,1300.0,300.0,1600.0,Shrubland,Herbivore,,No,Granivore
AVIBASE-8C436082,11.5,1000.0,500.0,1500.0,Shrubland,Herbivore,,No,Granivore
AVIBASE-238953D9,11.15,0.0,750.0,750.0,Grassland,Herbivore,CP,No,Granivore
AVIBASE-169B483C,11.76667,0.0,2300.0,2300.0,Grassland,Herbivore,CP,No,Granivore
AVIBASE-90C937E4,14.8,400.0,1000.0,1400.0,Shrubland,Herbivore,CP,No,Granivore
AVIBASE-F422B222,14.5,2620.0,1630.0,4250.0,Grassland,Herbivore,CP,No,Granivore
AVIBASE-5C0BF88F,,2000.0,1200.0,3200.0,Shrubland,Herbivore,"CV,CR",No,Granivore
AVIBASE-0B5B5E28,15.15,0.0,1000.0,1000.0,Shrubland,Herbivore,"HC,CR,CV",No,Granivore
AVIBASE-875794B9,15.4,1500.0,1100.0,2600.0,Shrubland,Herbivore,"CP,CR",No,Granivore
AVIBASE-0CEB2DA6,22.33333,200.0,1590.0,1790.0,Grassland,Herbivore,,No,Granivore
AVIBASE-F3618305,,,,1300.0,Grassland,Herbivore,PL,No,Granivore
AVIBASE-4746346C,16.46,0.0,1530.0,1530.0,Shrubland,Herbivore,HC,No,Granivore
AVIBASE-53A5E91F,23.16667,1000.0,500.0,1500.0,Grassland,Herbivore,CP,No,Granivore
AVIBASE-FB84DF4D,18.15,1200.0,800.0,2000.0,Grassland,Herbivore,CP,No,Granivore
AVIBASE-DE9A742B,14.25,500.0,1450.0,1950.0,Woodland,Herbivore,CP,No,Granivore
AVIBASE-12E75955,17.66,900.0,1200.0,2100.0,Woodland,Herbivore,CP,No,Granivore
AVIBASE-115CB3F4,16.0,1200.0,800.0,2000.0,Grassland,Herbivore,,No,Granivore
AVIBASE-D5454426,15.33333,600.0,1400.0,2000.0,Woodland,Herbivore,CP,No,Omnivore
AVIBASE-30384990,15.75,1060.0,2240.0,3300.0,Shrubland,Herbivore,CP,No,Granivore
AVIBASE-294A70CC,24.3,0.0,1000.0,1000.0,Grassland,Herbivore,CP,No,Omnivore
AVIBASE-8E8B3DB9,29.63333,1370.0,1630.0,3000.0,Forest,Herbivore,CP,No,Granivore
AVIBASE-1CBC2DDE,20.2,1300.0,3000.0,4300.0,Grassland,Herbivore,CP,No,Granivore
AVIBASE-1CBC2DDE,,1600.0,800.0,2400.0,Forest,Herbivore,,No,Granivore
AVIBASE-A25D8384,,1500.0,1500.0,3000.0,Forest,Herbivore,,No,Granivore
AVIBASE-D403BDAF,21.4,0.0,1000.0,1000.0,Woodland,Herbivore,CP,No,Omnivore
AVIBASE-6CD4E38E,16.61667,0.0,4900.0,4900.0,Grassland,Herbivore,CP,No,Granivore
AVIBASE-32635892,20.08333,0.0,3600.0,3600.0,Woodland,Herbivore,CP,No,Granivore
AVIBASE-FFC77162,14.15,1800.0,1200.0,3000.0,Shrubland,Herbivore,CP,No,Granivore
AVIBASE-3E8BDBBA,13.4,1200.0,1200.0,2400.0,Shrubland,Herbivore,,No,Granivore
AVIBASE-0B397CB0,15.46667,0.0,2100.0,2100.0,Grassland,Herbivore,CP,No,Granivore
AVIBASE-CAAD3E23,54.33333,0.0,1000.0,1000.0,Forest,Herbivore,CP,No,Omnivore
AVIBASE-74FCC44D,43.08333,0.0,1000.0,1000.0,Forest,Herbivore,CP,No,Granivore
AVIBASE-135564AA,33.825,0.0,4500.0,4500.0,Forest,Herbivore,CP,No,Granivore
AVIBASE-5627C990,34.675,,,,Forest,Herbivore,,No,Granivore
AVIBASE-80C297E6,33.98333,0.0,2300.0,2300.0,Forest,Herbivore,CP,No,Granivore
AVIBASE-30E7CF04,28.55,540.0,2060.0,2600.0,Forest,Herbivore,CP,No,Granivore
AVIBASE-7E501141,,1300.0,2200.0,3500.0,Grassland,Herbivore,,No,Omnivore
AVIBASE-1513D718,,2000.0,,,Forest,Herbivore,,No,Omnivore
AVIBASE-59353A05,19.0,0.0,2300.0,2300.0,Woodland,Herbivore,CP,No,Granivore
AVIBASE-9BDBCD7F,18.76667,1500.0,2750.0,4250.0,Woodland,Herbivore,CP,No,Granivore
AVIBASE-039E0011,12.6,1000.0,2300.0,3300.0,Forest,Herbivore,CP,No,Omnivore
AVIBASE-E2BF60CF,11.5,0.0,1400.0,1400.0,Shrubland,Herbivore,HC,No,Granivore
AVIBASE-FB1C44D5,11.5,600.0,4100.0,4700.0,Rock,Herbivore,CP,No,Granivore
AVIBASE-C3227709,11.25,0.0,2500.0,2500.0,Forest,Herbivore,PL,No,Granivore
AVIBASE-95594E16,12.0,900.0,900.0,1800.0,Forest,Herbivore,HC,No,Granivore
AVIBASE-191B68BC,21.225,0.0,1700.0,1700.0,Forest,Herbivore,CP,No,Granivore
AVIBASE-E6C3FA67,14.5,0.0,2300.0,2300.0,Grassland,Herbivore,CP,No,Granivore
AVIBASE-DCFFEEC1,14.75,1400.0,2900.0,4300.0,Forest,Herbivore,CP,No,Granivore
AVIBASE-E211621B,,1800.0,1840.0,3640.0,Grassland,Herbivore,CP,No,Granivore
AVIBASE-CA9E354B,12.5,0.0,1000.0,1000.0,Shrubland,Herbivore,CP,No,Granivore
AVIBASE-B9024775,10.66667,1000.0,3000.0,4000.0,Forest,Herbivore,,No,Granivore
AVIBASE-C27D9E26,11.35,0.0,2500.0,2500.0,Woodland,Herbivore,CP,No,Granivore
AVIBASE-C9ABA616,12.95,0.0,1000.0,1000.0,Shrubland,Herbivore,CP,No,Granivore
AVIBASE-CD5C21CA,9.71667,0.0,3100.0,3100.0,Woodland,Herbivore,CP,No,Granivore
AVIBASE-9820CECA,13.83333,0.0,2000.0,2000.0,Forest,Herbivore,SP,No,Omnivore
AVIBASE-326347A8,9.0,1000.0,1500.0,2500.0,Forest,Herbivore,CP,No,Granivore
AVIBASE-B48335B1,14.56667,0.0,4000.0,4000.0,Forest,Herbivore,CP,No,Granivore
AVIBASE-AD3AEB2F,13.5,2350.0,1150.0,3500.0,Forest,Herbivore,,No,Granivore
AVIBASE-47188991,11.38333,600.0,2400.0,3000.0,Forest,Herbivore,CP,No,Granivore
AVIBASE-AE31F0F3,16.46667,0.0,1500.0,1500.0,Forest,Herbivore,CP,No,Granivore
AVIBASE-8E56A1C6,12.3,1400.0,600.0,2000.0,Forest,Herbivore,CP,No,Granivore
AVIBASE-01BC8E6F,13.0,900.0,2100.0,3000.0,Forest,Herbivore,,No,Granivore
AVIBASE-77CB59D7,12.36667,0.0,5000.0,5000.0,Woodland,Herbivore,,No,Granivore
AVIBASE-3304398B,11.0,0.0,800.0,800.0,Forest,Herbivore,,No,Granivore
AVIBASE-9C5F13F6,,0.0,550.0,550.0,Forest,Herbivore,CP,No,Granivore
AVIBASE-8B583CC8,9.8,200.0,1300.0,1500.0,Forest,Herbivore,CP,No,Granivore
AVIBASE-2124235E,16.15,1800.0,3000.0,4800.0,Grassland,Herbivore,,No,Granivore
AVIBASE-53959D67,14.0,500.0,3000.0,3500.0,Rock,Herbivore,,No,Granivore
AVIBASE-9B6C51A1,17.1,3000.0,1800.0,4800.0,Shrubland,Herbivore,CV,No,Granivore
AVIBASE-56FF55E5,11.65,1800.0,2300.0,4100.0,Shrubland,Herbivore,,No,Granivore
AVIBASE-35A15369,15.0,500.0,2000.0,2500.0,Forest,Herbivore,SP,No,Frugivore
AVIBASE-1BF6597F,14.2,0.0,2300.0,2300.0,Forest,Herbivore,"DM,SP",No,Frugivore
AVIBASE-DF48C724,14.22,0.0,2000.0,2000.0,Shrubland,Herbivore,DM,No,Frugivore
AVIBASE-3A3120CE,15.88,,,,Shrubland,Herbivore,DM,No,Frugivore
AVIBASE-852ECDA2,15.0,500.0,2300.0,2800.0,Forest,Herbivore,DM,No,Frugivore
AVIBASE-AB545C67,13.0,500.0,2000.0,2500.0,Forest,Herbivore,SP,No,Frugivore
AVIBASE-6538B254,17.0,1400.0,1600.0,3000.0,Forest,Herbivore,DM,No,Frugivore
AVIBASE-C6D30C38,11.46667,100.0,1800.0,1900.0,Forest,Herbivore,DM,No,Frugivore
AVIBASE-6BB566A5,25.65,500.0,2000.0,2500.0,Forest,Herbivore,"DM,SP",No,Frugivore
AVIBASE-5288BFA0,24.425,900.0,1600.0,2500.0,Forest,Herbivore,SP,No,Frugivore
AVIBASE-2F99B3B8,16.8,0.0,2250.0,2250.0,Forest,Herbivore,DM,No,Frugivore
AVIBASE-692B43A6,10.0,0.0,1300.0,1300.0,Shrubland,Herbivore,SP,No,Frugivore
AVIBASE-7E786B68,9.1,0.0,1000.0,1000.0,Woodland,Herbivore,,No,Frugivore
AVIBASE-71C90D9E,11.15,0.0,2000.0,2000.0,Forest,Herbivore,DM,No,Frugivore
AVIBASE-E921FDF3,10.33333,0.0,1200.0,1200.0,Shrubland,Herbivore,,No,Frugivore
AVIBASE-D6D63B24,10.5,200.0,800.0,1000.0,Forest,Herbivore,,No,Frugivore
AVIBASE-1DF34F2F,11.4,0.0,600.0,600.0,Woodland,Herbivore,SP,No,Frugivore
AVIBASE-07FE7263,11.4,0.0,1000.0,1000.0,Woodland,Herbivore,SP,No,Frugivore
AVIBASE-C29CE0E7,10.65,0.0,1000.0,1000.0,Woodland,Herbivore,,No,Frugivore
AVIBASE-D647F6B4,12.325,0.0,900.0,900.0,Shrubland,Herbivore,SP,No,Frugivore
AVIBASE-313E4A17,13.44,0.0,1000.0,1000.0,Forest,Herbivore,"SP,CR",No,Frugivore
AVIBASE-A243C1D2,9.7,0.0,500.0,500.0,Forest,Herbivore,SP,No,Frugivore
AVIBASE-63D35B4C,19.0,0.0,900.0,900.0,Forest,Herbivore,SP,No,Frugivore
AVIBASE-94AF0857,14.75,0.0,1100.0,1100.0,Forest,Herbivore,SP,No,Frugivore
AVIBASE-3CD68A81,12.95,0.0,1500.0,1500.0,Shrubland,Herbivore,SP,No,Frugivore
AVIBASE-F1D2C345,15.16667,0.0,1200.0,1200.0,Forest,Herbivore,"SP,CV",No,Frugivore
AVIBASE-41B85100,14.0,0.0,1350.0,1350.0,Forest,Herbivore,"SP,DM",No,Frugivore
AVIBASE-C3FD23AB,12.8,0.0,500.0,500.0,Forest,Herbivore,SP,No,Frugivore
AVIBASE-0676F27A,11.025,0.0,900.0,900.0,Forest,Herbivore,DM,No,Frugivore
AVIBASE-3737630E,14.7,600.0,1400.0,2000.0,Forest,Herbivore,SP,No,Frugivore
AVIBASE-2D1A6C0F,12.5,0.0,2250.0,2250.0,Forest,Herbivore,DM,No,Frugivore
AVIBASE-B4326435,13.0,800.0,1350.0,2150.0,Forest,Herbivore,,No,Frugivore
AVIBASE-68B4875F,14.13333,0.0,600.0,600.0,Forest,Herbivore,"DM,O",No,Frugivore
AVIBASE-C49D0B95,14.6,0.0,500.0,500.0,Forest,Herbivore,,No,Frugivore
AVIBASE-128745BF,15.45,0.0,1550.0,1550.0,Forest,Herbivore,DM,No,Frugivore
AVIBASE-61E5A0E3,24.86667,1000.0,1500.0,2500.0,Grassland,Herbivore,CP,No,Granivore
AVIBASE-3534E4CE,28.25,0.0,1500.0,1500.0,Grassland,Herbivore,CP,No,Granivore
AVIBASE-D307C9A0,25.425,0.0,1700.0,1700.0,Grassland,Herbivore,CP,No,Granivore
AVIBASE-B64C1B1D,20.08333,1000.0,1500.0,2500.0,Grassland,Herbivore,CP,No,Granivore
AVIBASE-9BEBC025,37.78333,0.0,2300.0,2300.0,Rock,Herbivore,CR,No,Granivore
AVIBASE-85BA79C0,46.525,0.0,400.0,400.0,Grassland,Herbivore,"CR,CV",No,Granivore
AVIBASE-358DFBA2,47.4,200.0,1250.0,1450.0,Shrubland,Carnivore,CP,No,Invertivore
AVIBASE-2A4F0DB3,21.93333,500.0,1940.0,2440.0,Grassland,Herbivore,CP,No,Granivore
AVIBASE-F87D05C8,16.25,500.0,1600.0,2100.0,Forest,Carnivore,,No,Invertivore
AVIBASE-9A87EBB0,49.33333,0.0,2600.0,2600.0,Grassland,Herbivore,CP,No,Granivore
AVIBASE-56FB47C0,29.73333,600.0,300.0,900.0,Woodland,Herbivore,CP,No,Granivore
AVIBASE-43EF3EA7,27.75,0.0,2000.0,2000.0,Forest,Omnivore,CP,No,Omnivore
AVIBASE-4836E64E,23.83333,0.0,4000.0,4000.0,Rock,Omnivore,CP,No,Omnivore
AVIBASE-EF5E5726,18.5,500.0,3700.0,4200.0,Shrubland,Herbivore,CP,No,Granivore
AVIBASE-2D55EC45,21.66667,0.0,1700.0,1700.0,Grassland,Herbivore,CP,No,Granivore
AVIBASE-E272C456,16.33333,1200.0,1300.0,2500.0,Grassland,Herbivore,,No,Granivore
AVIBASE-487A512B,21.5,0.0,1000.0,1000.0,Grassland,Herbivore,CP,No,Granivore
AVIBASE-CF70007E,21.6,900.0,500.0,1400.0,Rock,Omnivore,SC,No,Omnivore
AVIBASE-7C5AC300,25.35,0.0,2200.0,2200.0,Rock,Omnivore,CP,No,Omnivore
AVIBASE-47210561,22.55,800.0,2200.0,3000.0,Shrubland,Omnivore,CP,No,Omnivore
AVIBASE-A7F3E6AE,21.0,0.0,1300.0,1300.0,Rock,Herbivore,CP,No,Granivore
AVIBASE-9AAB8C21,24.5,0.0,1500.0,1500.0,Shrubland,Herbivore,CP,No,Granivore
AVIBASE-CDF4A106,14.0,0.0,2500.0,2500.0,Rock,Herbivore,CP,No,Granivore
AVIBASE-C7C1A6EB,15.0,0.0,1800.0,1800.0,Human Modified,Herbivore,CP,No,Granivore
AVIBASE-6D102D72,15.5,0.0,1000.0,1000.0,Rock,Herbivore,CP,No,Granivore
AVIBASE-0C571D99,16.8,200.0,2800.0,3000.0,Rock,Herbivore,CP,No,Granivore
AVIBASE-17E7F90B,13.35,200.0,1630.0,1830.0,Rock,Herbivore,CP,No,Granivore
AVIBASE-3C33A7C5,14.5,0.0,1200.0,1200.0,Shrubland,Herbivore,,No,Granivore
AVIBASE-C2521D3C,22.3,915.0,1885.0,2800.0,Shrubland,Herbivore,CP,No,Omnivore
AVIBASE-A81C4DA6,18.125,0.0,1000.0,1000.0,Forest,Herbivore,CP,No,Granivore
AVIBASE-465C35EF,18.3,0.0,1000.0,1000.0,Shrubland,Herbivore,CP,No,Granivore
AVIBASE-1866F80E,15.65,0.0,1000.0,1000.0,Forest,Herbivore,CP,No,Granivore
AVIBASE-4A50E265,18.66667,0.0,1000.0,1000.0,Forest,Omnivore,CP,No,Omnivore
AVIBASE-DA9746CE,19.93333,0.0,1000.0,1000.0,Forest,Herbivore,CP,No,Granivore
AVIBASE-82D1EE00,18.0,0.0,1000.0,1000.0,Woodland,Omnivore,CP,No,Omnivore
AVIBASE-7574C0E5,22.2,0.0,1000.0,1000.0,Grassland,Omnivore,CP,No,Omnivore
AVIBASE-72386016,17.53333,0.0,2000.0,2000.0,Grassland,Herbivore,CP,No,Granivore
AVIBASE-D1C1A026,20.68333,1400.0,900.0,2300.0,Woodland,Herbivore,CP,No,Granivore
AVIBASE-BB11EE7F,16.25,0.0,1000.0,1000.0,Woodland,Carnivore,CV,No,Invertivore
AVIBASE-45059BE8,23.0,800.0,200.0,1000.0,Woodland,Carnivore,CP,No,Invertivore
AVIBASE-ACDCF3CC,17.8,500.0,2000.0,2500.0,Forest,Carnivore,CP,No,Invertivore
AVIBASE-7A04D64E,25.0,3600.0,1000.0,4600.0,Shrubland,Omnivore,DM,No,Omnivore
AVIBASE-E2D2CB88,28.0,0.0,2000.0,2000.0,Shrubland,Omnivore,CP,No,Omnivore
AVIBASE-DBF8D184,24.33333,0.0,3000.0,3000.0,Grassland,Omnivore,CP,No,Omnivore
AVIBASE-AB73D3C9,14.9,500.0,1000.0,1500.0,Forest,Omnivore,,No,Omnivore
AVIBASE-9787BE57,17.48,0.0,1300.0,1300.0,Shrubland,Omnivore,CP,No,Omnivore
AVIBASE-BB80BD82,20.65,700.0,900.0,1600.0,Forest,Carnivore,CP,No,Invertivore
AVIBASE-DB4D5342,25.45,1000.0,800.0,1800.0,Shrubland,Omnivore,,No,Omnivore
AVIBASE-B3912692,14.66667,0.0,2000.0,2000.0,Grassland,Omnivore,CP,No,Omnivore
AVIBASE-D8A797E4,13.5,0.0,1000.0,1000.0,Wetland,Omnivore,CP,No,Omnivore
AVIBASE-08E818A7,18.63333,0.0,1000.0,1000.0,Wetland,Omnivore,CP,No,Omnivore
AVIBASE-807C7CA4,51.0,1200.0,1500.0,2700.0,Forest,Omnivore,CP,No,Omnivore
AVIBASE-111F1E7D,26.375,300.0,1500.0,1800.0,Forest,Herbivore,CP,No,Frugivore
AVIBASE-8C0C9B25,17.5,450.0,950.0,1400.0,Forest,Herbivore,,No,Frugivore
AVIBASE-E5DB38E4,23.0,1100.0,1650.0,2750.0,Forest,Carnivore,HC,No,Invertivore
AVIBASE-C6F07B0B,17.75,300.0,2300.0,2600.0,Forest,Herbivore,,No,Frugivore
AVIBASE-66F20774,20.05,1500.0,1350.0,2850.0,Forest,Omnivore,CP,No,Omnivore
AVIBASE-5F80B24D,19.73333,400.0,2400.0,2800.0,Forest,Herbivore,,No,Frugivore
AVIBASE-433EF57B,18.66667,840.0,600.0,1440.0,Forest,Carnivore,CV,No,Invertivore
AVIBASE-2F0F98C2,28.0,780.0,920.0,1700.0,Forest,Herbivore,,No,Frugivore
AVIBASE-88850F7B,20.5,900.0,1600.0,2500.0,Forest,Carnivore,CP,No,Invertivore
AVIBASE-735C98C3,27.325,0.0,1300.0,1300.0,Shrubland,Omnivore,CP,No,Omnivore
AVIBASE-3304CCFD,30.0,450.0,1850.0,2300.0,Shrubland,Omnivore,CP,No,Omnivore
AVIBASE-3304CCFD,21.55,0.0,1000.0,1000.0,Woodland,Omnivore,CP,No,Omnivore
AVIBASE-FC84F301,14.98333,0.0,1100.0,1100.0,Grassland,Herbivore,CP,No,Granivore
AVIBASE-97AF502B,26.975,0.0,900.0,900.0,Shrubland,Omnivore,,No,Omnivore
AVIBASE-B0C2CA36,30.98,0.0,1400.0,1400.0,Grassland,Omnivore,CP,No,Omnivore
AVIBASE-97A80683,23.23333,300.0,1200.0,1500.0,Shrubland,Carnivore,DM,No,Invertivore
AVIBASE-08253F98,19.825,900.0,1000.0,1900.0,Shrubland,Herbivore,CP,No,Omnivore
AVIBASE-F4C9CD76,20.775,0.0,1500.0,1500.0,Grassland,Carnivore,CP,No,Invertivore
AVIBASE-B58AFD6E,18.41667,0.0,1540.0,1540.0,Grassland,Carnivore,CP,No,Invertivore
AVIBASE-DAD22BB6,19.14,0.0,900.0,900.0,Woodland,Herbivore,"CP,DM",No,Granivore
AVIBASE-5BFFE091,18.56667,0.0,1550.0,1550.0,Grassland,Carnivore,DM,No,Invertivore
AVIBASE-7C74D0E3,16.33333,0.0,1300.0,1300.0,Grassland,Herbivore,CP,No,Granivore
AVIBASE-02E3ACBD,15.66667,0.0,1000.0,1000.0,Grassland,Herbivore,CP,No,Granivore
AVIBASE-EF18C1EC,22.0,0.0,1830.0,1830.0,Woodland,Omnivore,DM,No,Omnivore
AVIBASE-8FDDD147,27.56667,0.0,750.0,750.0,Forest,Omnivore,DM,No,Omnivore
AVIBASE-BF9F34F5,34.0,0.0,1600.0,1600.0,Shrubland,Omnivore,DM,No,Omnivore
AVIBASE-53B7F671,19.0,0.0,200.0,200.0,Forest,Omnivore,DM,No,Omnivore
AVIBASE-8C954D4E,19.55,510.0,710.0,1220.0,Shrubland,Carnivore,CP,No,Invertivore
AVIBASE-A0F29F1E,12.9,0.0,2134.0,2134.0,Grassland,Omnivore,CP,No,Omnivore
AVIBASE-78509A5D,28.28333,0.0,2400.0,2400.0,Grassland,Herbivore,CP,No,Granivore
AVIBASE-938C5572,38.56667,0.0,2200.0,2200.0,Grassland,Omnivore,CP,No,Omnivore
AVIBASE-37E9CCDA,13.35,0.0,3800.0,3800.0,Woodland,Herbivore,CP,No,Granivore
AVIBASE-486265CF,11.98333,0.0,2000.0,2000.0,Shrubland,Herbivore,CP,No,Granivore
AVIBASE-ECC32BD0,11.58333,0.0,2700.0,2700.0,Shrubland,Omnivore,CP,No,Omnivore
AVIBASE-E23F6DE0,13.81667,0.0,1000.0,1000.0,Grassland,Herbivore,CP,No,Granivore
AVIBASE-29967541,10.93333,0.0,2000.0,2000.0,Shrubland,Carnivore,CP,No,Invertivore
AVIBASE-3B25CBE3,12.41667,1200.0,1250.0,2450.0,Shrubland,Herbivore,CP,No,Granivore
AVIBASE-61060774,39.0,600.0,2200.0,2800.0,Forest,Carnivore,,No,Invertivore
AVIBASE-41B3966D,,700.0,1200.0,1900.0,Forest,Carnivore,,No,Invertivore
AVIBASE-F17D47AB,44.75,240.0,1260.0,1500.0,Forest,Carnivore,CP,No,Invertivore
AVIBASE-3772DEC8,48.25,500.0,1000.0,1500.0,Forest,Carnivore,,No,Invertivore
AVIBASE-F6DD4273,,700.0,1100.0,1800.0,Forest,Carnivore,,No,Invertivore
AVIBASE-FB16BA4E,,920.0,580.0,1500.0,Forest,Carnivore,,No,Invertivore
AVIBASE-296CB63F,38.65,1500.0,2100.0,3600.0,Forest,Carnivore,,No,Invertivore
AVIBASE-C6494962,36.86667,400.0,3000.0,3400.0,Forest,Omnivore,CP,No,Omnivore
AVIBASE-DDB56D82,32.8,0.0,1200.0,1200.0,Forest,Carnivore,DM,No,Invertivore
AVIBASE-589AC53A,25.9,0.0,1800.0,1800.0,Forest,Carnivore,DM,No,Invertivore
AVIBASE-32C316F9,26.0,,,1800.0,Forest,Carnivore,DM,No,Invertivore
AVIBASE-A149DC0A,27.425,200.0,1200.0,1400.0,Forest,Omnivore,"DM,CR",No,Omnivore
AVIBASE-94135968,,,,1000.0,Forest,Carnivore,,No,Invertivore
AVIBASE-A5A38A04,25.23333,0.0,1500.0,1500.0,Forest,Carnivore,DM,No,Invertivore
AVIBASE-16D083E9,23.0,,,,Shrubland,Carnivore,,No,Invertivore
AVIBASE-401DC20C,25.0,300.0,700.0,1000.0,Forest,Carnivore,SP,No,Invertivore
AVIBASE-F609C135,23.9,83.0,2590.0,2673.0,Forest,Carnivore,SP,No,Invertivore
AVIBASE-98FDE7F4,29.0,83.0,1317.0,1400.0,Woodland,Carnivore,CP,No,Invertivore
AVIBASE-86466110,34.83333,1800.0,1700.0,3500.0,Forest,Carnivore,CP,No,Invertivore
AVIBASE-5A24AF5E,40.33333,400.0,3100.0,3500.0,Forest,Carnivore,CP,No,Invertivore
AVIBASE-214F5851,38.75,600.0,1740.0,2340.0,Forest,Carnivore,DM,No,Invertivore
AVIBASE-095A3BA2,35.74,700.0,1500.0,2200.0,Forest,Carnivore,DM,No,Invertivore
AVIBASE-2D663DC8,34.65,0.0,,,Shrubland,Omnivore,CP,No,Omnivore
AVIBASE-15BD1543,30.5,0.0,3160.0,3160.0,Riverine,Omnivore,CP,No,Omnivore
AVIBASE-82ACE0AF,33.5,1200.0,1800.0,3000.0,Riverine,Omnivore,CP,No,Omnivore
AVIBASE-0B1B2EB6,35.25,0.0,1000.0,1000.0,Shrubland,Omnivore,CP,No,Omnivore
AVIBASE-2A86F9C9,19.0,0.0,1000.0,1000.0,Shrubland,Omnivore,CP,No,Omnivore
AVIBASE-22A64474,28.0,3000.0,600.0,3600.0,Grassland,Omnivore,CP,No,Omnivore
AVIBASE-31EB349A,20.0,0.0,1400.0,1400.0,Forest,Omnivore,"CP,CR",No,Omnivore
AVIBASE-05FF3C9B,20.53333,0.0,4000.0,4000.0,Woodland,Herbivore,"BU,CR,O,CP",No,Granivore
AVIBASE-D552A818,19.8,2000.0,1500.0,3500.0,Forest,Omnivore,CP,No,Omnivore
AVIBASE-ED47BE9D,17.85,1200.0,700.0,1900.0,Woodland,Omnivore,CP,No,Omnivore
AVIBASE-A7280FF0,23.78333,0.0,4600.0,4600.0,Shrubland,Omnivore,CP,No,Omnivore
AVIBASE-8601A467,29.86167,0.0,2600.0,2600.0,Shrubland,Herbivore,CP,No,Granivore
AVIBASE-BD61BDEC,31.9,0.0,2000.0,2000.0,Shrubland,Herbivore,CP,No,Granivore
AVIBASE-DDAF0666,36.05,0.0,1000.0,1000.0,Shrubland,Herbivore,CP,No,Omnivore
AVIBASE-39BD9FF2,27.48333,0.0,1000.0,1000.0,Woodland,Herbivore,CP,No,Omnivore
AVIBASE-55572EBE,18.83333,0.0,1700.0,1700.0,Shrubland,Herbivore,CP,No,Granivore
AVIBASE-87878948,16.26667,0.0,2500.0,2500.0,Shrubland,Herbivore,CP,No,Granivore
AVIBASE-A0B9829C,42.675,1500.0,2000.0,3500.0,Woodland,Herbivore,CP,No,Granivore
AVIBASE-3647E146,24.175,0.0,3000.0,3000.0,Grassland,Herbivore,CP,No,Granivore
AVIBASE-B656B15D,13.56667,0.0,1000.0,1000.0,Grassland,Herbivore,CP,No,Granivore
AVIBASE-0F81304F,24.225,0.0,0.0,0.0,Coastal,Carnivore,CP,No,Invertivore
AVIBASE-727D994F,14.475,0.0,1000.0,1000.0,Coastal,Carnivore,"CP,DM",No,Invertivore
AVIBASE-79C9C8C4,19.325,0.0,5.0,5.0,Coastal,Carnivore,CP,No,Invertivore
AVIBASE-67EFC061,17.91667,1200.0,800.0,2000.0,Grassland,Omnivore,CP,No,Omnivore
AVIBASE-CDA2F827,11.88333,0.0,1000.0,1000.0,Grassland,Carnivore,CP,No,Invertivore
AVIBASE-31CE00C7,21.4,0.0,3000.0,3000.0,Grassland,Omnivore,CP,No,Omnivore
AVIBASE-3C974C47,19.0,,,,Coastal,Omnivore,CP,No,Omnivore
AVIBASE-1A2CCEDE,21.7,,,,Shrubland,Omnivore,CP,No,Omnivore
AVIBASE-249F7C3C,23.1,0.0,0.0,0.0,Coastal,Omnivore,CP,No,Omnivore
AVIBASE-BCDBE331,17.4,2400.0,650.0,3050.0,Grassland,Omnivore,CP,No,Omnivore
AVIBASE-A5F09E05,25.46667,0.0,2500.0,2500.0,Shrubland,Omnivore,CP,No,Omnivore
AVIBASE-AF49F890,18.86667,0.0,2500.0,2500.0,Wetland,Herbivore,CP,No,Granivore
AVIBASE-4E192262,17.3,0.0,1000.0,1000.0,Wetland,Omnivore,CP,No,Omnivore
AVIBASE-EF23B33C,55.8675,2150.0,1200.0,3350.0,Forest,Omnivore,CP,No,Omnivore
AVIBASE-CFFCE908,24.5,0.0,,,Shrubland,Herbivore,CP,No,Omnivore
AVIBASE-876C97F1,38.0,0.0,2000.0,2000.0,Shrubland,Omnivore,CP,No,Omnivore
AVIBASE-FE69A9C4,45.48333,0.0,2440.0,2440.0,Shrubland,Herbivore,CP,No,Granivore
AVIBASE-55F64B73,46.16667,1000.0,1800.0,2800.0,Shrubland,Herbivore,CP,No,Granivore
AVIBASE-2C9B6D93,46.25,0.0,1300.0,1300.0,Shrubland,Carnivore,CP,No,Invertivore
AVIBASE-B745D852,49.625,0.0,1525.0,1525.0,Shrubland,Herbivore,CP,No,Granivore
AVIBASE-10596E74,41.28,500.0,1500.0,2000.0,Forest,Herbivore,"CP,PL",No,Granivore
AVIBASE-A93FF062,,500.0,1500.0,2000.0,Forest,Herbivore,CP,No,Granivore
AVIBASE-36359AD1,28.26667,250.0,1550.0,1800.0,Shrubland,Omnivore,CP,No,Omnivore
AVIBASE-2B98D285,,600.0,1000.0,1600.0,Shrubland,Omnivore,CP,No,Omnivore
AVIBASE-B1BE75EB,37.85,600.0,2100.0,2700.0,Woodland,Herbivore,CP,No,Granivore
AVIBASE-7784B060,18.675,0.0,3000.0,3000.0,Shrubland,Herbivore,CP,No,Granivore
AVIBASE-D787A400,27.9975,1600.0,300.0,1900.0,Shrubland,Herbivore,,No,Granivore
AVIBASE-45D829B3,29.56667,0.0,3700.0,3700.0,Shrubland,Herbivore,CP,No,Granivore
AVIBASE-58E25701,42.96,0.0,3355.0,3355.0,Forest,Herbivore,CP,No,Omnivore
AVIBASE-26AB0890,30.525,0.0,650.0,650.0,Shrubland,Omnivore,CP,No,Omnivore
AVIBASE-6090278A,41.11667,0.0,1980.0,1980.0,Forest,Omnivore,CP,No,Omnivore
AVIBASE-52A41B18,,,,,Forest,Herbivore,,Partial,Granivore
AVIBASE-3900E731,61.41667,1500.0,2000.0,3500.0,Woodland,Omnivore,CP,No,Omnivore
AVIBASE-FB47A4AE,24.5,900.0,2600.0,3500.0,Forest,Carnivore,CP,No,Invertivore
AVIBASE-BED7D8CC,33.53333,1200.0,1950.0,3150.0,Forest,Carnivore,CP,No,Invertivore
AVIBASE-4CB9ABDC,30.8,1500.0,1900.0,3400.0,Forest,Omnivore,CP,No,Omnivore
AVIBASE-BCFC9B1D,33.5,1200.0,600.0,1800.0,Forest,Omnivore,,No,Omnivore
AVIBASE-054753E8,28.0,1600.0,900.0,2500.0,Forest,Omnivore,,No,Omnivore
AVIBASE-FF7D80E0,30.0,1500.0,1775.0,3275.0,Forest,Omnivore,,No,Omnivore
AVIBASE-2AFDFA77,32.475,1000.0,1500.0,2500.0,Forest,Omnivore,,No,Omnivore
AVIBASE-71DAB8C3,27.8,1300.0,1900.0,3200.0,Forest,Omnivore,CP,No,Omnivore
AVIBASE-22518A82,30.4,1000.0,2500.0,3500.0,Forest,Omnivore,CP,No,Omnivore
AVIBASE-19C9112F,31.0,1900.0,540.0,2440.0,Forest,Omnivore,,No,Omnivore
AVIBASE-313A1403,30.75,1600.0,800.0,2400.0,Forest,Carnivore,,No,Invertivore
AVIBASE-1DCF89A9,43.0,2000.0,1100.0,3100.0,Forest,Herbivore,"SP,CV",No,Frugivore
AVIBASE-DC3A82AB,36.75,200.0,1200.0,1400.0,Forest,Herbivore,,No,Granivore
AVIBASE-B36F4464,45.73333,3200.0,1400.0,4600.0,Woodland,Carnivore,,No,Invertivore
AVIBASE-14D41E23,34.75,600.0,1700.0,2300.0,Shrubland,Carnivore,CP,No,Invertivore
AVIBASE-7FE52D63,33.0,1525.0,1525.0,3050.0,Shrubland,Carnivore,,No,Invertivore
AVIBASE-7A6A8753,30.875,2500.0,1300.0,3800.0,Shrubland,Omnivore,,No,Omnivore
AVIBASE-B0DF25DD,,2450.0,1250.0,3700.0,Shrubland,Omnivore,,No,Omnivore
AVIBASE-B4E51F83,31.2,2800.0,800.0,3600.0,Forest,Omnivore,CP,No,Omnivore
AVIBASE-EFE3658B,27.865,2493.0,457.0,2950.0,Forest,Herbivore,HC,No,Omnivore
AVIBASE-9FE395E9,22.62,1600.0,1100.0,2700.0,Forest,Carnivore,CP,No,Invertivore
AVIBASE-FB4C2D40,,1100.0,1750.0,2850.0,Forest,Carnivore,,No,Invertivore
AVIBASE-2FA609DC,22.52,400.0,2800.0,3200.0,Shrubland,Carnivore,,No,Invertivore
AVIBASE-DDDB0C05,25.075,1000.0,1600.0,2600.0,Forest,Carnivore,,No,Invertivore
AVIBASE-E350CC20,30.86667,1600.0,400.0,2000.0,Woodland,Carnivore,CP,No,Invertivore
AVIBASE-2E52D2F3,31.4,1150.0,1650.0,2800.0,Forest,Carnivore,,No,Invertivore
AVIBASE-B6DD68BC,41.95,2000.0,2000.0,4000.0,Woodland,Carnivore,,No,Invertivore
AVIBASE-13357BFE,31.0,2700.0,1900.0,4600.0,Forest,Carnivore,,No,Invertivore
AVIBASE-43F4F789,29.6,2500.0,900.0,3400.0,Forest,Carnivore,,No,Invertivore
AVIBASE-B8F9BCA6,25.7,2520.0,1000.0,3520.0,Forest,Carnivore,,No,Invertivore
AVIBASE-9169054E,27.575,2400.0,600.0,3000.0,Forest,Carnivore,,No,Invertivore
AVIBASE-F0263CAC,29.0,1400.0,1800.0,3200.0,Forest,Carnivore,CP,No,Invertivore
AVIBASE-C9C868E0,22.38,1200.0,2400.0,3600.0,Forest,Carnivore,,No,Invertivore
AVIBASE-280F5CC1,28.2,1500.0,2100.0,3600.0,Woodland,Carnivore,,No,Invertivore
AVIBASE-CB530B1A,28.0,700.0,2400.0,3100.0,Forest,Carnivore,,No,Invertivore
AVIBASE-2C4E4A3C,47.75,745.0,1455.0,2200.0,Forest,Carnivore,DM,No,Invertivore
AVIBASE-FD0EC029,32.45,1000.0,1000.0,2000.0,Forest,Carnivore,CP,No,Invertivore
AVIBASE-0979B6B9,31.85,0.0,2500.0,2500.0,Shrubland,Carnivore,CP,No,Invertivore
AVIBASE-D3C190C7,27.3,0.0,2400.0,2400.0,Forest,Carnivore,CP,No,Invertivore
AVIBASE-CE22ADAB,12.35,0.0,2925.0,2925.0,Shrubland,Carnivore,CP,No,Invertivore
AVIBASE-1F5D926C,12.05,875.0,1125.0,2000.0,Forest,Carnivore,CP,No,Invertivore
AVIBASE-055C562F,34.35,200.0,1138.0,1338.0,Forest,Carnivore,CP,No,Invertivore
AVIBASE-AA587D5F,23.3,0.0,2000.0,2000.0,Forest,Herbivore,PL,No,Frugivore
AVIBASE-E5BFABA7,29.1,0.0,2500.0,2500.0,Shrubland,Herbivore,CP,No,Frugivore
AVIBASE-5B4FFF78,32.15,0.0,1200.0,1200.0,Shrubland,Herbivore,CP,No,Frugivore
AVIBASE-611D2C6B,50.75,0.0,1000.0,1000.0,Forest,Herbivore,CP,No,Frugivore
AVIBASE-1A2164E0,20.45,1500.0,1980.0,3480.0,Forest,Carnivore,CR,No,Invertivore
AVIBASE-C235BE95,12.25,0.0,500.0,500.0,Forest,Carnivore,CP,No,Invertivore
AVIBASE-F40FB0E8,10.2,0.0,2000.0,2000.0,Forest,Carnivore,CP,No,Invertivore
AVIBASE-734C73A9,27.5,0.0,2100.0,2100.0,Woodland,Carnivore,CP,No,Invertivore
AVIBASE-3E2D0C9B,72.38,0.0,1000.0,1000.0,Wetland,Herbivore,CP,No,Granivore
AVIBASE-F845062F,36.9,0.0,800.0,800.0,Grassland,Herbivore,CP,No,Granivore
AVIBASE-4A5B4883,98.675,0.0,3700.0,3700.0,Grassland,Carnivore,"CP,DM",No,Invertivore
AVIBASE-27410227,98.5,0.0,2500.0,2500.0,Grassland,Carnivore,DM,No,Invertivore
AVIBASE-F707BD5F,100.15,,,,Grassland,Carnivore,DM,No,Invertivore
AVIBASE-5E08EF73,45.775,0.0,600.0,600.0,Grassland,Carnivore,CP,No,Invertivore
AVIBASE-2A95552E,48.975,0.0,2500.0,2500.0,Grassland,Carnivore,CP,No,Invertivore
AVIBASE-822B2E03,65.96667,0.0,2500.0,2500.0,Human Modified,Omnivore,DM,No,Omnivore
AVIBASE-116A0791,107.5,0.0,3100.0,3100.0,Grassland,Omnivore,"CP,DM",No,Omnivore
AVIBASE-E39D145D,69.53333,0.0,900.0,900.0,Grassland,Omnivore,CP,No,Omnivore
AVIBASE-8DAADD7F,64.775,0.0,3500.0,3500.0,Shrubland,Carnivore,CP,No,Invertivore
AVIBASE-B966FC72,82.275,0.0,1000.0,1000.0,Shrubland,Carnivore,PN,No,Invertivore
AVIBASE-0B4AD6B3,154.33333,0.0,1700.0,1700.0,Forest,Omnivore,PN,No,Omnivore
AVIBASE-3A9903BB,281.5,0.0,2500.0,2500.0,Forest,Omnivore,PN,No,Omnivore
AVIBASE-F65127F8,219.825,400.0,1600.0,2000.0,Forest,Omnivore,PN,No,Omnivore
AVIBASE-9EAB043D,202.66667,800.0,2000.0,2800.0,Forest,Omnivore,PN,No,Omnivore
AVIBASE-509940AF,229.6,0.0,1700.0,1700.0,Forest,Omnivore,PN,No,Omnivore
AVIBASE-FC234BA1,353.75,0.0,1100.0,1100.0,Forest,Omnivore,PN,No,Omnivore
AVIBASE-DCEE63B7,317.84,0.0,700.0,700.0,Forest,Omnivore,PN,No,Omnivore
AVIBASE-156BF650,358.475,0.0,1500.0,1500.0,Forest,Omnivore,PN,No,Omnivore
AVIBASE-0BA83156,241.0,0.0,800.0,800.0,Forest,Omnivore,PN,No,Omnivore
AVIBASE-B7EA49C4,,100.0,300.0,400.0,Forest,Omnivore,PN,No,Omnivore
AVIBASE-FF72F24A,82.55,0.0,600.0,600.0,Forest,Omnivore,PN,No,Omnivore
AVIBASE-F2510641,36.5,400.0,2400.0,2800.0,Forest,Omnivore,PN,No,Omnivore
AVIBASE-7354E7B8,,300.0,400.0,700.0,Forest,Herbivore,PN,No,Nectarivore
AVIBASE-91B94FDB,53.0,200.0,200.0,400.0,Forest,Carnivore,PN,No,Invertivore
AVIBASE-5EFA0D83,87.6,0.0,900.0,900.0,Forest,Omnivore,PN,No,Omnivore
AVIBASE-B78F7C73,108.0,0.0,1300.0,1300.0,Forest,Omnivore,PN,No,Omnivore
AVIBASE-3D0A4048,60.45,0.0,1000.0,1000.0,Forest,Carnivore,PN,No,Invertivore
AVIBASE-43C2C997,60.45,0.0,1000.0,1000.0,Forest,Carnivore,PN,No,Invertivore
AVIBASE-BD9FCAA1,89.63333,1500.0,950.0,2450.0,Forest,Carnivore,PN,No,Invertivore
AVIBASE-B92BF113,78.75,1800.0,1800.0,3600.0,Forest,Carnivore,PN,No,Invertivore
AVIBASE-E3289E7B,96.15,,,300.0,Forest,Omnivore,PN,No,Omnivore
AVIBASE-408714DF,142.05,,,400.0,Forest,Omnivore,PN,No,Omnivore
AVIBASE-020E6199,75.0,0.0,1200.0,1200.0,Forest,Omnivore,PN,No,Omnivore
AVIBASE-9EE6D524,36.35,0.0,3000.0,3000.0,Woodland,Carnivore,PN,No,Invertivore
AVIBASE-379A7116,50.8,500.0,2000.0,2500.0,Forest,Carnivore,PN,No,Invertivore
AVIBASE-13B1B968,41.55,500.0,2000.0,2500.0,Woodland,Omnivore,,No,Omnivore
AVIBASE-4690E0C3,38.0,0.0,1000.0,1000.0,Forest,Omnivore,PN,No,Omnivore
AVIBASE-CC30267C,29.93333,0.0,500.0,500.0,Woodland,Omnivore,PN,No,Omnivore
AVIBASE-1F87083D,55.425,0.0,1500.0,1500.0,Woodland,Omnivore,PN,No,Omnivore
AVIBASE-F20EFF95,38.21667,0.0,500.0,500.0,Shrubland,Carnivore,PN,No,Invertivore
AVIBASE-7E65A952,38.05,0.0,3000.0,3000.0,Woodland,Omnivore,PN,No,Omnivore
AVIBASE-DA089C8E,40.38333,0.0,1000.0,1000.0,Forest,Carnivore,PN,No,Invertivore
AVIBASE-6055C1FB,34.0,1500.0,1500.0,3000.0,Woodland,Carnivore,,No,Invertivore
AVIBASE-5110842F,33.43333,0.0,1000.0,1000.0,Forest,Carnivore,PN,No,Invertivore
AVIBASE-2E74AF7D,48.82,0.0,500.0,500.0,Forest,Carnivore,PN,No,Invertivore
AVIBASE-D8B8C2B9,45.5,0.0,900.0,900.0,Woodland,Carnivore,PN,No,Invertivore
AVIBASE-E7F4C5C9,40.5,0.0,400.0,400.0,Woodland,Omnivore,PN,No,Omnivore
AVIBASE-24D0C888,53.525,0.0,500.0,500.0,Shrubland,Omnivore,O,No,Omnivore
AVIBASE-B7C6DEB5,67.9,0.0,500.0,500.0,Grassland,Herbivore,"PN,O",No,Omnivore
AVIBASE-4B32828D,47.83333,0.0,700.0,700.0,Riverine,Omnivore,O,No,Omnivore
AVIBASE-A7BA7359,45.0,500.0,1300.0,1800.0,Forest,Omnivore,,No,Omnivore
AVIBASE-87CD97E1,41.23333,500.0,2000.0,2500.0,Woodland,Carnivore,"CP,PN",No,Invertivore
AVIBASE-526A3692,26.03333,0.0,2000.0,2000.0,Woodland,Omnivore,CP,No,Omnivore
AVIBASE-071A4C74,31.625,0.0,700.0,700.0,Forest,Omnivore,CP,No,Omnivore
AVIBASE-E2014696,21.2,0.0,900.0,900.0,Woodland,Omnivore,CP,No,Omnivore
AVIBASE-5E9777FB,20.03333,0.0,1800.0,1800.0,Shrubland,Omnivore,PN,No,Omnivore
AVIBASE-A965AA91,36.375,0.0,1000.0,1000.0,Forest,Omnivore,PN,No,Omnivore
AVIBASE-C70AA182,39.95,0.0,20.0,20.0,Forest,Omnivore,PN,No,Omnivore
AVIBASE-ED0ABA39,29.0,0.0,700.0,700.0,Forest,Omnivore,PN,No,Omnivore
AVIBASE-05284D57,38.75,0.0,1000.0,1000.0,Forest,Carnivore,"PL,PN",No,Invertivore
AVIBASE-80F9BE4B,35.24,250.0,550.0,800.0,Forest,Carnivore,PN,No,Invertivore
AVIBASE-B196BC41,37.3,0.0,700.0,700.0,Forest,Omnivore,PN,No,Omnivore
AVIBASE-4760A99A,36.575,0.0,1100.0,1100.0,Forest,Omnivore,PN,No,Omnivore
AVIBASE-A27737B7,32.16667,0.0,1900.0,1900.0,Forest,Omnivore,PN,No,Omnivore
AVIBASE-C9B58AFF,30.925,0.0,1700.0,1700.0,Forest,Carnivore,"PN,O",No,Invertivore
AVIBASE-D2DACB94,34.54,0.0,1200.0,1200.0,Forest,Carnivore,PN,No,Invertivore
AVIBASE-B9C44010,41.9,0.0,1100.0,1100.0,Riverine,Carnivore,CP,No,Invertivore
AVIBASE-F8918F08,39.0,210.0,1990.0,2200.0,Forest,Carnivore,CP,No,Invertivore
AVIBASE-A349723D,38.44,0.0,200.0,200.0,Coastal,Carnivore,"PL,CV,CP",No,Invertivore
AVIBASE-0A232F2A,36.4,0.0,900.0,900.0,Woodland,Carnivore,CP,No,Invertivore
AVIBASE-80285D5C,59.86667,0.0,1353.0,1353.0,Wetland,Carnivore,CP,No,Invertivore
AVIBASE-C86D078E,56.4,0.0,2500.0,2500.0,Wetland,Herbivore,CP,No,Granivore
AVIBASE-06132304,44.75,0.0,500.0,500.0,Wetland,Omnivore,CP,No,Omnivore
AVIBASE-524DF588,53.625,0.0,700.0,700.0,Grassland,Carnivore,NO,No,Invertivore
AVIBASE-91375A56,175.75,0.0,2200.0,2200.0,Shrubland,Omnivore,NO,No,Omnivore
AVIBASE-AA779804,43.5,0.0,2000.0,2000.0,Grassland,Carnivore,NO,No,Invertivore
AVIBASE-EAEEA093,51.55,0.0,2500.0,2500.0,Grassland,Omnivore,NO,No,Omnivore
AVIBASE-C21B323A,35.75,0.0,200.0,200.0,Woodland,Omnivore,NO,No,Omnivore
AVIBASE-1E1AB415,42.75,0.0,2895.0,2895.0,Grassland,Herbivore,NO,No,Granivore
AVIBASE-6C3773C7,88.2,0.0,3000.0,3000.0,Shrubland,Omnivore,CP,No,Omnivore
AVIBASE-19784EAF,94.9,0.0,2000.0,2000.0,Forest,Omnivore,CP,No,Omnivore
AVIBASE-5716ACB7,82.75,0.0,500.0,500.0,Human Modified,Omnivore,CP,No,Omnivore
AVIBASE-5F77FED5,62.45,0.0,1465.0,1465.0,Wetland,Omnivore,CP,No,Omnivore
AVIBASE-EA5E858A,60.35,-60.0,3710.0,3650.0,Human Modified,Herbivore,CP,No,Granivore
AVIBASE-8BBB3255,107.75,0.0,1000.0,1000.0,Woodland,Omnivore,CP,No,Omnivore
AVIBASE-D1DD7CD0,69.5,0.0,500.0,500.0,Wetland,Omnivore,CP,No,Omnivore
AVIBASE-159FB51C,63.25,0.0,600.0,600.0,Woodland,Omnivore,CP,No,Omnivore
AVIBASE-E941AD9F,79.7,0.0,1000.0,1000.0,Human Modified,Omnivore,CP,No,Omnivore
AVIBASE-EF47E15D,166.5,0.0,,,Wetland,Omnivore,CP,No,Omnivore
AVIBASE-5CBA3391,167.5,0.0,2300.0,2300.0,Human Modified,Carnivore,CP,No,Invertivore
AVIBASE-C19704C9,,2000.0,0.0,2000.0,Wetland,Omnivore,,No,Omnivore
AVIBASE-65FE3697,111.0,1200.0,1550.0,2750.0,Forest,Omnivore,CP,No,Omnivore
AVIBASE-1D065546,55.3,0.0,500.0,500.0,Forest,Carnivore,CP,No,Invertivore
AVIBASE-2F92B333,95.375,0.0,400.0,400.0,Forest,Omnivore,CP,No,Omnivore
AVIBASE-7290E17C,62.0,1900.0,1200.0,3100.0,Forest,Carnivore,CP,No,Invertivore
AVIBASE-4778FAB7,77.0,700.0,1300.0,2000.0,Forest,Carnivore,CP,No,Invertivore
AVIBASE-12D5E6AE,91.11667,0.0,1500.0,1500.0,Shrubland,Omnivore,CP,No,Omnivore
AVIBASE-50F297CC,72.1,0.0,600.0,600.0,Wetland,Carnivore,CP,No,Invertivore
AVIBASE-41E8146F,57.2,0.0,890.0,890.0,Forest,Carnivore,CP,No,Invertivore
AVIBASE-40A8B734,73.58,0.0,1400.0,1400.0,Forest,Omnivore,"CV,CR,CP,O",No,Omnivore
AVIBASE-DA3AD600,72.35,1400.0,2100.0,3500.0,Shrubland,Carnivore,CR,No,Invertivore
AVIBASE-F888C888,46.15,0.0,2500.0,2500.0,Woodland,Carnivore,"CV,DM,O",No,Invertivore
AVIBASE-C907BF92,40.1,0.0,800.0,800.0,Woodland,Omnivore,"DM,O,CV",No,Omnivore
AVIBASE-11755EFA,31.15,0.0,3800.0,3800.0,Wetland,Carnivore,CP,No,Invertivore
AVIBASE-9A0C6612,44.05,,,650.0,Wetland,Carnivore,CP,No,Invertivore
AVIBASE-B5792FEE,33.625,0.0,500.0,500.0,Wetland,Omnivore,CP,No,Omnivore
AVIBASE-7D94C902,36.8,0.0,500.0,500.0,Wetland,Herbivore,CP,No,Granivore
AVIBASE-42826912,31.625,0.0,2600.0,2600.0,Wetland,Herbivore,CP,No,Granivore
AVIBASE-A6365418,40.9,0.0,1000.0,1000.0,Wetland,Carnivore,CP,No,Invertivore
AVIBASE-947E1C04,75.875,0.0,2100.0,2100.0,Wetland,Carnivore,CP,No,Invertivore
AVIBASE-45D8B6C5,86.55,0.0,1400.0,1400.0,Wetland,Carnivore,CP,No,Invertivore
AVIBASE-CEA5B6AA,20.73333,0.0,1900.0,1900.0,Forest,Carnivore,DM,No,Invertivore
AVIBASE-295C4CD6,14.1,0.0,1500.0,1500.0,Shrubland,Carnivore,CP,No,Invertivore
AVIBASE-7AB0F3A4,20.23333,0.0,2300.0,2300.0,Riverine,Carnivore,"BU,CR,CV",No,Invertivore
AVIBASE-709AF716,16.55,0.0,2000.0,2000.0,Wetland,Carnivore,"CR,CV",No,Invertivore
AVIBASE-207491AE,,0.0,500.0,500.0,Forest,Carnivore,CP,No,Invertivore
AVIBASE-83F326C8,9.3,0.0,2000.0,2000.0,Grassland,Carnivore,CP,No,Invertivore
AVIBASE-B617FE7D,8.98333,0.0,1500.0,1500.0,Shrubland,Carnivore,CP,No,Invertivore
AVIBASE-4D207AF6,10.28,0.0,2500.0,2500.0,Woodland,Carnivore,"CP,CV",No,Invertivore
AVIBASE-4D08EE7E,15.25,0.0,1300.0,1300.0,Woodland,Carnivore,CV,No,Invertivore
AVIBASE-D3624203,15.2,0.0,1800.0,1800.0,Forest,Carnivore,CP,No,Invertivore
AVIBASE-2BC547FD,9.48333,1500.0,2000.0,3500.0,Forest,Carnivore,CP,No,Invertivore
AVIBASE-03561EAE,9.73333,1850.0,1150.0,3000.0,Forest,Carnivore,CP,No,Invertivore
AVIBASE-D204A930,10.03333,0.0,3000.0,3000.0,Forest,Carnivore,CP,No,Invertivore
AVIBASE-FFF61080,9.14,0.0,3350.0,3350.0,Shrubland,Carnivore,CP,No,Invertivore
AVIBASE-82F8890F,9.75,1500.0,2000.0,3500.0,Forest,Carnivore,CP,No,Invertivore
AVIBASE-E8EB3C96,6.5,300.0,920.0,1220.0,Woodland,Carnivore,CV,No,Invertivore
AVIBASE-183E5F90,9.38333,0.0,3000.0,3000.0,Woodland,Carnivore,CP,No,Invertivore
AVIBASE-A97F14D0,8.25,800.0,1600.0,2400.0,Shrubland,Carnivore,CP,No,Invertivore
AVIBASE-21F464DE,,400.0,500.0,900.0,Forest,Carnivore,,No,Invertivore
AVIBASE-0B23929D,13.78333,0.0,1500.0,1500.0,Forest,Carnivore,CP,No,Invertivore
AVIBASE-2A09CA67,14.56,0.0,2000.0,2000.0,Shrubland,Carnivore,CP,No,Invertivore
AVIBASE-AA0FABE2,13.375,0.0,1000.0,1000.0,Wetland,Carnivore,CP,No,Invertivore
AVIBASE-10EF17DC,17.0,500.0,850.0,1350.0,Wetland,Carnivore,CP,No,Invertivore
AVIBASE-CF65BB25,10.58333,0.0,1700.0,1700.0,Forest,Carnivore,CP,No,Invertivore
AVIBASE-65AD203E,13.31667,0.0,2000.0,2000.0,Forest,Carnivore,CP,No,Invertivore
AVIBASE-85106518,10.53333,0.0,3000.0,3000.0,Forest,Carnivore,CP,No,Invertivore
AVIBASE-1A0096F2,13.01667,0.0,3300.0,3300.0,Forest,Carnivore,CP,No,Invertivore
AVIBASE-8C105C3C,14.13333,0.0,1500.0,1500.0,Forest,Carnivore,CP,No,Invertivore
AVIBASE-C5FF44F9,16.625,0.0,1200.0,1200.0,Wetland,Carnivore,CP,No,Invertivore
AVIBASE-FAE5EC75,15.5,0.0,1200.0,1200.0,Grassland,Carnivore,CP,No,Invertivore
AVIBASE-4659CFBD,10.56667,1750.0,750.0,2500.0,Wetland,Carnivore,CP,No,Invertivore
AVIBASE-4ADFCCAB,14.895,0.0,550.0,550.0,Wetland,Carnivore,CP,No,Invertivore
AVIBASE-B9A6C6E7,16.2,0.0,60.0,60.0,Woodland,Carnivore,CP,No,Invertivore
AVIBASE-AF830626,10.85,0.0,700.0,700.0,Wetland,Carnivore,,No,Invertivore
AVIBASE-BA4C8A02,11.275,0.0,4600.0,4600.0,Wetland,Carnivore,CP,No,Invertivore
AVIBASE-24ED5D5C,10.775,1400.0,1700.0,3100.0,Shrubland,Carnivore,CP,No,Invertivore
AVIBASE-95AC2035,15.5,300.0,700.0,1000.0,Forest,Carnivore,CP,No,Invertivore
AVIBASE-F630DE1F,9.85,0.0,900.0,900.0,Woodland,Carnivore,CP,No,Invertivore
AVIBASE-369BAA3C,7.4,600.0,300.0,900.0,Forest,Carnivore,"CP,CV",No,Invertivore
AVIBASE-1C941B1C,9.8,300.0,1300.0,1600.0,Forest,Carnivore,CP,No,Invertivore
AVIBASE-15EB3000,10.5,0.0,1100.0,1100.0,Woodland,Carnivore,CP,No,Invertivore
AVIBASE-BED38F50,8.275,0.0,3000.0,3000.0,Woodland,Carnivore,CP,No,Invertivore
AVIBASE-B9A2B7CC,13.825,0.0,500.0,500.0,Forest,Carnivore,CP,No,Invertivore
AVIBASE-DB20CB6B,10.325,0.0,1500.0,1500.0,Forest,Carnivore,CP,No,Invertivore
AVIBASE-D00EC2C9,9.2,500.0,1500.0,2000.0,Forest,Carnivore,CP,No,Invertivore
AVIBASE-41062654,8.485,0.0,2500.0,2500.0,Forest,Carnivore,PN,No,Invertivore
AVIBASE-4926BC8C,7.1,0.0,2000.0,2000.0,Forest,Carnivore,"DM,PN",No,Invertivore
AVIBASE-1529CCF1,6.5,0.0,1000.0,1000.0,Rock,Carnivore,DM,No,Invertivore
AVIBASE-1E82CE1E,8.4,0.0,1500.0,1500.0,Forest,Carnivore,CP,No,Invertivore
AVIBASE-10C601D3,11.88333,0.0,1100.0,1100.0,Forest,Carnivore,CP,No,Invertivore
AVIBASE-4168AF09,10.275,0.0,2500.0,2500.0,Forest,Carnivore,CP,No,Invertivore
AVIBASE-A6C0C4A9,10.2,0.0,300.0,300.0,Coastal,Carnivore,CP,No,Invertivore
AVIBASE-7AB1229B,9.91667,0.0,1300.0,1300.0,Forest,Carnivore,CP,No,Invertivore
AVIBASE-544A5E6B,14.35,0.0,3000.0,3000.0,Forest,Carnivore,CP,No,Invertivore
AVIBASE-67B455A7,10.25,0.0,1600.0,1600.0,Woodland,Carnivore,CP,No,Invertivore
AVIBASE-4AAEF549,9.95,0.0,1890.0,1890.0,Shrubland,Carnivore,CP,No,Invertivore
AVIBASE-45C2A0F6,7.95,0.0,2000.0,2000.0,Forest,Carnivore,CP,No,Invertivore
AVIBASE-6283E61E,12.25,0.0,3050.0,3050.0,Forest,Carnivore,CP,No,Invertivore
AVIBASE-524C7116,13.66667,0.0,1140.0,1140.0,Forest,Carnivore,CP,No,Invertivore
AVIBASE-631CB970,12.5,0.0,2800.0,2800.0,Forest,Carnivore,CP,No,Invertivore
AVIBASE-136451CF,9.88333,0.0,1800.0,1800.0,Forest,Carnivore,CP,No,Invertivore
AVIBASE-25333CB5,9.0,0.0,60.0,60.0,Forest,Carnivore,,No,Invertivore
AVIBASE-5574D3D5,6.85,0.0,500.0,500.0,Woodland,Carnivore,CP,No,Invertivore
AVIBASE-E36325FA,8.15,0.0,1220.0,1220.0,Woodland,Carnivore,CP,No,Invertivore
AVIBASE-43F4D735,7.625,0.0,470.0,470.0,Forest,Carnivore,CP,No,Invertivore
AVIBASE-9346A3C9,7.2,0.0,44.0,44.0,Forest,Carnivore,,No,Invertivore
AVIBASE-180A3B77,7.075,0.0,1000.0,1000.0,Forest,Carnivore,CP,No,Invertivore
AVIBASE-946DCF53,8.26667,0.0,2700.0,2700.0,Forest,Carnivore,CP,No,Invertivore
AVIBASE-6B7A93C5,7.96,0.0,3000.0,3000.0,Woodland,Carnivore,CP,No,Invertivore
AVIBASE-F6C6C3F7,8.925,0.0,3000.0,3000.0,Forest,Carnivore,CP,No,Invertivore
AVIBASE-0EB07C12,10.125,500.0,2800.0,3300.0,Forest,Carnivore,CP,No,Invertivore
AVIBASE-8A35BFD6,10.15,180.0,2820.0,3000.0,Forest,Carnivore,CP,No,Invertivore
AVIBASE-9FFEDE99,9.4,0.0,3000.0,3000.0,Forest,Carnivore,CP,No,Invertivore
AVIBASE-4AC550CE,14.94,2300.0,1100.0,3400.0,Forest,Carnivore,DM,No,Invertivore
AVIBASE-F37E3E96,15.65,2500.0,1200.0,3700.0,Forest,Carnivore,,No,Invertivore
AVIBASE-597DE5D9,,1900.0,1600.0,3500.0,Forest,Carnivore,,No,Invertivore
AVIBASE-FFEF8EFD,16.0,2300.0,700.0,3000.0,Shrubland,Carnivore,,No,Invertivore
AVIBASE-27DCCC29,18.5,0.0,1000.0,1000.0,Forest,Carnivore,SP,No,Invertivore
AVIBASE-40BD9900,12.5,0.0,1000.0,1000.0,Woodland,Carnivore,DM,No,Invertivore
AVIBASE-D65E2A9D,17.5,0.0,1600.0,1600.0,Forest,Carnivore,"DM,CP",No,Invertivore
AVIBASE-BBD736B2,12.75,1800.0,1000.0,2800.0,Forest,Carnivore,,No,Invertivore
AVIBASE-3D4F2A70,14.075,2600.0,800.0,3400.0,Forest,Carnivore,DM,No,Invertivore
AVIBASE-0232E9DC,14.46667,0.0,1000.0,1000.0,Riverine,Carnivore,DM,No,Invertivore
AVIBASE-A80CFACA,14.0,0.0,800.0,800.0,Wetland,Carnivore,DM,No,Invertivore
AVIBASE-A80CFACA,12.95,0.0,1100.0,1100.0,Riverine,Carnivore,,No,Invertivore
AVIBASE-A9B288AF,14.6,700.0,1100.0,1800.0,Forest,Carnivore,SP,No,Invertivore
AVIBASE-C2548732,14.0,800.0,600.0,1400.0,Forest,Carnivore,,No,Invertivore
AVIBASE-3A4B5A93,11.05,300.0,1200.0,1500.0,Forest,Carnivore,,No,Invertivore
AVIBASE-661FFC6F,11.1,500.0,1000.0,1500.0,Forest,Carnivore,DM,No,Invertivore
AVIBASE-BA47292D,13.7,750.0,1450.0,2200.0,Forest,Carnivore,DM,No,Invertivore
AVIBASE-69D734FB,15.0,800.0,1300.0,2100.0,Forest,Carnivore,DM,No,Invertivore
AVIBASE-A04DCB6C,11.5,0.0,1800.0,1800.0,Forest,Carnivore,DM,No,Invertivore
AVIBASE-99F5D09F,15.875,1300.0,1200.0,2500.0,Forest,Carnivore,DM,No,Invertivore
AVIBASE-2B235A4C,,1200.0,1380.0,2580.0,Forest,Carnivore,DM,No,Invertivore
AVIBASE-C35381D0,15.1,50.0,1750.0,1800.0,Forest,Carnivore,CP,No,Invertivore
AVIBASE-AC24B6B5,11.3,0.0,2500.0,2500.0,Shrubland,Carnivore,DM,No,Invertivore
AVIBASE-F50F4ACE,11.5,0.0,1500.0,1500.0,Forest,Carnivore,DM,No,Invertivore
AVIBASE-D2459CC0,12.7,1500.0,2000.0,3500.0,Forest,Carnivore,DM,No,Invertivore
AVIBASE-F0D7DABD,11.0,1350.0,300.0,1650.0,Forest,Carnivore,,No,Invertivore
AVIBASE-BFB6CAFA,10.15,1200.0,2300.0,3500.0,Forest,Carnivore,,No,Invertivore
AVIBASE-0F621CEC,9.66667,0.0,2100.0,2100.0,Forest,Carnivore,DM,No,Invertivore
AVIBASE-6E69E37F,9.0,0.0,2100.0,2100.0,Forest,Carnivore,,No,Invertivore
AVIBASE-8C439FC1,9.71667,0.0,1500.0,1500.0,Forest,Carnivore,DM,No,Invertivore
AVIBASE-71782EE1,10.83333,0.0,1100.0,1100.0,Forest,Carnivore,,No,Invertivore
AVIBASE-1741B8A7,11.96667,600.0,1500.0,2100.0,Forest,Carnivore,DM,No,Invertivore
AVIBASE-5A1D54E9,13.2,850.0,350.0,1200.0,Forest,Carnivore,,No,Invertivore
AVIBASE-2B2A04D0,9.75,500.0,1500.0,2000.0,Forest,Carnivore,DM,No,Invertivore
AVIBASE-A74E673E,6.45,800.0,1700.0,2500.0,Forest,Carnivore,DM,No,Invertivore
AVIBASE-1741B8A7,13.4,1000.0,1000.0,2000.0,Forest,Carnivore,DM,No,Invertivore
AVIBASE-F2D675AF,10.8,0.0,3150.0,3150.0,Forest,Carnivore,CP,No,Invertivore
AVIBASE-1F09CCCC,8.08333,0.0,2700.0,2700.0,Woodland,Carnivore,"CP,CR",No,Invertivore
AVIBASE-B18D3F08,9.7,1300.0,1700.0,3000.0,Forest,Carnivore,DM,No,Invertivore
AVIBASE-EA8F2DDC,8.0,1800.0,1700.0,3500.0,Forest,Carnivore,"CP,DM",No,Invertivore
AVIBASE-5AA39FDF,9.07,1800.0,1700.0,3500.0,Forest,Carnivore,DM,No,Invertivore
AVIBASE-3255D987,9.2,1000.0,2000.0,3000.0,Forest,Carnivore,"CP,CV",No,Invertivore
AVIBASE-CB8A9437,9.45,600.0,2400.0,3000.0,Forest,Carnivore,DM,No,Invertivore
AVIBASE-9E76EA56,9.75,1400.0,1800.0,3200.0,Forest,Carnivore,SP,No,Invertivore
AVIBASE-5B7A8931,11.0,2000.0,1050.0,3050.0,Forest,Carnivore,CP,No,Invertivore
AVIBASE-5B59921E,,2200.0,1000.0,3200.0,Forest,Carnivore,,No,Invertivore
AVIBASE-D291752B,11.95,2400.0,1000.0,3400.0,Forest,Carnivore,,No,Invertivore
AVIBASE-F78FAC04,11.95,1800.0,1600.0,3400.0,Forest,Carnivore,CP,No,Invertivore
AVIBASE-A02798C6,11.5,2000.0,1300.0,3300.0,Forest,Carnivore,DM,No,Invertivore
AVIBASE-7CE22946,10.35,1600.0,1900.0,3500.0,Forest,Carnivore,SP,No,Invertivore
AVIBASE-99FAC557,,800.0,400.0,1200.0,Forest,Carnivore,,No,Invertivore
AVIBASE-65DB5013,,900.0,1350.0,2250.0,Forest,Carnivore,,No,Invertivore
AVIBASE-56671CF3,,1200.0,400.0,1600.0,Forest,Carnivore,,No,Invertivore
AVIBASE-B19969D1,9.75,1200.0,1000.0,2200.0,Forest,Carnivore,,No,Invertivore
AVIBASE-D59309B6,37.56,0.0,800.0,800.0,Shrubland,Herbivore,CP,No,Frugivore
AVIBASE-C9AA6FC9,40.125,900.0,900.0,1800.0,Forest,Carnivore,,No,Invertivore
AVIBASE-C016E9A0,39.0,900.0,900.0,1800.0,Forest,Carnivore,,No,Invertivore
AVIBASE-099CDCB9,34.0,0.0,900.0,900.0,Forest,Omnivore,,No,Omnivore
AVIBASE-3C3C23CA,37.4,800.0,2050.0,2850.0,Forest,Carnivore,CP,No,Invertivore
AVIBASE-6AA879E6,34.15,,,,Woodland,Carnivore,CP,No,Invertivore
AVIBASE-083E787F,36.35,600.0,2400.0,3000.0,Woodland,Carnivore,CP,No,Invertivore
AVIBASE-891798D9,28.76,0.0,2500.0,2500.0,Forest,Carnivore,CP,No,Invertivore
AVIBASE-34CA36B2,25.35,0.0,250.0,250.0,Shrubland,Carnivore,,No,Invertivore
AVIBASE-42101632,30.71667,0.0,2600.0,2600.0,Forest,Carnivore,CP,No,Invertivore
AVIBASE-0ADA5F17,29.31667,300.0,2750.0,3050.0,Woodland,Carnivore,CP,No,Invertivore
AVIBASE-CA0D68AE,16.5,100.0,1900.0,2000.0,Forest,Herbivore,CP,No,Frugivore
AVIBASE-26AED277,22.2,900.0,1700.0,2600.0,Forest,Carnivore,CP,No,Invertivore
AVIBASE-0830FB52,35.0,1700.0,1300.0,3000.0,Forest,Carnivore,,No,Invertivore
AVIBASE-C9041130,32.525,0.0,2250.0,2250.0,Forest,Carnivore,CP,No,Invertivore
AVIBASE-8DD1FA55,38.25,0.0,1000.0,1000.0,Forest,Omnivore,,No,Omnivore
AVIBASE-820B7430,41.03333,200.0,220.0,420.0,Forest,Omnivore,CP,No,Omnivore
AVIBASE-DFB36868,35.06667,100.0,1000.0,1100.0,Forest,Carnivore,CP,No,Invertivore
AVIBASE-231FAF07,45.0,700.0,1400.0,2100.0,Forest,Carnivore,CP,No,Invertivore
AVIBASE-6C96417C,38.95,200.0,1200.0,1400.0,Forest,Carnivore,CP,No,Invertivore
AVIBASE-F455871D,,300.0,1050.0,1350.0,Forest,Carnivore,CP,No,Invertivore
AVIBASE-A66397C6,38.5,0.0,400.0,400.0,Forest,Carnivore,,No,Invertivore
AVIBASE-F035F1F9,39.96667,200.0,1900.0,2100.0,Forest,Herbivore,CP,No,Frugivore
AVIBASE-F600592A,70.15,0.0,2500.0,2500.0,Forest,Herbivore,CP,No,Frugivore
AVIBASE-88213AF2,66.15,750.0,1850.0,2600.0,Forest,Herbivore,CP,No,Omnivore
AVIBASE-B653A80B,56.85,1500.0,2000.0,3500.0,Forest,Omnivore,CP,No,Omnivore
AVIBASE-488CD1D8,58.5,600.0,2600.0,3200.0,Woodland,Herbivore,CP,No,Omnivore
AVIBASE-7C2FCB13,45.11667,0.0,2000.0,2000.0,Forest,Omnivore,CP,No,Omnivore
AVIBASE-824361E5,43.61,0.0,2100.0,2100.0,Forest,Carnivore,CP,No,Invertivore
AVIBASE-AF14C445,11.275,0.0,1200.0,1200.0,Forest,Carnivore,CP,No,Invertivore
AVIBASE-A3C7DD43,10.8,0.0,450.0,450.0,Woodland,Carnivore,CP,No,Invertivore
AVIBASE-695C0322,9.9,0.0,500.0,500.0,Forest,Carnivore,CP,No,Invertivore
AVIBASE-A44E7CC9,11.175,0.0,850.0,850.0,Forest,Carnivore,,No,Invertivore
AVIBASE-5DABDBB9,,0.0,850.0,850.0,Forest,Carnivore,,No,Invertivore
AVIBASE-4E74AE22,44.63333,0.0,2000.0,2000.0,Shrubland,Omnivore,CP,No,Omnivore
AVIBASE-5FAF3F1B,29.75,0.0,300.0,300.0,Shrubland,Omnivore,CP,No,Omnivore
AVIBASE-DE21A6BE,35.375,0.0,2000.0,2000.0,Shrubland,Herbivore,CP,No,Granivore
AVIBASE-148C2DD2,41.61667,0.0,1200.0,1200.0,Forest,Herbivore,CP,No,Frugivore
AVIBASE-0239BBFC,33.5,0.0,1250.0,1250.0,Forest,Omnivore,CP,No,Omnivore
AVIBASE-CCDEDA82,60.0,0.0,1200.0,1200.0,Forest,Herbivore,CP,No,Omnivore
AVIBASE-34DC985D,48.0,0.0,1000.0,1000.0,Forest,Omnivore,,No,Omnivore
AVIBASE-49B3835D,13.5,600.0,1900.0,2500.0,Forest,Herbivore,CP,No,Omnivore
AVIBASE-3F4E1FD9,13.0,450.0,2050.0,2500.0,Forest,Herbivore,CP,No,Omnivore
AVIBASE-9551017F,,1100.0,1200.0,2300.0,Forest,Herbivore,,No,Granivore
AVIBASE-6A6CD2CA,13.5,0.0,1600.0,1600.0,Forest,Herbivore,,No,Granivore
AVIBASE-6587A0E6,13.0,,,,Woodland,Omnivore,,No,Omnivore
AVIBASE-592E58CE,31.26,0.0,1500.0,1500.0,Grassland,Herbivore,CP,No,Granivore
AVIBASE-6954E4BE,17.75,0.0,1700.0,1700.0,Shrubland,Herbivore,CP,No,Granivore
AVIBASE-BD833C24,29.73333,0.0,1000.0,1000.0,Forest,Omnivore,CP,No,Omnivore
AVIBASE-2D827450,25.4,0.0,1400.0,1400.0,Forest,Herbivore,CP,No,Granivore
AVIBASE-7B852242,27.5,0.0,900.0,900.0,Shrubland,Herbivore,CP,No,Granivore
AVIBASE-C65A1784,16.45,0.0,1800.0,1800.0,Forest,Herbivore,CP,No,Granivore
AVIBASE-A7A75EA1,29.0,0.0,2500.0,2500.0,Woodland,Omnivore,CP,No,Omnivore
AVIBASE-043F337A,15.65,0.0,2300.0,2300.0,Shrubland,Omnivore,CP,No,Omnivore
AVIBASE-9F67F3AF,15.55,0.0,3000.0,3000.0,Shrubland,Omnivore,CP,No,Omnivore
AVIBASE-1680EFDE,12.575,0.0,2000.0,2000.0,Woodland,Omnivore,CP,No,Omnivore
AVIBASE-0BDB87DE,16.825,0.0,2200.0,2200.0,Shrubland,Herbivore,CP,No,Granivore
AVIBASE-00634D72,20.0,180.0,620.0,800.0,Forest,Omnivore,CP,No,Omnivore
AVIBASE-FCD5D1E4,13.55,0.0,900.0,900.0,Forest,Herbivore,CP,No,Granivore
AVIBASE-D8AD3D11,13.575,1800.0,1700.0,3500.0,Forest,Carnivore,,No,Invertivore
AVIBASE-F42F4D18,10.86,200.0,1000.0,1200.0,Shrubland,Herbivore,CP,No,Granivore
AVIBASE-B8992864,31.5,750.0,850.0,1600.0,Forest,Carnivore,,No,Invertivore
AVIBASE-7B2BF947,33.25,0.0,750.0,750.0,Forest,Omnivore,,No,Omnivore
AVIBASE-B112B157,16.35,0.0,1300.0,1300.0,Forest,Carnivore,CP,No,Invertivore
AVIBASE-D9A06584,22.0,850.0,400.0,1250.0,Forest,Carnivore,CP,No,Invertivore
AVIBASE-846C5BDD,34.33333,0.0,600.0,600.0,Forest,Carnivore,,No,Invertivore
AVIBASE-961A51A7,105.0,1600.0,1600.0,3200.0,Forest,Carnivore,CP,No,Invertivore
AVIBASE-DCEDEBC4,72.5,200.0,800.0,1000.0,Riverine,Carnivore,,No,Invertivore
AVIBASE-0A2ACC6A,15.7,0.0,1200.0,1200.0,Shrubland,Herbivore,,No,Granivore
AVIBASE-1083DB63,48.8,0.0,2500.0,2500.0,Grassland,Omnivore,CP,No,Omnivore
AVIBASE-0AFB74BC,42.15,900.0,1200.0,2100.0,Shrubland,Omnivore,CP,No,Omnivore
AVIBASE-26E82632,20.4,0.0,900.0,900.0,Wetland,Carnivore,CP,No,Invertivore
AVIBASE-BA6FDF30,29.26667,0.0,1500.0,1500.0,Grassland,Carnivore,CP,No,Invertivore
AVIBASE-F9E82153,,1300.0,800.0,2100.0,Grassland,Carnivore,,No,Invertivore
AVIBASE-5429C745,28.75,1500.0,1200.0,2700.0,Shrubland,Herbivore,,No,Frugivore
AVIBASE-F41C2D53,32.5,2300.0,1700.0,4000.0,Shrubland,Herbivore,,No,Granivore
AVIBASE-2BACA383,32.0,1800.0,800.0,2600.0,Shrubland,Herbivore,,No,Granivore
AVIBASE-754AE5B4,21.5,1000.0,1750.0,2750.0,Shrubland,Herbivore,,No,Granivore
AVIBASE-91991397,19.75,350.0,550.0,900.0,Shrubland,Herbivore,,No,Granivore
AVIBASE-F3A048A6,38.25,0.0,4000.0,4000.0,Grassland,Herbivore,,No,Granivore
AVIBASE-17B1CAD5,14.0,600.0,500.0,1100.0,Shrubland,Herbivore,,No,Granivore
AVIBASE-41CB1805,21.66667,0.0,2500.0,2500.0,Shrubland,Herbivore,,No,Granivore
AVIBASE-E040A723,17.05,0.0,700.0,700.0,Shrubland,Omnivore,CP,No,Omnivore
AVIBASE-64E4030B,18.66667,0.0,1400.0,1400.0,Forest,Herbivore,HC,No,Frugivore
AVIBASE-098ABCAE,15.0,1000.0,1000.0,2000.0,Forest,Herbivore,CP,No,Frugivore
AVIBASE-D11A3B3E,12.15,300.0,900.0,1200.0,Forest,Herbivore,,No,Frugivore
AVIBASE-96D85716,13.0,350.0,1250.0,1600.0,Forest,Herbivore,CP,No,Frugivore
AVIBASE-8004723E,35.5,0.0,900.0,900.0,Forest,Herbivore,,No,Frugivore
AVIBASE-D9B6353E,38.75,0.0,1100.0,1100.0,Forest,Omnivore,,No,Omnivore
AVIBASE-A62F8926,13.0,0.0,1000.0,1000.0,Forest,Carnivore,,No,Invertivore
AVIBASE-0C58C65E,12.08333,0.0,1000.0,1000.0,Forest,Carnivore,CP,No,Invertivore
AVIBASE-58332419,11.66667,0.0,1500.0,1500.0,Forest,Carnivore,,No,Invertivore
AVIBASE-EB9B653A,30.45,0.0,1800.0,1800.0,Woodland,Herbivore,"BU,CR,CV",No,Frugivore
AVIBASE-A0A7D1B2,11.01667,0.0,1400.0,1400.0,Forest,Omnivore,CP,No,Omnivore
AVIBASE-5A126D27,14.65,0.0,2000.0,2000.0,Forest,Herbivore,HC,No,Frugivore
AVIBASE-2027B6CC,9.1,0.0,500.0,500.0,Forest,Herbivore,,No,Frugivore
AVIBASE-D2EF7CEA,11.45,0.0,1600.0,1600.0,Forest,Omnivore,CP,No,Omnivore
AVIBASE-38EDD766,,200.0,600.0,800.0,Forest,Omnivore,,No,Omnivore
AVIBASE-223EB3AD,15.64167,200.0,1720.0,1920.0,Forest,Herbivore,CP,No,Frugivore
AVIBASE-C72B6A62,13.0,0.0,2000.0,2000.0,Shrubland,Omnivore,CP,No,Omnivore
AVIBASE-85288724,13.0,250.0,550.0,800.0,Forest,Omnivore,CP,No,Omnivore
AVIBASE-C75A42AF,14.0,1300.0,900.0,2200.0,Forest,Omnivore,,No,Omnivore
AVIBASE-8DF4C731,11.375,0.0,1200.0,1200.0,Forest,Herbivore,,No,Frugivore
AVIBASE-CBDE242B,9.75,0.0,900.0,900.0,Forest,Herbivore,,No,Frugivore
AVIBASE-B433F5E3,13.0,0.0,600.0,600.0,Forest,Omnivore,,No,Omnivore
AVIBASE-7759D86F,13.375,0.0,850.0,850.0,Forest,Omnivore,CP,No,Omnivore
AVIBASE-7AFF6CE5,11.25,250.0,750.0,1000.0,Forest,Omnivore,,No,Omnivore
AVIBASE-5F1BAE11,22.5,0.0,400.0,400.0,Shrubland,Omnivore,CP,No,Omnivore
AVIBASE-A291AF06,53.8,500.0,800.0,1300.0,Shrubland,Herbivore,CP,No,Omnivore
AVIBASE-4D6CD9F6,34.65,0.0,600.0,600.0,Forest,Herbivore,CP,No,Omnivore
AVIBASE-2CF9456D,45.0,0.0,1200.0,1200.0,Woodland,Carnivore,CP,No,Invertivore
AVIBASE-6CE7B032,56.13333,0.0,1850.0,1850.0,Forest,Herbivore,CP,No,Omnivore
AVIBASE-BBCAE2A7,53.08333,0.0,1600.0,1600.0,Forest,Herbivore,CP,No,Omnivore
AVIBASE-6D75BBB8,58.0,0.0,1600.0,1600.0,Shrubland,Omnivore,CP,No,Omnivore
AVIBASE-4875898E,38.0,0.0,1500.0,1500.0,Shrubland,Omnivore,CP,No,Omnivore
AVIBASE-D09BB873,40.8,0.0,500.0,500.0,Forest,Herbivore,CP,No,Omnivore
AVIBASE-8A80DE66,47.8,0.0,1200.0,1200.0,Shrubland,Herbivore,CP,No,Omnivore
AVIBASE-A51E5593,52.0,500.0,1700.0,2200.0,Forest,Herbivore,CP,No,Frugivore
AVIBASE-9B7AF035,81.2,0.0,1800.0,1800.0,Shrubland,Herbivore,CP,No,Omnivore
AVIBASE-9F5FFC0A,69.66667,1000.0,1900.0,2900.0,Forest,Omnivore,,No,Omnivore
AVIBASE-14767432,,0.0,1200.0,1200.0,Forest,Omnivore,,No,Omnivore
AVIBASE-1D797D4D,46.5,0.0,1200.0,1200.0,Forest,Omnivore,CP,No,Omnivore
AVIBASE-9FDD77B5,48.0,1700.0,1380.0,3080.0,Forest,Herbivore,,No,Omnivore
AVIBASE-D9CE1DC4,51.0,900.0,1300.0,2200.0,Forest,Herbivore,CP,No,Herbivore terrestrial
AVIBASE-1ED1A93B,42.55,0.0,3800.0,3800.0,Woodland,Herbivore,CP,No,Granivore
AVIBASE-B78F2D6F,10.2,0.0,2600.0,2600.0,Shrubland,Herbivore,SP,No,Nectarivore
AVIBASE-A8E1B59A,8.75,0.0,2300.0,2300.0,Grassland,Herbivore,SP,No,Granivore
AVIBASE-0B691E17,16.2,0.0,1500.0,1500.0,Forest,Herbivore,"CP,O",No,Nectarivore
AVIBASE-A234D566,35.1,0.0,1300.0,1300.0,Forest,Herbivore,"CP,DM",No,Frugivore
AVIBASE-67910FCD,,900.0,260.0,1160.0,Forest,Herbivore,,No,Granivore
AVIBASE-CAE909E3,22.03333,0.0,2000.0,2000.0,Forest,Herbivore,"CP,SP",No,Frugivore
AVIBASE-76018800,14.3975,0.0,1300.0,1300.0,Forest,Herbivore,SP,No,Omnivore
AVIBASE-ABF0B698,16.275,0.0,79.0,79.0,Woodland,Omnivore,"DM,SP",No,Omnivore
AVIBASE-68C45443,11.5,0.0,1800.0,1800.0,Forest,Herbivore,DM,No,Omnivore
AVIBASE-6A8C578A,7.75,0.0,1000.0,1000.0,Shrubland,Herbivore,SP,No,Granivore
AVIBASE-AA768553,15.65,0.0,300.0,300.0,Grassland,Herbivore,DM,No,Omnivore
AVIBASE-B371AC33,18.25,0.0,900.0,900.0,Forest,Herbivore,DM,No,Omnivore
AVIBASE-AAE04558,20.5,0.0,950.0,950.0,Forest,Omnivore,SP,No,Omnivore
AVIBASE-821B971F,10.0,0.0,860.0,860.0,Grassland,Herbivore,SP,No,Granivore
AVIBASE-F2091EB7,13.5,0.0,2300.0,2300.0,Shrubland,Herbivore,SP,No,Granivore
AVIBASE-E83C7E46,11.1,500.0,1600.0,2100.0,Shrubland,Herbivore,DM,No,Granivore
AVIBASE-284D617C,10.0,0.0,800.0,800.0,Grassland,Carnivore,SP,No,Invertivore
AVIBASE-3A320757,8.0,0.0,800.0,800.0,Shrubland,Carnivore,SP,No,Invertivore
AVIBASE-1FF6DD40,34.5,0.0,500.0,500.0,Forest,Herbivore,DM,No,Herbivore terrestrial
AVIBASE-82F77F7B,14.55,0.0,570.0,570.0,Shrubland,Herbivore,SP,No,Omnivore
AVIBASE-BEC9AB71,18.0,0.0,,,Coastal,Carnivore,SP,No,Invertivore
AVIBASE-884F3C94,15.85,300.0,100.0,400.0,Forest,Carnivore,SP,No,Invertivore
AVIBASE-AA7BFE29,25.5,0.0,1700.0,1700.0,Forest,Carnivore,SP,No,Invertivore
AVIBASE-2670E8D5,13.5,0.0,700.0,700.0,Forest,Carnivore,SP,No,Invertivore
AVIBASE-A5475B20,18.0,300.0,400.0,700.0,Forest,Carnivore,SP,No,Invertivore
AVIBASE-E4353A51,14.5,0.0,1700.0,1700.0,Shrubland,Herbivore,SP,No,Granivore
AVIBASE-E3F00936,16.43333,0.0,1000.0,1000.0,Shrubland,Herbivore,SP,No,Herbivore terrestrial
AVIBASE-9D0CBF8C,16.15,0.0,64.0,64.0,Shrubland,Carnivore,,No,Invertivore
AVIBASE-2CD2FB00,16.15,0.0,250.0,250.0,Shrubland,Omnivore,,No,Omnivore
AVIBASE-18306F20,27.8,0.0,500.0,500.0,Shrubland,Herbivore,SP,No,Herbivore terrestrial
AVIBASE-2B218AA1,25.6,0.0,,,Shrubland,Herbivore,SP,No,Herbivore terrestrial
AVIBASE-3646336B,33.0,0.0,500.0,500.0,Shrubland,Herbivore,SP,No,Granivore
AVIBASE-EFA269E4,21.3,0.0,500.0,500.0,Shrubland,Herbivore,SP,No,Granivore
AVIBASE-4112A42B,25.0,0.0,1000.0,1000.0,Shrubland,Herbivore,SP,No,Granivore
AVIBASE-C50D59CF,10.0,0.0,2600.0,2600.0,Shrubland,Herbivore,CP,No,Granivore
AVIBASE-FEAFE529,24.66667,500.0,1200.0,1700.0,Forest,Carnivore,CP,No,Invertivore
AVIBASE-16460BF4,15.25,,,300.0,Forest,Carnivore,,No,Invertivore
AVIBASE-500BA227,23.0,1100.0,1700.0,2800.0,Forest,Carnivore,,No,Invertivore
AVIBASE-31CE5A53,18.0,1200.0,1300.0,2500.0,Forest,Carnivore,,No,Invertivore
AVIBASE-05296BB4,28.75,0.0,600.0,600.0,Forest,Carnivore,CP,No,Invertivore
AVIBASE-3EA3B6D4,22.85,350.0,1350.0,1700.0,Forest,Carnivore,CP,No,Invertivore
AVIBASE-543A1887,25.23333,750.0,750.0,1500.0,Forest,Carnivore,,No,Invertivore
AVIBASE-7572F846,19.18333,0.0,600.0,600.0,Forest,Carnivore,CP,No,Invertivore
AVIBASE-47CB5669,13.875,0.0,1000.0,1000.0,Forest,Carnivore,CP,No,Invertivore
AVIBASE-6C810114,17.65,600.0,2000.0,2600.0,Forest,Omnivore,,No,Omnivore
AVIBASE-FBCA67B2,15.0,0.0,1000.0,1000.0,Woodland,Herbivore,,No,Granivore
AVIBASE-632FA6BD,14.5,0.0,1400.0,1400.0,Shrubland,Herbivore,CP,No,Granivore
AVIBASE-A90F77DC,20.5,0.0,1400.0,1400.0,Forest,Herbivore,PN,No,Frugivore
AVIBASE-D145C517,18.1,0.0,800.0,800.0,Shrubland,Carnivore,CP,No,Invertivore
AVIBASE-ED7DE021,32.18,0.0,1800.0,1800.0,Shrubland,Herbivore,CP,No,Frugivore
AVIBASE-20F07F6E,21.0,0.0,400.0,400.0,Woodland,Carnivore,CP,No,Invertivore
AVIBASE-68825475,29.5,0.0,1300.0,1300.0,Woodland,Carnivore,CP,No,Invertivore
AVIBASE-4ED9C1DB,10.96667,0.0,750.0,750.0,Forest,Herbivore,,No,Granivore
AVIBASE-F2DED854,16.25,0.0,900.0,900.0,Forest,Carnivore,CP,No,Invertivore
AVIBASE-FD883BFD,24.5,0.0,1300.0,1300.0,Forest,Carnivore,,No,Invertivore
AVIBASE-1D35BB7C,34.9,0.0,750.0,750.0,Forest,Carnivore,,No,Invertivore
AVIBASE-B08CF996,37.75,0.0,900.0,900.0,Forest,Carnivore,,No,Invertivore
AVIBASE-690C5AB4,41.3,0.0,1200.0,1200.0,Shrubland,Omnivore,CP,No,Omnivore
AVIBASE-B04DBAA2,33.55,800.0,1200.0,2000.0,Shrubland,Herbivore,CP,No,Frugivore
AVIBASE-E666597F,32.6,0.0,1000.0,1000.0,Shrubland,Herbivore,CP,No,Frugivore
AVIBASE-A6717C60,30.58333,0.0,1400.0,1400.0,Shrubland,Herbivore,CP,No,Frugivore
AVIBASE-99CA86E3,31.75,0.0,800.0,800.0,Shrubland,Omnivore,CP,No,Omnivore
AVIBASE-32121D98,27.9,0.0,1700.0,1700.0,Shrubland,Omnivore,CP,No,Omnivore
AVIBASE-73179694,31.5,0.0,600.0,600.0,Forest,Omnivore,CP,No,Omnivore
AVIBASE-FECD4A7C,25.0,500.0,1300.0,1800.0,Shrubland,Omnivore,,No,Omnivore
AVIBASE-EF01FD76,29.83333,0.0,1200.0,1200.0,Shrubland,Omnivore,CP,No,Omnivore
AVIBASE-CF81E248,9.38,0.0,1000.0,1000.0,Shrubland,Herbivore,CP,No,Granivore
AVIBASE-7B104DA6,9.73333,0.0,1500.0,1500.0,Shrubland,Herbivore,CP,No,Granivore
AVIBASE-B720B375,9.3,0.0,2000.0,2000.0,Grassland,Herbivore,CP,No,Granivore
AVIBASE-7ADA5AD0,9.15,0.0,1500.0,1500.0,Grassland,Herbivore,CP,No,Granivore
AVIBASE-1CDD0303,11.0,0.0,1500.0,1500.0,Shrubland,Herbivore,CP,No,Granivore
AVIBASE-D8DFBE2F,11.0,0.0,1500.0,1500.0,Shrubland,Herbivore,CP,No,Granivore
AVIBASE-1F11E4F1,13.5,0.0,2300.0,2300.0,Shrubland,Herbivore,CP,No,Granivore
AVIBASE-F516D675,12.0,0.0,50.0,50.0,Shrubland,Herbivore,CP,No,Granivore
AVIBASE-96BD30EC,15.0,,,900.0,Riverine,Herbivore,,No,Granivore
AVIBASE-233E719A,12.7,0.0,500.0,500.0,Forest,Herbivore,,No,Granivore
AVIBASE-F17ED91C,12.25,1200.0,1900.0,3100.0,Shrubland,Herbivore,,No,Granivore
AVIBASE-0BCC3F94,9.91667,0.0,1500.0,1500.0,Shrubland,Herbivore,CP,No,Granivore
AVIBASE-52DEFF09,9.56667,0.0,2000.0,2000.0,Shrubland,Herbivore,CP,No,Granivore
AVIBASE-B61C1F93,,0.0,800.0,800.0,Shrubland,Herbivore,,No,Granivore
AVIBASE-64EDEAE0,12.63333,0.0,500.0,500.0,Grassland,Herbivore,CP,No,Granivore
AVIBASE-8F23E84F,12.96667,0.0,1600.0,1600.0,Shrubland,Herbivore,CP,No,Granivore
AVIBASE-3AAEDDCF,24.85,0.0,500.0,500.0,Shrubland,Herbivore,CP,No,Granivore
AVIBASE-A5767214,24.35,0.0,1100.0,1100.0,Wetland,Herbivore,CP,No,Granivore
AVIBASE-2824A1D9,23.4,0.0,500.0,500.0,Wetland,Herbivore,CP,No,Granivore
AVIBASE-D57B98B9,26.0,,,1200.0,Grassland,Herbivore,,No,Granivore
AVIBASE-6DA5E4F4,12.325,0.0,1000.0,1000.0,Forest,Herbivore,CP,No,Granivore
AVIBASE-334CD1D7,11.0,0.0,1200.0,1200.0,Woodland,Herbivore,CP,No,Granivore
AVIBASE-3B38D8C5,20.4,100.0,1400.0,1500.0,Forest,Herbivore,,No,Granivore
AVIBASE-1AA93871,10.18,0.0,1500.0,1500.0,Grassland,Herbivore,,No,Granivore
AVIBASE-8C17A126,11.9,650.0,300.0,950.0,Grassland,Herbivore,,No,Granivore
AVIBASE-CA248006,12.125,0.0,500.0,500.0,Grassland,Herbivore,CP,No,Granivore
AVIBASE-19BA6768,9.7,500.0,700.0,1200.0,Shrubland,Herbivore,CP,No,Granivore
AVIBASE-D5AA8D6D,15.5,0.0,800.0,800.0,Shrubland,Herbivore,CP,No,Granivore
AVIBASE-6725A42C,12.6,0.0,800.0,800.0,Shrubland,Herbivore,,No,Granivore
AVIBASE-F00E876B,9.65,0.0,1000.0,1000.0,Shrubland,Herbivore,CP,No,Granivore
AVIBASE-233F1B30,11.225,0.0,1500.0,1500.0,Shrubland,Herbivore,,No,Granivore
AVIBASE-96F2444F,7.9,0.0,500.0,500.0,Shrubland,Herbivore,,No,Granivore
AVIBASE-96944A78,8.0,0.0,2200.0,2200.0,Shrubland,Herbivore,CP,No,Granivore
AVIBASE-8A6216CA,8.63333,0.0,600.0,600.0,Shrubland,Herbivore,,No,Granivore
AVIBASE-84BDD0EE,,0.0,500.0,500.0,Grassland,Herbivore,,No,Granivore
AVIBASE-57E2CEDC,9.08,0.0,1100.0,1100.0,Grassland,Herbivore,CP,No,Granivore
AVIBASE-E5123580,8.35,0.0,1200.0,1200.0,Grassland,Herbivore,CP,No,Granivore
AVIBASE-710FF96C,8.5,,,,Grassland,Herbivore,CP,No,Granivore
AVIBASE-4240E96E,8.8,0.0,1200.0,1200.0,Shrubland,Herbivore,CP,No,Granivore
AVIBASE-026B8797,9.7,0.0,1100.0,1100.0,Wetland,Herbivore,,No,Granivore
AVIBASE-11F5B941,9.23333,0.0,1100.0,1100.0,Shrubland,Herbivore,CP,No,Granivore
AVIBASE-141E0EB0,8.25,0.0,1100.0,1100.0,Grassland,Herbivore,CP,No,Granivore
AVIBASE-547844A7,9.25,800.0,800.0,1600.0,Shrubland,Herbivore,CP,No,Granivore
AVIBASE-19469DE7,35.25,0.0,300.0,300.0,Shrubland,Omnivore,CP,No,Omnivore
AVIBASE-52257BC5,21.0,0.0,500.0,500.0,Shrubland,Carnivore,SP,No,Invertivore
AVIBASE-89047763,19.06667,1900.0,1450.0,3350.0,Forest,Carnivore,,No,Invertivore
AVIBASE-6EF7F8B3,17.75,2000.0,1100.0,3100.0,Forest,Carnivore,,No,Invertivore
AVIBASE-8260C80A,14.0,2700.0,900.0,3600.0,Forest,Carnivore,,No,Invertivore
AVIBASE-17A843C1,12.5,2200.0,1150.0,3350.0,Forest,Carnivore,,No,Invertivore
AVIBASE-A1341C78,,1600.0,1500.0,3100.0,Woodland,Omnivore,,No,Omnivore
AVIBASE-8C5C626F,12.46667,0.0,1000.0,1000.0,Grassland,Herbivore,CP,No,Granivore
AVIBASE-6166BBAF,17.475,0.0,100.0,100.0,Grassland,Herbivore,CP,No,Granivore
AVIBASE-8EF24ACB,15.15,200.0,2650.0,2850.0,Shrubland,Herbivore,CP,No,Granivore
AVIBASE-2C01F88A,16.5,0.0,1000.0,1000.0,Shrubland,Carnivore,,No,Invertivore
AVIBASE-EB4AE071,23.5,2350.0,1350.0,3700.0,Woodland,Herbivore,,No,Granivore
AVIBASE-A98353A5,33.0,2500.0,600.0,3100.0,Woodland,Carnivore,,No,Invertivore
AVIBASE-170A9190,,3000.0,800.0,3800.0,Woodland,Omnivore,CP,No,Invertivore
AVIBASE-BF1EC1CD,,2600.0,600.0,3200.0,Forest,Carnivore,,No,Invertivore
AVIBASE-F7BAA7DC,29.25,2550.0,950.0,3500.0,Forest,Carnivore,,No,Invertivore
AVIBASE-D0688762,,2150.0,850.0,3000.0,Forest,Carnivore,,No,Invertivore
AVIBASE-99C7090A,22.0,1800.0,1900.0,3700.0,Forest,Carnivore,CP,No,Invertivore
AVIBASE-47292BC9,,2600.0,1100.0,3700.0,Forest,Carnivore,CP,No,Invertivore
AVIBASE-E176F6C4,17.25,2300.0,1050.0,3350.0,Forest,Carnivore,,No,Invertivore
AVIBASE-7F89004D,21.8,2600.0,920.0,3520.0,Forest,Carnivore,,No,Invertivore
AVIBASE-0539220A,17.0,1400.0,1500.0,2900.0,Forest,Carnivore,,No,Invertivore
AVIBASE-2F027A59,16.0,1100.0,1800.0,2900.0,Forest,Carnivore,,No,Invertivore
AVIBASE-F1F78380,,1600.0,600.0,2200.0,Forest,Carnivore,,No,Invertivore
AVIBASE-9F3E8DF6,15.45,1200.0,1850.0,3050.0,Forest,Carnivore,,No,Invertivore
AVIBASE-9EDD2366,12.0,750.0,1550.0,2300.0,Forest,Carnivore,,No,Invertivore
AVIBASE-CC33C7BB,15.5,450.0,1550.0,2000.0,Shrubland,Carnivore,,No,Invertivore
AVIBASE-B185095D,16.5,0.0,800.0,800.0,Woodland,Carnivore,CP,No,Invertivore
AVIBASE-2D483804,15.56,0.0,1400.0,1400.0,Forest,Carnivore,,No,Invertivore
AVIBASE-B33A1372,11.3,1500.0,2200.0,3700.0,Shrubland,Carnivore,,No,Invertivore
AVIBASE-7DC2B3F6,14.0,2100.0,1250.0,3350.0,Forest,Carnivore,,No,Invertivore
AVIBASE-0F68CD7D,12.5,1600.0,1700.0,3300.0,Shrubland,Carnivore,CP,No,Invertivore
AVIBASE-8F016827,15.5,2500.0,700.0,3200.0,Shrubland,Carnivore,,No,Invertivore
AVIBASE-3FC64995,11.9,800.0,700.0,1500.0,Forest,Carnivore,,No,Invertivore
AVIBASE-DA61C0A1,15.66667,0.0,900.0,900.0,Wetland,Carnivore,CP,No,Invertivore
AVIBASE-1CB32C48,31.43333,0.0,1000.0,1000.0,Shrubland,Carnivore,CP,No,Invertivore
AVIBASE-F8CFE8C9,21.25,2500.0,1500.0,4000.0,Shrubland,Carnivore,,No,Invertivore
AVIBASE-86A7F715,35.85,2500.0,1000.0,3500.0,Woodland,Omnivore,,No,Omnivore
AVIBASE-18279EA8,23.0,3000.0,1000.0,4000.0,Woodland,Omnivore,,No,Omnivore
AVIBASE-E44AF02D,16.0,3000.0,800.0,3800.0,Forest,Carnivore,,No,Invertivore
AVIBASE-563FA241,18.55,350.0,1450.0,1800.0,Forest,Carnivore,,No,Invertivore
AVIBASE-601710FE,18.76667,0.0,500.0,500.0,Riverine,Omnivore,CP,No,Omnivore
AVIBASE-B9D99EE0,14.1,900.0,2200.0,3100.0,Woodland,Carnivore,CP,No,Invertivore
AVIBASE-947828AD,21.6,3100.0,1500.0,4600.0,Woodland,Carnivore,,No,Invertivore
AVIBASE-19D5AECF,10.83333,1300.0,1700.0,3000.0,Shrubland,Carnivore,CP,No,Invertivore
AVIBASE-714BD85C,11.1,1300.0,1500.0,2800.0,Woodland,Carnivore,CP,No,Invertivore
AVIBASE-32FFBA87,13.5,2800.0,1450.0,4250.0,Forest,Carnivore,,No,Invertivore
AVIBASE-BDF69BEE,12.0,0.0,1800.0,1800.0,Woodland,Herbivore,CP,No,Omnivore
AVIBASE-A6C60FFB,11.8,600.0,800.0,1400.0,Woodland,Carnivore,CP,No,Invertivore
AVIBASE-51CE233C,13.0,0.0,100.0,100.0,Riverine,Carnivore,,No,Invertivore
AVIBASE-FA9420B4,10.75,0.0,100.0,100.0,Coastal,Carnivore,CP,No,Invertivore
AVIBASE-9BE4C509,8.5,0.0,1300.0,1300.0,Woodland,Carnivore,CP,No,Invertivore
AVIBASE-5198F288,7.0,0.0,800.0,800.0,Woodland,Carnivore,,No,Invertivore
AVIBASE-6FA6ED40,14.4,1500.0,1500.0,3000.0,Forest,Carnivore,,No,Invertivore
AVIBASE-9529362D,22.2,2700.0,2150.0,4850.0,Woodland,Carnivore,CP,No,Invertivore
AVIBASE-EF7A9538,11.23333,2500.0,1000.0,3500.0,Forest,Carnivore,,No,Invertivore
AVIBASE-575BFDC1,11.875,2200.0,1900.0,4100.0,Forest,Carnivore,,No,Invertivore
AVIBASE-AD3D0CE9,10.5,0.0,4100.0,4100.0,Shrubland,Carnivore,CP,No,Invertivore
AVIBASE-1F1C4F93,11.0,2600.0,700.0,3300.0,Forest,Carnivore,CP,No,Invertivore
AVIBASE-3036F45A,9.2,0.0,4500.0,4500.0,Shrubland,Carnivore,CP,No,Invertivore
AVIBASE-961B34B3,11.8,400.0,2400.0,2800.0,Grassland,Herbivore,CP,No,Granivore
AVIBASE-96F83DED,13.995,0.0,300.0,300.0,Shrubland,Herbivore,,No,Granivore
AVIBASE-D2F4DBA5,22.71667,3100.0,2000.0,5100.0,Grassland,Herbivore,"BU,O",No,Granivore
AVIBASE-A5AA0BEC,17.7,0.0,1000.0,1000.0,Shrubland,Herbivore,"CP,CV,O",No,Granivore
AVIBASE-09191B98,13.85,0.0,300.0,300.0,Shrubland,Herbivore,"CR,CP,O,BU",No,Granivore
AVIBASE-85C6D2E5,16.25,0.0,3300.0,3300.0,Grassland,Herbivore,CP,No,Granivore
AVIBASE-89CEC2C1,,2500.0,1300.0,3800.0,Shrubland,Herbivore,BU,No,Granivore
AVIBASE-CB25EECF,24.85,0.0,1200.0,1200.0,Grassland,Herbivore,BU,No,Granivore
AVIBASE-26760B15,20.85,1000.0,3500.0,4500.0,Shrubland,Herbivore,"CR,CV",No,Granivore
AVIBASE-462D5C1E,18.15,600.0,1500.0,2100.0,Shrubland,Herbivore,BU,No,Granivore
AVIBASE-3CBC7FE3,35.66667,2500.0,2000.0,4500.0,Grassland,Herbivore,"CR,BU",No,Granivore
AVIBASE-79D218BB,15.8,200.0,2300.0,2500.0,Rock,Herbivore,,No,Granivore
AVIBASE-558DD2EE,18.73333,3800.0,700.0,4500.0,Grassland,Herbivore,"BU,O,CV",No,Granivore
AVIBASE-453C47FD,27.13333,0.0,4300.0,4300.0,Grassland,Herbivore,CP,No,Granivore
AVIBASE-107D1380,23.25,0.0,1900.0,1900.0,Forest,Herbivore,"CP,CV",No,Omnivore
AVIBASE-EFF9D06A,24.15,1700.0,3600.0,5300.0,Shrubland,Omnivore,CP,No,Omnivore
AVIBASE-3AEE36D0,37.2,2500.0,2300.0,4800.0,Shrubland,Herbivore,,No,Granivore
AVIBASE-AED9D220,31.16667,0.0,580.0,580.0,Shrubland,Omnivore,CP,No,Omnivore
AVIBASE-DEF2D638,44.13333,0.0,370.0,370.0,Shrubland,Herbivore,,No,Omnivore
AVIBASE-4DB8A059,26.5,0.0,370.0,370.0,Coastal,Herbivore,CP,No,Omnivore
AVIBASE-0147433E,57.18333,300.0,600.0,900.0,Shrubland,Omnivore,CP,No,Omnivore
AVIBASE-8116C254,30.0,0.0,500.0,500.0,Grassland,Herbivore,,No,Granivore
AVIBASE-A8A3D702,35.36667,0.0,3500.0,3500.0,Grassland,Herbivore,,No,Granivore
AVIBASE-18B92473,14.66667,2500.0,2500.0,5000.0,Grassland,Herbivore,CR,No,Granivore
AVIBASE-66F4277F,24.03333,800.0,4500.0,5300.0,Grassland,Herbivore,CR,No,Granivore
AVIBASE-68520BCB,15.4,0.0,1400.0,1400.0,Forest,Herbivore,,No,Granivore
AVIBASE-48CC8086,15.5,1350.0,1900.0,3250.0,Forest,Herbivore,SP,No,Granivore
AVIBASE-5CCF7540,16.4,1500.0,1600.0,3100.0,Forest,Carnivore,CP,No,Invertivore
AVIBASE-4226846A,16.975,3300.0,800.0,4100.0,Woodland,Carnivore,CP,No,Invertivore
AVIBASE-D7703EFB,11.25,3000.0,1800.0,4800.0,Forest,Carnivore,CP,No,Invertivore
AVIBASE-91AC6725,37.3,3300.0,1200.0,4500.0,Grassland,Herbivore,CP,No,Granivore
AVIBASE-F8A4E735,30.5,3700.0,1400.0,5100.0,Grassland,Herbivore,,No,Granivore
AVIBASE-6BB6FF7E,45.5,3950.0,1050.0,5000.0,Grassland,Omnivore,"CP,M",No,Omnivore
AVIBASE-A040695E,45.93333,3300.0,1300.0,4600.0,Grassland,Herbivore,,No,Granivore
AVIBASE-19B4343A,13.45,1000.0,2700.0,3700.0,Human Modified,Herbivore,CP,No,Granivore
AVIBASE-830AC9D2,13.4,2600.0,1800.0,4400.0,Grassland,Herbivore,,No,Granivore
AVIBASE-2143C9BF,13.36,1600.0,2200.0,3800.0,Shrubland,Herbivore,,No,Granivore
AVIBASE-ACA0A34E,11.25,1000.0,1300.0,2300.0,Forest,Carnivore,,No,Invertivore
AVIBASE-C14678F4,13.98333,1300.0,1800.0,3100.0,Forest,Carnivore,CP,No,Invertivore
AVIBASE-480CCA00,17.225,1800.0,1800.0,3600.0,Forest,Herbivore,CP,No,Frugivore
AVIBASE-AC4EB902,14.25,700.0,1500.0,2200.0,Forest,Herbivore,,No,Nectarivore
AVIBASE-4D0ECEE5,8.85,400.0,2100.0,2500.0,Woodland,Herbivore,CP,No,Nectarivore
AVIBASE-ECCF2395,9.36667,1200.0,1800.0,3000.0,Forest,Herbivore,CP,No,Nectarivore
AVIBASE-C143A152,9.33333,1200.0,2300.0,3500.0,Shrubland,Herbivore,CP,No,Nectarivore
AVIBASE-24F6EAA1,15.73333,2400.0,1300.0,3700.0,Forest,Carnivore,,No,Invertivore
AVIBASE-2C186D87,16.05,2700.0,1000.0,3700.0,Shrubland,Herbivore,CP,No,Nectarivore
AVIBASE-B5A814A5,15.73333,3000.0,750.0,3750.0,Shrubland,Herbivore,,No,Nectarivore
AVIBASE-041CC925,14.825,1400.0,1200.0,2600.0,Forest,Herbivore,,No,Nectarivore
AVIBASE-BE920B0F,21.25,1400.0,1400.0,2800.0,Forest,Herbivore,CP,No,Nectarivore
AVIBASE-D2A59F93,,1525.0,925.0,2450.0,Forest,Herbivore,,No,Nectarivore
AVIBASE-C33D6D15,10.15,1600.0,1400.0,3000.0,Shrubland,Herbivore,CP,No,Nectarivore
AVIBASE-2D4F59B1,11.9,2500.0,1500.0,4000.0,Forest,Herbivore,,No,Nectarivore
AVIBASE-C77C89B2,12.4,2000.0,2300.0,4300.0,Shrubland,Herbivore,CP,No,Nectarivore
AVIBASE-21B21DD8,11.16667,2700.0,1300.0,4000.0,Forest,Herbivore,CP,No,Nectarivore
AVIBASE-CC7387DB,12.88333,1850.0,2150.0,4000.0,Shrubland,Herbivore,CP,No,Nectarivore
AVIBASE-92F622EE,45.83333,320.0,1630.0,1950.0,Forest,Carnivore,,No,Invertivore
AVIBASE-7999BD70,22.2,1500.0,700.0,2200.0,Forest,Herbivore,,No,Frugivore
AVIBASE-845E3D86,24.5,1000.0,1350.0,2350.0,Forest,Omnivore,,No,Omnivore
AVIBASE-28B96403,21.0,2200.0,1500.0,3700.0,Forest,Herbivore,,No,Frugivore
AVIBASE-83B4D063,23.75,2000.0,1700.0,3700.0,Forest,Herbivore,,No,Frugivore
AVIBASE-699BDB3E,23.0,2500.0,1200.0,3700.0,Forest,Omnivore,,No,Omnivore
AVIBASE-F403E113,22.23333,0.0,2900.0,2900.0,Forest,Herbivore,CP,No,Omnivore
AVIBASE-123A0473,36.23333,0.0,2550.0,2550.0,Forest,Herbivore,CP,No,Frugivore
AVIBASE-C8013B91,35.35,1800.0,1200.0,3000.0,Forest,Herbivore,CP,No,Frugivore
AVIBASE-51DFE1EC,74.025,2500.0,1000.0,3500.0,Forest,Herbivore,CP,No,Frugivore
AVIBASE-96D6BCC9,,2600.0,900.0,3500.0,Forest,Herbivore,,No,Frugivore
AVIBASE-E9BC5A13,38.0,2500.0,1100.0,3600.0,Forest,Herbivore,,No,Frugivore
AVIBASE-FCB3C477,38.0,1900.0,1600.0,3500.0,Forest,Herbivore,,No,Frugivore
AVIBASE-8D39D4CB,28.18333,2200.0,400.0,2600.0,Forest,Omnivore,,No,Omnivore
AVIBASE-B2725161,85.66667,1800.0,1700.0,3500.0,Forest,Herbivore,,No,Frugivore
AVIBASE-E97657AA,37.0,1500.0,1500.0,3000.0,Shrubland,Herbivore,CP,No,Frugivore
AVIBASE-8A8F0607,62.5,2900.0,750.0,3650.0,Forest,Herbivore,,No,Frugivore
AVIBASE-C2BD666A,50.48333,1500.0,1850.0,3350.0,Forest,Omnivore,CP,No,Omnivore
AVIBASE-5B8B2C85,60.05,2700.0,700.0,3400.0,Forest,Herbivore,,No,Frugivore
AVIBASE-CBB9458D,84.66667,3000.0,700.0,3700.0,Forest,Herbivore,,No,Frugivore
AVIBASE-8BF26DF5,44.5,900.0,1700.0,2600.0,Forest,Carnivore,CP,No,Invertivore
AVIBASE-D64C0A60,44.5,1500.0,1000.0,2500.0,Forest,Carnivore,,No,Invertivore
AVIBASE-C42E650C,56.6,900.0,1300.0,2200.0,Forest,Herbivore,,No,Frugivore
AVIBASE-6F7590D1,42.85,1500.0,1700.0,3200.0,Forest,Herbivore,CP,No,Frugivore
AVIBASE-87EA6535,35.21667,2600.0,1000.0,3600.0,Shrubland,Herbivore,CP,No,Frugivore
AVIBASE-AF66D888,36.15,2400.0,1100.0,3500.0,Forest,Herbivore,CP,No,Frugivore
AVIBASE-11BC1FFE,34.95,2100.0,1200.0,3300.0,Forest,Herbivore,,No,Frugivore
AVIBASE-DC50B0C2,22.16667,1000.0,1200.0,2200.0,Forest,Carnivore,CP,No,Invertivore
AVIBASE-2920E66B,19.45,1300.0,900.0,2200.0,Forest,Carnivore,,No,Invertivore
AVIBASE-AF24691F,18.2,1000.0,700.0,1700.0,Forest,Carnivore,CP,No,Invertivore
AVIBASE-178A3A39,18.2,1000.0,1200.0,2200.0,Forest,Carnivore,CP,No,Invertivore
AVIBASE-1734388D,51.53333,450.0,550.0,1000.0,Forest,Omnivore,CP,No,Omnivore
AVIBASE-0D919D11,21.6,500.0,550.0,1050.0,Forest,Herbivore,CP,No,Frugivore
AVIBASE-B005C25F,37.25,300.0,900.0,1200.0,Forest,Omnivore,PN,No,Omnivore
AVIBASE-E6653E57,41.98,1700.0,495.0,2195.0,Forest,Herbivore,DM,No,Frugivore
AVIBASE-5C7EE0EE,36.45,600.0,1600.0,2200.0,Forest,Herbivore,CP,No,Frugivore
AVIBASE-26D354A0,48.25,100.0,1000.0,1100.0,Forest,Omnivore,PN,No,Omnivore
AVIBASE-44CDF1D4,37.1,1200.0,1000.0,2200.0,Forest,Herbivore,,No,Frugivore
AVIBASE-065F5150,17.38,1000.0,2100.0,3100.0,Shrubland,Herbivore,,No,Granivore
AVIBASE-AD0D014C,17.78,,,1000.0,Shrubland,Herbivore,CP,No,Granivore
AVIBASE-218F91B6,32.4,0.0,1100.0,1100.0,Shrubland,Carnivore,CP,No,Invertivore
AVIBASE-4DF5197A,34.33333,0.0,2000.0,2000.0,Shrubland,Herbivore,"CP,O",No,Granivore
AVIBASE-94DA257C,47.6,0.0,700.0,700.0,Forest,Herbivore,CP,No,Granivore
AVIBASE-F57B8D02,36.825,0.0,2400.0,2400.0,Forest,Herbivore,CP,No,Frugivore
AVIBASE-7766CC3C,74.82,0.0,1200.0,1200.0,Woodland,Herbivore,CP,No,Frugivore
AVIBASE-C78F3803,34.5,0.0,1700.0,1700.0,Shrubland,Omnivore,CP,No,Omnivore
AVIBASE-6241BAEB,31.93333,0.0,1000.0,1000.0,Shrubland,Omnivore,,No,Omnivore
AVIBASE-03CE3B88,36.66667,0.0,500.0,500.0,Shrubland,Herbivore,CP,No,Omnivore
AVIBASE-37DD749C,32.0,0.0,1200.0,1200.0,Shrubland,Herbivore,CP,No,Granivore
AVIBASE-2D96ABDD,25.75,0.0,400.0,400.0,Riverine,Carnivore,CP,No,Invertivore
AVIBASE-E7AC0F28,21.3,0.0,500.0,500.0,Wetland,Herbivore,CP,No,Omnivore
AVIBASE-D3859FE2,22.26667,0.0,300.0,300.0,Forest,Omnivore,CP,No,Omnivore
AVIBASE-5617D13D,25.9,0.0,300.0,300.0,Forest,Omnivore,CP,No,Omnivore
AVIBASE-3C6B2240,10.0,0.0,300.0,300.0,Forest,Omnivore,,No,Omnivore
AVIBASE-454C067F,19.05,400.0,1700.0,2100.0,Forest,Herbivore,CP,No,Frugivore
AVIBASE-453B7DCF,14.4,,,2000.0,Forest,Herbivore,,No,Frugivore
AVIBASE-14DFDF9F,17.125,300.0,1200.0,1500.0,Forest,Herbivore,CP,No,Frugivore
AVIBASE-F65C0B02,15.0,,,1800.0,Forest,Herbivore,,No,Frugivore
AVIBASE-C3EAE60A,18.06667,1500.0,900.0,2400.0,Forest,Carnivore,,No,Invertivore
AVIBASE-B7E27D94,19.1,1000.0,1850.0,2850.0,Forest,Carnivore,,No,Invertivore
AVIBASE-62E26A11,14.0,1000.0,700.0,1700.0,Forest,Herbivore,CP,No,Frugivore
AVIBASE-8298ABC5,31.15,300.0,800.0,1100.0,Forest,Herbivore,CP,No,Frugivore
AVIBASE-EFCDB0EC,34.0,0.0,1800.0,1800.0,Woodland,Omnivore,CP,No,Frugivore
AVIBASE-67E55116,31.15,0.0,1000.0,1000.0,Woodland,Herbivore,CP,No,Frugivore
AVIBASE-9BB9F4C2,33.15,0.0,800.0,800.0,Forest,Herbivore,"CP,O",No,Frugivore
AVIBASE-AF14F9B4,43.0,200.0,1000.0,1200.0,Forest,Herbivore,CP,No,Frugivore
AVIBASE-26A61AA4,46.5,0.0,1800.0,1800.0,Forest,Omnivore,"CP,CV",No,Omnivore
AVIBASE-85DBD8A8,36.33333,0.0,1750.0,1750.0,Forest,Herbivore,"CP,O",No,Frugivore
AVIBASE-5EADEFF0,37.5,0.0,1300.0,1300.0,Woodland,Omnivore,"CP,CV,CR",No,Omnivore
AVIBASE-F9C4B045,21.775,600.0,1400.0,2000.0,Shrubland,Herbivore,CP,No,Frugivore
AVIBASE-13B672C6,22.3,450.0,1800.0,2250.0,Forest,Herbivore,CP,No,Frugivore
AVIBASE-4DFD75ED,20.06667,1500.0,1000.0,2500.0,Forest,Herbivore,,No,Frugivore
AVIBASE-95C30DA2,19.26667,1300.0,900.0,2200.0,Forest,Herbivore,,No,Frugivore
AVIBASE-FF570133,18.66667,1100.0,1100.0,2200.0,Forest,Herbivore,,No,Frugivore
AVIBASE-41A0DB76,20.85,1000.0,1700.0,2700.0,Forest,Herbivore,CP,No,Frugivore
AVIBASE-C8C30E94,19.22,0.0,1100.0,1100.0,Forest,Herbivore,CP,No,Frugivore
AVIBASE-98A16735,16.4,300.0,2100.0,2400.0,Forest,Herbivore,CP,No,Frugivore
AVIBASE-76F91EB1,16.4,300.0,600.0,900.0,Forest,Herbivore,CP,No,Frugivore
AVIBASE-806ABB29,22.0,0.0,700.0,700.0,Forest,Herbivore,"CP,O",No,Frugivore
AVIBASE-4DD0A2FD,23.0,0.0,1000.0,1000.0,Forest,Herbivore,,No,Frugivore
AVIBASE-7E3ACF0B,25.95,1750.0,450.0,2200.0,Forest,Herbivore,,No,Frugivore
AVIBASE-A7B6279C,21.86,500.0,2000.0,2500.0,Shrubland,Carnivore,CP,No,Invertivore
AVIBASE-3BBF2C79,19.41667,0.0,1800.0,1800.0,Shrubland,Herbivore,CP,No,Frugivore
AVIBASE-6CDEF44D,20.1,0.0,1500.0,1500.0,Human Modified,Herbivore,CP,No,Frugivore
AVIBASE-A0E12761,25.33333,0.0,900.0,900.0,Forest,Herbivore,CP,No,Frugivore
AVIBASE-F04108FE,28.0,0.0,850.0,850.0,Forest,Herbivore,,No,Frugivore
AVIBASE-21DB9C26,17.0,1500.0,2000.0,3500.0,Forest,Herbivore,CP,No,Frugivore
AVIBASE-52480FB6,18.0,1500.0,2000.0,3500.0,Forest,Herbivore,,No,Frugivore
AVIBASE-D311DF97,15.83333,1400.0,1200.0,2600.0,Forest,Herbivore,CP,No,Frugivore
AVIBASE-62437D68,20.1,1200.0,1550.0,2750.0,Forest,Herbivore,CP,No,Frugivore
AVIBASE-7F583873,19.66667,1350.0,650.0,2000.0,Forest,Herbivore,SP,No,Frugivore
AVIBASE-45F0E18E,14.0,1250.0,950.0,2200.0,Forest,Omnivore,,No,Omnivore
AVIBASE-64E9CBDB,16.7,900.0,1150.0,2050.0,Forest,Herbivore,,No,Frugivore
AVIBASE-19CC72C9,14.13333,1300.0,1450.0,2750.0,Woodland,Carnivore,,No,Invertivore
AVIBASE-AB916568,21.5,0.0,1800.0,1800.0,Forest,Herbivore,CP,No,Frugivore
AVIBASE-7C975BC2,24.0,50.0,700.0,750.0,Forest,Herbivore,CP,No,Frugivore
AVIBASE-B67CF692,24.45,1100.0,600.0,1700.0,Forest,Herbivore,,No,Frugivore
AVIBASE-4929583B,17.86667,1000.0,1700.0,2700.0,Forest,Herbivore,CP,No,Frugivore
AVIBASE-97BC458C,28.0,1500.0,1100.0,2600.0,Forest,Herbivore,CP,No,Frugivore
AVIBASE-A2911D32,26.6,1000.0,1600.0,2600.0,Forest,Herbivore,CP,No,Frugivore
AVIBASE-FB061C9B,21.5,0.0,700.0,700.0,Forest,Herbivore,CP,No,Frugivore
AVIBASE-1A222683,19.5,,,1600.0,Forest,Herbivore,CP,No,Frugivore
AVIBASE-5A2DE569,23.1,1000.0,500.0,1500.0,Forest,Omnivore,,No,Omnivore
AVIBASE-0D05B12A,22.75,600.0,900.0,1500.0,Forest,Omnivore,CP,No,Omnivore
AVIBASE-C8B9D4AE,18.58333,500.0,700.0,1200.0,Forest,Herbivore,CP,No,Frugivore
AVIBASE-E3DA11F1,21.66667,600.0,1200.0,1800.0,Forest,Herbivore,CP,No,Frugivore
AVIBASE-D808B430,27.0,0.0,850.0,850.0,Forest,Herbivore,CP,No,Frugivore
AVIBASE-19829A58,18.0,0.0,900.0,900.0,Forest,Herbivore,CP,No,Frugivore
AVIBASE-3288B74B,18.8,400.0,600.0,1000.0,Forest,Herbivore,CP,No,Frugivore
AVIBASE-EFDFD9F5,20.0,800.0,1000.0,1800.0,Forest,Herbivore,CP,No,Frugivore
AVIBASE-A3CC5604,18.0,500.0,700.0,1200.0,Forest,Herbivore,CP,No,Frugivore
AVIBASE-6E314A86,18.475,0.0,1200.0,1200.0,Forest,Herbivore,CP,No,Frugivore
AVIBASE-186AE936,21.0,0.0,1300.0,1300.0,Forest,Herbivore,CP,No,Frugivore
AVIBASE-513E1AA9,20.0,0.0,500.0,500.0,Forest,Herbivore,CP,No,Frugivore
AVIBASE-9655118F,19.6,100.0,1000.0,1100.0,Forest,Herbivore,CP,No,Frugivore
AVIBASE-3B1E365F,23.33333,100.0,850.0,950.0,Forest,Herbivore,,No,Frugivore
AVIBASE-81144BF7,20.33333,0.0,500.0,500.0,Forest,Herbivore,,No,Frugivore
AVIBASE-4DCD0014,21.0,0.0,500.0,500.0,Forest,Herbivore,,No,Frugivore
