eBird species code 2019,Com_name,scientific_name,Subspecies,Illustration_id,Credit,Sex,Age,Morph,Order,Family,Group,color1,color2,color3,color4,color5,color6,color7,color8,color9,color10,color11,color12,color13,color14,color15,color16,color17,color18,color19,color20,color21,color22,color23,color24
lesred1,Lesser Redpoll,acanthis cabaret,nominate,153701391,Hilary Burn,Female,Not specified,,Passeriformes,Fringillidae ,"Finches, Euphonias, and Allies",0.013,0.094,0.091,0.019,0.0,0.012,0.094,0.078,0.0,0.001,0.027,0.0,0.124,0.162,0.024,0.014,0.019,0.065,0.0,0.0,0.026,0.0,0.078,0.059
lesred1,Lesser Redpoll,acanthis cabaret,nominate,153701401,Hilary Burn,Male,Not specified,,Passeriformes,Fringillidae ,"Finches, Euphonias, and Allies",0.032,0.064,0.077,0.034,0.0,0.035,0.046,0.073,0.0,0.001,0.055,0.0,0.072,0.143,0.062,0.023,0.024,0.054,0.006,0.0,0.055,0.0,0.083,0.061
hoared,Hoary Redpoll,acanthis hornemanni,nominate,153701441,Hilary Burn,Female,Not specified,,Passeriformes,Fringillidae ,"Finches, Euphonias, and Allies",0.004,0.08,0.052,0.001,0.0,0.001,0.132,0.074,0.0,0.002,0.001,0.0,0.122,0.258,0.001,0.004,0.013,0.067,0.003,0.0,0.036,0.0,0.077,0.072
hoared,Hoary Redpoll,acanthis hornemanni,nominate,153701451,Hilary Burn,Male,Not specified,,Passeriformes,Fringillidae ,"Finches, Euphonias, and Allies",0.005,0.089,0.068,0.001,0.0,0.0,0.115,0.084,0.003,0.0,0.002,0.0,0.108,0.184,0.002,0.006,0.029,0.087,0.006,0.0,0.057,0.0,0.074,0.08
afrwar1,African Reed Warbler,acrocephalus baeticatus,nominate,153104631,Ian Lewington,Monomorphic,Not specified,,Passeriformes,Acrocephalidae ,Reed Warblers and Allies,0.065,0.025,0.019,0.1,0.0,0.049,0.073,0.036,0.0,0.0,0.093,0.0,0.052,0.165,0.22,0.024,0.002,0.031,0.0,0.0,0.002,0.002,0.028,0.014
afrwar1,African Reed Warbler,acrocephalus baeticatus,cinnamomeus,153104651,Ian Lewington,Monomorphic,Not specified,,Passeriformes,Acrocephalidae ,Reed Warblers and Allies,0.031,0.044,0.026,0.077,0.0,0.076,0.08,0.052,0.005,0.0,0.11,0.0,0.027,0.174,0.205,0.006,0.001,0.042,0.0,0.0,0.004,0.001,0.024,0.015
blwmin1,Blue-winged Minla,actinodura cyanouroptera,nominate,153512981,Ian Lewington,Monomorphic,Not specified,,Passeriformes,Leiothrichidae ,Laughingthrushes and Allies,0.042,0.097,0.032,0.082,0.068,0.015,0.061,0.06,0.0,0.007,0.021,0.0,0.081,0.176,0.045,0.006,0.008,0.02,0.0,0.052,0.019,0.001,0.068,0.039
blwmin1,Blue-winged Minla,actinodura cyanouroptera,sordidior,153738221,Ian Lewington,Monomorphic,Not specified,,Passeriformes,Leiothrichidae ,Laughingthrushes and Allies,0.023,0.057,0.073,0.005,0.0,0.004,0.091,0.136,0.0,0.0,0.006,0.0,0.078,0.183,0.005,0.002,0.005,0.175,0.0,0.0,0.019,0.0,0.095,0.043
blwmin1,Blue-winged Minla,actinodura cyanouroptera,orientalis,207323291,Ian Lewington,Monomorphic,Not specified,,Passeriformes,Leiothrichidae ,Laughingthrushes and Allies,0.019,0.029,0.073,0.019,0.0,0.066,0.037,0.088,0.0,0.0,0.06,0.0,0.117,0.161,0.02,0.006,0.047,0.109,0.0,0.0,0.057,0.0,0.022,0.07
blwmin1,Blue-winged Minla,actinodura cyanouroptera,nominate,207323331,Ian Lewington,Monomorphic,Not specified,,Passeriformes,Leiothrichidae ,Laughingthrushes and Allies,0.035,0.088,0.042,0.079,0.036,0.013,0.077,0.035,0.001,0.006,0.021,0.0,0.075,0.196,0.046,0.016,0.006,0.038,0.001,0.054,0.025,0.002,0.063,0.045
taibar1,Taiwan Barwing,actinodura morrisoniana,nominate,153512971,Hilary Burn,Monomorphic,Not specified,,Passeriformes,Leiothrichidae ,Laughingthrushes and Allies,0.088,0.034,0.027,0.107,0.0,0.001,0.016,0.042,0.012,0.02,0.02,0.0,0.025,0.137,0.061,0.123,0.036,0.048,0.032,0.0,0.068,0.0,0.034,0.069
hotbar1,Hoary-throated Barwing,actinodura nipalensis,nominate,153512921,Hilary Burn,Monomorphic,Not specified,,Passeriformes,Leiothrichidae ,Laughingthrushes and Allies,0.062,0.057,0.025,0.086,0.0,0.004,0.022,0.029,0.007,0.051,0.035,0.0,0.027,0.144,0.06,0.087,0.068,0.021,0.046,0.0,0.079,0.0,0.045,0.045
strbar1,Streaked Barwing,actinodura souliei,nominate,207323261,Hilary Burn,Monomorphic,Not specified,,Passeriformes,Leiothrichidae ,Laughingthrushes and Allies,0.05,0.043,0.028,0.036,0.0,0.023,0.016,0.04,0.038,0.044,0.034,0.0,0.024,0.129,0.04,0.083,0.075,0.03,0.034,0.0,0.124,0.001,0.043,0.065
chtmin1,Chestnut-tailed Minla,actinodura strigula,nominate,153513011,Hilary Burn,Monomorphic,Not specified,,Passeriformes,Leiothrichidae ,Laughingthrushes and Allies,0.019,0.031,0.024,0.05,0.0,0.039,0.021,0.034,0.06,0.053,0.05,0.03,0.042,0.177,0.089,0.02,0.066,0.025,0.033,0.0,0.055,0.001,0.052,0.029
chtmin1,Chestnut-tailed Minla,actinodura strigula,traii,207323381,Hilary Burn,Monomorphic,Not specified,,Passeriformes,Leiothrichidae ,Laughingthrushes and Allies,0.018,0.075,0.022,0.015,0.0,0.038,0.037,0.029,0.051,0.059,0.034,0.096,0.066,0.184,0.033,0.013,0.053,0.017,0.019,0.0,0.042,0.002,0.059,0.038
chtmin1,Chestnut-tailed Minla,actinodura strigula,yunnanensis,207323421,Hilary Burn,Monomorphic,Not specified,,Passeriformes,Leiothrichidae ,Laughingthrushes and Allies,0.011,0.048,0.014,0.013,0.0,0.036,0.037,0.053,0.078,0.037,0.028,0.111,0.042,0.168,0.021,0.017,0.061,0.029,0.023,0.0,0.034,0.0,0.106,0.033
sttbar1,Streak-throated Barwing,actinodura waldeni,daflaensis,153512931,Hilary Burn,Monomorphic,Not specified,,Passeriformes,Leiothrichidae ,Laughingthrushes and Allies,0.039,0.073,0.046,0.065,0.0,0.001,0.056,0.049,0.002,0.043,0.014,0.0,0.07,0.172,0.043,0.038,0.048,0.048,0.021,0.0,0.066,0.0,0.05,0.056
sttbar1,Streak-throated Barwing,actinodura waldeni,nominate,153512941,Hilary Burn,Monomorphic,Not specified,,Passeriformes,Leiothrichidae ,Laughingthrushes and Allies,0.028,0.023,0.031,0.06,0.0,0.004,0.019,0.04,0.036,0.153,0.03,0.0,0.014,0.156,0.042,0.046,0.05,0.032,0.081,0.0,0.054,0.0,0.039,0.062
bohsun1,Bohol Sunbird,aethopyga decorosa,nominate,153165001,Hilary Burn,Female,Not specified,,Passeriformes,Nectariniidae ,Sunbirds and Spiderhunters,0.072,0.037,0.019,0.102,0.0,0.151,0.025,0.045,0.0,0.0,0.069,0.0,0.033,0.156,0.102,0.035,0.034,0.035,0.002,0.0,0.023,0.004,0.024,0.032
bohsun1,Bohol Sunbird,aethopyga decorosa,nominate,153165011,Hilary Burn,Male,Not specified,,Passeriformes,Nectariniidae ,Sunbirds and Spiderhunters,0.037,0.049,0.072,0.041,0.044,0.138,0.052,0.03,0.0,0.0,0.027,0.0,0.042,0.129,0.034,0.019,0.064,0.045,0.0,0.026,0.058,0.002,0.031,0.06
mousun1,Mountain Sunbird,aethopyga jefferyi,nominate,153165021,Hilary Burn,Male,Not specified,,Passeriformes,Nectariniidae ,Sunbirds and Spiderhunters,0.042,0.02,0.045,0.038,0.008,0.081,0.025,0.077,0.026,0.0,0.037,0.084,0.038,0.153,0.032,0.012,0.044,0.079,0.002,0.003,0.053,0.001,0.047,0.053
gofful2,Gold-fronted Fulvetta,alcippe variegaticeps,nominate,153123381,Ren Hathway,Monomorphic,Not specified,,Passeriformes,Leiothrichidae ,Laughingthrushes and Allies,0.135,0.017,0.017,0.111,0.0,0.046,0.017,0.021,0.057,0.002,0.069,0.01,0.018,0.193,0.117,0.04,0.018,0.021,0.0,0.0,0.031,0.026,0.017,0.017
brgdov1,Bronze Ground Dove,alopecoenas beccarii,nominate,152845851,John Cox,Female,Not specified,,Columbiformes,Columbidae ,Pigeons and Doves,0.115,0.014,0.136,0.035,0.0,0.0,0.012,0.041,0.0,0.0,0.0,0.0,0.013,0.158,0.004,0.176,0.005,0.079,0.0,0.0,0.035,0.0,0.014,0.163
brgdov1,Bronze Ground Dove,alopecoenas beccarii,nominate,152845861,John Cox,Male,Not specified,,Columbiformes,Columbidae ,Pigeons and Doves,0.1,0.05,0.133,0.007,0.0,0.0,0.028,0.04,0.0,0.0,0.0,0.0,0.019,0.194,0.002,0.074,0.017,0.046,0.005,0.0,0.034,0.004,0.104,0.143
brgdov1,Bronze Ground Dove,alopecoenas beccarii,johannae,153385041,Jan Wilczur,Female,Not specified,,Columbiformes,Columbidae ,Pigeons and Doves,0.068,0.042,0.152,0.016,0.0,0.0,0.01,0.05,0.0,0.0,0.0,0.0,0.014,0.169,0.004,0.191,0.007,0.062,0.002,0.0,0.024,0.0,0.071,0.118
brgdov1,Bronze Ground Dove,alopecoenas beccarii,johannae,153385051,Jan Wilczur,Male,Not specified,,Columbiformes,Columbidae ,Pigeons and Doves,0.07,0.052,0.081,0.01,0.0,0.0,0.025,0.032,0.0,0.0,0.0,0.0,0.042,0.222,0.002,0.16,0.008,0.039,0.003,0.0,0.044,0.0,0.042,0.168
pagdov1,Palau Ground Dove,alopecoenas canifrons,nominate,153385071,John Cox,Monomorphic,Not specified,,Columbiformes,Columbidae ,Pigeons and Doves,0.081,0.06,0.097,0.021,0.0,0.0,0.059,0.013,0.0,0.0,0.0,0.0,0.053,0.193,0.0,0.12,0.012,0.041,0.011,0.0,0.064,0.001,0.013,0.161
pogdov1,Polynesian Ground Dove,alopecoenas erythropterus,nominate,152845811,John Cox,Male,Not specified,,Columbiformes,Columbidae ,Pigeons and Doves,0.0,0.01,0.043,0.0,0.0,0.0,0.055,0.013,0.0,0.0,0.0,0.0,0.02,0.221,0.0,0.003,0.117,0.02,0.0,0.0,0.24,0.0,0.023,0.235
pogdov1,Polynesian Ground Dove,alopecoenas erythropterus,nominate,153384931,John Cox,Female,Not specified,,Columbiformes,Columbidae ,Pigeons and Doves,0.009,0.044,0.108,0.013,0.0,0.005,0.007,0.044,0.0,0.0,0.046,0.0,0.004,0.12,0.032,0.047,0.017,0.066,0.0,0.0,0.11,0.0,0.051,0.277
wegdov1,Wetar Ground Dove,alopecoenas hoedtii,nominate,152845711,John Cox,Male,Not specified,,Columbiformes,Columbidae ,Pigeons and Doves,0.07,0.049,0.035,0.014,0.0,0.029,0.133,0.015,0.0,0.002,0.018,0.0,0.036,0.169,0.01,0.155,0.012,0.012,0.002,0.0,0.091,0.0,0.019,0.129
wegdov1,Wetar Ground Dove,alopecoenas hoedtii,nominate,153384831,John Cox,Female,Not specified,,Columbiformes,Columbidae ,Pigeons and Doves,0.237,0.004,0.037,0.252,0.0,0.0,0.008,0.01,0.0,0.001,0.001,0.0,0.005,0.15,0.016,0.094,0.016,0.008,0.041,0.0,0.043,0.0,0.008,0.069
wbgdov1,White-bibbed Ground Dove,alopecoenas jobiensis,chalconotus,152845741,John Cox,Male,Not specified,,Columbiformes,Columbidae ,Pigeons and Doves,0.001,0.009,0.083,0.0,0.001,0.0,0.023,0.013,0.0,0.0,0.0,0.0,0.009,0.196,0.0,0.005,0.088,0.023,0.0,0.009,0.32,0.0,0.01,0.21
wbgdov1,White-bibbed Ground Dove,alopecoenas jobiensis,chalconotus,153384851,John Cox,Female,Not specified,,Columbiformes,Columbidae ,Pigeons and Doves,0.084,0.005,0.065,0.008,0.0,0.0,0.006,0.011,0.0,0.0,0.0,0.0,0.008,0.122,0.0,0.033,0.03,0.023,0.0,0.0,0.194,0.0,0.005,0.406
wbgdov1,White-bibbed Ground Dove,alopecoenas jobiensis,nominate,153384871,John Cox,Male,Not specified,,Columbiformes,Columbidae ,Pigeons and Doves,0.0,0.009,0.109,0.0,0.002,0.0,0.029,0.008,0.0,0.0,0.0,0.0,0.01,0.211,0.0,0.002,0.063,0.031,0.0,0.004,0.26,0.0,0.01,0.252
cigdov1,Caroline Islands Ground Dove,alopecoenas kubaryi,nominate,153384881,John Cox,Monomorphic,Not specified,,Columbiformes,Columbidae ,Pigeons and Doves,0.002,0.013,0.036,0.001,0.0,0.0,0.034,0.011,0.0,0.0,0.0,0.0,0.017,0.277,0.001,0.015,0.1,0.025,0.0,0.001,0.2,0.0,0.011,0.256
margrd1,Marquesas Ground Dove,alopecoenas rubescens,nominate,153384981,John Cox,Female,Not specified,,Columbiformes,Columbidae ,Pigeons and Doves,0.005,0.006,0.098,0.001,0.0,0.0,0.015,0.034,0.0,0.0,0.0,0.0,0.013,0.139,0.0,0.012,0.016,0.091,0.0,0.0,0.251,0.0,0.008,0.311
margrd1,Marquesas Ground Dove,alopecoenas rubescens,nominate,153384991,John Cox,Male,Not specified,,Columbiformes,Columbidae ,Pigeons and Doves,0.003,0.012,0.065,0.003,0.0,0.0,0.006,0.062,0.0,0.0,0.0,0.0,0.007,0.152,0.0,0.037,0.119,0.056,0.0,0.0,0.227,0.0,0.034,0.217
tbgdov1,Thick-billed Ground Dove,alopecoenas salamonis,nominate,153730121,John Cox,Monomorphic,Not specified,,Columbiformes,Columbidae ,Pigeons and Doves,0.051,0.015,0.06,0.039,0.0,0.0,0.012,0.016,0.0,0.0,0.013,0.0,0.008,0.145,0.071,0.32,0.029,0.033,0.0,0.0,0.046,0.0,0.018,0.124
scgdov1,Santa Cruz Ground Dove,alopecoenas sanctaecrucis,nominate,152845951,John Cox,Female,Not specified,,Columbiformes,Columbidae ,Pigeons and Doves,0.04,0.007,0.032,0.053,0.0,0.0,0.009,0.019,0.001,0.028,0.007,0.0,0.005,0.154,0.029,0.047,0.01,0.023,0.039,0.0,0.104,0.0,0.025,0.368
scgdov1,Santa Cruz Ground Dove,alopecoenas sanctaecrucis,nominate,153385091,John Cox,Male,Not specified,,Columbiformes,Columbidae ,Pigeons and Doves,0.003,0.042,0.094,0.003,0.0,0.029,0.035,0.027,0.0,0.0,0.014,0.0,0.094,0.175,0.006,0.029,0.014,0.048,0.0,0.0,0.101,0.0,0.032,0.254
frgdov1,Shy Ground Dove,alopecoenas stairi,nominate,152846031,John Cox,Male,Not specified,,Columbiformes,Columbidae ,Pigeons and Doves,0.039,0.015,0.081,0.073,0.0,0.003,0.036,0.017,0.0,0.0,0.011,0.0,0.026,0.131,0.063,0.028,0.013,0.034,0.002,0.001,0.074,0.0,0.015,0.338
frgdov1,Shy Ground Dove,alopecoenas stairi,nominate,153385101,John Cox,Female,Not specified,brown morph,Columbiformes,Columbidae ,Pigeons and Doves,0.048,0.009,0.062,0.095,0.0,0.0,0.006,0.023,0.001,0.047,0.001,0.0,0.007,0.137,0.007,0.059,0.007,0.019,0.05,0.0,0.053,0.0,0.01,0.359
wtgdov1,White-throated Ground Dove,alopecoenas xanthonurus,nominate,152845771,John Cox,Female,Not specified,,Columbiformes,Columbidae ,Pigeons and Doves,0.116,0.009,0.035,0.134,0.0,0.0,0.005,0.005,0.0,0.001,0.0,0.0,0.006,0.133,0.01,0.103,0.016,0.008,0.0,0.0,0.103,0.0,0.002,0.314
wtgdov1,White-throated Ground Dove,alopecoenas xanthonurus,nominate,152845781,John Cox,Male,Not specified,,Columbiformes,Columbidae ,Pigeons and Doves,0.006,0.028,0.04,0.007,0.0,0.008,0.196,0.011,0.0,0.0,0.003,0.0,0.055,0.138,0.002,0.049,0.059,0.014,0.0,0.0,0.174,0.0,0.01,0.2
golbul3,Seram Golden-Bulbul,alophoixus affinis,nominate,153500161,John Cox,Monomorphic,Not specified,,Passeriformes,Pycnonotidae ,Bulbuls,0.207,0.005,0.012,0.152,0.0,0.005,0.011,0.002,0.111,0.004,0.005,0.063,0.003,0.144,0.013,0.049,0.024,0.009,0.0,0.0,0.023,0.135,0.01,0.013
toggob1,Togian Golden-Bulbul,alophoixus aureus,nominate,153500091,John Cox,Monomorphic,Not specified,,Passeriformes,Pycnonotidae ,Bulbuls,0.107,0.005,0.008,0.118,0.0,0.006,0.013,0.018,0.07,0.002,0.011,0.143,0.008,0.198,0.008,0.052,0.018,0.016,0.0,0.001,0.01,0.174,0.005,0.009
halgob1,Halmahera Golden-Bulbul,alophoixus chloris,nominate,153500121,John Cox,Monomorphic,Not specified,,Passeriformes,Pycnonotidae ,Bulbuls,0.249,0.007,0.015,0.165,0.0,0.005,0.011,0.006,0.068,0.003,0.012,0.021,0.009,0.167,0.012,0.064,0.009,0.013,0.0,0.0,0.011,0.121,0.01,0.022
finbul1,Finsch's Bulbul,alophoixus finschii,nominate,153111591,Hilary Burn,Monomorphic,Not specified,,Passeriformes,Pycnonotidae ,Bulbuls,0.267,0.013,0.037,0.031,0.001,0.02,0.014,0.009,0.041,0.002,0.005,0.018,0.014,0.182,0.009,0.113,0.017,0.011,0.0,0.0,0.077,0.046,0.01,0.063
sulgob1,Sula Golden-Bulbul,alophoixus longirostris,harterti,153500061,John Cox,Monomorphic,Not specified,,Passeriformes,Pycnonotidae ,Bulbuls,0.208,0.013,0.003,0.118,0.0,0.002,0.007,0.012,0.065,0.006,0.002,0.088,0.019,0.138,0.006,0.101,0.018,0.013,0.001,0.0,0.034,0.095,0.011,0.04
sulgob1,Sula Golden-Bulbul,alophoixus longirostris,nominate,153500081,John Cox,Monomorphic,Not specified,,Passeriformes,Pycnonotidae ,Bulbuls,0.168,0.007,0.006,0.14,0.0,0.001,0.007,0.004,0.084,0.0,0.002,0.072,0.013,0.148,0.011,0.087,0.012,0.005,0.0,0.0,0.027,0.173,0.007,0.026
obigob1,Obi Golden-Bulbul,alophoixus lucasi,nominate,153113731,John Cox,Monomorphic,Not specified,,Passeriformes,Pycnonotidae ,Bulbuls,0.068,0.007,0.01,0.043,0.0,0.004,0.009,0.026,0.169,0.002,0.005,0.16,0.008,0.176,0.014,0.038,0.007,0.019,0.0,0.001,0.011,0.203,0.01,0.01
golbul4,Buru Golden-Bulbul,alophoixus mystacalis,nominate,153500151,John Cox,Monomorphic,Not specified,,Passeriformes,Pycnonotidae ,Bulbuls,0.296,0.009,0.013,0.149,0.0,0.003,0.015,0.009,0.011,0.001,0.0,0.001,0.022,0.175,0.009,0.071,0.019,0.014,0.0,0.0,0.024,0.107,0.007,0.045
sangob1,Sangihe Golden-Bulbul,alophoixus platenae,nominate,153113691,John Cox,Monomorphic,Not specified,,Passeriformes,Pycnonotidae ,Bulbuls,0.27,0.005,0.011,0.085,0.001,0.004,0.007,0.012,0.052,0.01,0.008,0.027,0.013,0.156,0.009,0.139,0.013,0.011,0.0,0.0,0.048,0.049,0.008,0.062
blchum1,Blue-chested Hummingbird,amazilia amabilis,nominate,152826401,Norman Arlott,Female,Not specified,,Caprimulgiformes,Trochilidae ,Hummingbirds,0.135,0.016,0.003,0.023,0.006,0.001,0.023,0.011,0.003,0.002,0.002,0.001,0.019,0.148,0.008,0.114,0.1,0.012,0.004,0.007,0.158,0.076,0.016,0.112
blchum1,Blue-chested Hummingbird,amazilia amabilis,nominate,153367321,Norman Arlott,Male,Not specified,,Caprimulgiformes,Trochilidae ,Hummingbirds,0.125,0.01,0.021,0.02,0.005,0.001,0.006,0.011,0.012,0.001,0.008,0.001,0.009,0.152,0.01,0.11,0.128,0.02,0.006,0.005,0.15,0.075,0.01,0.104
amahum1,Amazilia Hummingbird,amazilia amazilia,caeruleigularis,152826141,Norman Arlott,Monomorphic,Not specified,,Caprimulgiformes,Trochilidae ,Hummingbirds,0.078,0.008,0.034,0.012,0.031,0.003,0.006,0.007,0.029,0.072,0.006,0.001,0.007,0.166,0.006,0.033,0.084,0.013,0.053,0.011,0.069,0.18,0.006,0.085
amahum1,Amazilia Hummingbird,amazilia amazilia,dumerilii,152826171,Norman Arlott,Monomorphic,Not specified,,Caprimulgiformes,Trochilidae ,Hummingbirds,0.075,0.013,0.022,0.016,0.0,0.007,0.014,0.001,0.063,0.078,0.011,0.005,0.016,0.168,0.005,0.031,0.087,0.001,0.02,0.0,0.087,0.212,0.007,0.061
amahum1,Amazilia Hummingbird,amazilia amazilia,alticola,152826181,Norman Arlott,Monomorphic,Not specified,,Caprimulgiformes,Trochilidae ,Hummingbirds,0.075,0.015,0.027,0.02,0.0,0.006,0.026,0.004,0.052,0.041,0.017,0.008,0.012,0.164,0.006,0.034,0.067,0.007,0.05,0.0,0.102,0.176,0.007,0.084
amahum1,Amazilia Hummingbird,amazilia amazilia,azuay,153367071,Norman Arlott,Monomorphic,Not specified,,Caprimulgiformes,Trochilidae ,Hummingbirds,0.092,0.016,0.023,0.02,0.0,0.003,0.018,0.006,0.047,0.053,0.012,0.009,0.021,0.168,0.004,0.03,0.052,0.004,0.036,0.0,0.1,0.209,0.006,0.071
amahum1,Amazilia Hummingbird,amazilia amazilia,leucophoea,153367081,Norman Arlott,Monomorphic,Not specified,,Caprimulgiformes,Trochilidae ,Hummingbirds,0.058,0.011,0.015,0.016,0.0,0.013,0.025,0.003,0.077,0.078,0.007,0.013,0.012,0.178,0.007,0.039,0.089,0.004,0.035,0.0,0.067,0.168,0.003,0.082
amahum1,Amazilia Hummingbird,amazilia amazilia,nominate,153367091,Norman Arlott,Monomorphic,Not specified,,Caprimulgiformes,Trochilidae ,Hummingbirds,0.09,0.01,0.012,0.018,0.0,0.002,0.006,0.008,0.054,0.071,0.006,0.008,0.005,0.157,0.004,0.039,0.122,0.005,0.063,0.0,0.091,0.151,0.006,0.072
berhum,Berylline Hummingbird,amazilia beryllina,sumichrasti,152826501,Norman Arlott,Male,Not specified,,Caprimulgiformes,Trochilidae ,Hummingbirds,0.112,0.006,0.041,0.006,0.0,0.0,0.01,0.002,0.006,0.005,0.004,0.001,0.008,0.155,0.004,0.092,0.094,0.004,0.044,0.0,0.175,0.128,0.003,0.1
berhum,Berylline Hummingbird,amazilia beryllina,nominate,152826521,Norman Arlott,Female,Not specified,,Caprimulgiformes,Trochilidae ,Hummingbirds,0.137,0.001,0.006,0.03,0.0,0.0,0.006,0.006,0.001,0.001,0.002,0.0,0.014,0.172,0.015,0.186,0.078,0.003,0.066,0.0,0.118,0.072,0.006,0.08
berhum,Berylline Hummingbird,amazilia beryllina,devillei,152826541,Norman Arlott,Female,Not specified,,Caprimulgiformes,Trochilidae ,Hummingbirds,0.121,0.003,0.015,0.021,0.0,0.002,0.009,0.004,0.002,0.007,0.008,0.001,0.008,0.134,0.007,0.172,0.103,0.005,0.07,0.001,0.138,0.077,0.005,0.087
berhum,Berylline Hummingbird,amazilia beryllina,devillei,152826551,Norman Arlott,Male,Not specified,,Caprimulgiformes,Trochilidae ,Hummingbirds,0.111,0.003,0.015,0.024,0.0,0.0,0.007,0.003,0.03,0.024,0.005,0.003,0.002,0.129,0.006,0.111,0.08,0.006,0.06,0.0,0.145,0.118,0.004,0.114
berhum,Berylline Hummingbird,amazilia beryllina,nominate,153367401,Norman Arlott,Male,Not specified,,Caprimulgiformes,Trochilidae ,Hummingbirds,0.108,0.006,0.012,0.009,0.0,0.001,0.006,0.01,0.018,0.011,0.003,0.0,0.005,0.143,0.007,0.165,0.067,0.001,0.099,0.0,0.133,0.097,0.004,0.095
whceme1,White-chested Emerald,amazilia brevirostris,nominate,152826241,Norman Arlott,Monomorphic,Not specified,,Caprimulgiformes,Trochilidae ,Hummingbirds,0.1,0.016,0.012,0.022,0.0,0.019,0.03,0.009,0.031,0.068,0.011,0.003,0.019,0.138,0.012,0.049,0.091,0.006,0.017,0.0,0.109,0.156,0.01,0.072
whbeme1,White-bellied Emerald,amazilia candida,nominate,152826291,Norman Arlott,Monomorphic,Not specified,,Caprimulgiformes,Trochilidae ,Hummingbirds,0.119,0.018,0.006,0.013,0.0,0.006,0.034,0.006,0.039,0.001,0.001,0.004,0.023,0.215,0.004,0.05,0.091,0.004,0.003,0.0,0.115,0.174,0.009,0.065
chbhum1,Chestnut-bellied Hummingbird,amazilia castaneiventris,nominate,152825931,Norman Arlott,Monomorphic,Not specified,,Caprimulgiformes,Trochilidae ,Hummingbirds,0.113,0.006,0.014,0.031,0.0,0.006,0.013,0.003,0.072,0.107,0.01,0.008,0.013,0.127,0.005,0.05,0.088,0.003,0.081,0.0,0.078,0.088,0.006,0.078
azchum1,Azure-crowned Hummingbird,amazilia cyanocephala,chlorostephana,152826461,Norman Arlott,Monomorphic,Not specified,,Caprimulgiformes,Trochilidae ,Hummingbirds,0.136,0.008,0.015,0.011,0.0,0.005,0.027,0.003,0.03,0.001,0.005,0.004,0.019,0.149,0.004,0.048,0.08,0.009,0.004,0.0,0.152,0.202,0.006,0.082
azchum1,Azure-crowned Hummingbird,amazilia cyanocephala,nominate,153367371,Norman Arlott,Monomorphic,Not specified,,Caprimulgiformes,Trochilidae ,Hummingbirds,0.134,0.019,0.01,0.026,0.016,0.003,0.029,0.001,0.025,0.0,0.006,0.001,0.03,0.151,0.005,0.034,0.113,0.005,0.004,0.012,0.115,0.196,0.012,0.053
blthum1,Blue-tailed Hummingbird,amazilia cyanura,nominate,152826561,Norman Arlott,Monomorphic,Not specified,,Caprimulgiformes,Trochilidae ,Hummingbirds,0.082,0.008,0.04,0.012,0.0,0.001,0.012,0.008,0.044,0.016,0.0,0.0,0.01,0.154,0.003,0.093,0.133,0.009,0.029,0.03,0.109,0.097,0.003,0.107
blthum1,Blue-tailed Hummingbird,amazilia cyanura,guatemalae,153367441,Norman Arlott,Monomorphic,Not specified,,Caprimulgiformes,Trochilidae ,Hummingbirds,0.1,0.002,0.016,0.01,0.0,0.001,0.018,0.004,0.065,0.0,0.0,0.002,0.004,0.139,0.002,0.103,0.128,0.003,0.003,0.008,0.162,0.095,0.001,0.134
chahum1,Charming Hummingbird,amazilia decora,nominate,153367331,Hilary Burn,Female,Not specified,,Caprimulgiformes,Trochilidae ,Hummingbirds,0.147,0.015,0.023,0.009,0.002,0.002,0.021,0.008,0.005,0.0,0.003,0.0,0.02,0.171,0.004,0.107,0.089,0.009,0.001,0.004,0.144,0.094,0.011,0.111
chahum1,Charming Hummingbird,amazilia decora,nominate,153367341,Hilary Burn,Male,Not specified,,Caprimulgiformes,Trochilidae ,Hummingbirds,0.106,0.005,0.018,0.021,0.007,0.002,0.012,0.018,0.01,0.004,0.001,0.003,0.009,0.174,0.004,0.089,0.172,0.007,0.0,0.006,0.142,0.07,0.015,0.105
snbhum1,Snowy-bellied Hummingbird,amazilia edward,nominate,152826811,Norman Arlott,Monomorphic,Not specified,,Caprimulgiformes,Trochilidae ,Hummingbirds,0.05,0.011,0.021,0.011,0.001,0.0,0.012,0.009,0.032,0.012,0.002,0.0,0.011,0.168,0.004,0.095,0.147,0.007,0.063,0.001,0.149,0.075,0.005,0.114
snbhum1,Snowy-bellied Hummingbird,amazilia edward,niveoventer,153367641,Norman Arlott,Monomorphic,Not specified,,Caprimulgiformes,Trochilidae ,Hummingbirds,0.067,0.008,0.058,0.006,0.0,0.001,0.014,0.005,0.025,0.0,0.001,0.0,0.018,0.15,0.004,0.084,0.146,0.016,0.008,0.016,0.169,0.077,0.007,0.12
glteme1,Glittering-throated Emerald,amazilia fimbriata,nominate,153367561,Norman Arlott,Monomorphic,Not specified,,Caprimulgiformes,Trochilidae ,Hummingbirds,0.156,0.01,0.012,0.017,0.0,0.001,0.018,0.003,0.033,0.002,0.007,0.0,0.008,0.149,0.006,0.087,0.101,0.004,0.001,0.0,0.132,0.118,0.01,0.125
buvhum1,Blue-vented Hummingbird,amazilia hoffmanni,nominate,152826591,Norman Arlott,Male,Not specified,,Caprimulgiformes,Trochilidae ,Hummingbirds,0.093,0.006,0.025,0.007,0.0,0.001,0.009,0.003,0.015,0.001,0.003,0.0,0.009,0.156,0.004,0.073,0.139,0.005,0.003,0.031,0.174,0.091,0.003,0.149
saseme1,Sapphire-spangled Emerald,amazilia lactea,zimmeri,152826751,Norman Arlott,Monomorphic,Not specified,,Caprimulgiformes,Trochilidae ,Hummingbirds,0.107,0.011,0.02,0.026,0.038,0.004,0.02,0.008,0.004,0.002,0.002,0.001,0.006,0.174,0.009,0.097,0.13,0.003,0.005,0.021,0.15,0.011,0.015,0.136
saseme1,Sapphire-spangled Emerald,amazilia lactea,nominate,153367581,Norman Arlott,Monomorphic,Not specified,,Caprimulgiformes,Trochilidae ,Hummingbirds,0.129,0.007,0.02,0.032,0.014,0.002,0.012,0.005,0.001,0.005,0.001,0.0,0.007,0.157,0.004,0.092,0.098,0.007,0.001,0.05,0.184,0.035,0.007,0.13
saseme1,Sapphire-spangled Emerald,amazilia lactea,bartletti,153367601,Hilary Burn,Monomorphic,Not specified,,Caprimulgiformes,Trochilidae ,Hummingbirds,0.108,0.015,0.021,0.037,0.024,0.0,0.009,0.012,0.004,0.005,0.002,0.0,0.014,0.159,0.003,0.089,0.099,0.008,0.002,0.039,0.192,0.032,0.008,0.118
plbeme1,Plain-bellied Emerald,amazilia leucogaster,nominate,152826191,Norman Arlott,Monomorphic,Not specified,,Caprimulgiformes,Trochilidae ,Hummingbirds,0.113,0.016,0.036,0.009,0.0,0.006,0.018,0.005,0.046,0.002,0.005,0.001,0.013,0.158,0.006,0.033,0.052,0.005,0.0,0.0,0.137,0.222,0.004,0.113
puchum1,Purple-chested Hummingbird,amazilia rosenbergi,nominate,152826781,Norman Arlott,Female,Not specified,,Caprimulgiformes,Trochilidae ,Hummingbirds,0.168,0.023,0.012,0.01,0.0,0.003,0.022,0.009,0.002,0.001,0.002,0.003,0.015,0.157,0.005,0.121,0.114,0.009,0.005,0.001,0.139,0.061,0.008,0.11
puchum1,Purple-chested Hummingbird,amazilia rosenbergi,nominate,152826801,Norman Arlott,Male,Not specified,,Caprimulgiformes,Trochilidae ,Hummingbirds,0.157,0.009,0.009,0.015,0.007,0.0,0.009,0.003,0.009,0.0,0.003,0.001,0.005,0.129,0.004,0.096,0.154,0.007,0.002,0.01,0.148,0.108,0.011,0.104
stvhum2,Steely-vented Hummingbird,amazilia saucerottei,nominate,153367461,Norman Arlott,Female,Not specified,,Caprimulgiformes,Trochilidae ,Hummingbirds,0.128,0.005,0.058,0.002,0.0,0.0,0.008,0.007,0.006,0.001,0.001,0.0,0.005,0.139,0.004,0.077,0.117,0.006,0.002,0.005,0.134,0.091,0.003,0.201
stvhum2,Steely-vented Hummingbird,amazilia saucerottei,nominate,153367471,Norman Arlott,Male,Not specified,,Caprimulgiformes,Trochilidae ,Hummingbirds,0.088,0.008,0.056,0.003,0.0,0.0,0.008,0.002,0.008,0.001,0.004,0.0,0.008,0.158,0.004,0.037,0.146,0.007,0.003,0.017,0.173,0.086,0.005,0.178
corhum1,Copper-rumped Hummingbird,amazilia tobaci,aliciae,152826891,Norman Arlott,Monomorphic,Not specified,,Caprimulgiformes,Trochilidae ,Hummingbirds,0.086,0.003,0.028,0.019,0.0,0.0,0.007,0.003,0.014,0.025,0.001,0.0,0.003,0.13,0.0,0.086,0.139,0.008,0.101,0.007,0.155,0.08,0.004,0.101
corhum1,Copper-rumped Hummingbird,amazilia tobaci,caurensis,153367701,Norman Arlott,Monomorphic,Not specified,,Caprimulgiformes,Trochilidae ,Hummingbirds,0.155,0.004,0.018,0.025,0.0,0.0,0.007,0.005,0.012,0.0,0.002,0.0,0.005,0.118,0.004,0.088,0.139,0.007,0.001,0.0,0.198,0.086,0.005,0.121
corhum1,Copper-rumped Hummingbird,amazilia tobaci,nominate,153367721,Norman Arlott,Monomorphic,Not specified,,Caprimulgiformes,Trochilidae ,Hummingbirds,0.14,0.003,0.016,0.018,0.0,0.0,0.006,0.004,0.006,0.001,0.001,0.0,0.001,0.126,0.001,0.107,0.176,0.004,0.024,0.0,0.158,0.093,0.004,0.111
vereme1,Versicolored Emerald,amazilia versicolor,hollandi,152826201,Norman Arlott,Monomorphic,Not specified,,Caprimulgiformes,Trochilidae ,Hummingbirds,0.093,0.016,0.041,0.011,0.043,0.008,0.035,0.005,0.024,0.002,0.005,0.002,0.03,0.177,0.001,0.033,0.073,0.013,0.004,0.041,0.109,0.155,0.005,0.074
vereme1,Versicolored Emerald,amazilia versicolor,nominate,152826211,Norman Arlott,Monomorphic,Not specified,,Caprimulgiformes,Trochilidae ,Hummingbirds,0.162,0.018,0.02,0.017,0.0,0.008,0.019,0.005,0.025,0.0,0.01,0.003,0.013,0.13,0.008,0.051,0.051,0.006,0.005,0.0,0.161,0.187,0.007,0.094
vereme1,Versicolored Emerald,amazilia versicolor,rondoniae,152826231,Norman Arlott,Monomorphic,Not specified,,Caprimulgiformes,Trochilidae ,Hummingbirds,0.114,0.027,0.02,0.033,0.05,0.002,0.013,0.016,0.012,0.001,0.009,0.001,0.013,0.131,0.004,0.047,0.085,0.016,0.004,0.036,0.145,0.117,0.012,0.092
vichum,Violet-crowned Hummingbird,amazilia violiceps,ellioti,152826651,Norman Arlott,Monomorphic,Not specified,,Caprimulgiformes,Trochilidae ,Hummingbirds,0.179,0.017,0.021,0.07,0.02,0.002,0.037,0.006,0.013,0.013,0.006,0.0,0.027,0.169,0.004,0.049,0.073,0.004,0.018,0.047,0.101,0.052,0.005,0.067
vichum,Violet-crowned Hummingbird,amazilia violiceps,nominate,152826661,Norman Arlott,Monomorphic,Not specified,,Caprimulgiformes,Trochilidae ,Hummingbirds,0.149,0.014,0.008,0.062,0.003,0.002,0.034,0.003,0.001,0.018,0.006,0.0,0.035,0.193,0.002,0.065,0.086,0.004,0.066,0.026,0.102,0.06,0.004,0.057
gawhum1,Green-and-white Hummingbird,amazilia viridicauda,nominate,152825881,Norman Arlott,Monomorphic,Not specified,,Caprimulgiformes,Trochilidae ,Hummingbirds,0.113,0.02,0.007,0.054,0.0,0.017,0.121,0.004,0.037,0.006,0.02,0.001,0.032,0.256,0.019,0.088,0.005,0.004,0.002,0.0,0.052,0.079,0.009,0.054
grfhum1,Green-fronted Hummingbird,amazilia viridifrons,nominate,152826671,Norman Arlott,Female,Not specified,,Caprimulgiformes,Trochilidae ,Hummingbirds,0.125,0.02,0.014,0.028,0.0,0.001,0.045,0.003,0.001,0.033,0.002,0.0,0.037,0.218,0.005,0.074,0.044,0.005,0.021,0.0,0.127,0.057,0.007,0.133
grfhum1,Green-fronted Hummingbird,amazilia viridifrons,nominate,152826681,Norman Arlott,Male,Not specified,,Caprimulgiformes,Trochilidae ,Hummingbirds,0.12,0.019,0.02,0.018,0.0,0.002,0.022,0.005,0.007,0.031,0.004,0.001,0.028,0.186,0.006,0.079,0.069,0.012,0.05,0.0,0.166,0.065,0.006,0.084
grfhum1,Green-fronted Hummingbird,amazilia viridifrons,wagneri,152826701,Hilary Burn,Female,Not specified,,Caprimulgiformes,Trochilidae ,Hummingbirds,0.13,0.013,0.022,0.041,0.0,0.004,0.039,0.004,0.014,0.046,0.005,0.001,0.018,0.161,0.005,0.092,0.079,0.004,0.04,0.0,0.129,0.055,0.005,0.093
grfhum1,Green-fronted Hummingbird,amazilia viridifrons,wagneri,152826711,Hilary Burn,Male,Not specified,,Caprimulgiformes,Trochilidae ,Hummingbirds,0.152,0.022,0.006,0.031,0.0,0.002,0.035,0.002,0.007,0.045,0.001,0.0,0.021,0.149,0.005,0.097,0.07,0.006,0.037,0.001,0.14,0.071,0.005,0.095
grbhum1,Green-bellied Hummingbird,amazilia viridigaster,laireti,152826881,Norman Arlott,Monomorphic,Not specified,,Caprimulgiformes,Trochilidae ,Hummingbirds,0.075,0.004,0.009,0.014,0.0,0.001,0.003,0.008,0.019,0.001,0.005,0.0,0.01,0.128,0.0,0.167,0.112,0.004,0.102,0.0,0.139,0.091,0.006,0.102
grbhum1,Green-bellied Hummingbird,amazilia viridigaster,nominate,153367651,Norman Arlott,Monomorphic,Not specified,,Caprimulgiformes,Trochilidae ,Hummingbirds,0.133,0.008,0.044,0.01,0.0,0.0,0.005,0.006,0.011,0.0,0.005,0.0,0.005,0.142,0.002,0.089,0.119,0.007,0.002,0.003,0.135,0.155,0.003,0.116
grbhum1,Green-bellied Hummingbird,amazilia viridigaster,cupreicauda,153367661,Norman Arlott,Monomorphic,Not specified,,Caprimulgiformes,Trochilidae ,Hummingbirds,0.123,0.005,0.008,0.016,0.0,0.001,0.017,0.007,0.031,0.004,0.004,0.002,0.004,0.124,0.005,0.112,0.104,0.002,0.118,0.0,0.115,0.088,0.002,0.108
golbow1,Golden Bowerbird,amblyornis newtoniana,nominate,153447961,Chris Rose,Female,Not specified,,Passeriformes,Ptilonorhynchidae ,Bowerbirds,0.267,0.034,0.023,0.125,0.0,0.001,0.01,0.077,0.0,0.0,0.002,0.0,0.032,0.121,0.02,0.103,0.004,0.084,0.0,0.0,0.012,0.0,0.073,0.012
golbow1,Golden Bowerbird,amblyornis newtoniana,nominate,153447981,Chris Rose,Male,Not specified,,Passeriformes,Ptilonorhynchidae ,Bowerbirds,0.208,0.003,0.009,0.143,0.0,0.005,0.008,0.005,0.118,0.035,0.002,0.092,0.003,0.146,0.012,0.08,0.006,0.007,0.001,0.0,0.01,0.075,0.003,0.029
gryemt1,Gray Emutail,amphilais seebohmi,nominate,153106751,Jan Wilczur,Monomorphic,Not specified,,Passeriformes,Locustellidae ,Grassbirds and Allies,0.07,0.059,0.057,0.055,0.0,0.008,0.075,0.052,0.0,0.0,0.017,0.0,0.064,0.232,0.071,0.02,0.023,0.058,0.0,0.0,0.035,0.0,0.061,0.043
neccus1,New Caledonian Cuckooshrike,analisoma analis,nominate,153052581,Tim Worfolk,Monomorphic,Not specified,,Passeriformes,Campephagidae ,Cuckooshrikes,0.002,0.009,0.131,0.006,0.0,0.0,0.006,0.219,0.0,0.001,0.002,0.0,0.006,0.128,0.012,0.006,0.061,0.22,0.008,0.0,0.074,0.0,0.012,0.097
blacus1,Blackish Cuckooshrike,analisoma coerulescens,nominate,153052631,Tim Worfolk,Female,Not specified,,Passeriformes,Campephagidae ,Cuckooshrikes,0.0,0.001,0.143,0.0,0.026,0.002,0.007,0.181,0.0,0.0,0.006,0.0,0.005,0.107,0.001,0.0,0.044,0.265,0.0,0.001,0.092,0.0,0.016,0.103
blacus1,Blackish Cuckooshrike,analisoma coerulescens,nominate,153464031,Tim Worfolk,Male,Not specified,,Passeriformes,Campephagidae ,Cuckooshrikes,0.0,0.005,0.157,0.0,0.011,0.0,0.013,0.015,0.0,0.0,0.0,0.0,0.007,0.113,0.0,0.0,0.166,0.022,0.0,0.101,0.159,0.0,0.004,0.227
whwcus1,White-winged Cuckooshrike,analisoma ostenta,nominate,153464001,Tim Worfolk,Female,Not specified,,Passeriformes,Campephagidae ,Cuckooshrikes,0.0,0.083,0.055,0.0,0.0,0.0,0.032,0.121,0.0,0.0,0.0,0.0,0.085,0.189,0.0,0.0,0.065,0.063,0.0,0.0,0.084,0.0,0.168,0.055
whwcus1,White-winged Cuckooshrike,analisoma ostenta,nominate,153464011,Tim Worfolk,Male,Not specified,,Passeriformes,Campephagidae ,Cuckooshrikes,0.0,0.03,0.074,0.0,0.0,0.0,0.03,0.091,0.0,0.0,0.0,0.0,0.012,0.157,0.0,0.0,0.189,0.091,0.0,0.0,0.102,0.0,0.086,0.138
grynod1,Gray Noddy,anous albivitta,nominate,151488291,Ian Willis,Monomorphic,Not specified,,Charadriiformes,Laridae ,"Gulls, Terns, and Skimmers",0.0,0.085,0.017,0.0,0.0,0.0,0.185,0.113,0.0,0.0,0.0,0.0,0.066,0.154,0.0,0.0,0.007,0.044,0.0,0.0,0.006,0.0,0.314,0.009
swagoo1,Swan Goose,anser cygnoides,nominate,152840951,Francesc Jutglar,Monomorphic,Not specified,,Anseriformes,Anatidae ,"Ducks, Geese, and Waterfowl",0.048,0.059,0.036,0.032,0.0,0.002,0.103,0.03,0.002,0.019,0.021,0.0,0.072,0.133,0.037,0.119,0.008,0.041,0.016,0.0,0.071,0.0,0.034,0.117
yelpip2,Yellowish Pipit,anthus lutescens,nominate,153176731,Ren Hathway,Monomorphic,Not specified,,Passeriformes,Motacillidae ,Wagtails and Pipits,0.032,0.025,0.018,0.054,0.0,0.118,0.052,0.022,0.004,0.003,0.099,0.0,0.042,0.295,0.072,0.03,0.016,0.012,0.0,0.0,0.042,0.0,0.02,0.044
yelpip2,Yellowish Pipit,anthus lutescens,parvus,153176751,Ren Hathway,Monomorphic,Not specified,,Passeriformes,Motacillidae ,Wagtails and Pipits,0.04,0.023,0.015,0.068,0.0,0.112,0.077,0.013,0.001,0.004,0.099,0.0,0.051,0.265,0.07,0.038,0.017,0.009,0.001,0.0,0.042,0.001,0.013,0.041
sarcra1,Sarus Crane,antigone antigone,nominate,152821921,Hilary Burn,Monomorphic,Not specified,,Gruiformes,Gruidae ,Cranes,0.007,0.143,0.018,0.01,0.0,0.001,0.205,0.043,0.0,0.005,0.003,0.0,0.199,0.216,0.003,0.012,0.001,0.027,0.015,0.0,0.012,0.0,0.069,0.011
sarcra1,Sarus Crane,antigone antigone,sharpii,153363821,Hilary Burn,Monomorphic,Not specified,,Gruiformes,Gruidae ,Cranes,0.007,0.164,0.014,0.005,0.0,0.001,0.158,0.037,0.0,0.001,0.009,0.0,0.215,0.203,0.015,0.019,0.001,0.022,0.02,0.0,0.009,0.0,0.086,0.014
sancra,Sandhill Crane,antigone canadensis,nominate,152821851,Hilary Burn,Monomorphic,Not specified,,Gruiformes,Gruidae ,Cranes,0.0,0.197,0.043,0.0,0.0,0.0,0.078,0.087,0.0,0.001,0.0,0.0,0.177,0.156,0.0,0.0,0.003,0.054,0.006,0.0,0.018,0.0,0.149,0.031
sancra,Sandhill Crane,antigone canadensis,tabida,152821891,Hilary Burn,Monomorphic,Not specified,,Gruiformes,Gruidae ,Cranes,0.0,0.202,0.045,0.001,0.0,0.0,0.075,0.063,0.0,0.003,0.0,0.0,0.21,0.191,0.0,0.001,0.003,0.042,0.005,0.0,0.014,0.0,0.116,0.029
brolga1,Brolga,antigone rubicunda,nominate,152821991,Hilary Burn,Monomorphic,Not specified,,Gruiformes,Gruidae ,Cranes,0.001,0.177,0.025,0.002,0.0,0.0,0.105,0.09,0.001,0.0,0.002,0.0,0.173,0.164,0.001,0.001,0.004,0.062,0.006,0.0,0.037,0.0,0.115,0.034
whncra1,White-naped Crane,antigone vipio,nominate,152821911,Hilary Burn,Monomorphic,Not specified,,Gruiformes,Gruidae ,Cranes,0.009,0.121,0.032,0.007,0.0,0.009,0.133,0.071,0.0,0.017,0.013,0.0,0.103,0.281,0.01,0.012,0.007,0.047,0.011,0.0,0.01,0.0,0.088,0.019
chhcra1,Chestnut-headed Crake,anurolimnas castaneiceps,nominate,153361091,Norman Arlott,Monomorphic,Not specified,,Gruiformes,Rallidae ,"Rails, Gallinules, and Coots",0.056,0.005,0.005,0.009,0.0,0.0,0.012,0.008,0.0,0.047,0.002,0.0,0.007,0.174,0.012,0.305,0.0,0.007,0.178,0.0,0.027,0.0,0.006,0.14
chhcra1,Chestnut-headed Crake,anurolimnas castaneiceps,coccineipes,153361101,Norman Arlott,Monomorphic,Not specified,,Gruiformes,Rallidae ,"Rails, Gallinules, and Coots",0.03,0.004,0.001,0.004,0.0,0.001,0.007,0.004,0.002,0.117,0.006,0.0,0.006,0.189,0.006,0.162,0.001,0.009,0.187,0.0,0.046,0.0,0.005,0.213
blbcra1,Black-banded Crake,anurolimnas fasciatus,nominate,153362381,Norman Arlott,Monomorphic,Not specified,,Gruiformes,Rallidae ,"Rails, Gallinules, and Coots",0.048,0.008,0.01,0.019,0.0,0.001,0.003,0.007,0.0,0.074,0.001,0.0,0.009,0.205,0.003,0.206,0.003,0.008,0.16,0.0,0.096,0.0,0.013,0.126
ruccra1,Russet-crowned Crake,anurolimnas viridis,brunnescens,153361111,Norman Arlott,Monomorphic,Not specified,,Gruiformes,Rallidae ,"Rails, Gallinules, and Coots",0.014,0.015,0.006,0.011,0.0,0.0,0.007,0.01,0.004,0.085,0.008,0.0,0.006,0.194,0.013,0.277,0.0,0.006,0.19,0.0,0.059,0.0,0.013,0.082
ruccra1,Russet-crowned Crake,anurolimnas viridis,nominate,153361121,Norman Arlott,Monomorphic,Not specified,,Gruiformes,Rallidae ,"Rails, Gallinules, and Coots",0.044,0.009,0.004,0.009,0.0,0.003,0.009,0.021,0.001,0.099,0.003,0.0,0.004,0.215,0.008,0.232,0.001,0.005,0.201,0.0,0.034,0.0,0.009,0.089
somhum1,Sombre Hummingbird,aphantochroa cirrochloris,nominate,152824511,Hilary Burn,Monomorphic,Not specified,,Caprimulgiformes,Trochilidae ,Hummingbirds,0.079,0.03,0.142,0.028,0.0,0.0,0.011,0.079,0.004,0.002,0.005,0.001,0.023,0.099,0.011,0.025,0.033,0.133,0.0,0.0,0.072,0.03,0.06,0.133
chnpar1,Chestnut-necklaced Partridge,arborophila charltonii,atjenensis,152996941,Norman Arlott,Monomorphic,Not specified,,Galliformes,Phasianidae ,"Pheasants, Grouse, and Allies",0.119,0.012,0.012,0.167,0.0,0.051,0.019,0.011,0.068,0.04,0.097,0.001,0.015,0.142,0.121,0.05,0.0,0.018,0.016,0.0,0.013,0.002,0.006,0.02
chnpar1,Chestnut-necklaced Partridge,arborophila charltonii,nominate,152996961,Norman Arlott,Monomorphic,Not specified,,Galliformes,Phasianidae ,"Pheasants, Grouse, and Allies",0.098,0.01,0.008,0.157,0.0,0.039,0.019,0.006,0.04,0.03,0.082,0.002,0.019,0.18,0.111,0.077,0.002,0.007,0.035,0.0,0.038,0.002,0.009,0.029
chnpar1,Chestnut-necklaced Partridge,arborophila charltonii,graydoni,152996971,Lluís Sanz,Monomorphic,Not specified,,Galliformes,Phasianidae ,"Pheasants, Grouse, and Allies",0.141,0.012,0.014,0.05,0.0,0.026,0.043,0.024,0.074,0.058,0.037,0.0,0.017,0.142,0.035,0.192,0.0,0.013,0.016,0.0,0.01,0.002,0.031,0.063
scbpar1,Scaly-breasted Partridge,arborophila chloropus,nominate,152996901,Norman Arlott,Monomorphic,Not specified,,Galliformes,Phasianidae ,"Pheasants, Grouse, and Allies",0.186,0.013,0.011,0.182,0.0,0.032,0.017,0.01,0.012,0.024,0.052,0.0,0.019,0.135,0.076,0.158,0.001,0.003,0.004,0.0,0.018,0.005,0.011,0.031
scbpar1,Scaly-breasted Partridge,arborophila chloropus,merlini,152996921,Norman Arlott,Monomorphic,Not specified,,Galliformes,Phasianidae ,"Pheasants, Grouse, and Allies",0.131,0.013,0.023,0.145,0.0,0.06,0.032,0.015,0.023,0.019,0.077,0.0,0.03,0.136,0.063,0.147,0.003,0.014,0.001,0.0,0.015,0.007,0.011,0.035
scbpar1,Scaly-breasted Partridge,arborophila chloropus,tonkinensis,207317071,Lluís Sanz,Monomorphic,Not specified,,Galliformes,Phasianidae ,"Pheasants, Grouse, and Allies",0.118,0.015,0.007,0.121,0.0,0.074,0.026,0.007,0.012,0.032,0.077,0.001,0.025,0.137,0.06,0.117,0.016,0.006,0.044,0.0,0.057,0.0,0.009,0.039
whbwoo4,White-breasted Woodswallow,artamus leucorynchus,nominate,153074691,Hilary Burn,Monomorphic,Not specified,,Passeriformes,Artamidae ,"Woodswallows, Bellmagpies, and Allies",0.0,0.03,0.089,0.0,0.008,0.0,0.037,0.243,0.0,0.0,0.0,0.0,0.035,0.233,0.0,0.0,0.011,0.208,0.0,0.001,0.01,0.0,0.066,0.029
whbwoo4,White-breasted Woodswallow,artamus leucorynchus,pelewensis,153466251,Hilary Burn,Monomorphic,Not specified,,Passeriformes,Artamidae ,"Woodswallows, Bellmagpies, and Allies",0.0,0.024,0.208,0.0,0.002,0.0,0.043,0.024,0.0,0.0,0.0,0.0,0.025,0.189,0.0,0.0,0.056,0.169,0.0,0.001,0.079,0.0,0.023,0.157
puncan1,Puna Canastero,asthenes sclateri,nominate,151424661,Tim Worfolk,Monomorphic,Not specified,,Passeriformes,Furnariidae ,Ovenbirds and Woodcreepers,0.039,0.019,0.004,0.092,0.0,0.111,0.037,0.011,0.009,0.111,0.1,0.0,0.041,0.165,0.084,0.077,0.0,0.007,0.03,0.0,0.015,0.0,0.02,0.028
puncan1,Puna Canastero,asthenes sclateri,sclateri,153023991,Tim Worfolk,Monomorphic,Not specified,,Passeriformes,Furnariidae ,Ovenbirds and Woodcreepers,0.036,0.019,0.019,0.053,0.0,0.153,0.038,0.031,0.01,0.037,0.117,0.0,0.048,0.14,0.099,0.059,0.008,0.024,0.01,0.0,0.037,0.0,0.022,0.04
puncan1,Puna Canastero,asthenes sclateri,punensis,153341301,Tim Worfolk,Monomorphic,Not specified,,Passeriformes,Furnariidae ,Ovenbirds and Woodcreepers,0.036,0.022,0.007,0.078,0.0,0.107,0.022,0.009,0.012,0.068,0.134,0.0,0.034,0.137,0.115,0.078,0.004,0.006,0.005,0.0,0.067,0.0,0.012,0.047
puncan1,Puna Canastero,asthenes sclateri,cuchacanchae,153426661,Tim Worfolk,Monomorphic,Not specified,,Passeriformes,Furnariidae ,Ovenbirds and Woodcreepers,0.043,0.038,0.019,0.059,0.0,0.074,0.045,0.026,0.017,0.04,0.066,0.0,0.13,0.173,0.07,0.044,0.012,0.018,0.009,0.0,0.039,0.0,0.038,0.04
inirai1,Inaccessible Island Rail,atlantisia rogersi,nominate,152819541,Hilary Burn,Monomorphic,Not specified,,Gruiformes,Rallidae ,"Rails, Gallinules, and Coots",0.063,0.01,0.078,0.025,0.0,0.0,0.014,0.065,0.0,0.0,0.001,0.0,0.007,0.248,0.005,0.097,0.018,0.102,0.0,0.0,0.105,0.0,0.018,0.144
yegfin1,Yellow-green Brushfinch,atlapetes luteoviridis,nominate,153706431,Brian Small,Monomorphic,Not specified,,Passeriformes,Passerellidae ,New World Sparrows,0.087,0.015,0.092,0.01,0.0,0.0,0.008,0.031,0.003,0.0,0.0,0.007,0.011,0.142,0.001,0.014,0.12,0.053,0.001,0.002,0.087,0.246,0.012,0.058
yetfin1,Yellow-thighed Brushfinch,atlapetes tibialis,nominate,153706411,Brian Small,Monomorphic,Not specified,,Passeriformes,Passerellidae ,New World Sparrows,0.002,0.017,0.254,0.001,0.0,0.0,0.006,0.062,0.0,0.0,0.001,0.005,0.008,0.107,0.0,0.002,0.118,0.192,0.0,0.0,0.09,0.002,0.025,0.108
withum1,Wine-throated Hummingbird,atthis ellioti,nominate,152829791,Dave Nurney,Female,Not specified,,Caprimulgiformes,Trochilidae ,Hummingbirds,0.12,0.029,0.037,0.067,0.0,0.01,0.044,0.004,0.055,0.059,0.006,0.0,0.026,0.175,0.023,0.088,0.011,0.015,0.015,0.0,0.086,0.054,0.018,0.058
withum1,Wine-throated Hummingbird,atthis ellioti,nominate,153369851,Dave Nurney,Male,Not specified,,Caprimulgiformes,Trochilidae ,Hummingbirds,0.06,0.02,0.014,0.032,0.001,0.011,0.029,0.009,0.064,0.081,0.01,0.003,0.05,0.148,0.011,0.101,0.011,0.005,0.132,0.0,0.092,0.033,0.008,0.075
withum1,Wine-throated Hummingbird,atthis ellioti,selasphoroides,153369861,Dave Nurney,Male,Not specified,,Caprimulgiformes,Trochilidae ,Hummingbirds,0.069,0.01,0.031,0.045,0.0,0.004,0.016,0.013,0.038,0.05,0.023,0.0,0.016,0.151,0.012,0.092,0.044,0.012,0.098,0.0,0.129,0.063,0.005,0.079
bumhum,Bumblebee Hummingbird,atthis heloisa,nominate,152829761,Dave Nurney,Female,Not specified,,Caprimulgiformes,Trochilidae ,Hummingbirds,0.109,0.036,0.03,0.042,0.0,0.031,0.055,0.015,0.053,0.047,0.02,0.005,0.047,0.156,0.008,0.056,0.016,0.021,0.012,0.0,0.077,0.102,0.011,0.051
bumhum,Bumblebee Hummingbird,atthis heloisa,nominate,153369821,Dave Nurney,Male,Not specified,,Caprimulgiformes,Trochilidae ,Hummingbirds,0.131,0.022,0.033,0.049,0.0,0.012,0.044,0.019,0.023,0.011,0.015,0.0,0.044,0.14,0.008,0.071,0.034,0.026,0.049,0.0,0.08,0.091,0.015,0.083
pubbul1,Puff-backed Bulbul,brachypodius eutilotus,nominate,153113421,Hilary Burn,Monomorphic,Not specified,,Passeriformes,Pycnonotidae ,Bulbuls,0.129,0.035,0.017,0.165,0.0,0.018,0.075,0.011,0.0,0.012,0.03,0.0,0.052,0.173,0.042,0.103,0.006,0.005,0.06,0.0,0.016,0.0,0.033,0.018
bawbul2,Black-and-white Bulbul,brachypodius melanoleucos,nominate,153113461,Hilary Burn,Male,Not specified,,Passeriformes,Pycnonotidae ,Bulbuls,0.011,0.015,0.156,0.002,0.0,0.0,0.025,0.021,0.0,0.0,0.0,0.0,0.008,0.133,0.0,0.005,0.045,0.076,0.0,0.0,0.287,0.0,0.013,0.203
bawbul2,Black-and-white Bulbul,brachypodius melanoleucos,nominate,153499921,Hilary Burn,Female,Not specified,,Passeriformes,Pycnonotidae ,Bulbuls,0.059,0.017,0.112,0.007,0.0,0.0,0.013,0.024,0.0,0.0,0.0,0.0,0.01,0.167,0.002,0.104,0.022,0.069,0.0,0.0,0.175,0.0,0.01,0.209
yewbul1,Yellow-wattled Bulbul,brachypodius urostictus,basilanicus,153113551,Hilary Burn,Monomorphic,Not specified,,Passeriformes,Pycnonotidae ,Bulbuls,0.065,0.027,0.041,0.125,0.0,0.031,0.096,0.031,0.0,0.0,0.09,0.002,0.069,0.172,0.107,0.033,0.003,0.041,0.0,0.0,0.011,0.0,0.03,0.026
yewbul1,Yellow-wattled Bulbul,brachypodius urostictus,nominate,153113601,Hilary Burn,Monomorphic,Not specified,,Passeriformes,Pycnonotidae ,Bulbuls,0.092,0.035,0.047,0.188,0.0,0.015,0.033,0.018,0.0,0.001,0.109,0.0,0.043,0.14,0.118,0.042,0.003,0.039,0.001,0.0,0.022,0.0,0.011,0.043
scagrr1,Scaly Ground-Roller,brachypteracias squamiger,nominate,151476201,Jan Wilczur,Monomorphic,Not specified,,Coraciiformes,Brachypteraciidae ,Ground-Rollers,0.087,0.045,0.033,0.052,0.0,0.007,0.081,0.042,0.005,0.067,0.021,0.0,0.058,0.166,0.012,0.065,0.011,0.029,0.024,0.0,0.061,0.06,0.028,0.046
gousho1,Gould's Shortwing,brachypteryx stellata,nominate,153150541,Ian Willis,Monomorphic,Not specified,,Passeriformes,Muscicapidae ,Old World Flycatchers,0.032,0.019,0.075,0.024,0.0,0.0,0.014,0.05,0.001,0.063,0.0,0.0,0.011,0.203,0.003,0.101,0.009,0.086,0.176,0.0,0.038,0.0,0.019,0.076
boefly1,Böhm's Flycatcher,bradornis boehmi,nominate,153147081,Norman Arlott,Monomorphic,Not specified,,Passeriformes,Muscicapidae ,Old World Flycatchers,0.079,0.031,0.011,0.05,0.0,0.023,0.076,0.01,0.001,0.0,0.016,0.0,0.043,0.184,0.024,0.103,0.089,0.008,0.0,0.0,0.118,0.0,0.039,0.095
soofly1,Sooty Flycatcher,bradornis fuliginosus,nominate,153527751,Norman Arlott,Monomorphic,Not specified,,Passeriformes,Muscicapidae ,Old World Flycatchers,0.114,0.004,0.013,0.066,0.0,0.0,0.008,0.007,0.0,0.0,0.003,0.0,0.004,0.157,0.032,0.133,0.099,0.003,0.0,0.0,0.227,0.0,0.01,0.12
ussfly1,Ussher's Flycatcher,bradornis ussheri,nominate,153527761,Norman Arlott,Monomorphic,Not specified,,Passeriformes,Muscicapidae ,Old World Flycatchers,0.1,0.005,0.052,0.024,0.0,0.0,0.008,0.015,0.0,0.0,0.0,0.0,0.004,0.132,0.0,0.064,0.166,0.03,0.0,0.0,0.253,0.0,0.007,0.14
baswar1,Bamboo Warbler,bradypterus alfredi,nominate,153106371,Brian Small,Monomorphic,Not specified,,Passeriformes,Locustellidae ,Grassbirds and Allies,0.096,0.06,0.035,0.068,0.0,0.006,0.037,0.056,0.0,0.003,0.006,0.0,0.056,0.191,0.025,0.105,0.023,0.029,0.004,0.0,0.052,0.0,0.073,0.075
useowl1,Usambara Eagle-Owl,bubo vosseleri,nominate,151481021,Tim Worfolk,Monomorphic,Not specified,,Strigiformes,Strigidae ,Owls,0.073,0.022,0.021,0.054,0.0,0.017,0.071,0.015,0.021,0.048,0.035,0.0,0.031,0.097,0.055,0.107,0.017,0.007,0.015,0.0,0.069,0.0,0.037,0.188
chcpuf1,Chestnut-capped Puffbird,bucco macrodactylus,nominate,151467881,Hilary Burn,Monomorphic,Not specified,variant A,Galbuliformes,Bucconidae ,Puffbirds,0.061,0.024,0.019,0.127,0.0,0.058,0.039,0.024,0.015,0.028,0.047,0.0,0.033,0.152,0.063,0.083,0.061,0.026,0.015,0.0,0.07,0.0,0.019,0.036
socpuf1,Sooty-capped Puffbird,bucco noanamae,nominate,151467901,Hilary Burn,Monomorphic,Not specified,,Galbuliformes,Bucconidae ,Puffbirds,0.059,0.029,0.072,0.042,0.0,0.021,0.055,0.04,0.007,0.001,0.034,0.001,0.047,0.146,0.027,0.066,0.055,0.054,0.002,0.0,0.09,0.0,0.04,0.112
spopuf1,Spotted Puffbird,bucco tamatia,pulmentum,151467911,Hilary Burn,Monomorphic,Not specified,,Galbuliformes,Bucconidae ,Puffbirds,0.074,0.03,0.026,0.122,0.0,0.029,0.057,0.04,0.004,0.003,0.024,0.0,0.058,0.14,0.081,0.066,0.067,0.039,0.003,0.0,0.056,0.0,0.029,0.052
spopuf1,Spotted Puffbird,bucco tamatia,nominate,151467921,Hilary Burn,Monomorphic,Not specified,,Galbuliformes,Bucconidae ,Puffbirds,0.092,0.043,0.035,0.077,0.0,0.01,0.049,0.043,0.023,0.017,0.02,0.0,0.043,0.132,0.036,0.092,0.036,0.038,0.0,0.0,0.086,0.006,0.042,0.08
helhor1,Helmeted Hornbill,buceros vigil,nominate,151473271,Tim Worfolk,Male,Not specified,,Bucerotiformes,Bucerotidae ,Hornbills,0.021,0.045,0.039,0.033,0.0,0.009,0.084,0.021,0.006,0.031,0.015,0.001,0.068,0.276,0.014,0.033,0.029,0.024,0.056,0.0,0.09,0.0,0.022,0.083
arcbuz1,Archer's Buzzard,buteo archeri,nominate,151487561,Ian Willis,Monomorphic,Not specified,,Accipitriformes,Accipitridae ,"Hawks, Eagles, and Kites",0.02,0.014,0.091,0.018,0.0,0.041,0.003,0.021,0.008,0.085,0.042,0.001,0.016,0.116,0.027,0.037,0.004,0.058,0.111,0.0,0.128,0.0,0.014,0.145
mamtan1,Masked Mountain-Tanager,buthraupis wetmorei,nominate,153329331,Hilary Burn,Monomorphic,Not specified,,Passeriformes,Thraupidae ,Tanagers and Allies,0.016,0.017,0.044,0.007,0.021,0.016,0.009,0.033,0.08,0.001,0.012,0.214,0.017,0.144,0.019,0.005,0.093,0.028,0.0,0.004,0.086,0.049,0.025,0.06
whckoe1,White-crowned Koel,cacomantis leucolophus,nominate,152815211,Ian Willis,Monomorphic,Not specified,,Cuculiformes,Cuculidae ,Cuckoos,0.001,0.017,0.045,0.0,0.0,0.0,0.016,0.007,0.0,0.0,0.0,0.0,0.007,0.13,0.0,0.001,0.241,0.013,0.0,0.0,0.323,0.0,0.005,0.194
palcuc1,Pallid Cuckoo,cacomantis pallidus,nominate,152815201,Ian Willis,Monomorphic,Not specified,,Cuculiformes,Cuculidae ,Cuckoos,0.007,0.105,0.04,0.006,0.0,0.001,0.054,0.202,0.0,0.0,0.002,0.0,0.125,0.165,0.007,0.009,0.005,0.057,0.0,0.0,0.032,0.0,0.111,0.072
foxlar1,Foxy Lark,calendulauda alopex,nominate,153094951,Tim Worfolk,Monomorphic,Not specified,,Passeriformes,Alaudidae ,Larks,0.025,0.012,0.009,0.037,0.0,0.066,0.134,0.007,0.054,0.159,0.077,0.0,0.038,0.264,0.032,0.019,0.003,0.004,0.03,0.0,0.005,0.0,0.016,0.009
foxlar1,Foxy Lark,calendulauda alopex,intercedens,153484841,Tim Worfolk,Monomorphic,Not specified,,Passeriformes,Alaudidae ,Larks,0.038,0.035,0.025,0.052,0.0,0.078,0.19,0.03,0.006,0.009,0.053,0.0,0.072,0.217,0.045,0.022,0.014,0.014,0.001,0.0,0.039,0.0,0.022,0.038
barlar1,Barlow's Lark,calendulauda barlowi,nominate,153484941,Tim Worfolk,Monomorphic,Not specified,,Passeriformes,Alaudidae ,Larks,0.005,0.039,0.017,0.015,0.0,0.107,0.118,0.019,0.031,0.005,0.166,0.0,0.054,0.314,0.045,0.004,0.001,0.024,0.0,0.0,0.003,0.0,0.026,0.007
barlar1,Barlow's Lark,calendulauda barlowi,cavei,153484951,Tim Worfolk,Monomorphic,Not specified,,Passeriformes,Alaudidae ,Larks,0.021,0.034,0.019,0.068,0.0,0.059,0.093,0.012,0.023,0.031,0.064,0.0,0.063,0.366,0.068,0.009,0.006,0.01,0.006,0.0,0.015,0.0,0.021,0.012
barlar1,Barlow's Lark,calendulauda barlowi,patea,153484981,Tim Worfolk,Monomorphic,Not specified,,Passeriformes,Alaudidae ,Larks,0.01,0.056,0.019,0.025,0.0,0.052,0.113,0.049,0.0,0.0,0.065,0.0,0.089,0.339,0.061,0.005,0.007,0.04,0.0,0.0,0.006,0.0,0.052,0.012
btmjay,Black-throated Magpie-Jay,calocitta colliei,nominate,153087471,Brian Small,Monomorphic,Not specified,,Passeriformes,Corvidae ,"Crows, Jays, and Magpies",0.0,0.033,0.032,0.0,0.092,0.0,0.072,0.022,0.0,0.0,0.0,0.0,0.032,0.262,0.0,0.0,0.038,0.019,0.0,0.329,0.023,0.0,0.018,0.028
wtmjay1,White-throated Magpie-Jay,calocitta formosa,nominate,153087501,Brian Small,Monomorphic,Not specified,,Passeriformes,Corvidae ,"Crows, Jays, and Magpies",0.0,0.033,0.043,0.0,0.107,0.0,0.085,0.027,0.0,0.0,0.0,0.0,0.061,0.26,0.0,0.0,0.024,0.017,0.0,0.233,0.049,0.0,0.021,0.04
whtblc1,Baudin's Black-Cockatoo,calyptorhynchus baudinii,nominate,151441721,Ian Lewington,Male,Not specified,,Psittaciformes,Cacatuidae ,Cockatoos,0.045,0.021,0.125,0.009,0.0,0.001,0.032,0.04,0.0,0.0,0.003,0.0,0.046,0.1,0.007,0.043,0.025,0.06,0.0,0.0,0.163,0.0,0.017,0.263
ytbcoc1,Yellow-tailed Black-Cockatoo,calyptorhynchus funereus,nominate,151441691,Ian Lewington,Male,Not specified,,Psittaciformes,Cacatuidae ,Cockatoos,0.008,0.014,0.115,0.006,0.0,0.041,0.033,0.023,0.002,0.0,0.023,0.003,0.013,0.101,0.013,0.003,0.086,0.061,0.0,0.0,0.267,0.0,0.017,0.171
ytbcoc1,Yellow-tailed Black-Cockatoo,calyptorhynchus funereus,xanthanotus,151441701,Ian Lewington,Male,Not specified,,Psittaciformes,Cacatuidae ,Cockatoos,0.004,0.007,0.153,0.013,0.0,0.027,0.027,0.009,0.003,0.0,0.032,0.001,0.016,0.077,0.015,0.005,0.062,0.063,0.0,0.0,0.236,0.0,0.009,0.241
slbblc1,Carnaby's Black-Cockatoo,calyptorhynchus latirostris,nominate,151441751,Ian Lewington,Male,Not specified,,Psittaciformes,Cacatuidae ,Cockatoos,0.038,0.042,0.155,0.014,0.0,0.0,0.027,0.048,0.0,0.001,0.001,0.0,0.025,0.097,0.005,0.036,0.038,0.081,0.0,0.0,0.139,0.0,0.031,0.222
manfin1,Mangrove Finch,camarhynchus heliobates,nominate,153719101,Brian Small,Female,Not specified,,Passeriformes,Thraupidae ,Tanagers and Allies,0.009,0.14,0.042,0.001,0.0,0.059,0.024,0.147,0.0,0.0,0.016,0.0,0.126,0.085,0.011,0.01,0.02,0.076,0.0,0.0,0.034,0.0,0.163,0.037
manfin1,Mangrove Finch,camarhynchus heliobates,nominate,153719111,Brian Small,Male,Not specified,,Passeriformes,Thraupidae ,Tanagers and Allies,0.029,0.07,0.136,0.015,0.0,0.041,0.006,0.064,0.0,0.0,0.046,0.0,0.041,0.116,0.035,0.013,0.043,0.092,0.0,0.0,0.092,0.0,0.069,0.092
woofin1,Woodpecker Finch,camarhynchus pallidus,nominate,153250411,Brian Small,Male,Not specified,,Passeriformes,Thraupidae ,Tanagers and Allies,0.012,0.103,0.06,0.016,0.0,0.052,0.065,0.09,0.0,0.0,0.029,0.0,0.132,0.111,0.023,0.011,0.009,0.079,0.0,0.0,0.019,0.0,0.145,0.044
woofin1,Woodpecker Finch,camarhynchus pallidus,nominate,153719131,Brian Small,Female,Not specified,,Passeriformes,Thraupidae ,Tanagers and Allies,0.029,0.05,0.017,0.018,0.0,0.233,0.015,0.081,0.001,0.004,0.111,0.0,0.027,0.117,0.101,0.016,0.004,0.04,0.002,0.0,0.01,0.0,0.098,0.026
woofin1,Woodpecker Finch,camarhynchus pallidus,striatipecta,153719161,Brian Small,Male,Not specified,,Passeriformes,Thraupidae ,Tanagers and Allies,0.036,0.112,0.039,0.019,0.0,0.03,0.047,0.111,0.0,0.0,0.029,0.0,0.141,0.086,0.04,0.023,0.012,0.079,0.0,0.0,0.033,0.0,0.128,0.035
smtfin1,Small Tree-Finch,camarhynchus parvulus,salvini,153240911,Brian Small,Male,Not specified,,Passeriformes,Thraupidae ,Tanagers and Allies,0.022,0.095,0.054,0.015,0.0,0.193,0.029,0.08,0.0,0.0,0.076,0.0,0.046,0.091,0.043,0.015,0.011,0.048,0.0,0.0,0.021,0.0,0.132,0.029
smtfin1,Small Tree-Finch,camarhynchus parvulus,nominate,153719051,Brian Small,Female,Not specified,,Passeriformes,Thraupidae ,Tanagers and Allies,0.023,0.148,0.041,0.015,0.0,0.022,0.04,0.095,0.001,0.001,0.018,0.0,0.164,0.12,0.02,0.01,0.008,0.049,0.001,0.0,0.02,0.0,0.176,0.028
smtfin1,Small Tree-Finch,camarhynchus parvulus,nominate,153719071,Brian Small,Male,Not specified,,Passeriformes,Thraupidae ,Tanagers and Allies,0.009,0.122,0.08,0.011,0.0,0.037,0.019,0.098,0.0,0.0,0.027,0.0,0.104,0.108,0.033,0.01,0.026,0.078,0.0,0.0,0.074,0.0,0.094,0.07
metfin1,Medium Tree-Finch,camarhynchus pauper,nominate,153240831,Brian Small,Female,Not specified,,Passeriformes,Thraupidae ,Tanagers and Allies,0.023,0.119,0.045,0.016,0.0,0.027,0.037,0.081,0.0,0.0,0.017,0.0,0.168,0.101,0.022,0.017,0.014,0.071,0.0,0.0,0.03,0.0,0.171,0.041
metfin1,Medium Tree-Finch,camarhynchus pauper,nominate,153240861,Brian Small,Male,Not specified,,Passeriformes,Thraupidae ,Tanagers and Allies,0.013,0.094,0.131,0.015,0.0,0.034,0.013,0.057,0.0,0.0,0.054,0.0,0.056,0.083,0.028,0.003,0.056,0.113,0.0,0.0,0.089,0.0,0.074,0.087
latfin1,Large Tree-Finch,camarhynchus psittacula,habeli,153240771,Brian Small,Male,Not specified,,Passeriformes,Thraupidae ,Tanagers and Allies,0.023,0.048,0.135,0.012,0.0,0.024,0.014,0.063,0.0,0.0,0.011,0.0,0.025,0.103,0.026,0.011,0.114,0.117,0.0,0.0,0.115,0.0,0.05,0.109
latfin1,Large Tree-Finch,camarhynchus psittacula,nominate,153240791,Brian Small,Female,Not specified,,Passeriformes,Thraupidae ,Tanagers and Allies,0.03,0.166,0.022,0.023,0.0,0.068,0.027,0.052,0.0,0.0,0.061,0.0,0.125,0.103,0.055,0.033,0.01,0.035,0.0,0.0,0.028,0.0,0.125,0.037
latfin1,Large Tree-Finch,camarhynchus psittacula,nominate,153240801,Brian Small,Male,Not specified,,Passeriformes,Thraupidae ,Tanagers and Allies,0.003,0.111,0.102,0.003,0.0,0.049,0.023,0.089,0.0,0.0,0.018,0.0,0.065,0.071,0.002,0.005,0.079,0.086,0.0,0.0,0.107,0.0,0.07,0.117
brewoo1,Brown-eared Woodpecker,campethera caroli,arizela,151452301,Dave Nurney,Male,Not specified,,Piciformes,Picidae ,Woodpeckers,0.231,0.021,0.071,0.052,0.0,0.025,0.045,0.033,0.005,0.0,0.002,0.0,0.027,0.125,0.009,0.118,0.014,0.048,0.003,0.0,0.027,0.045,0.021,0.078
brewoo1,Brown-eared Woodpecker,campethera caroli,nominate,151452331,Dave Nurney,Male,Not specified,,Piciformes,Picidae ,Woodpeckers,0.21,0.034,0.054,0.099,0.0,0.003,0.057,0.04,0.0,0.009,0.001,0.0,0.031,0.14,0.008,0.099,0.01,0.057,0.006,0.0,0.045,0.008,0.025,0.064
buswoo1,Buff-spotted Woodpecker,campethera nivosa,herberti,151452221,Dave Nurney,Male,Not specified,,Piciformes,Picidae ,Woodpeckers,0.2,0.021,0.049,0.022,0.0,0.055,0.048,0.021,0.0,0.0,0.017,0.0,0.023,0.127,0.015,0.082,0.017,0.047,0.005,0.0,0.06,0.069,0.021,0.101
buswoo1,Buff-spotted Woodpecker,campethera nivosa,nominate,151452271,Dave Nurney,Male,Not specified,,Piciformes,Picidae ,Woodpeckers,0.191,0.037,0.051,0.025,0.0,0.013,0.047,0.031,0.0,0.0,0.003,0.0,0.052,0.144,0.007,0.093,0.033,0.028,0.004,0.0,0.05,0.056,0.031,0.104
buswoo1,Buff-spotted Woodpecker,campethera nivosa,poensis,151452281,Dave Nurney,Male,Not specified,,Piciformes,Picidae ,Woodpeckers,0.196,0.039,0.054,0.036,0.0,0.053,0.027,0.029,0.003,0.0,0.017,0.0,0.025,0.137,0.012,0.098,0.01,0.031,0.004,0.0,0.07,0.024,0.032,0.103
wetsab1,Wedge-tailed Sabrewing,campylopterus curvipennis,pampa,152824651,Hilary Burn,Monomorphic,Not specified,,Caprimulgiformes,Trochilidae ,Hummingbirds,0.037,0.042,0.093,0.011,0.011,0.004,0.029,0.083,0.018,0.0,0.012,0.0,0.039,0.111,0.038,0.012,0.021,0.117,0.0,0.009,0.057,0.103,0.043,0.11
wetsab1,Wedge-tailed Sabrewing,campylopterus curvipennis,nominate,153365941,Hilary Burn,Monomorphic,Not specified,,Caprimulgiformes,Trochilidae ,Hummingbirds,0.05,0.041,0.084,0.019,0.006,0.0,0.029,0.06,0.018,0.0,0.011,0.0,0.033,0.132,0.021,0.027,0.044,0.093,0.0,0.011,0.091,0.105,0.035,0.09
lotsab1,Long-tailed Sabrewing,campylopterus excellens,nominate,153365951,Hilary Burn,Monomorphic,Not specified,,Caprimulgiformes,Trochilidae ,Hummingbirds,0.048,0.03,0.085,0.016,0.009,0.0,0.045,0.041,0.013,0.0,0.005,0.0,0.048,0.15,0.019,0.01,0.034,0.119,0.0,0.005,0.103,0.116,0.019,0.085
rufsab1,Rufous Sabrewing,campylopterus rufus,nominate,152824711,Hilary Burn,Monomorphic,Not specified,,Caprimulgiformes,Trochilidae ,Hummingbirds,0.125,0.009,0.052,0.047,0.003,0.01,0.009,0.018,0.069,0.057,0.041,0.005,0.007,0.138,0.025,0.076,0.027,0.059,0.006,0.0,0.076,0.06,0.014,0.067
bronig1,Brown Nightjar,caprimulgus binotatus,nominate,153379641,Àngels Jutglar,Male,Not specified,,Caprimulgiformes,Caprimulgidae ,Nightjars and Allies,0.073,0.017,0.019,0.061,0.0,0.008,0.006,0.009,0.016,0.062,0.022,0.0,0.006,0.138,0.035,0.2,0.026,0.017,0.046,0.0,0.137,0.001,0.014,0.087
vaunig1,Vaurie's Nightjar,caprimulgus centralasicus,nominate,152838871,Àngels Jutglar,Female,Not specified,,Caprimulgiformes,Caprimulgidae ,Nightjars and Allies,0.039,0.048,0.012,0.044,0.0,0.13,0.124,0.029,0.021,0.016,0.114,0.005,0.061,0.138,0.083,0.021,0.005,0.03,0.006,0.0,0.015,0.0,0.046,0.013
bksnig1,Black-shouldered Nightjar,caprimulgus nigriscapularis,nominate,153378641,Etel Vilaró,Male,Not specified,,Caprimulgiformes,Caprimulgidae ,Nightjars and Allies,0.072,0.014,0.021,0.085,0.005,0.008,0.015,0.019,0.003,0.018,0.042,0.0,0.024,0.117,0.057,0.085,0.139,0.018,0.005,0.008,0.145,0.0,0.021,0.079
monnig2,Rwenzori Nightjar,caprimulgus ruwenzorii,guttifer,153378871,Etel Vilaró,Male,Not specified,,Caprimulgiformes,Caprimulgidae ,Nightjars and Allies,0.036,0.02,0.03,0.053,0.003,0.047,0.033,0.015,0.028,0.07,0.039,0.004,0.011,0.105,0.044,0.078,0.131,0.018,0.032,0.007,0.118,0.0,0.017,0.061
monnig2,Rwenzori Nightjar,caprimulgus ruwenzorii,nominate,153378941,Etel Vilaró,Male,Not specified,,Caprimulgiformes,Caprimulgidae ,Nightjars and Allies,0.034,0.021,0.045,0.036,0.004,0.033,0.026,0.018,0.031,0.03,0.039,0.003,0.019,0.104,0.027,0.071,0.123,0.03,0.037,0.007,0.17,0.001,0.011,0.08
crecar1,Crested Caracara,caracara cheriway,nominate,151442311,Ian Willis,Monomorphic,Not specified,,Falconiformes,Falconidae ,Falcons and Caracaras,0.003,0.028,0.145,0.004,0.0,0.012,0.097,0.021,0.001,0.003,0.01,0.0,0.035,0.117,0.009,0.0,0.003,0.037,0.001,0.0,0.156,0.0,0.031,0.287
strswa2,Striated Swallow,cecropis striolata,vernayi,153108251,Hilary Burn,Monomorphic,Not specified,,Passeriformes,Hirundinidae ,Swallows,0.014,0.01,0.271,0.021,0.004,0.029,0.022,0.03,0.007,0.026,0.025,0.0,0.011,0.139,0.019,0.021,0.003,0.066,0.001,0.018,0.079,0.0,0.019,0.165
strswa2,Striated Swallow,cecropis striolata,mayri,153349221,Hilary Burn,Monomorphic,Not specified,,Passeriformes,Hirundinidae ,Swallows,0.006,0.015,0.234,0.01,0.022,0.008,0.045,0.035,0.004,0.02,0.009,0.0,0.029,0.15,0.004,0.011,0.01,0.08,0.003,0.041,0.094,0.0,0.023,0.147
strswa2,Striated Swallow,cecropis striolata,stanfordi,153494741,Hilary Burn,Monomorphic,Not specified,,Passeriformes,Hirundinidae ,Swallows,0.003,0.027,0.23,0.009,0.007,0.004,0.032,0.051,0.002,0.018,0.009,0.0,0.025,0.169,0.009,0.004,0.015,0.088,0.001,0.019,0.094,0.0,0.032,0.152
strswa2,Striated Swallow,cecropis striolata,nominate,153494751,Hilary Burn,Monomorphic,Not specified,,Passeriformes,Hirundinidae ,Swallows,0.008,0.017,0.274,0.006,0.011,0.004,0.054,0.039,0.002,0.012,0.004,0.0,0.018,0.143,0.006,0.003,0.005,0.097,0.001,0.043,0.077,0.0,0.019,0.157
pygcus1,Pygmy Cuckooshrike,celebesia abbotti,nominate,153057801,Tim Worfolk,Male,Not specified,,Passeriformes,Campephagidae ,Cuckooshrikes,0.0,0.162,0.028,0.0,0.015,0.0,0.018,0.142,0.0,0.0,0.0,0.0,0.028,0.298,0.0,0.0,0.026,0.067,0.0,0.0,0.029,0.0,0.159,0.028
halcus1,Halmahera Cuckooshrike,celebesia parvula,nominate,153057761,Tim Worfolk,Monomorphic,Not specified,,Passeriformes,Campephagidae ,Cuckooshrikes,0.001,0.009,0.142,0.007,0.001,0.003,0.005,0.257,0.0,0.0,0.003,0.0,0.006,0.141,0.001,0.001,0.008,0.205,0.0,0.0,0.054,0.0,0.034,0.122
scbwoo5,Scale-breasted Woodpecker,celeus grammicus,nominate,151445501,Dave Nurney,Male,Not specified,,Piciformes,Picidae ,Woodpeckers,0.173,0.016,0.011,0.17,0.006,0.002,0.01,0.017,0.0,0.023,0.001,0.0,0.007,0.148,0.027,0.168,0.045,0.016,0.034,0.0,0.053,0.0,0.013,0.06
scbwoo5,Scale-breasted Woodpecker,celeus grammicus,latifasciatus,151445531,Dave Nurney,Male,Not specified,,Piciformes,Picidae ,Woodpeckers,0.068,0.011,0.033,0.12,0.003,0.003,0.01,0.024,0.05,0.097,0.033,0.008,0.008,0.167,0.073,0.066,0.049,0.027,0.026,0.0,0.07,0.001,0.014,0.039
baispa,Baird's Sparrow,centronyx bairdii,nominate,153708081,David Quinn,Monomorphic,Not specified,,Passeriformes,Passerellidae ,New World Sparrows,0.031,0.098,0.017,0.043,0.0,0.031,0.078,0.036,0.003,0.001,0.055,0.0,0.13,0.171,0.076,0.053,0.011,0.03,0.0,0.0,0.03,0.0,0.057,0.049
henspa,Henslow's Sparrow,centronyx henslowii,nominate,153708091,David Quinn,Monomorphic,Not specified,,Passeriformes,Passerellidae ,New World Sparrows,0.037,0.063,0.012,0.07,0.0,0.08,0.044,0.026,0.007,0.011,0.057,0.0,0.073,0.137,0.082,0.069,0.039,0.019,0.023,0.0,0.055,0.005,0.066,0.025
misrob1,Miombo Scrub-Robin,cercotrichas barbata,nominate,153526831,Hilary Burn,Monomorphic,Not specified,,Passeriformes,Muscicapidae ,Old World Flycatchers,0.032,0.024,0.047,0.074,0.0,0.017,0.038,0.1,0.058,0.102,0.013,0.008,0.036,0.196,0.055,0.008,0.011,0.09,0.001,0.0,0.015,0.0,0.042,0.033
kasrob2,Karoo Scrub-Robin,cercotrichas coryphoeus,nominate,153145931,Hilary Burn,Monomorphic,Not specified,,Passeriformes,Muscicapidae ,Old World Flycatchers,0.082,0.031,0.048,0.095,0.0,0.008,0.03,0.08,0.003,0.004,0.099,0.0,0.023,0.19,0.053,0.068,0.006,0.067,0.003,0.0,0.017,0.0,0.04,0.053
fosrob1,Forest Scrub-Robin,cercotrichas leucosticta,nominate,153145961,Hilary Burn,Monomorphic,Not specified,,Passeriformes,Muscicapidae ,Old World Flycatchers,0.108,0.021,0.084,0.078,0.0,0.048,0.06,0.015,0.009,0.008,0.032,0.0,0.036,0.195,0.021,0.026,0.034,0.049,0.034,0.0,0.041,0.0,0.02,0.081
fosrob1,Forest Scrub-Robin,cercotrichas leucosticta,reichenowi,153526781,Hilary Burn,Monomorphic,Not specified,,Passeriformes,Muscicapidae ,Old World Flycatchers,0.046,0.056,0.049,0.153,0.0,0.015,0.056,0.041,0.0,0.021,0.028,0.0,0.064,0.196,0.061,0.008,0.018,0.06,0.004,0.0,0.041,0.0,0.031,0.052
besrob1,Bearded Scrub-Robin,cercotrichas quadrivirgata,greenwayi,153145991,Hilary Burn,Monomorphic,Not specified,,Passeriformes,Muscicapidae ,Old World Flycatchers,0.029,0.031,0.096,0.085,0.0,0.008,0.062,0.064,0.003,0.04,0.008,0.0,0.039,0.21,0.029,0.004,0.023,0.088,0.004,0.0,0.066,0.0,0.06,0.051
besrob1,Bearded Scrub-Robin,cercotrichas quadrivirgata,nominate,153146001,Hilary Burn,Monomorphic,Not specified,,Passeriformes,Muscicapidae ,Old World Flycatchers,0.032,0.026,0.036,0.082,0.0,0.01,0.041,0.053,0.013,0.107,0.015,0.0,0.032,0.201,0.023,0.035,0.027,0.035,0.134,0.0,0.039,0.0,0.038,0.021
brsrob1,Brown Scrub-Robin,cercotrichas signata,nominate,153526731,Hilary Burn,Monomorphic,Not specified,,Passeriformes,Muscicapidae ,Old World Flycatchers,0.07,0.065,0.072,0.158,0.0,0.0,0.046,0.044,0.0,0.004,0.009,0.0,0.065,0.226,0.021,0.016,0.021,0.08,0.001,0.0,0.022,0.0,0.056,0.024
brsrob1,Brown Scrub-Robin,cercotrichas signata,tongensis,153526751,Hilary Burn,Monomorphic,Not specified,,Passeriformes,Muscicapidae ,Old World Flycatchers,0.006,0.09,0.039,0.032,0.0,0.002,0.075,0.095,0.0,0.0,0.021,0.0,0.098,0.186,0.159,0.001,0.012,0.077,0.0,0.0,0.019,0.0,0.06,0.028
brigra2,Bristled Grassbird,chaetornis striata,nominate,153106811,Jan Wilczur,Monomorphic,Not specified,,Passeriformes,Locustellidae ,Grassbirds and Allies,0.042,0.047,0.02,0.128,0.0,0.04,0.077,0.015,0.0,0.008,0.06,0.0,0.049,0.16,0.153,0.043,0.036,0.034,0.0,0.0,0.032,0.0,0.034,0.022
gontan1,Golden-naped Tanager,chalcothraupis ruficervix,nominate,153339341,Hilary Burn,Monomorphic,Not specified,,Passeriformes,Thraupidae ,Tanagers and Allies,0.002,0.142,0.075,0.002,0.187,0.022,0.021,0.053,0.004,0.001,0.009,0.004,0.073,0.096,0.003,0.001,0.02,0.068,0.001,0.034,0.058,0.001,0.058,0.065
gontan1,Golden-naped Tanager,chalcothraupis ruficervix,fulvicervix,153339361,Hilary Burn,Monomorphic,Not specified,,Passeriformes,Thraupidae ,Tanagers and Allies,0.001,0.079,0.059,0.001,0.245,0.015,0.022,0.037,0.008,0.003,0.01,0.0,0.039,0.096,0.003,0.003,0.008,0.052,0.002,0.162,0.035,0.0,0.045,0.075
eurdot,Eurasian Dotterel,charadrius morinellus,nominate,151495371,Àngels Jutglar,Female,Not specified,,Charadriiformes,Charadriidae ,Plovers and Lapwings,0.024,0.027,0.051,0.037,0.0,0.045,0.05,0.071,0.041,0.112,0.03,0.016,0.036,0.194,0.035,0.032,0.016,0.058,0.016,0.0,0.029,0.001,0.044,0.035
eurdot,Eurasian Dotterel,charadrius morinellus,nominate,151495401,Àngels Jutglar,Male,Not specified,,Charadriiformes,Charadriidae ,Plovers and Lapwings,0.084,0.02,0.051,0.107,0.0,0.026,0.049,0.028,0.073,0.055,0.032,0.012,0.034,0.176,0.04,0.042,0.008,0.037,0.016,0.0,0.04,0.0,0.026,0.044
blbpar3,Pale-billed Parrotbill,chleuasicus atrosuperciliaris,nominate,207320141,Hilary Burn,Monomorphic,Not specified,,Passeriformes,Sylviidae ,"Sylviid Warblers, Parrotbills, and Allies",0.071,0.02,0.008,0.125,0.001,0.05,0.077,0.006,0.023,0.158,0.034,0.0,0.03,0.164,0.035,0.079,0.006,0.006,0.081,0.0,0.003,0.0,0.015,0.008
mouble1,Mountain Black-eye,chlorocharis emiliae,nominate,153119391,Doug Pratt,Monomorphic,Not specified,,Passeriformes,Zosteropidae ,"White-eyes, Yuhinas, and Allies",0.319,0.005,0.003,0.034,0.0,0.004,0.013,0.006,0.08,0.013,0.002,0.005,0.008,0.173,0.007,0.165,0.018,0.006,0.0,0.0,0.021,0.093,0.008,0.017
abywoo1,Abyssinian Woodpecker,chloropicus abyssinicus,nominate,151448031,Dave Nurney,Male,Not specified,,Piciformes,Picidae ,Woodpeckers,0.036,0.037,0.036,0.015,0.0,0.0,0.128,0.041,0.034,0.0,0.002,0.001,0.059,0.242,0.006,0.057,0.025,0.034,0.039,0.0,0.056,0.047,0.035,0.07
ligwoo3,Little Gray Woodpecker,chloropicus elachus,nominate,151447981,Dave Nurney,Male,Not specified,,Piciformes,Picidae ,Woodpeckers,0.032,0.043,0.046,0.011,0.0,0.004,0.146,0.074,0.0,0.0,0.003,0.0,0.072,0.249,0.006,0.039,0.004,0.089,0.031,0.0,0.041,0.0,0.058,0.052
ellwoo1,Elliot's Woodpecker,chloropicus elliotii,johnstoni,151453111,Hilary Burn,Male,Not specified,,Piciformes,Picidae ,Woodpeckers,0.099,0.01,0.03,0.023,0.0,0.209,0.01,0.021,0.002,0.001,0.15,0.006,0.005,0.15,0.065,0.029,0.019,0.026,0.014,0.0,0.037,0.038,0.019,0.037
ellwoo1,Elliot's Woodpecker,chloropicus elliotii,nominate,151453151,Dave Nurney,Male,Not specified,,Piciformes,Picidae ,Woodpeckers,0.065,0.056,0.06,0.046,0.0,0.063,0.041,0.062,0.0,0.0,0.066,0.0,0.073,0.177,0.044,0.031,0.023,0.042,0.011,0.0,0.039,0.0,0.053,0.048
carwoo1,Cardinal Woodpecker,chloropicus fuscescens,nominate,151448061,Dave Nurney,Male,Not specified,,Piciformes,Picidae ,Woodpeckers,0.033,0.054,0.077,0.005,0.0,0.001,0.12,0.027,0.004,0.002,0.004,0.003,0.07,0.244,0.008,0.019,0.037,0.046,0.035,0.0,0.066,0.007,0.037,0.101
carwoo1,Cardinal Woodpecker,chloropicus fuscescens,hartlaubii,151448081,Dave Nurney,Male,Not specified,,Piciformes,Picidae ,Woodpeckers,0.045,0.073,0.033,0.039,0.0,0.074,0.076,0.035,0.007,0.002,0.044,0.003,0.069,0.155,0.019,0.059,0.021,0.027,0.031,0.0,0.062,0.015,0.035,0.076
carwoo1,Cardinal Woodpecker,chloropicus fuscescens,hemprichii,151448091,Dave Nurney,Male,Not specified,,Piciformes,Picidae ,Woodpeckers,0.019,0.066,0.061,0.004,0.0,0.0,0.173,0.042,0.001,0.006,0.003,0.001,0.09,0.233,0.004,0.016,0.027,0.084,0.026,0.0,0.041,0.003,0.04,0.06
carwoo1,Cardinal Woodpecker,chloropicus fuscescens,lafresnayi,151448111,Dave Nurney,Male,Not specified,,Piciformes,Picidae ,Woodpeckers,0.069,0.051,0.041,0.015,0.0,0.072,0.093,0.031,0.002,0.003,0.032,0.001,0.106,0.155,0.018,0.051,0.009,0.039,0.023,0.0,0.064,0.004,0.039,0.082
gabwoo1,Gabon Woodpecker,chloropicus gabonensis,nominate,151452901,Dave Nurney,Male,Not specified,,Piciformes,Picidae ,Woodpeckers,0.084,0.021,0.043,0.062,0.0,0.044,0.026,0.035,0.01,0.0,0.068,0.001,0.022,0.162,0.061,0.038,0.07,0.038,0.02,0.0,0.079,0.007,0.031,0.078
gabwoo1,Gabon Woodpecker,chloropicus gabonensis,reichenowi,151452951,Dave Nurney,Male,Not specified,,Piciformes,Picidae ,Woodpeckers,0.09,0.027,0.024,0.026,0.0,0.044,0.031,0.025,0.005,0.0,0.043,0.0,0.03,0.189,0.062,0.062,0.07,0.025,0.015,0.0,0.056,0.074,0.023,0.079
grywoo1,African Gray Woodpecker,chloropicus goertae,abessinicus,151453171,Dave Nurney,Male,Not specified,,Piciformes,Picidae ,Woodpeckers,0.062,0.12,0.026,0.017,0.0,0.008,0.097,0.039,0.003,0.001,0.017,0.001,0.151,0.146,0.023,0.029,0.006,0.025,0.009,0.0,0.042,0.045,0.089,0.044
grywoo1,African Gray Woodpecker,chloropicus goertae,nominate,151453191,Dave Nurney,Male,Not specified,,Piciformes,Picidae ,Woodpeckers,0.07,0.128,0.036,0.023,0.0,0.001,0.071,0.048,0.003,0.01,0.024,0.0,0.111,0.115,0.036,0.031,0.01,0.032,0.029,0.0,0.016,0.029,0.125,0.052
grywoo1,African Gray Woodpecker,chloropicus goertae,koenigi,151453211,Dave Nurney,Male,Not specified,,Piciformes,Picidae ,Woodpeckers,0.057,0.123,0.028,0.018,0.0,0.01,0.126,0.024,0.011,0.001,0.012,0.001,0.126,0.177,0.036,0.03,0.005,0.027,0.025,0.0,0.015,0.054,0.063,0.031
oliwoo2,Olive Woodpecker,chloropicus griseocephalus,griseocephalus,151453301,Dave Nurney,Male,Not specified,,Piciformes,Picidae ,Woodpeckers,0.105,0.017,0.065,0.066,0.0,0.0,0.01,0.069,0.011,0.014,0.006,0.0,0.011,0.151,0.03,0.081,0.038,0.056,0.029,0.0,0.091,0.007,0.037,0.106
oliwoo2,Olive Woodpecker,chloropicus griseocephalus,kilimensis,151453311,Dave Nurney,Male,Not specified,,Piciformes,Picidae ,Woodpeckers,0.12,0.013,0.082,0.067,0.0,0.001,0.012,0.045,0.006,0.005,0.015,0.0,0.01,0.154,0.023,0.054,0.065,0.045,0.017,0.0,0.106,0.007,0.037,0.116
oliwoo2,Olive Woodpecker,chloropicus griseocephalus,nominate,151453321,Dave Nurney,Male,Not specified,,Piciformes,Picidae ,Woodpeckers,0.054,0.028,0.058,0.06,0.0,0.003,0.01,0.083,0.023,0.005,0.025,0.0,0.008,0.175,0.061,0.046,0.039,0.075,0.024,0.0,0.053,0.018,0.083,0.069
melwoo1,Melancholy Woodpecker,chloropicus lugubris,nominate,151452871,Dave Nurney,Male,Not specified,,Piciformes,Picidae ,Woodpeckers,0.084,0.02,0.048,0.052,0.0,0.066,0.035,0.029,0.002,0.0,0.065,0.001,0.033,0.199,0.057,0.047,0.033,0.034,0.009,0.0,0.062,0.007,0.017,0.1
beawoo1,Bearded Woodpecker,chloropicus namaquus,coalescens,151452991,Dave Nurney,Male,Not specified,,Piciformes,Picidae ,Woodpeckers,0.042,0.048,0.097,0.021,0.0,0.01,0.048,0.074,0.006,0.0,0.006,0.0,0.045,0.16,0.017,0.044,0.051,0.086,0.01,0.0,0.066,0.001,0.052,0.116
beawoo1,Bearded Woodpecker,chloropicus namaquus,nominate,151453011,Dave Nurney,Male,Not specified,,Piciformes,Picidae ,Woodpeckers,0.064,0.041,0.067,0.036,0.0,0.012,0.039,0.094,0.003,0.0,0.019,0.0,0.043,0.171,0.034,0.031,0.061,0.104,0.008,0.0,0.064,0.005,0.057,0.047
beawoo1,Bearded Woodpecker,chloropicus namaquus,schoensis,151453041,Dave Nurney,Male,Not specified,,Piciformes,Picidae ,Woodpeckers,0.055,0.056,0.12,0.017,0.0,0.006,0.053,0.09,0.003,0.003,0.01,0.0,0.041,0.155,0.011,0.023,0.061,0.103,0.009,0.0,0.061,0.001,0.054,0.068
brbwoo1,Brown-backed Woodpecker,chloropicus obsoletus,crateri,151453341,Ian Willis,Male,Not specified,,Piciformes,Picidae ,Woodpeckers,0.057,0.037,0.042,0.026,0.0,0.026,0.102,0.02,0.0,0.0,0.017,0.0,0.041,0.222,0.02,0.095,0.018,0.023,0.006,0.0,0.12,0.0,0.017,0.111
brbwoo1,Brown-backed Woodpecker,chloropicus obsoletus,heuglini,151453351,Ian Willis,Male,Not specified,,Piciformes,Picidae ,Woodpeckers,0.069,0.036,0.024,0.1,0.0,0.023,0.097,0.025,0.0,0.002,0.016,0.0,0.058,0.285,0.067,0.05,0.004,0.014,0.008,0.0,0.03,0.0,0.034,0.058
brbwoo1,Brown-backed Woodpecker,chloropicus obsoletus,ingens,151453361,Ian Willis,Male,Not specified,,Piciformes,Picidae ,Woodpeckers,0.08,0.053,0.034,0.067,0.0,0.02,0.094,0.022,0.0,0.0,0.02,0.0,0.057,0.27,0.023,0.068,0.002,0.033,0.008,0.0,0.047,0.0,0.027,0.075
brbwoo1,Brown-backed Woodpecker,chloropicus obsoletus,nominate,151453381,Ian Willis,Male,Not specified,,Piciformes,Picidae ,Woodpeckers,0.051,0.048,0.024,0.074,0.0,0.012,0.123,0.017,0.0,0.003,0.011,0.0,0.069,0.299,0.084,0.029,0.003,0.025,0.013,0.0,0.04,0.0,0.027,0.048
spbwoo2,Speckle-breasted Woodpecker,chloropicus poecilolaemus,nominate,151448001,Dave Nurney,Female,Not specified,,Piciformes,Picidae ,Woodpeckers,0.052,0.036,0.03,0.006,0.0,0.137,0.076,0.023,0.012,0.0,0.069,0.079,0.038,0.144,0.019,0.049,0.044,0.023,0.0,0.0,0.062,0.007,0.017,0.077
spbwoo2,Speckle-breasted Woodpecker,chloropicus poecilolaemus,nominate,151448011,Dave Nurney,Male,Not specified,,Piciformes,Picidae ,Woodpeckers,0.089,0.017,0.029,0.006,0.0,0.059,0.052,0.034,0.015,0.0,0.037,0.124,0.023,0.199,0.002,0.116,0.018,0.024,0.017,0.0,0.047,0.007,0.024,0.061
fibwoo1,Fire-bellied Woodpecker,chloropicus pyrrhogaster,nominate,151453081,Dave Nurney,Male,Not specified,,Piciformes,Picidae ,Woodpeckers,0.074,0.032,0.042,0.045,0.0,0.001,0.086,0.031,0.003,0.003,0.005,0.0,0.04,0.199,0.029,0.037,0.118,0.037,0.038,0.0,0.082,0.001,0.044,0.053
gyhwoo1,Mountain Gray Woodpecker,chloropicus spodocephalus,rhodeogaster,151453221,Dave Nurney,Male,Not specified,,Piciformes,Picidae ,Woodpeckers,0.069,0.073,0.052,0.028,0.0,0.001,0.009,0.088,0.011,0.0,0.016,0.002,0.028,0.155,0.051,0.058,0.014,0.055,0.032,0.0,0.046,0.055,0.084,0.073
gyhwoo1,Mountain Gray Woodpecker,chloropicus spodocephalus,nominate,151453261,Dave Nurney,Male,Not specified,,Piciformes,Picidae ,Woodpeckers,0.047,0.143,0.023,0.027,0.0,0.004,0.01,0.083,0.005,0.001,0.009,0.0,0.041,0.141,0.026,0.035,0.022,0.033,0.03,0.0,0.04,0.046,0.181,0.053
stiwoo1,Stierling's Woodpecker,chloropicus stierlingi,nominate,151452971,Dave Nurney,Male,Not specified,,Piciformes,Picidae ,Woodpeckers,0.013,0.046,0.08,0.011,0.0,0.001,0.132,0.057,0.0,0.002,0.005,0.0,0.062,0.191,0.009,0.011,0.075,0.052,0.023,0.0,0.08,0.0,0.048,0.102
gocwoo3,Golden-crowned Woodpecker,chloropicus xantholophus,nominate,151453061,Dave Nurney,Male,Not specified,,Piciformes,Picidae ,Woodpeckers,0.035,0.038,0.097,0.012,0.0,0.007,0.057,0.04,0.003,0.0,0.002,0.002,0.037,0.163,0.003,0.015,0.1,0.074,0.001,0.0,0.125,0.003,0.041,0.145
ygbtan1,Yellow-green Chlorospingus,chlorospingus flavovirens,nominate,153726171,Hilary Burn,Monomorphic,Not specified,,Passeriformes,Passerellidae ,New World Sparrows,0.09,0.015,0.008,0.057,0.0,0.004,0.012,0.006,0.231,0.0,0.025,0.029,0.015,0.108,0.054,0.024,0.005,0.009,0.0,0.0,0.016,0.259,0.021,0.012
goceme1,Golden-crowned Emerald,chlorostilbon auriceps,nominate,153365181,Hilary Burn,Female,Not specified,,Caprimulgiformes,Trochilidae ,Hummingbirds,0.051,0.033,0.1,0.022,0.014,0.0,0.035,0.05,0.067,0.0,0.009,0.014,0.034,0.133,0.012,0.012,0.048,0.08,0.0,0.017,0.087,0.074,0.02,0.088
goceme1,Golden-crowned Emerald,chlorostilbon auriceps,nominate,153365201,Hilary Burn,Male,Not specified,,Caprimulgiformes,Trochilidae ,Hummingbirds,0.048,0.01,0.07,0.034,0.006,0.0,0.011,0.041,0.111,0.001,0.013,0.022,0.013,0.158,0.027,0.028,0.048,0.094,0.0,0.021,0.067,0.081,0.019,0.077
braeme1,Brace's Emerald,chlorostilbon bracei,nominate,153342731,Brian Small,Monomorphic,Not specified,,Caprimulgiformes,Trochilidae ,Hummingbirds,0.117,0.027,0.146,0.033,0.0,0.0,0.022,0.039,0.0,0.0,0.0,0.0,0.021,0.112,0.003,0.024,0.032,0.105,0.0,0.0,0.138,0.001,0.021,0.159
braeme1,Brace's Emerald,chlorostilbon bracei,elegans,153730231,Brian Small,Monomorphic,Not specified,,Caprimulgiformes,Trochilidae ,Hummingbirds,0.055,0.008,0.097,0.026,0.001,0.0,0.005,0.048,0.051,0.039,0.003,0.03,0.01,0.119,0.008,0.057,0.065,0.117,0.046,0.0,0.077,0.029,0.017,0.092
caneme1,Canivet's Emerald,chlorostilbon canivetii,nominate,152823711,Hilary Burn,Male,Not specified,,Caprimulgiformes,Trochilidae ,Hummingbirds,0.045,0.012,0.083,0.03,0.005,0.002,0.007,0.037,0.087,0.003,0.017,0.011,0.006,0.171,0.023,0.027,0.035,0.116,0.001,0.008,0.082,0.098,0.01,0.084
caneme1,Canivet's Emerald,chlorostilbon canivetii,nominate,153365221,Hilary Burn,Female,Not specified,,Caprimulgiformes,Trochilidae ,Hummingbirds,0.053,0.027,0.082,0.025,0.015,0.003,0.044,0.045,0.072,0.0,0.014,0.014,0.033,0.164,0.016,0.03,0.041,0.064,0.0,0.008,0.085,0.071,0.017,0.077
caneme1,Canivet's Emerald,chlorostilbon canivetii,salvini,153365241,Hilary Burn,Male,Not specified,,Caprimulgiformes,Trochilidae ,Hummingbirds,0.059,0.011,0.09,0.02,0.01,0.001,0.01,0.053,0.074,0.004,0.016,0.017,0.013,0.149,0.027,0.024,0.039,0.092,0.0,0.008,0.069,0.122,0.015,0.077
cozeme1,Cozumel Emerald,chlorostilbon forficatus,nominate,153365211,Hilary Burn,Male,Not specified,,Caprimulgiformes,Trochilidae ,Hummingbirds,0.053,0.014,0.092,0.021,0.001,0.0,0.007,0.053,0.057,0.0,0.014,0.008,0.005,0.159,0.029,0.033,0.034,0.107,0.003,0.012,0.078,0.113,0.027,0.08
pureme1,Puerto Rican Emerald,chlorostilbon maugaeus,nominate,153365461,Hilary Burn,Female,Not specified,,Caprimulgiformes,Trochilidae ,Hummingbirds,0.06,0.027,0.058,0.038,0.001,0.003,0.046,0.089,0.067,0.0,0.01,0.058,0.034,0.171,0.033,0.042,0.026,0.062,0.0,0.001,0.035,0.033,0.053,0.053
pureme1,Puerto Rican Emerald,chlorostilbon maugaeus,nominate,153365471,Hilary Burn,Male,Not specified,,Caprimulgiformes,Trochilidae ,Hummingbirds,0.059,0.02,0.074,0.034,0.028,0.0,0.009,0.108,0.071,0.003,0.007,0.048,0.005,0.132,0.017,0.041,0.048,0.114,0.003,0.003,0.043,0.039,0.024,0.07
cubeme1,Cuban Emerald,chlorostilbon ricordii,nominate,152823941,Hilary Burn,Male,Not specified,,Caprimulgiformes,Trochilidae ,Hummingbirds,0.087,0.013,0.06,0.059,0.002,0.0,0.01,0.061,0.068,0.022,0.002,0.056,0.011,0.094,0.022,0.073,0.047,0.101,0.002,0.0,0.069,0.048,0.025,0.068
cubeme1,Cuban Emerald,chlorostilbon ricordii,nominate,153365421,Hilary Burn,Female,Not specified,,Caprimulgiformes,Trochilidae ,Hummingbirds,0.078,0.024,0.053,0.037,0.001,0.002,0.02,0.115,0.069,0.004,0.006,0.049,0.026,0.123,0.025,0.068,0.02,0.062,0.001,0.0,0.058,0.034,0.025,0.1
hiseme1,Hispaniolan Emerald,chlorostilbon swainsonii,nominate,152823961,Hilary Burn,Male,Not specified,,Caprimulgiformes,Trochilidae ,Hummingbirds,0.089,0.007,0.051,0.047,0.0,0.002,0.011,0.06,0.059,0.003,0.002,0.041,0.008,0.101,0.015,0.093,0.072,0.091,0.001,0.001,0.1,0.044,0.015,0.087
hiseme1,Hispaniolan Emerald,chlorostilbon swainsonii,nominate,153365441,Hilary Burn,Female,Not specified,,Caprimulgiformes,Trochilidae ,Hummingbirds,0.071,0.026,0.064,0.064,0.0,0.002,0.029,0.055,0.074,0.0,0.014,0.015,0.03,0.145,0.042,0.052,0.032,0.093,0.002,0.0,0.05,0.039,0.026,0.075
olitan1,Carmiol's Tanager,chlorothraupis carmioli,carmioli,153234231,Hilary Burn,Monomorphic,Not specified,,Passeriformes,Cardinalidae ,Cardinals and Allies,0.052,0.02,0.012,0.047,0.0,0.016,0.013,0.015,0.207,0.0,0.092,0.039,0.014,0.152,0.059,0.023,0.006,0.013,0.0,0.0,0.01,0.187,0.013,0.01
olitan1,Carmiol's Tanager,chlorothraupis carmioli,frenata,153715411,Hilary Burn,Monomorphic,Not specified,,Passeriformes,Cardinalidae ,Cardinals and Allies,0.028,0.015,0.01,0.03,0.0,0.024,0.013,0.02,0.324,0.0,0.139,0.022,0.014,0.123,0.048,0.003,0.004,0.015,0.0,0.0,0.005,0.149,0.006,0.008
lestan,Lemon-spectacled Tanager,chlorothraupis olivacea,nominate,153715431,Hilary Burn,Monomorphic,Not specified,,Passeriformes,Cardinalidae ,Cardinals and Allies,0.075,0.017,0.009,0.035,0.0,0.019,0.007,0.02,0.195,0.0,0.057,0.007,0.013,0.116,0.05,0.026,0.004,0.015,0.0,0.0,0.008,0.299,0.02,0.008
ocbtan1,Ochre-breasted Tanager,chlorothraupis stolzmanni,nominate,153234341,Hilary Burn,Monomorphic,Not specified,,Passeriformes,Cardinalidae ,Cardinals and Allies,0.083,0.017,0.012,0.101,0.0,0.01,0.005,0.023,0.132,0.001,0.064,0.012,0.007,0.102,0.139,0.017,0.005,0.013,0.0,0.0,0.007,0.209,0.031,0.01
thtpar1,Three-toed Parrotbill,cholornis paradoxus,nominate,153118201,Hilary Burn,Monomorphic,Not specified,,Passeriformes,Sylviidae ,"Sylviid Warblers, Parrotbills, and Allies",0.103,0.018,0.005,0.15,0.0,0.001,0.003,0.012,0.011,0.113,0.028,0.0,0.01,0.118,0.056,0.124,0.004,0.006,0.171,0.0,0.021,0.0,0.013,0.033
bropar1,Brown Parrotbill,cholornis unicolor,nominate,153118221,Hilary Burn,Monomorphic,Not specified,,Passeriformes,Sylviidae ,"Sylviid Warblers, Parrotbills, and Allies",0.042,0.009,0.003,0.086,0.0,0.012,0.008,0.001,0.018,0.159,0.056,0.0,0.01,0.121,0.052,0.099,0.0,0.003,0.282,0.0,0.019,0.0,0.002,0.018
bnhgul1,Brown-headed Gull,chroicocephalus brunnicephalus,nominate,151488571,Ian Lewington,Monomorphic,Adult,breeding,Charadriiformes,Laridae ,"Gulls, Terns, and Skimmers",0.016,0.111,0.006,0.013,0.0,0.0,0.067,0.034,0.0,0.01,0.003,0.0,0.331,0.247,0.009,0.014,0.007,0.005,0.014,0.0,0.039,0.0,0.052,0.022
bnhgul1,Brown-headed Gull,chroicocephalus brunnicephalus,nominate,153734781,Ian Lewington,Monomorphic,Adult,breeding,Charadriiformes,Laridae ,"Gulls, Terns, and Skimmers",0.005,0.099,0.007,0.0,0.0,0.0,0.098,0.026,0.0,0.008,0.0,0.0,0.333,0.279,0.001,0.008,0.016,0.009,0.016,0.0,0.042,0.0,0.045,0.008
blbgul1,Black-billed Gull,chroicocephalus bulleri,nominate,151488711,Ian Lewington,Monomorphic,Not specified,,Charadriiformes,Laridae ,"Gulls, Terns, and Skimmers",0.001,0.134,0.016,0.001,0.0,0.0,0.184,0.018,0.0,0.0,0.0,0.0,0.235,0.292,0.002,0.011,0.006,0.007,0.002,0.0,0.034,0.0,0.039,0.018
grhgul,Gray-hooded Gull,chroicocephalus cirrocephalus,nominate,151488681,Ian Lewington,Monomorphic,Not specified,,Charadriiformes,Laridae ,"Gulls, Terns, and Skimmers",0.0,0.181,0.018,0.0,0.0,0.001,0.081,0.058,0.001,0.01,0.005,0.0,0.216,0.238,0.0,0.005,0.004,0.019,0.014,0.0,0.022,0.0,0.109,0.018
slbgul1,Slender-billed Gull,chroicocephalus genei,nominate,151488561,Ian Lewington,Monomorphic,Adult,breeding,Charadriiformes,Laridae ,"Gulls, Terns, and Skimmers",0.002,0.087,0.013,0.0,0.0,0.001,0.29,0.012,0.0,0.006,0.001,0.0,0.138,0.357,0.001,0.015,0.001,0.016,0.012,0.0,0.012,0.0,0.021,0.015
hargul1,Hartlaub's Gull,chroicocephalus hartlaubii,nominate,151488661,Ian Lewington,Monomorphic,Not specified,,Charadriiformes,Laridae ,"Gulls, Terns, and Skimmers",0.002,0.176,0.009,0.0,0.0,0.0,0.061,0.051,0.0,0.003,0.0,0.0,0.232,0.309,0.001,0.016,0.004,0.011,0.013,0.0,0.016,0.0,0.079,0.017
brhgul2,Brown-hooded Gull,chroicocephalus maculipennis,nominate,151488641,Ian Lewington,Monomorphic,Not specified,,Charadriiformes,Laridae ,"Gulls, Terns, and Skimmers",0.02,0.077,0.013,0.002,0.0,0.0,0.258,0.016,0.0,0.008,0.0,0.0,0.194,0.29,0.005,0.023,0.002,0.012,0.007,0.0,0.025,0.0,0.032,0.016
silgul2,Silver Gull,chroicocephalus novaehollandiae,nominate,151488691,Ian Lewington,Monomorphic,Adult,,Charadriiformes,Laridae ,"Gulls, Terns, and Skimmers",0.001,0.076,0.002,0.001,0.0,0.001,0.264,0.027,0.0,0.011,0.001,0.0,0.234,0.255,0.002,0.008,0.003,0.011,0.031,0.0,0.017,0.0,0.044,0.011
silgul2,Silver Gull,chroicocephalus novaehollandiae,scopulinus,151488701,Ian Lewington,Monomorphic,Adult,,Charadriiformes,Laridae ,"Gulls, Terns, and Skimmers",0.003,0.118,0.018,0.001,0.0,0.0,0.111,0.026,0.0,0.004,0.0,0.0,0.275,0.316,0.0,0.016,0.002,0.012,0.022,0.0,0.019,0.0,0.039,0.018
bongul,Bonaparte's Gull,chroicocephalus philadelphia,nominate,151488551,Ian Lewington,Monomorphic,Not specified,,Charadriiformes,Laridae ,"Gulls, Terns, and Skimmers",0.0,0.184,0.019,0.003,0.0,0.0,0.051,0.04,0.002,0.007,0.003,0.0,0.206,0.291,0.004,0.004,0.015,0.008,0.005,0.0,0.048,0.0,0.081,0.029
bkhgul,Black-headed Gull,chroicocephalus ridibundus,nominate,151488601,Ian Lewington,Monomorphic,Adult,breeding,Charadriiformes,Laridae ,"Gulls, Terns, and Skimmers",0.007,0.148,0.011,0.001,0.0,0.0,0.129,0.024,0.0,0.003,0.001,0.0,0.221,0.277,0.001,0.039,0.004,0.015,0.019,0.0,0.025,0.0,0.051,0.024
bkhgul,Black-headed Gull,chroicocephalus ridibundus,nominate,153003151,Francesc Jutglar,Monomorphic,Adult,breeding,Charadriiformes,Laridae ,"Gulls, Terns, and Skimmers",0.0,0.145,0.013,0.001,0.0,0.003,0.152,0.019,0.0,0.009,0.01,0.0,0.261,0.298,0.002,0.0,0.001,0.007,0.015,0.0,0.013,0.0,0.041,0.01
andgul1,Andean Gull,chroicocephalus serranus,nominate,151488621,Ian Lewington,Monomorphic,Adult,breeding,Charadriiformes,Laridae ,"Gulls, Terns, and Skimmers",0.003,0.119,0.013,0.0,0.0,0.0,0.148,0.02,0.0,0.0,0.0,0.0,0.234,0.247,0.0,0.003,0.047,0.009,0.0,0.0,0.076,0.0,0.049,0.032
andgul1,Andean Gull,chroicocephalus serranus,nominate,153002311,Ian Lewington,Monomorphic,Adult,breeding,Charadriiformes,Laridae ,"Gulls, Terns, and Skimmers",0.001,0.125,0.009,0.002,0.0,0.0,0.175,0.03,0.0,0.0,0.0,0.0,0.267,0.284,0.0,0.002,0.012,0.01,0.0,0.0,0.028,0.0,0.046,0.009
hobcuc1,Horsfield's Bronze-Cuckoo,chrysococcyx basalis,nominate,153357951,Ian Willis,Monomorphic,Not specified,,Cuculiformes,Cuculidae ,Cuckoos,0.141,0.04,0.071,0.096,0.0,0.0,0.034,0.036,0.0,0.002,0.01,0.0,0.039,0.186,0.047,0.099,0.0,0.044,0.007,0.0,0.013,0.0,0.046,0.089
shbcuc1,Shining Bronze-Cuckoo,chrysococcyx lucidus,nominate,152814281,Ian Willis,Male,Not specified,,Cuculiformes,Cuculidae ,Cuckoos,0.197,0.023,0.046,0.166,0.0,0.0,0.023,0.029,0.0,0.0,0.001,0.0,0.026,0.166,0.04,0.085,0.005,0.016,0.0,0.0,0.062,0.001,0.024,0.09
shbcuc1,Shining Bronze-Cuckoo,chrysococcyx lucidus,nominate,152814291,Ian Willis,Male,Not specified,different types,Cuculiformes,Cuculidae ,Cuckoos,0.21,0.023,0.053,0.051,0.0,0.0,0.044,0.024,0.0,0.0,0.001,0.0,0.035,0.174,0.004,0.056,0.015,0.033,0.0,0.0,0.084,0.071,0.03,0.092
shbcuc1,Shining Bronze-Cuckoo,chrysococcyx lucidus,plagosus,152814301,Ian Willis,Male,Not specified,,Cuculiformes,Cuculidae ,Cuckoos,0.195,0.023,0.05,0.072,0.0,0.0,0.031,0.02,0.0,0.0,0.0,0.0,0.024,0.185,0.009,0.082,0.013,0.023,0.0,0.0,0.09,0.06,0.03,0.093
lobcuc1,Long-billed Cuckoo,chrysococcyx megarhynchus,nominate,153357921,Ian Willis,Female,Not specified,,Cuculiformes,Cuculidae ,Cuckoos,0.227,0.006,0.025,0.158,0.0,0.02,0.008,0.007,0.0,0.028,0.019,0.0,0.012,0.183,0.028,0.168,0.001,0.036,0.033,0.0,0.004,0.0,0.007,0.03
lobcuc1,Long-billed Cuckoo,chrysococcyx megarhynchus,nominate,153357931,Ian Willis,Male,Not specified,,Cuculiformes,Cuculidae ,Cuckoos,0.125,0.023,0.017,0.04,0.0,0.003,0.014,0.01,0.0,0.0,0.012,0.0,0.019,0.174,0.016,0.284,0.003,0.007,0.001,0.0,0.05,0.0,0.012,0.19
webcuc1,White-eared Bronze-Cuckoo,chrysococcyx meyerii,nominate,153358051,Ian Willis,Male,Not specified,,Cuculiformes,Cuculidae ,Cuckoos,0.122,0.018,0.078,0.003,0.0,0.0,0.027,0.015,0.004,0.033,0.0,0.0,0.02,0.181,0.0,0.047,0.017,0.025,0.061,0.0,0.092,0.076,0.019,0.162
libcuc1,Little Bronze-Cuckoo,chrysococcyx minutillus,albifrons,152814341,Ian Willis,Male,Not specified,,Cuculiformes,Cuculidae ,Cuckoos,0.167,0.06,0.053,0.067,0.0,0.0,0.045,0.037,0.0,0.0,0.003,0.0,0.052,0.211,0.006,0.143,0.006,0.036,0.0,0.0,0.021,0.0,0.03,0.063
libcuc1,Little Bronze-Cuckoo,chrysococcyx minutillus,nominate,152814421,Ian Willis,Male,Not specified,,Cuculiformes,Cuculidae ,Cuckoos,0.266,0.02,0.057,0.092,0.0,0.002,0.036,0.012,0.0,0.001,0.001,0.0,0.024,0.187,0.004,0.146,0.005,0.031,0.001,0.0,0.024,0.0,0.02,0.071
libcuc1,Little Bronze-Cuckoo,chrysococcyx minutillus,poecilurus,153002841,Francesc Jutglar,Male,Not specified,,Cuculiformes,Cuculidae ,Cuckoos,0.217,0.026,0.026,0.144,0.0,0.004,0.041,0.021,0.001,0.039,0.011,0.0,0.037,0.17,0.019,0.087,0.0,0.014,0.007,0.0,0.013,0.053,0.021,0.049
libcuc1,Little Bronze-Cuckoo,chrysococcyx minutillus,cleis,153358071,Ian Willis,Male,Not specified,,Cuculiformes,Cuculidae ,Cuckoos,0.183,0.038,0.053,0.083,0.0,0.001,0.039,0.024,0.0,0.001,0.006,0.0,0.039,0.222,0.013,0.11,0.013,0.023,0.001,0.0,0.032,0.0,0.027,0.092
libcuc1,Little Bronze-Cuckoo,chrysococcyx minutillus,peninsularis,153358131,Ian Willis,Male,Not specified,,Cuculiformes,Cuculidae ,Cuckoos,0.299,0.029,0.048,0.111,0.0,0.001,0.036,0.013,0.0,0.0,0.0,0.0,0.016,0.179,0.005,0.13,0.004,0.028,0.0,0.0,0.023,0.0,0.026,0.052
libcuc1,Little Bronze-Cuckoo,chrysococcyx minutillus,rufomerus,153358141,Ian Willis,Male,Not specified,,Cuculiformes,Cuculidae ,Cuckoos,0.183,0.024,0.044,0.073,0.0,0.007,0.016,0.022,0.0,0.0,0.013,0.0,0.02,0.185,0.009,0.153,0.01,0.02,0.0,0.0,0.063,0.002,0.012,0.144
libcuc1,Little Bronze-Cuckoo,chrysococcyx minutillus,russatus,153358151,Ian Willis,Male,Not specified,,Cuculiformes,Cuculidae ,Cuckoos,0.195,0.012,0.01,0.205,0.0,0.005,0.016,0.015,0.003,0.057,0.007,0.0,0.026,0.182,0.046,0.124,0.003,0.007,0.029,0.0,0.02,0.0,0.008,0.03
libcuc1,Little Bronze-Cuckoo,chrysococcyx minutillus,crassirostris,153358161,Ian Willis,Male,Not specified,,Cuculiformes,Cuculidae ,Cuckoos,0.011,0.025,0.177,0.0,0.0,0.0,0.042,0.027,0.0,0.0,0.0,0.0,0.045,0.226,0.0,0.001,0.03,0.087,0.001,0.001,0.12,0.006,0.031,0.17
libcuc1,Little Bronze-Cuckoo,chrysococcyx minutillus,salvadorii,153358171,Ian Willis,Male,Not specified,,Cuculiformes,Cuculidae ,Cuckoos,0.121,0.028,0.1,0.035,0.0,0.0,0.034,0.018,0.0,0.0,0.0,0.0,0.032,0.196,0.0,0.07,0.008,0.03,0.006,0.0,0.077,0.0,0.029,0.216
blecuc1,Black-eared Cuckoo,chrysococcyx osculans,nominate,152814201,Ian Willis,Monomorphic,Not specified,,Cuculiformes,Cuculidae ,Cuckoos,0.035,0.033,0.176,0.001,0.0,0.02,0.021,0.059,0.022,0.008,0.052,0.0,0.027,0.179,0.006,0.019,0.014,0.155,0.0,0.0,0.028,0.0,0.023,0.122
rtbcuc1,Rufous-throated Bronze-Cuckoo,chrysococcyx ruficollis,nominate,153357981,Ian Willis,Male,Not specified,,Cuculiformes,Cuculidae ,Cuckoos,0.217,0.021,0.037,0.107,0.0,0.0,0.016,0.008,0.009,0.047,0.002,0.0,0.02,0.188,0.024,0.136,0.012,0.023,0.011,0.0,0.031,0.006,0.014,0.071
rutbab1,Rufous-tailed Babbler,chrysomma poecilotis,nominate,153117701,Hilary Burn,Monomorphic,Not specified,,Passeriformes,Sylviidae ,"Sylviid Warblers, Parrotbills, and Allies",0.091,0.029,0.005,0.142,0.0,0.017,0.024,0.029,0.019,0.084,0.056,0.0,0.014,0.189,0.104,0.066,0.0,0.023,0.045,0.0,0.005,0.0,0.047,0.011
necgra1,New Caledonian Grassbird,cincloramphus mariei,nominate,153106601,Jan Wilczur,Monomorphic,Not specified,,Passeriformes,Locustellidae ,Grassbirds and Allies,0.15,0.031,0.007,0.084,0.0,0.01,0.089,0.017,0.0,0.001,0.022,0.0,0.054,0.167,0.041,0.212,0.012,0.009,0.0,0.0,0.044,0.0,0.014,0.036
shbkoo1,Shovel-billed Kookaburra,clytoceyx rex,nominate,151467361,Tim Worfolk,Female,Not specified,,Coraciiformes,Alcedinidae ,Kingfishers,0.04,0.029,0.087,0.025,0.008,0.026,0.026,0.015,0.094,0.137,0.04,0.0,0.013,0.11,0.003,0.032,0.007,0.034,0.014,0.003,0.13,0.0,0.022,0.105
shbkoo1,Shovel-billed Kookaburra,clytoceyx rex,nominate,151467371,Tim Worfolk,Male,Not specified,,Coraciiformes,Alcedinidae ,Kingfishers,0.029,0.012,0.145,0.022,0.08,0.005,0.035,0.015,0.118,0.103,0.003,0.001,0.008,0.091,0.003,0.02,0.009,0.04,0.002,0.038,0.093,0.0,0.004,0.124
hoogro1,Hooded Grosbeak,coccothraustes abeillei,nominate,153180581,Hilary Burn,Female,Not specified,,Passeriformes,Fringillidae ,"Finches, Euphonias, and Allies",0.006,0.098,0.059,0.006,0.0,0.083,0.071,0.051,0.005,0.0,0.055,0.015,0.087,0.152,0.027,0.003,0.033,0.062,0.0,0.0,0.037,0.001,0.094,0.055
hoogro1,Hooded Grosbeak,coccothraustes abeillei,nominate,153180601,Hilary Burn,Male,Not specified,,Passeriformes,Fringillidae ,"Finches, Euphonias, and Allies",0.009,0.014,0.089,0.015,0.0,0.039,0.051,0.019,0.05,0.0,0.023,0.239,0.014,0.174,0.012,0.003,0.048,0.033,0.0,0.0,0.058,0.004,0.016,0.09
evegro,Evening Grosbeak,coccothraustes vespertinus,nominate,153180561,Hilary Burn,Female,Not specified,,Passeriformes,Fringillidae ,"Finches, Euphonias, and Allies",0.003,0.112,0.035,0.016,0.0,0.151,0.093,0.037,0.001,0.001,0.019,0.005,0.096,0.16,0.011,0.003,0.031,0.027,0.0,0.0,0.028,0.0,0.136,0.035
evegro,Evening Grosbeak,coccothraustes vespertinus,nominate,153180571,Hilary Burn,Male,Not specified,,Passeriformes,Fringillidae ,"Finches, Euphonias, and Allies",0.046,0.026,0.054,0.055,0.0,0.043,0.033,0.034,0.063,0.005,0.036,0.129,0.034,0.154,0.044,0.013,0.057,0.051,0.001,0.0,0.06,0.001,0.013,0.048
lemdov2,Lemon Dove,columba larvata,inornata,151424341,Hilary Burn,Male,Not specified,,Columbiformes,Columbidae ,Pigeons and Doves,0.0,0.127,0.202,0.005,0.0,0.0,0.052,0.056,0.0,0.0,0.002,0.0,0.066,0.125,0.009,0.0,0.0,0.036,0.0,0.0,0.051,0.0,0.067,0.202
lemdov2,Lemon Dove,columba larvata,nominate,151429751,Hilary Burn,Male,Not specified,,Columbiformes,Columbidae ,Pigeons and Doves,0.019,0.113,0.203,0.002,0.0,0.0,0.028,0.067,0.0,0.0,0.001,0.0,0.107,0.11,0.002,0.003,0.003,0.197,0.005,0.0,0.02,0.0,0.053,0.067
lemdov2,Lemon Dove,columba larvata,nominate,151429771,Hilary Burn,Male,Not specified,,Columbiformes,Columbidae ,Pigeons and Doves,0.074,0.043,0.187,0.017,0.0,0.001,0.026,0.033,0.0,0.005,0.06,0.0,0.021,0.135,0.113,0.022,0.005,0.117,0.007,0.0,0.035,0.0,0.038,0.061
lemdov2,Lemon Dove,columba larvata,principalis,151429781,Hilary Burn,Male,Not specified,,Columbiformes,Columbidae ,Pigeons and Doves,0.091,0.025,0.138,0.026,0.0,0.045,0.037,0.058,0.0,0.001,0.098,0.0,0.024,0.141,0.039,0.025,0.007,0.121,0.003,0.0,0.029,0.0,0.046,0.046
lemdov2,Lemon Dove,columba larvata,simplex,153007031,Hilary Burn,Monomorphic,Not specified,reddish bird,Columbiformes,Columbidae ,Pigeons and Doves,0.081,0.037,0.201,0.026,0.0,0.015,0.016,0.056,0.0,0.0,0.092,0.0,0.013,0.114,0.104,0.036,0.006,0.07,0.005,0.0,0.026,0.0,0.037,0.065
lemdov2,Lemon Dove,columba larvata,simplex,153406181,Hilary Burn,Monomorphic,Not specified,grey bird,Columbiformes,Columbidae ,Pigeons and Doves,0.006,0.085,0.23,0.004,0.0,0.0,0.075,0.064,0.0,0.0,0.006,0.0,0.093,0.125,0.004,0.009,0.003,0.091,0.006,0.0,0.03,0.0,0.062,0.107
grepar1,Great Parrotbill,conostoma aemodium,nominate,153118181,Hilary Burn,Monomorphic,Not specified,,Passeriformes,Sylviidae ,"Sylviid Warblers, Parrotbills, and Allies",0.053,0.039,0.003,0.165,0.0,0.004,0.01,0.01,0.006,0.076,0.03,0.0,0.017,0.127,0.097,0.104,0.006,0.007,0.197,0.0,0.011,0.0,0.015,0.023
grycus1,Gray Cuckooshrike,coracina caesia,nominate,153052281,Tim Worfolk,Male,Not specified,,Passeriformes,Campephagidae ,Cuckooshrikes,0.0,0.055,0.095,0.0,0.0,0.0,0.005,0.25,0.0,0.0,0.0,0.0,0.016,0.113,0.001,0.0,0.026,0.114,0.0,0.0,0.039,0.0,0.213,0.073
grycus1,Gray Cuckooshrike,coracina caesia,nominate,153463711,Tim Worfolk,Female,Not specified,,Passeriformes,Campephagidae ,Cuckooshrikes,0.0,0.231,0.04,0.0,0.0,0.0,0.051,0.071,0.0,0.0,0.0,0.0,0.27,0.135,0.0,0.0,0.002,0.047,0.0,0.0,0.02,0.0,0.096,0.037
ashcus2,Madagascar Cuckooshrike,coracina cinerea,nominate,153052161,Tim Worfolk,Female,Not specified,,Passeriformes,Campephagidae ,Cuckooshrikes,0.0,0.235,0.058,0.0,0.0,0.0,0.016,0.126,0.0,0.0,0.0,0.0,0.1,0.135,0.0,0.001,0.012,0.089,0.0,0.0,0.028,0.0,0.143,0.057
ashcus2,Madagascar Cuckooshrike,coracina cinerea,nominate,153052181,Tim Worfolk,Male,Not specified,,Passeriformes,Campephagidae ,Cuckooshrikes,0.0,0.145,0.083,0.0,0.0,0.0,0.017,0.137,0.0,0.0,0.0,0.0,0.061,0.123,0.0,0.0,0.06,0.1,0.0,0.002,0.064,0.0,0.148,0.06
ashcus2,Madagascar Cuckooshrike,coracina cinerea,pallida,153052191,Tim Worfolk,Female,Not specified,,Passeriformes,Campephagidae ,Cuckooshrikes,0.0,0.199,0.049,0.0,0.0,0.0,0.117,0.11,0.0,0.0,0.0,0.0,0.118,0.154,0.0,0.0,0.015,0.058,0.0,0.0,0.033,0.0,0.103,0.044
ashcus2,Madagascar Cuckooshrike,coracina cinerea,pallida,153052201,Tim Worfolk,Male,Not specified,,Passeriformes,Campephagidae ,Cuckooshrikes,0.0,0.156,0.063,0.0,0.0,0.0,0.116,0.121,0.0,0.0,0.0,0.0,0.076,0.138,0.0,0.0,0.036,0.066,0.0,0.0,0.038,0.0,0.116,0.074
ashcus3,Comoros Cuckooshrike,coracina cucullata,nominate,153052141,Tim Worfolk,Female,Not specified,typical,Passeriformes,Campephagidae ,Cuckooshrikes,0.0,0.067,0.065,0.0,0.0,0.0,0.122,0.149,0.0,0.0,0.0,0.0,0.047,0.162,0.0,0.0,0.019,0.107,0.0,0.0,0.039,0.0,0.171,0.052
ashcus3,Comoros Cuckooshrike,coracina cucullata,nominate,153463561,Tim Worfolk,Male,Not specified,,Passeriformes,Campephagidae ,Cuckooshrikes,0.0,0.021,0.107,0.0,0.0,0.0,0.118,0.191,0.0,0.0,0.0,0.0,0.034,0.144,0.0,0.0,0.044,0.107,0.0,0.0,0.072,0.0,0.067,0.095
ashcus3,Comoros Cuckooshrike,coracina cucullata,nominate,153463581,Tim Worfolk,Female,Not specified,olive morph,Passeriformes,Campephagidae ,Cuckooshrikes,0.001,0.034,0.063,0.004,0.0,0.102,0.011,0.168,0.0,0.0,0.024,0.0,0.018,0.141,0.032,0.0,0.015,0.086,0.0,0.0,0.042,0.0,0.212,0.047
gracus1,Grauer's Cuckooshrike,coracina graueri,nominate,153052221,Tim Worfolk,Female,Not specified,,Passeriformes,Campephagidae ,Cuckooshrikes,0.0,0.044,0.082,0.0,0.001,0.0,0.028,0.198,0.0,0.0,0.0,0.0,0.028,0.208,0.0,0.0,0.027,0.173,0.0,0.0,0.063,0.0,0.067,0.081
gracus1,Grauer's Cuckooshrike,coracina graueri,nominate,153052231,Tim Worfolk,Male,Not specified,,Passeriformes,Campephagidae ,Cuckooshrikes,0.0,0.043,0.247,0.0,0.0,0.0,0.03,0.016,0.0,0.0,0.0,0.0,0.024,0.199,0.0,0.0,0.092,0.057,0.0,0.0,0.099,0.0,0.035,0.158
whbcus2,White-breasted Cuckooshrike,coracina pectoralis,nominate,153052261,Tim Worfolk,Male,Not specified,,Passeriformes,Campephagidae ,Cuckooshrikes,0.0,0.195,0.048,0.004,0.0,0.0,0.047,0.059,0.0,0.0,0.001,0.0,0.155,0.227,0.009,0.0,0.006,0.039,0.0,0.0,0.009,0.0,0.16,0.041
yebshr1,Yellow-billed Shrike,corvinella corvina,affinis,151428811,Tim Worfolk,Monomorphic,Not specified,,Passeriformes,Laniidae ,Shrikes,0.005,0.161,0.016,0.013,0.0,0.006,0.089,0.107,0.0,0.0,0.012,0.0,0.136,0.179,0.035,0.005,0.001,0.051,0.0,0.0,0.006,0.0,0.172,0.006
yebshr1,Yellow-billed Shrike,corvinella corvina,nominate,153083891,Tim Worfolk,Monomorphic,Not specified,,Passeriformes,Laniidae ,Shrikes,0.058,0.08,0.01,0.076,0.0,0.105,0.059,0.056,0.004,0.013,0.055,0.0,0.103,0.158,0.086,0.02,0.003,0.023,0.0,0.0,0.011,0.0,0.064,0.016
magshr1,Magpie Shrike,corvinella melanoleuca,nominate,153475431,Tim Worfolk,Female,Not specified,,Passeriformes,Laniidae ,Shrikes,0.0,0.021,0.08,0.0,0.0,0.0,0.031,0.012,0.0,0.0,0.0,0.0,0.039,0.196,0.0,0.0,0.308,0.02,0.0,0.0,0.162,0.0,0.011,0.12
magshr1,Magpie Shrike,corvinella melanoleuca,nominate,153475441,Tim Worfolk,Male,Not specified,,Passeriformes,Laniidae ,Shrikes,0.0,0.009,0.12,0.0,0.0,0.0,0.033,0.017,0.0,0.0,0.0,0.0,0.026,0.212,0.0,0.0,0.218,0.073,0.0,0.0,0.132,0.0,0.02,0.14
wbgbir1,White-bellied Go-away-bird,corythaixoides leucogaster,nominate,152815951,Ian Lewington,Male,Not specified,,Musophagiformes,Musophagidae ,Turacos,0.001,0.071,0.129,0.0,0.0,0.0,0.046,0.118,0.0,0.0,0.003,0.0,0.018,0.133,0.005,0.0,0.02,0.113,0.0,0.0,0.1,0.0,0.121,0.122
ofrcha1,Olive-flanked Robin-Chat,cossypha anomala,mbuluensis,153149431,Hilary Burn,Monomorphic,Not specified,,Passeriformes,Muscicapidae ,Old World Flycatchers,0.005,0.015,0.219,0.007,0.0,0.0,0.018,0.037,0.005,0.057,0.0,0.001,0.014,0.162,0.004,0.006,0.013,0.111,0.012,0.0,0.096,0.0,0.022,0.196
ofrcha1,Olive-flanked Robin-Chat,cossypha anomala,macclounii,153149471,Hilary Burn,Monomorphic,Not specified,,Passeriformes,Muscicapidae ,Old World Flycatchers,0.012,0.068,0.097,0.017,0.0,0.001,0.061,0.055,0.001,0.049,0.009,0.0,0.065,0.197,0.011,0.026,0.018,0.093,0.011,0.0,0.058,0.0,0.043,0.108
ofrcha1,Olive-flanked Robin-Chat,cossypha anomala,anomalus,153149501,Hilary Burn,Monomorphic,Not specified,,Passeriformes,Muscicapidae ,Old World Flycatchers,0.149,0.056,0.06,0.093,0.0,0.009,0.03,0.036,0.004,0.028,0.068,0.0,0.054,0.148,0.048,0.038,0.0,0.088,0.001,0.0,0.017,0.0,0.021,0.052
ofrcha1,Olive-flanked Robin-Chat,cossypha anomala,grotei,153529641,Hilary Burn,Monomorphic,Not specified,,Passeriformes,Muscicapidae ,Old World Flycatchers,0.007,0.05,0.127,0.024,0.0,0.005,0.057,0.054,0.012,0.052,0.012,0.0,0.044,0.221,0.003,0.026,0.031,0.069,0.009,0.0,0.073,0.0,0.048,0.076
arrcha1,Archer's Robin-Chat,cossypha archeri,nominate,153529691,Hilary Burn,Monomorphic,Not specified,,Passeriformes,Muscicapidae ,Old World Flycatchers,0.079,0.015,0.023,0.091,0.0,0.003,0.015,0.014,0.053,0.193,0.004,0.0,0.011,0.191,0.009,0.091,0.014,0.015,0.09,0.0,0.031,0.0,0.014,0.044
arrcha1,Archer's Robin-Chat,cossypha archeri,kimbutui,153529701,Hilary Burn,Monomorphic,Not specified,,Passeriformes,Muscicapidae ,Old World Flycatchers,0.097,0.015,0.099,0.047,0.0,0.003,0.018,0.028,0.027,0.15,0.006,0.001,0.013,0.216,0.01,0.049,0.012,0.054,0.02,0.0,0.05,0.0,0.017,0.068
carcha1,Cape Robin-Chat,cossypha caffra,nominate,153149421,Hilary Burn,Monomorphic,Not specified,,Passeriformes,Muscicapidae ,Old World Flycatchers,0.066,0.057,0.056,0.069,0.0,0.008,0.021,0.084,0.068,0.057,0.014,0.016,0.041,0.159,0.038,0.027,0.014,0.074,0.006,0.0,0.015,0.0,0.066,0.044
wtrcha1,White-throated Robin-Chat,cossypha humeralis,nominate,153149531,Hilary Burn,Monomorphic,Not specified,,Passeriformes,Muscicapidae ,Old World Flycatchers,0.002,0.022,0.094,0.0,0.0,0.031,0.048,0.027,0.058,0.036,0.007,0.033,0.031,0.235,0.002,0.004,0.058,0.083,0.003,0.0,0.107,0.0,0.015,0.104
morcha1,Mountain Robin-Chat,cossypha isabellae,batesi,153529771,Hilary Burn,Monomorphic,Not specified,,Passeriformes,Muscicapidae ,Old World Flycatchers,0.132,0.013,0.035,0.058,0.0,0.002,0.016,0.025,0.034,0.171,0.005,0.0,0.015,0.205,0.01,0.088,0.008,0.028,0.028,0.0,0.054,0.0,0.014,0.059
morcha1,Mountain Robin-Chat,cossypha isabellae,nominate,153529781,Hilary Burn,Monomorphic,Not specified,,Passeriformes,Muscicapidae ,Old World Flycatchers,0.036,0.011,0.188,0.019,0.0,0.006,0.009,0.023,0.069,0.118,0.012,0.01,0.01,0.154,0.004,0.034,0.016,0.052,0.023,0.0,0.048,0.0,0.018,0.14
gywroc1,Gray-winged Robin-Chat,cossypha polioptera,nominate,153530421,Hilary Burn,Monomorphic,Not specified,,Passeriformes,Muscicapidae ,Old World Flycatchers,0.042,0.013,0.051,0.111,0.0,0.007,0.01,0.047,0.095,0.163,0.009,0.011,0.011,0.159,0.046,0.026,0.009,0.064,0.036,0.0,0.035,0.0,0.017,0.038
blabut1,Black Butcherbird,cracticus quoyi,nominate,153074311,Norman Arlott,Monomorphic,Not specified,,Passeriformes,Artamidae ,"Woodswallows, Bellmagpies, and Allies",0.0,0.009,0.169,0.0,0.009,0.0,0.011,0.016,0.0,0.0,0.0,0.0,0.012,0.174,0.0,0.0,0.174,0.047,0.0,0.021,0.17,0.0,0.015,0.173
spespi1,Speckled Spinetail,cranioleuca gutturata,nominate,153024371,Tim Worfolk,Monomorphic,Not specified,,Passeriformes,Furnariidae ,Ovenbirds and Woodcreepers,0.051,0.015,0.009,0.091,0.0,0.057,0.028,0.011,0.004,0.077,0.076,0.001,0.033,0.21,0.101,0.091,0.003,0.004,0.08,0.0,0.016,0.0,0.013,0.029
rumwar1,Rusty Mouse-Warbler,crateroscelis murina,nominate,153044951,Tim Worfolk,Male,Not specified,,Passeriformes,Acanthizidae ,Thornbills and Allies,0.049,0.025,0.033,0.101,0.0,0.162,0.111,0.014,0.004,0.0,0.04,0.0,0.053,0.211,0.095,0.003,0.022,0.02,0.0,0.0,0.017,0.002,0.017,0.021
rumwar1,Rusty Mouse-Warbler,crateroscelis murina,pallida,153044961,Tim Worfolk,Male,Not specified,,Passeriformes,Acanthizidae ,Thornbills and Allies,0.067,0.026,0.023,0.082,0.0,0.027,0.157,0.027,0.001,0.0,0.027,0.0,0.057,0.275,0.086,0.021,0.029,0.026,0.002,0.0,0.018,0.001,0.017,0.031
bimwar1,Bicolored Mouse-Warbler,crateroscelis nigrorufa,nominate,153044971,Tim Worfolk,Monomorphic,Not specified,,Passeriformes,Acanthizidae ,Thornbills and Allies,0.015,0.011,0.113,0.041,0.0,0.003,0.01,0.027,0.125,0.054,0.049,0.0,0.013,0.187,0.034,0.004,0.028,0.091,0.0,0.0,0.086,0.0,0.016,0.093
momwar1,Mountain Mouse-Warbler,crateroscelis robusta,nominate,153044981,Tim Worfolk,Monomorphic,Not specified,,Passeriformes,Acanthizidae ,Thornbills and Allies,0.06,0.04,0.035,0.089,0.0,0.005,0.037,0.161,0.0,0.0,0.018,0.0,0.058,0.191,0.076,0.023,0.006,0.093,0.0,0.0,0.014,0.0,0.069,0.025
momwar1,Mountain Mouse-Warbler,crateroscelis robusta,sanfordi,153044991,Tim Worfolk,Monomorphic,Not specified,,Passeriformes,Acanthizidae ,Thornbills and Allies,0.08,0.011,0.024,0.171,0.0,0.025,0.013,0.083,0.0,0.0,0.08,0.0,0.015,0.185,0.157,0.035,0.011,0.036,0.0,0.0,0.025,0.0,0.034,0.015
spocro1,Spotted Crocias,crocias albonotatus,nominate,153130641,Ian Lewington,Monomorphic,Not specified,,Passeriformes,Leiothrichidae ,Laughingthrushes and Allies,0.048,0.034,0.058,0.038,0.0,0.057,0.119,0.045,0.001,0.002,0.029,0.0,0.057,0.158,0.029,0.059,0.025,0.056,0.0,0.002,0.062,0.0,0.038,0.083
gyccro1,Gray-crowned Crocias,crocias langbianis,nominate,207323461,Ian Lewington,Monomorphic,Not specified,,Passeriformes,Leiothrichidae ,Laughingthrushes and Allies,0.036,0.051,0.06,0.028,0.002,0.02,0.077,0.077,0.004,0.034,0.012,0.0,0.049,0.189,0.008,0.029,0.035,0.054,0.016,0.0,0.058,0.0,0.099,0.062
azujay1,Azure Jay,cyanocorax caeruleus,nominate,153087431,Brian Small,Monomorphic,Not specified,ultramarine morph,Passeriformes,Corvidae ,"Crows, Jays, and Magpies",0.0,0.019,0.092,0.0,0.025,0.0,0.019,0.014,0.0,0.0,0.0,0.0,0.019,0.112,0.0,0.0,0.115,0.011,0.0,0.31,0.122,0.0,0.012,0.13
azujay1,Azure Jay,cyanocorax caeruleus,nominate,153478721,Brian Small,Monomorphic,Not specified,cerulean morph,Passeriformes,Corvidae ,"Crows, Jays, and Magpies",0.0,0.021,0.07,0.0,0.083,0.002,0.064,0.027,0.0,0.0,0.0,0.0,0.026,0.128,0.0,0.0,0.12,0.022,0.0,0.271,0.073,0.0,0.02,0.073
bucbab1,Buff-chested Babbler,cyanoderma ambiguum,nominate,207321181,Ren Hathway,Monomorphic,Not specified,,Passeriformes,Timaliidae ,"Tree-Babblers, Scimitar-Babblers, and Allies",0.09,0.015,0.091,0.07,0.0,0.0,0.007,0.035,0.0,0.001,0.011,0.0,0.013,0.128,0.09,0.234,0.003,0.028,0.009,0.0,0.033,0.0,0.059,0.083
mocsun2,Mouse-colored Sunbird,cyanomitra veroxii,zanzibarica,153161201,Hilary Burn,Monomorphic,Not specified,,Passeriformes,Nectariniidae ,Sunbirds and Spiderhunters,0.018,0.074,0.072,0.012,0.0,0.002,0.062,0.122,0.0,0.001,0.005,0.0,0.1,0.152,0.006,0.014,0.032,0.126,0.0,0.0,0.038,0.0,0.078,0.086
mocsun2,Mouse-colored Sunbird,cyanomitra veroxii,nominate,153539941,Hilary Burn,Monomorphic,Not specified,,Passeriformes,Nectariniidae ,Sunbirds and Spiderhunters,0.003,0.105,0.099,0.006,0.0,0.0,0.019,0.061,0.0,0.0,0.001,0.0,0.081,0.138,0.002,0.005,0.092,0.087,0.004,0.0,0.098,0.0,0.087,0.112
blhhum1,Blue-headed Hummingbird,cyanophaia bicolor,nominate,152824311,Norman Arlott,Female,Not specified,,Caprimulgiformes,Trochilidae ,Hummingbirds,0.096,0.039,0.051,0.007,0.0,0.001,0.022,0.009,0.019,0.001,0.002,0.0,0.042,0.13,0.003,0.011,0.007,0.008,0.0,0.006,0.258,0.131,0.021,0.136
blhhum1,Blue-headed Hummingbird,cyanophaia bicolor,nominate,153365711,Norman Arlott,Male,Not specified,,Caprimulgiformes,Trochilidae ,Hummingbirds,0.022,0.007,0.172,0.001,0.038,0.0,0.008,0.013,0.0,0.0,0.0,0.0,0.002,0.124,0.003,0.001,0.032,0.037,0.003,0.099,0.187,0.062,0.001,0.188
dushum1,Dusky Hummingbird,cynanthus sordidus,nominate,153365631,Norman Arlott,Female,Not specified,,Caprimulgiformes,Trochilidae ,Hummingbirds,0.148,0.047,0.066,0.048,0.0,0.001,0.009,0.011,0.026,0.0,0.01,0.003,0.013,0.147,0.024,0.015,0.005,0.008,0.001,0.0,0.141,0.114,0.038,0.125
dushum1,Dusky Hummingbird,cynanthus sordidus,nominate,153365651,Norman Arlott,Male,Not specified,,Caprimulgiformes,Trochilidae ,Hummingbirds,0.162,0.009,0.075,0.038,0.0,0.001,0.013,0.038,0.014,0.0,0.002,0.003,0.009,0.129,0.032,0.018,0.006,0.016,0.01,0.0,0.188,0.098,0.036,0.103
blffly1,Blue-fronted Flycatcher,cyornis hoevelli,nominate,153149341,Chris Rose,Male,Not specified,,Passeriformes,Muscicapidae ,Old World Flycatchers,0.137,0.005,0.013,0.085,0.007,0.009,0.007,0.002,0.012,0.067,0.002,0.004,0.006,0.141,0.016,0.185,0.049,0.006,0.032,0.053,0.095,0.005,0.004,0.058
tibfly2,Timor Blue Flycatcher,cyornis hyacinthinus,nominate,153149241,Chris Rose,Female,Not specified,,Passeriformes,Muscicapidae ,Old World Flycatchers,0.131,0.004,0.024,0.076,0.011,0.012,0.009,0.043,0.049,0.07,0.01,0.0,0.011,0.164,0.018,0.109,0.027,0.073,0.033,0.021,0.044,0.002,0.019,0.04
tibfly2,Timor Blue Flycatcher,cyornis hyacinthinus,nominate,153149271,Chris Rose,Male,Not specified,,Passeriformes,Muscicapidae ,Old World Flycatchers,0.031,0.004,0.097,0.008,0.017,0.008,0.012,0.013,0.0,0.056,0.003,0.0,0.004,0.143,0.001,0.043,0.049,0.034,0.045,0.241,0.075,0.002,0.005,0.109
tibfly2,Timor Blue Flycatcher,cyornis hyacinthinus,kuehni,153149281,Chris Rose,Female,Not specified,,Passeriformes,Muscicapidae ,Old World Flycatchers,0.149,0.01,0.048,0.063,0.015,0.001,0.01,0.039,0.004,0.144,0.001,0.0,0.005,0.12,0.004,0.138,0.018,0.055,0.047,0.01,0.04,0.0,0.033,0.046
tibfly2,Timor Blue Flycatcher,cyornis hyacinthinus,kuehni,153149301,Chris Rose,Male,Not specified,,Passeriformes,Muscicapidae ,Old World Flycatchers,0.01,0.003,0.102,0.005,0.023,0.01,0.01,0.011,0.001,0.031,0.002,0.0,0.004,0.132,0.002,0.05,0.066,0.041,0.034,0.243,0.097,0.001,0.001,0.121
flojuf1,Flores Jungle-Flycatcher,cyornis oscillans,stresemanni,153148311,Norman Arlott,Monomorphic,Not specified,,Passeriformes,Muscicapidae ,Old World Flycatchers,0.063,0.044,0.011,0.036,0.0,0.018,0.011,0.022,0.0,0.001,0.043,0.0,0.021,0.154,0.029,0.191,0.065,0.007,0.001,0.0,0.139,0.0,0.071,0.073
flojuf1,Flores Jungle-Flycatcher,cyornis oscillans,nominate,153528761,Norman Arlott,Monomorphic,Not specified,,Passeriformes,Muscicapidae ,Old World Flycatchers,0.098,0.057,0.065,0.02,0.0,0.003,0.009,0.05,0.0,0.0,0.006,0.0,0.055,0.147,0.004,0.255,0.012,0.062,0.002,0.0,0.028,0.0,0.067,0.06
matfly2,Matinan Flycatcher,cyornis sanfordi,nominate,153149351,Chris Rose,Monomorphic,Not specified,,Passeriformes,Muscicapidae ,Old World Flycatchers,0.187,0.035,0.063,0.174,0.0,0.001,0.005,0.074,0.007,0.005,0.003,0.0,0.009,0.123,0.032,0.079,0.015,0.055,0.001,0.0,0.03,0.0,0.073,0.029
scfmal1,Scale-feathered Malkoha,dasylophus cumingi,nominate,153357151,Chris Rose,Monomorphic,Not specified,,Cuculiformes,Cuculidae ,Cuckoos,0.008,0.031,0.074,0.005,0.005,0.003,0.023,0.009,0.009,0.003,0.012,0.001,0.028,0.135,0.001,0.074,0.05,0.008,0.018,0.013,0.24,0.0,0.015,0.235
brfwoo1,Brown-fronted Woodpecker,dendrocoptes auriceps,nominate,151453511,Ian Willis,Male,Not specified,,Piciformes,Picidae ,Woodpeckers,0.001,0.06,0.053,0.001,0.0,0.01,0.109,0.042,0.013,0.011,0.016,0.005,0.078,0.249,0.004,0.003,0.105,0.026,0.006,0.0,0.117,0.0,0.039,0.052
arawoo1,Arabian Woodpecker,dendrocoptes dorae,nominate,151453421,Ian Willis,Male,Not specified,,Piciformes,Picidae ,Woodpeckers,0.055,0.015,0.028,0.066,0.0,0.176,0.018,0.02,0.0,0.002,0.096,0.0,0.053,0.189,0.083,0.036,0.016,0.015,0.008,0.0,0.044,0.0,0.015,0.065
miswoo1,Middle Spotted Woodpecker,dendrocoptes medius,caucasicus,151453521,Ian Willis,Male,Not specified,,Piciformes,Picidae ,Woodpeckers,0.003,0.038,0.021,0.003,0.0,0.057,0.118,0.026,0.003,0.012,0.019,0.004,0.06,0.287,0.005,0.0,0.147,0.017,0.025,0.0,0.075,0.0,0.033,0.047
miswoo1,Middle Spotted Woodpecker,dendrocoptes medius,nominate,151453551,Ian Willis,Male,Not specified,,Piciformes,Picidae ,Woodpeckers,0.0,0.035,0.033,0.001,0.0,0.023,0.103,0.021,0.008,0.03,0.036,0.0,0.048,0.282,0.006,0.001,0.138,0.026,0.014,0.0,0.109,0.0,0.034,0.052
miswoo1,Middle Spotted Woodpecker,dendrocoptes medius,sanctijohannis,151453571,Ian Willis,Male,Not specified,,Piciformes,Picidae ,Woodpeckers,0.0,0.036,0.027,0.001,0.0,0.01,0.098,0.021,0.017,0.025,0.002,0.01,0.044,0.354,0.004,0.001,0.144,0.018,0.026,0.0,0.078,0.0,0.042,0.042
crefra2,Crested Francolin,dendroperdix sephaena,rovuma,152998891,Norman Arlott,Monomorphic,Not specified,,Galliformes,Phasianidae ,"Pheasants, Grouse, and Allies",0.047,0.014,0.009,0.049,0.0,0.1,0.047,0.006,0.004,0.013,0.086,0.0,0.034,0.161,0.063,0.159,0.015,0.011,0.016,0.0,0.092,0.0,0.011,0.063
crefra2,Crested Francolin,dendroperdix sephaena,nominate,152998911,Norman Arlott,Male,Not specified,,Galliformes,Phasianidae ,"Pheasants, Grouse, and Allies",0.063,0.033,0.007,0.032,0.0,0.068,0.031,0.031,0.01,0.014,0.077,0.0,0.037,0.179,0.047,0.163,0.011,0.023,0.029,0.0,0.07,0.0,0.032,0.043
crefra2,Crested Francolin,dendroperdix sephaena,nominate,153395641,Norman Arlott,Female,Not specified,,Galliformes,Phasianidae ,"Pheasants, Grouse, and Allies",0.043,0.023,0.009,0.033,0.0,0.067,0.031,0.012,0.003,0.009,0.076,0.0,0.027,0.16,0.045,0.151,0.03,0.015,0.023,0.0,0.128,0.0,0.024,0.091
wstdro1,Western Square-tailed Drongo,dicrurus occidentalis,nominate,199378211,Hilary Burn,Monomorphic,Not specified,,Passeriformes,Rhipiduridae ,Fantails,0.002,0.017,0.179,0.003,0.0,0.0,0.013,0.076,0.0,0.0,0.0,0.0,0.023,0.148,0.003,0.002,0.11,0.164,0.001,0.001,0.096,0.0,0.026,0.136
olbwoo2,Olive-backed Woodpecker,dinopium rafflesii,nominate,151450781,Chris Rose,Male,Not specified,,Piciformes,Picidae ,Woodpeckers,0.087,0.009,0.016,0.047,0.0,0.011,0.018,0.01,0.021,0.053,0.006,0.003,0.012,0.188,0.004,0.09,0.13,0.01,0.073,0.0,0.116,0.004,0.005,0.087
whcman2,White-crowned Manakin,dixiphia pipra,anthracina,153026361,Jan Wilczur,Female,Not specified,,Passeriformes,Pipridae ,Manakins,0.168,0.015,0.068,0.095,0.0,0.001,0.009,0.053,0.0,0.0,0.074,0.0,0.014,0.102,0.117,0.036,0.001,0.105,0.0,0.0,0.024,0.034,0.057,0.027
whcman2,White-crowned Manakin,dixiphia pipra,cephaleucos,153026381,Jan Wilczur,Male,Not specified,,Passeriformes,Pipridae ,Manakins,0.0,0.01,0.035,0.0,0.0,0.0,0.037,0.013,0.0,0.0,0.005,0.0,0.013,0.128,0.001,0.001,0.256,0.031,0.002,0.0,0.36,0.0,0.012,0.096
whcman2,White-crowned Manakin,dixiphia pipra,comata,153429491,Jan Wilczur,Male,Not specified,,Passeriformes,Pipridae ,Manakins,0.0,0.008,0.019,0.0,0.0,0.001,0.058,0.015,0.0,0.0,0.003,0.0,0.032,0.127,0.002,0.001,0.281,0.012,0.005,0.0,0.356,0.0,0.018,0.062
whcman2,White-crowned Manakin,dixiphia pipra,coracina,153429501,Jan Wilczur,Female,Not specified,,Passeriformes,Pipridae ,Manakins,0.164,0.018,0.047,0.039,0.0,0.001,0.011,0.061,0.016,0.0,0.011,0.0,0.019,0.136,0.027,0.016,0.004,0.123,0.001,0.0,0.016,0.234,0.023,0.033
whcman2,White-crowned Manakin,dixiphia pipra,occulta,153429521,Jan Wilczur,Female,Not specified,,Passeriformes,Pipridae ,Manakins,0.054,0.04,0.016,0.012,0.0,0.087,0.053,0.083,0.024,0.0,0.055,0.024,0.027,0.151,0.048,0.006,0.005,0.071,0.001,0.0,0.011,0.175,0.043,0.014
whcman2,White-crowned Manakin,dixiphia pipra,pipra,153429531,Jan Wilczur,Female,Not specified,,Passeriformes,Pipridae ,Manakins,0.107,0.054,0.049,0.027,0.0,0.079,0.02,0.053,0.009,0.0,0.079,0.0,0.024,0.118,0.079,0.018,0.001,0.096,0.001,0.0,0.008,0.147,0.017,0.014
whcman2,White-crowned Manakin,dixiphia pipra,pipra,153429541,Jan Wilczur,Male,Not specified,,Passeriformes,Pipridae ,Manakins,0.0,0.009,0.032,0.0,0.0,0.001,0.038,0.014,0.0,0.0,0.001,0.0,0.013,0.129,0.002,0.001,0.32,0.01,0.001,0.0,0.36,0.0,0.006,0.063
whcman2,White-crowned Manakin,dixiphia pipra,separabilis,153429551,Jan Wilczur,Female,Not specified,,Passeriformes,Pipridae ,Manakins,0.126,0.059,0.039,0.065,0.0,0.085,0.008,0.054,0.003,0.0,0.065,0.0,0.017,0.115,0.098,0.022,0.003,0.106,0.0,0.0,0.022,0.073,0.016,0.024
whcman2,White-crowned Manakin,dixiphia pipra,unica,153429571,Jan Wilczur,Male,Not specified,,Passeriformes,Pipridae ,Manakins,0.0,0.008,0.049,0.0,0.0,0.0,0.047,0.015,0.0,0.0,0.004,0.0,0.03,0.114,0.001,0.002,0.196,0.025,0.0,0.0,0.41,0.0,0.016,0.083
reswoo1,Red-stained Woodpecker,dryobates affinis,nominate,151454871,Hilary Burn,Male,Not specified,,Piciformes,Picidae ,Woodpeckers,0.062,0.027,0.054,0.147,0.0,0.013,0.022,0.035,0.067,0.037,0.025,0.011,0.021,0.152,0.084,0.037,0.007,0.049,0.011,0.0,0.031,0.006,0.043,0.059
reswoo1,Red-stained Woodpecker,dryobates affinis,hilaris,151454881,Hilary Burn,Male,Not specified,,Piciformes,Picidae ,Woodpeckers,0.068,0.03,0.054,0.115,0.0,0.016,0.031,0.02,0.073,0.078,0.015,0.008,0.02,0.144,0.064,0.057,0.005,0.038,0.014,0.0,0.037,0.004,0.041,0.068
reswoo1,Red-stained Woodpecker,dryobates affinis,ruficeps,151454891,Hilary Burn,Male,Not specified,,Piciformes,Picidae ,Woodpeckers,0.056,0.031,0.076,0.106,0.0,0.021,0.029,0.036,0.027,0.07,0.021,0.012,0.028,0.14,0.073,0.037,0.001,0.047,0.021,0.0,0.045,0.001,0.035,0.087
whhwoo,White-headed Woodpecker,dryobates albolarvatus,nominate,151454331,Ian Willis,Male,Not specified,,Piciformes,Picidae ,Woodpeckers,0.0,0.013,0.082,0.0,0.0,0.001,0.043,0.017,0.0,0.008,0.0,0.0,0.017,0.213,0.0,0.002,0.132,0.024,0.0,0.0,0.316,0.0,0.014,0.118
ariwoo,Arizona Woodpecker,dryobates arizonae,nominate,151454191,Hilary Burn,Male,Not specified,,Piciformes,Picidae ,Woodpeckers,0.079,0.033,0.081,0.088,0.0,0.001,0.064,0.033,0.0,0.006,0.003,0.0,0.047,0.252,0.049,0.055,0.005,0.063,0.0,0.0,0.055,0.0,0.039,0.047
recwoo,Red-cockaded Woodpecker,dryobates borealis,nominate,151454261,Ian Willis,Male,Not specified,,Piciformes,Picidae ,Woodpeckers,0.001,0.053,0.038,0.0,0.0,0.0,0.083,0.042,0.0,0.003,0.0,0.0,0.066,0.255,0.0,0.001,0.138,0.039,0.0,0.0,0.162,0.0,0.04,0.079
scbwoo3,Scarlet-backed Woodpecker,dryobates callonotus,nominate,151454751,Hilary Burn,Male,Not specified,,Piciformes,Picidae ,Woodpeckers,0.024,0.064,0.015,0.03,0.0,0.017,0.058,0.021,0.0,0.07,0.014,0.0,0.046,0.232,0.014,0.047,0.023,0.028,0.171,0.0,0.051,0.0,0.042,0.033
scbwoo3,Scarlet-backed Woodpecker,dryobates callonotus,major,151454771,Hilary Burn,Male,Not specified,,Piciformes,Picidae ,Woodpeckers,0.025,0.066,0.023,0.02,0.0,0.004,0.081,0.023,0.001,0.095,0.008,0.0,0.063,0.187,0.013,0.061,0.023,0.02,0.123,0.0,0.069,0.0,0.056,0.039
gocwoo2,Golden-collared Woodpecker,dryobates cassini,nominate,151454471,Hilary Burn,Male,Not specified,,Piciformes,Picidae ,Woodpeckers,0.071,0.033,0.05,0.148,0.0,0.005,0.03,0.046,0.006,0.009,0.02,0.005,0.024,0.19,0.042,0.036,0.012,0.044,0.007,0.0,0.071,0.003,0.062,0.086
chowoo1,Choco Woodpecker,dryobates chocoensis,nominate,151454911,Hilary Burn,Male,Not specified,,Piciformes,Picidae ,Woodpeckers,0.045,0.038,0.05,0.096,0.0,0.017,0.028,0.04,0.065,0.024,0.029,0.01,0.03,0.16,0.103,0.037,0.012,0.043,0.011,0.0,0.045,0.002,0.044,0.071
yevwoo1,Yellow-vented Woodpecker,dryobates dignus,baezae,151454781,Hilary Burn,Male,Not specified,,Piciformes,Picidae ,Woodpeckers,0.051,0.015,0.032,0.119,0.0,0.072,0.048,0.028,0.06,0.031,0.035,0.002,0.009,0.155,0.093,0.033,0.007,0.024,0.037,0.0,0.05,0.017,0.016,0.066
yevwoo1,Yellow-vented Woodpecker,dryobates dignus,nominate,151454811,Hilary Burn,Male,Not specified,,Piciformes,Picidae ,Woodpeckers,0.054,0.01,0.04,0.136,0.0,0.044,0.013,0.021,0.068,0.039,0.033,0.008,0.013,0.154,0.074,0.053,0.012,0.031,0.042,0.0,0.05,0.027,0.021,0.057
dofwoo1,Dot-fronted Woodpecker,dryobates frontalis,nominate,151454731,Hilary Burn,Male,Not specified,,Piciformes,Picidae ,Woodpeckers,0.091,0.037,0.087,0.167,0.0,0.006,0.017,0.056,0.015,0.002,0.011,0.001,0.024,0.14,0.066,0.033,0.011,0.072,0.001,0.0,0.037,0.008,0.039,0.079
smbwoo1,Smoky-brown Woodpecker,dryobates fumigatus,nominate,151454351,Hilary Burn,Male,Not specified,,Piciformes,Picidae ,Woodpeckers,0.133,0.011,0.043,0.183,0.0,0.006,0.017,0.019,0.002,0.011,0.024,0.0,0.016,0.149,0.086,0.085,0.008,0.023,0.012,0.0,0.07,0.0,0.017,0.085
rerwoo1,Red-rumped Woodpecker,dryobates kirkii,cecilii,151454391,Hilary Burn,Male,Not specified,,Piciformes,Picidae ,Woodpeckers,0.04,0.037,0.08,0.105,0.0,0.004,0.031,0.054,0.03,0.008,0.019,0.004,0.028,0.142,0.095,0.021,0.008,0.069,0.009,0.0,0.073,0.014,0.044,0.085
rerwoo1,Red-rumped Woodpecker,dryobates kirkii,continentalis,151454401,Hilary Burn,Male,Not specified,,Piciformes,Picidae ,Woodpeckers,0.044,0.044,0.042,0.138,0.0,0.007,0.035,0.027,0.04,0.032,0.026,0.008,0.045,0.18,0.085,0.043,0.012,0.039,0.014,0.0,0.041,0.004,0.043,0.051
rerwoo1,Red-rumped Woodpecker,dryobates kirkii,nominate,151454431,Hilary Burn,Male,Not specified,,Piciformes,Picidae ,Woodpeckers,0.058,0.028,0.064,0.11,0.0,0.005,0.022,0.039,0.054,0.057,0.008,0.001,0.021,0.146,0.043,0.041,0.012,0.037,0.04,0.0,0.077,0.017,0.03,0.09
rerwoo1,Red-rumped Woodpecker,dryobates kirkii,neglectus,151454441,Hilary Burn,Male,Not specified,,Piciformes,Picidae ,Woodpeckers,0.057,0.036,0.081,0.092,0.0,0.001,0.012,0.038,0.092,0.026,0.012,0.014,0.019,0.128,0.089,0.048,0.003,0.041,0.022,0.0,0.055,0.008,0.03,0.096
strwoo6,Striped Woodpecker,dryobates lignarius,nominate,151454571,Ian Willis,Male,Not specified,,Piciformes,Picidae ,Woodpeckers,0.015,0.057,0.051,0.01,0.0,0.015,0.078,0.05,0.0,0.004,0.003,0.0,0.047,0.227,0.011,0.007,0.065,0.043,0.0,0.0,0.156,0.0,0.059,0.102
yeewoo1,Yellow-eared Woodpecker,dryobates maculifrons,nominate,151454951,Hilary Burn,Male,Not specified,,Piciformes,Picidae ,Woodpeckers,0.063,0.04,0.042,0.109,0.0,0.013,0.04,0.058,0.041,0.016,0.025,0.008,0.052,0.157,0.083,0.05,0.001,0.054,0.003,0.0,0.035,0.012,0.048,0.05
chewoo3,Checkered Woodpecker,dryobates mixtus,berlepschi,151454511,Ian Willis,Male,Not specified,,Piciformes,Picidae ,Woodpeckers,0.005,0.054,0.056,0.002,0.0,0.001,0.066,0.062,0.0,0.003,0.002,0.0,0.082,0.282,0.002,0.003,0.068,0.048,0.0,0.0,0.118,0.0,0.06,0.086
chewoo3,Checkered Woodpecker,dryobates mixtus,cancellatus,151454531,Ian Willis,Male,Not specified,,Piciformes,Picidae ,Woodpeckers,0.018,0.071,0.071,0.003,0.0,0.0,0.116,0.047,0.001,0.005,0.001,0.0,0.085,0.314,0.004,0.008,0.015,0.059,0.0,0.0,0.066,0.0,0.05,0.066
chewoo3,Checkered Woodpecker,dryobates mixtus,nominate,151454551,Ian Willis,Male,Not specified,,Piciformes,Picidae ,Woodpeckers,0.004,0.057,0.047,0.002,0.0,0.008,0.143,0.03,0.0,0.001,0.003,0.0,0.066,0.328,0.007,0.008,0.036,0.024,0.0,0.0,0.09,0.0,0.052,0.094
babwoo2,Bar-bellied Woodpecker,dryobates nigriceps,equifasciatus,151454831,Hilary Burn,Male,Not specified,,Piciformes,Picidae ,Woodpeckers,0.071,0.024,0.062,0.129,0.0,0.023,0.037,0.033,0.046,0.035,0.01,0.0,0.016,0.124,0.094,0.033,0.006,0.056,0.018,0.0,0.051,0.024,0.039,0.069
babwoo2,Bar-bellied Woodpecker,dryobates nigriceps,nominate,151454851,Hilary Burn,Male,Not specified,,Piciformes,Picidae ,Woodpeckers,0.089,0.023,0.05,0.182,0.0,0.017,0.014,0.019,0.009,0.03,0.008,0.0,0.022,0.117,0.058,0.046,0.032,0.047,0.017,0.0,0.086,0.018,0.029,0.087
litwoo2,Little Woodpecker,dryobates passerinus,fidelis,151454641,Hilary Burn,Male,Not specified,,Piciformes,Picidae ,Woodpeckers,0.081,0.014,0.063,0.125,0.0,0.001,0.007,0.056,0.028,0.008,0.02,0.0,0.006,0.176,0.117,0.041,0.013,0.079,0.027,0.0,0.041,0.004,0.037,0.056
litwoo2,Little Woodpecker,dryobates passerinus,olivinus,151454651,Hilary Burn,Male,Not specified,,Piciformes,Picidae ,Woodpeckers,0.078,0.025,0.04,0.164,0.0,0.002,0.01,0.086,0.011,0.006,0.018,0.0,0.014,0.13,0.131,0.028,0.005,0.079,0.019,0.0,0.035,0.008,0.057,0.054
litwoo2,Little Woodpecker,dryobates passerinus,nominate,151454691,Hilary Burn,Male,Not specified,,Piciformes,Picidae ,Woodpeckers,0.102,0.021,0.096,0.127,0.0,0.001,0.006,0.064,0.01,0.006,0.002,0.0,0.027,0.154,0.041,0.043,0.012,0.059,0.024,0.0,0.054,0.005,0.04,0.106
litwoo2,Little Woodpecker,dryobates passerinus,taenionotus,151454701,Hilary Burn,Male,Not specified,,Piciformes,Picidae ,Woodpeckers,0.08,0.028,0.066,0.14,0.0,0.009,0.01,0.051,0.019,0.015,0.03,0.0,0.027,0.16,0.106,0.038,0.004,0.059,0.026,0.0,0.026,0.008,0.04,0.058
blcwoo3,Blood-colored Woodpecker,dryobates sanguineus,nominate,151454621,Hilary Burn,Male,Not specified,,Piciformes,Picidae ,Woodpeckers,0.047,0.025,0.086,0.03,0.0,0.001,0.012,0.044,0.003,0.095,0.002,0.0,0.02,0.146,0.008,0.065,0.017,0.069,0.1,0.0,0.098,0.0,0.023,0.109
whswoo2,White-spotted Woodpecker,dryobates spilogaster,nominate,151454491,Hilary Burn,Male,Not specified,,Piciformes,Picidae ,Woodpeckers,0.073,0.029,0.118,0.026,0.0,0.022,0.027,0.083,0.0,0.001,0.023,0.002,0.028,0.155,0.018,0.028,0.012,0.104,0.002,0.0,0.061,0.001,0.054,0.133
strwoo,Strickland's Woodpecker,dryobates stricklandi,nominate,151454241,Ian Willis,Male,Not specified,,Piciformes,Picidae ,Woodpeckers,0.018,0.04,0.078,0.002,0.0,0.001,0.057,0.037,0.0,0.005,0.001,0.0,0.046,0.258,0.0,0.02,0.027,0.045,0.0,0.0,0.187,0.0,0.045,0.133
haiwoo,Hairy Woodpecker,dryobates villosus,extimus,151454041,Ian Willis,Male,Not specified,,Piciformes,Picidae ,Woodpeckers,0.009,0.021,0.053,0.024,0.0,0.068,0.037,0.027,0.0,0.005,0.059,0.0,0.033,0.211,0.042,0.002,0.137,0.02,0.0,0.0,0.146,0.0,0.028,0.078
haiwoo,Hairy Woodpecker,dryobates villosus,jardinii,151454051,Ian Willis,Male,Not specified,,Piciformes,Picidae ,Woodpeckers,0.005,0.014,0.048,0.011,0.0,0.153,0.046,0.024,0.003,0.012,0.07,0.0,0.017,0.162,0.035,0.006,0.189,0.031,0.0,0.0,0.101,0.0,0.011,0.062
haiwoo,Hairy Woodpecker,dryobates villosus,maynardi,151454071,Ian Willis,Male,Not specified,,Piciformes,Picidae ,Woodpeckers,0.0,0.058,0.045,0.0,0.0,0.0,0.112,0.019,0.0,0.0,0.005,0.0,0.061,0.284,0.0,0.002,0.13,0.038,0.0,0.0,0.144,0.0,0.041,0.061
haiwoo,Hairy Woodpecker,dryobates villosus,nominate,151454081,Ian Willis,Male,Not specified,,Piciformes,Picidae ,Woodpeckers,0.0,0.023,0.033,0.001,0.0,0.004,0.094,0.019,0.0,0.002,0.002,0.0,0.044,0.394,0.001,0.0,0.131,0.016,0.002,0.0,0.141,0.0,0.013,0.08
haiwoo,Hairy Woodpecker,dryobates villosus,harrisi,151454101,Ian Willis,Male,Not specified,,Piciformes,Picidae ,Woodpeckers,0.001,0.026,0.037,0.0,0.0,0.133,0.111,0.015,0.0,0.002,0.034,0.0,0.034,0.203,0.004,0.001,0.112,0.01,0.0,0.0,0.187,0.0,0.016,0.074
haiwoo,Hairy Woodpecker,dryobates villosus,picoideus,151454111,Ian Willis,Male,Not specified,,Piciformes,Picidae ,Woodpeckers,0.003,0.022,0.046,0.009,0.0,0.121,0.053,0.011,0.007,0.004,0.072,0.0,0.024,0.183,0.024,0.002,0.105,0.025,0.0,0.0,0.182,0.0,0.032,0.075
haiwoo,Hairy Woodpecker,dryobates villosus,septentrionalis,151454131,Ian Willis,Male,Not specified,,Piciformes,Picidae ,Woodpeckers,0.0,0.042,0.047,0.0,0.0,0.0,0.096,0.017,0.0,0.003,0.0,0.0,0.049,0.376,0.0,0.0,0.098,0.019,0.0,0.0,0.163,0.0,0.031,0.059
haiwoo,Hairy Woodpecker,dryobates villosus,nominate,151454181,Ian Willis,Male,Not specified,,Piciformes,Picidae ,Woodpeckers,0.0,0.03,0.049,0.0,0.0,0.001,0.083,0.026,0.0,0.002,0.0,0.0,0.057,0.365,0.0,0.0,0.086,0.021,0.0,0.0,0.186,0.0,0.029,0.065
linwoo1,Lineated Woodpecker,dryocopus lineatus,erythrops,151445801,Mark Hulme,Male,Not specified,,Piciformes,Picidae ,Woodpeckers,0.002,0.014,0.083,0.003,0.001,0.003,0.014,0.027,0.001,0.004,0.002,0.0,0.016,0.191,0.001,0.005,0.146,0.033,0.062,0.004,0.206,0.0,0.017,0.165
linwoo1,Lineated Woodpecker,dryocopus lineatus,lineatus,151445821,Mark Hulme,Male,Not specified,,Piciformes,Picidae ,Woodpeckers,0.004,0.02,0.116,0.002,0.002,0.009,0.031,0.022,0.001,0.001,0.003,0.0,0.019,0.225,0.003,0.008,0.183,0.035,0.078,0.003,0.113,0.0,0.014,0.108
linwoo1,Lineated Woodpecker,dryocopus lineatus,scapularis,151445841,Mark Hulme,Male,Not specified,,Piciformes,Picidae ,Woodpeckers,0.001,0.018,0.099,0.004,0.003,0.001,0.032,0.022,0.0,0.002,0.0,0.0,0.017,0.215,0.002,0.008,0.18,0.046,0.067,0.003,0.144,0.0,0.027,0.109
linwoo1,Lineated Woodpecker,dryocopus lineatus,fuscipennis,151445861,Hilary Burn,Male,Not specified,,Piciformes,Picidae ,Woodpeckers,0.017,0.01,0.059,0.011,0.0,0.007,0.03,0.015,0.007,0.003,0.018,0.002,0.019,0.264,0.014,0.063,0.073,0.032,0.072,0.004,0.152,0.0,0.01,0.118
pilwoo,Pileated Woodpecker,dryocopus pileatus,abieticola,151445771,Mark Hulme,Male,Not specified,,Piciformes,Picidae ,Woodpeckers,0.0,0.01,0.184,0.0,0.001,0.0,0.021,0.064,0.0,0.0,0.001,0.0,0.014,0.168,0.001,0.004,0.096,0.159,0.035,0.0,0.11,0.0,0.01,0.122
pilwoo,Pileated Woodpecker,dryocopus pileatus,nominate,151445791,Mark Hulme,Male,Not specified,,Piciformes,Picidae ,Woodpeckers,0.0,0.009,0.193,0.001,0.0,0.001,0.013,0.013,0.0,0.0,0.001,0.0,0.011,0.191,0.002,0.0,0.153,0.051,0.041,0.0,0.14,0.0,0.011,0.169
blbwoo3,Black-bodied Woodpecker,dryocopus schulzii,nominate,151445881,Mark Hulme,Male,Not specified,,Piciformes,Picidae ,Woodpeckers,0.001,0.022,0.029,0.0,0.001,0.0,0.016,0.01,0.0,0.002,0.002,0.0,0.012,0.209,0.001,0.003,0.33,0.015,0.044,0.005,0.202,0.0,0.012,0.084
blbwoo3,Black-bodied Woodpecker,dryocopus schulzii,nominate,151445891,Mark Hulme,Male,Not specified,without scapular line,Piciformes,Picidae ,Woodpeckers,0.001,0.012,0.052,0.002,0.002,0.004,0.024,0.007,0.001,0.003,0.002,0.0,0.016,0.221,0.005,0.002,0.293,0.017,0.085,0.002,0.161,0.0,0.008,0.08
whteme1,White-tailed Emerald,elvira chionura,nominate,153366331,Norman Arlott,Female,Not specified,,Caprimulgiformes,Trochilidae ,Hummingbirds,0.089,0.011,0.071,0.001,0.0,0.017,0.045,0.01,0.016,0.002,0.014,0.003,0.022,0.185,0.006,0.019,0.002,0.005,0.0,0.0,0.198,0.09,0.022,0.172
whteme1,White-tailed Emerald,elvira chionura,nominate,153366341,Norman Arlott,Male,Not specified,,Caprimulgiformes,Trochilidae ,Hummingbirds,0.091,0.011,0.056,0.006,0.0,0.0,0.019,0.007,0.051,0.0,0.005,0.011,0.017,0.21,0.003,0.02,0.007,0.008,0.001,0.0,0.161,0.153,0.013,0.15
coheme1,Coppery-headed Emerald,elvira cupreiceps,nominate,153366351,Norman Arlott,Female,Not specified,,Caprimulgiformes,Trochilidae ,Hummingbirds,0.127,0.009,0.051,0.008,0.0,0.003,0.032,0.007,0.047,0.001,0.001,0.015,0.022,0.161,0.005,0.081,0.017,0.008,0.027,0.0,0.145,0.094,0.005,0.134
coheme1,Coppery-headed Emerald,elvira cupreiceps,nominate,153366361,Norman Arlott,Male,Not specified,,Caprimulgiformes,Trochilidae ,Hummingbirds,0.093,0.01,0.042,0.011,0.0,0.001,0.018,0.009,0.034,0.006,0.003,0.005,0.006,0.193,0.007,0.074,0.009,0.015,0.039,0.0,0.183,0.101,0.006,0.135
vinbun1,Vincent's Bunting,emberiza vincenti,nominate,153704061,Chris Rose,Monomorphic,Not specified,,Passeriformes,Emberizidae ,Old World Buntings,0.112,0.035,0.078,0.048,0.0,0.007,0.02,0.07,0.0,0.003,0.009,0.0,0.016,0.13,0.018,0.119,0.035,0.083,0.032,0.0,0.043,0.0,0.078,0.064
croslf1,Crowned Slaty Flycatcher,empidonomus aurantioatrocristatus,nominate,153035371,Ian Lewington,Monomorphic,Not specified,,Passeriformes,Tyrannidae ,Tyrant Flycatchers,0.083,0.053,0.087,0.078,0.0,0.022,0.008,0.056,0.001,0.0,0.035,0.002,0.045,0.118,0.067,0.026,0.055,0.073,0.0,0.0,0.055,0.001,0.053,0.082
croslf1,Crowned Slaty Flycatcher,empidonomus aurantioatrocristatus,pallidiventris,153035381,Ian Lewington,Monomorphic,Not specified,,Passeriformes,Tyrannidae ,Tyrant Flycatchers,0.047,0.045,0.05,0.093,0.0,0.014,0.062,0.071,0.0,0.0,0.034,0.0,0.054,0.147,0.137,0.007,0.015,0.088,0.0,0.0,0.032,0.0,0.052,0.052
yebrob1,Yellow-bellied Robin,eopsaltria flaviventris,nominate,153481491,John Cox,Monomorphic,Not specified,,Passeriformes,Petroicidae ,Australasian Robins,0.081,0.012,0.162,0.01,0.0,0.0,0.013,0.045,0.027,0.001,0.006,0.06,0.017,0.132,0.005,0.029,0.026,0.113,0.0,0.0,0.094,0.003,0.021,0.143
whbrob1,White-breasted Robin,eopsaltria georgiana,nominate,153481831,John Cox,Monomorphic,Not specified,,Passeriformes,Petroicidae ,Australasian Robins,0.014,0.03,0.132,0.01,0.0,0.001,0.042,0.057,0.0,0.0,0.002,0.0,0.037,0.222,0.005,0.02,0.064,0.091,0.0,0.0,0.112,0.0,0.056,0.105
manrob1,Mangrove Robin,eopsaltria pulverulenta,nominate,153482021,John Cox,Monomorphic,Not specified,,Passeriformes,Petroicidae ,Australasian Robins,0.01,0.048,0.063,0.017,0.0,0.0,0.042,0.077,0.0,0.0,0.0,0.0,0.034,0.217,0.016,0.009,0.091,0.07,0.0,0.0,0.143,0.0,0.045,0.118
salere1,Salvadori's Eremomela,eremomela salvadorii,nominate,153487211,Tim Worfolk,Monomorphic,Not specified,,Passeriformes,Cisticolidae ,Cisticolas and Allies,0.034,0.07,0.057,0.072,0.0,0.016,0.05,0.091,0.019,0.001,0.018,0.083,0.062,0.135,0.047,0.008,0.015,0.079,0.0,0.0,0.023,0.005,0.072,0.043
goufin3,Gouldian Finch,erythrura gouldiae,nominate,153571141,Hilary Burn,Female,Not specified,black-headed morph,Passeriformes,Estrildidae ,Waxbills and Allies,0.001,0.141,0.048,0.003,0.009,0.044,0.058,0.074,0.006,0.0,0.034,0.052,0.097,0.143,0.011,0.0,0.021,0.054,0.0,0.009,0.021,0.0,0.137,0.037
goufin3,Gouldian Finch,erythrura gouldiae,nominate,153571171,Hilary Burn,Male,Not specified,black-headed morph,Passeriformes,Estrildidae ,Waxbills and Allies,0.004,0.063,0.045,0.009,0.107,0.017,0.036,0.063,0.02,0.0,0.013,0.091,0.045,0.142,0.042,0.005,0.011,0.027,0.0,0.051,0.034,0.013,0.135,0.027
rerwax1,Black-cheeked Waxbill,estrilda charmosyna,nominate,153171581,Hilary Burn,Female,Not specified,,Passeriformes,Estrildidae ,Waxbills and Allies,0.003,0.146,0.063,0.003,0.0,0.001,0.074,0.075,0.0,0.007,0.007,0.0,0.179,0.184,0.011,0.005,0.026,0.066,0.009,0.001,0.036,0.0,0.069,0.035
rerwax1,Black-cheeked Waxbill,estrilda charmosyna,nominate,153171611,Hilary Burn,Male,Not specified,,Passeriformes,Estrildidae ,Waxbills and Allies,0.004,0.117,0.057,0.009,0.0,0.008,0.093,0.052,0.0,0.011,0.011,0.0,0.155,0.171,0.011,0.005,0.048,0.048,0.007,0.002,0.049,0.0,0.089,0.053
rerwax1,Black-cheeked Waxbill,estrilda charmosyna,kiwanukae,153171621,Hilary Burn,Male,Not specified,,Passeriformes,Estrildidae ,Waxbills and Allies,0.005,0.109,0.073,0.014,0.003,0.003,0.048,0.065,0.0,0.011,0.033,0.0,0.064,0.158,0.058,0.014,0.042,0.063,0.019,0.0,0.06,0.0,0.084,0.074
lavwax,Lavender Waxbill,estrilda coerulescens,nominate,153171211,Hilary Burn,Monomorphic,Not specified,,Passeriformes,Estrildidae ,Waxbills and Allies,0.002,0.154,0.045,0.005,0.0,0.001,0.079,0.066,0.0,0.03,0.001,0.0,0.191,0.185,0.0,0.029,0.008,0.033,0.058,0.0,0.018,0.0,0.075,0.02
blcwax1,Black-faced Waxbill,estrilda erythronotos,delamerei,153171631,Hilary Burn,Male,Not specified,,Passeriformes,Estrildidae ,Waxbills and Allies,0.004,0.081,0.06,0.011,0.002,0.009,0.047,0.053,0.0,0.027,0.034,0.0,0.148,0.152,0.019,0.018,0.063,0.065,0.019,0.0,0.063,0.0,0.061,0.064
blcwax1,Black-faced Waxbill,estrilda erythronotos,nominate,153171661,Hilary Burn,Male,Not specified,,Passeriformes,Estrildidae ,Waxbills and Allies,0.006,0.074,0.073,0.015,0.002,0.0,0.021,0.08,0.0,0.048,0.003,0.0,0.042,0.153,0.017,0.013,0.075,0.085,0.053,0.0,0.059,0.0,0.131,0.05
blcwax1,Black-faced Waxbill,estrilda erythronotos,nominate,153548671,Hilary Burn,Female,Not specified,,Passeriformes,Estrildidae ,Waxbills and Allies,0.009,0.108,0.067,0.023,0.004,0.002,0.037,0.08,0.002,0.025,0.031,0.0,0.065,0.163,0.029,0.013,0.041,0.071,0.02,0.0,0.05,0.0,0.099,0.061
bltwax1,Black-tailed Waxbill,estrilda perreini,incana,153171231,Hilary Burn,Monomorphic,Not specified,,Passeriformes,Estrildidae ,Waxbills and Allies,0.001,0.163,0.051,0.003,0.001,0.0,0.101,0.083,0.0,0.005,0.003,0.0,0.171,0.159,0.0,0.004,0.019,0.07,0.013,0.0,0.024,0.0,0.097,0.032
bltwax1,Black-tailed Waxbill,estrilda perreini,nominate,153548251,Hilary Burn,Monomorphic,Not specified,,Passeriformes,Estrildidae ,Waxbills and Allies,0.002,0.211,0.064,0.003,0.0,0.0,0.03,0.088,0.001,0.004,0.003,0.0,0.151,0.145,0.003,0.005,0.019,0.056,0.018,0.0,0.024,0.0,0.133,0.04
cinwax1,Cinderella Waxbill,estrilda thomensis,nominate,153548271,Hilary Burn,Monomorphic,Not specified,,Passeriformes,Estrildidae ,Waxbills and Allies,0.007,0.128,0.079,0.008,0.001,0.001,0.079,0.075,0.0,0.011,0.0,0.0,0.172,0.149,0.008,0.015,0.025,0.057,0.028,0.0,0.028,0.0,0.095,0.034
blabus3,Black Bustard,eupodotis afra,nominate,152817081,Norman Arlott,Female,Not specified,,Otidiformes,Otididae ,Bustards,0.057,0.027,0.019,0.059,0.0,0.042,0.039,0.026,0.032,0.004,0.046,0.029,0.023,0.235,0.05,0.061,0.053,0.031,0.003,0.0,0.091,0.0,0.024,0.049
blabus3,Black Bustard,eupodotis afra,nominate,153360201,Norman Arlott,Male,Not specified,,Otidiformes,Otididae ,Bustards,0.015,0.021,0.018,0.02,0.0,0.034,0.037,0.016,0.011,0.002,0.028,0.017,0.016,0.27,0.026,0.03,0.226,0.011,0.0,0.0,0.141,0.001,0.02,0.04
whqbus1,White-quilled Bustard,eupodotis afraoides,nominate,152817121,Norman Arlott,Female,Not specified,,Otidiformes,Otididae ,Bustards,0.044,0.032,0.017,0.051,0.0,0.047,0.052,0.023,0.042,0.014,0.062,0.015,0.022,0.267,0.067,0.039,0.06,0.015,0.002,0.0,0.072,0.001,0.021,0.035
whqbus1,White-quilled Bustard,eupodotis afraoides,nominate,153360251,Norman Arlott,Male,Not specified,,Otidiformes,Otididae ,Bustards,0.021,0.016,0.025,0.019,0.0,0.037,0.037,0.009,0.047,0.015,0.04,0.02,0.029,0.226,0.027,0.022,0.183,0.01,0.005,0.0,0.138,0.001,0.014,0.059
whqbus1,White-quilled Bustard,eupodotis afraoides,etoschae,153360291,Norman Arlott,Male,Not specified,,Otidiformes,Otididae ,Bustards,0.012,0.038,0.034,0.011,0.0,0.025,0.078,0.034,0.02,0.007,0.007,0.015,0.05,0.264,0.01,0.012,0.16,0.045,0.001,0.0,0.083,0.001,0.045,0.048
bucbus1,Buff-crested Bustard,eupodotis gindiana,nominate,153360071,Norman Arlott,Male,Not specified,,Otidiformes,Otididae ,Bustards,0.062,0.043,0.014,0.062,0.0,0.063,0.024,0.013,0.033,0.01,0.088,0.001,0.078,0.211,0.084,0.044,0.051,0.024,0.0,0.0,0.047,0.0,0.024,0.024
libbus1,Little Brown Bustard,eupodotis humilis,nominate,152817061,Norman Arlott,Female,Not specified,,Otidiformes,Otididae ,Bustards,0.037,0.017,0.001,0.097,0.0,0.039,0.052,0.002,0.071,0.053,0.157,0.01,0.02,0.257,0.144,0.019,0.001,0.002,0.004,0.0,0.005,0.001,0.008,0.003
libbus1,Little Brown Bustard,eupodotis humilis,nominate,153360181,Norman Arlott,Male,Not specified,,Otidiformes,Otididae ,Bustards,0.025,0.051,0.001,0.093,0.0,0.009,0.054,0.008,0.091,0.071,0.108,0.011,0.023,0.27,0.13,0.016,0.0,0.004,0.006,0.0,0.003,0.001,0.021,0.004
ruebus1,Rüppell's Bustard,eupodotis rueppelii,nominate,152817041,Norman Arlott,Male,Not specified,,Otidiformes,Otididae ,Bustards,0.013,0.06,0.002,0.052,0.0,0.057,0.058,0.013,0.066,0.033,0.174,0.006,0.087,0.225,0.098,0.003,0.004,0.008,0.001,0.0,0.013,0.0,0.022,0.005
recbus1,Red-crested Bustard,eupodotis ruficrista,nominate,152816951,Norman Arlott,Male,Not specified,,Otidiformes,Otididae ,Bustards,0.029,0.064,0.013,0.045,0.0,0.06,0.034,0.026,0.069,0.019,0.098,0.012,0.038,0.23,0.058,0.018,0.054,0.012,0.004,0.0,0.051,0.002,0.047,0.017
savbus1,Savile's Bustard,eupodotis savilei,nominate,153360041,Norman Arlott,Male,Not specified,,Otidiformes,Otididae ,Bustards,0.035,0.051,0.006,0.074,0.0,0.044,0.022,0.013,0.067,0.039,0.11,0.014,0.036,0.256,0.065,0.032,0.044,0.009,0.005,0.0,0.033,0.0,0.021,0.024
karbus1,Karoo Bustard,eupodotis vigorsii,namaqua,153360101,Norman Arlott,Male,Not specified,,Otidiformes,Otididae ,Bustards,0.071,0.076,0.002,0.107,0.0,0.022,0.036,0.019,0.005,0.014,0.092,0.0,0.086,0.193,0.144,0.033,0.014,0.009,0.0,0.0,0.009,0.0,0.058,0.01
karbus1,Karoo Bustard,eupodotis vigorsii,nominate,153360131,Norman Arlott,Male,Not specified,,Otidiformes,Otididae ,Bustards,0.095,0.036,0.004,0.178,0.0,0.024,0.044,0.026,0.0,0.004,0.03,0.0,0.044,0.224,0.153,0.046,0.008,0.016,0.002,0.0,0.009,0.0,0.055,0.002
visbro1,Visayan Broadbill,eurylaimus samarensis,nominate,153408371,Ian Lewington,Female,Not specified,,Passeriformes,Eurylaimidae ,Asian and Grauer's Broadbills,0.006,0.041,0.039,0.009,0.016,0.022,0.11,0.036,0.003,0.074,0.024,0.0,0.039,0.201,0.008,0.022,0.045,0.034,0.059,0.003,0.081,0.0,0.052,0.076
visbro1,Visayan Broadbill,eurylaimus samarensis,nominate,153408381,Ian Lewington,Male,Not specified,,Passeriformes,Eurylaimidae ,Asian and Grauer's Broadbills,0.007,0.034,0.077,0.01,0.006,0.042,0.049,0.052,0.0,0.071,0.079,0.0,0.041,0.153,0.026,0.025,0.023,0.025,0.104,0.0,0.057,0.0,0.031,0.088
watbro1,Wattled Broadbill,eurylaimus steerii,nominate,153008881,Ian Lewington,Male,Not specified,,Passeriformes,Eurylaimidae ,Asian and Grauer's Broadbills,0.01,0.032,0.09,0.026,0.009,0.054,0.028,0.059,0.004,0.027,0.044,0.005,0.031,0.167,0.032,0.015,0.047,0.084,0.04,0.002,0.079,0.0,0.031,0.084
watbro1,Wattled Broadbill,eurylaimus steerii,nominate,153408391,Ian Lewington,Female,Not specified,,Passeriformes,Eurylaimidae ,Asian and Grauer's Broadbills,0.018,0.041,0.139,0.01,0.005,0.009,0.042,0.028,0.003,0.023,0.008,0.003,0.04,0.241,0.011,0.012,0.027,0.072,0.03,0.006,0.075,0.0,0.042,0.115
sprgro,Spruce Grouse,falcipennis canadensis,canadensis,153001141,Etel Vilaró,Female,Not specified,grey morph,Galliformes,Phasianidae ,"Pheasants, Grouse, and Allies",0.043,0.057,0.059,0.039,0.0,0.009,0.041,0.055,0.0,0.0,0.018,0.0,0.035,0.178,0.036,0.046,0.055,0.067,0.001,0.0,0.121,0.0,0.049,0.091
sprgro,Spruce Grouse,falcipennis canadensis,franklinii,153001171,Lluís Sanz,Male,Not specified,,Galliformes,Phasianidae ,"Pheasants, Grouse, and Allies",0.085,0.029,0.094,0.05,0.0,0.001,0.013,0.035,0.0,0.0,0.009,0.0,0.026,0.127,0.031,0.094,0.007,0.048,0.0,0.0,0.16,0.0,0.036,0.155
sprgro,Spruce Grouse,falcipennis canadensis,canadensis,153398431,Etel Vilaró,Male,Not specified,,Galliformes,Phasianidae ,"Pheasants, Grouse, and Allies",0.032,0.066,0.088,0.019,0.0,0.001,0.026,0.072,0.0,0.0,0.004,0.0,0.042,0.129,0.024,0.022,0.069,0.079,0.001,0.0,0.14,0.0,0.074,0.112
sprgro,Spruce Grouse,falcipennis canadensis,franklinii,153398481,Lluís Sanz,Female,Not specified,red morph,Galliformes,Phasianidae ,"Pheasants, Grouse, and Allies",0.074,0.021,0.018,0.067,0.0,0.006,0.024,0.014,0.018,0.033,0.024,0.0,0.027,0.173,0.041,0.114,0.015,0.012,0.018,0.0,0.147,0.0,0.025,0.129
resant1,Restinga Antwren,formicivora littoralis,nominate,151427481,Hilary Burn,Female,Not specified,,Passeriformes,Thamnophilidae ,Typical Antbirds,0.104,0.028,0.056,0.023,0.0,0.088,0.071,0.039,0.0,0.0,0.039,0.0,0.05,0.147,0.027,0.073,0.002,0.032,0.0,0.0,0.03,0.0,0.046,0.145
resant1,Restinga Antwren,formicivora littoralis,nominate,153010001,Hilary Burn,Male,Not specified,,Passeriformes,Thamnophilidae ,Typical Antbirds,0.011,0.015,0.235,0.006,0.0,0.006,0.028,0.027,0.0,0.0,0.008,0.0,0.016,0.137,0.006,0.003,0.016,0.085,0.0,0.0,0.133,0.0,0.01,0.258
resant1,Restinga Antwren,formicivora littoralis,nominate,153341201,Hilary Burn,Female,Not specified,,Passeriformes,Thamnophilidae ,Typical Antbirds,0.08,0.04,0.12,0.032,0.0,0.067,0.065,0.038,0.0,0.0,0.015,0.0,0.087,0.115,0.023,0.059,0.008,0.049,0.0,0.0,0.066,0.0,0.026,0.11
swafra1,Swamp Francolin,francolinus gularis,nominate,152998881,Norman Arlott,Monomorphic,Not specified,,Galliformes,Phasianidae ,"Pheasants, Grouse, and Allies",0.121,0.019,0.003,0.08,0.0,0.021,0.041,0.009,0.007,0.033,0.032,0.0,0.04,0.149,0.051,0.199,0.008,0.004,0.043,0.0,0.062,0.0,0.012,0.066
gryfra,Gray Francolin,francolinus pondicerianus,mecranensis,152998861,Norman Arlott,Monomorphic,Not specified,,Galliformes,Phasianidae ,"Pheasants, Grouse, and Allies",0.02,0.127,0.004,0.048,0.0,0.043,0.107,0.039,0.0,0.012,0.098,0.0,0.175,0.136,0.07,0.008,0.001,0.01,0.012,0.0,0.003,0.0,0.083,0.004
gryfra,Gray Francolin,francolinus pondicerianus,nominate,152998871,Norman Arlott,Monomorphic,Not specified,,Galliformes,Phasianidae ,"Pheasants, Grouse, and Allies",0.081,0.039,0.003,0.097,0.0,0.052,0.047,0.024,0.013,0.041,0.088,0.0,0.063,0.145,0.08,0.107,0.002,0.016,0.05,0.0,0.012,0.0,0.023,0.017
sammoo1,Samoan Moorhen,gallinula pacifica,nominate,153363151,Brian Small,Monomorphic,Not specified,,Gruiformes,Rallidae ,"Rails, Gallinules, and Coots",0.001,0.003,0.127,0.003,0.0,0.0,0.003,0.003,0.0,0.009,0.0,0.0,0.005,0.107,0.005,0.012,0.242,0.023,0.029,0.0,0.232,0.0,0.005,0.191
sacmoo1,Makira Moorhen,gallinula silvestris,nominate,153363131,Hilary Burn,Monomorphic,Not specified,,Gruiformes,Rallidae ,"Rails, Gallinules, and Coots",0.146,0.008,0.112,0.03,0.013,0.003,0.013,0.083,0.0,0.02,0.008,0.0,0.011,0.186,0.006,0.033,0.028,0.114,0.031,0.002,0.058,0.0,0.029,0.066
calrai1,Calayan Rail,gallirallus calayanensis,nominate,152819021,Hilary Burn,Monomorphic,Not specified,,Gruiformes,Rallidae ,"Rails, Gallinules, and Coots",0.03,0.007,0.184,0.005,0.0,0.006,0.011,0.049,0.002,0.036,0.012,0.0,0.013,0.111,0.006,0.006,0.002,0.362,0.012,0.0,0.035,0.0,0.011,0.1
cherai1,Chestnut Rail,gallirallus castaneoventris,nominate,152819131,Hilary Burn,Monomorphic,Not specified,chestnut morph,Gruiformes,Rallidae ,"Rails, Gallinules, and Coots",0.155,0.012,0.009,0.136,0.0,0.014,0.01,0.029,0.011,0.006,0.034,0.002,0.012,0.143,0.043,0.218,0.0,0.019,0.0,0.0,0.05,0.0,0.032,0.065
cherai1,Chestnut Rail,gallirallus castaneoventris,nominate,152819141,Hilary Burn,Monomorphic,Not specified,olive morph,Gruiformes,Rallidae ,"Rails, Gallinules, and Coots",0.146,0.015,0.006,0.207,0.0,0.019,0.017,0.033,0.026,0.057,0.03,0.005,0.017,0.157,0.121,0.055,0.0,0.01,0.011,0.0,0.024,0.0,0.034,0.01
cherai1,Chestnut Rail,gallirallus castaneoventris,sharpei,152819161,Hilary Burn,Monomorphic,Not specified,,Gruiformes,Rallidae ,"Rails, Gallinules, and Coots",0.155,0.02,0.0,0.126,0.0,0.009,0.039,0.016,0.008,0.003,0.039,0.0,0.021,0.166,0.039,0.243,0.0,0.005,0.003,0.0,0.014,0.0,0.037,0.057
dierai1,Dieffenbach's Rail,gallirallus dieffenbachii,nominate,153729911,Brian Small,Monomorphic,Not specified,,Gruiformes,Rallidae ,"Rails, Gallinules, and Coots",0.089,0.01,0.033,0.078,0.0,0.0,0.005,0.036,0.0,0.008,0.0,0.0,0.009,0.123,0.024,0.065,0.25,0.028,0.001,0.0,0.116,0.002,0.044,0.079
nebrai1,New Britain Rail,gallirallus insignis,nominate,152819231,Norman Arlott,Monomorphic,Not specified,,Gruiformes,Rallidae ,"Rails, Gallinules, and Coots",0.061,0.01,0.04,0.015,0.0,0.001,0.01,0.017,0.0,0.003,0.004,0.0,0.013,0.199,0.005,0.223,0.031,0.025,0.01,0.0,0.141,0.0,0.013,0.179
chirai1,Chatham Islands Rail,gallirallus modestus,nominate,153729891,Brian Small,Monomorphic,Not specified,,Gruiformes,Rallidae ,"Rails, Gallinules, and Coots",0.069,0.003,0.094,0.026,0.0,0.0,0.01,0.007,0.0,0.001,0.001,0.0,0.004,0.148,0.007,0.164,0.007,0.017,0.004,0.0,0.099,0.0,0.006,0.333
okirai1,Okinawa Rail,gallirallus okinawae,nominate,152819171,Norman Arlott,Monomorphic,Not specified,,Gruiformes,Rallidae ,"Rails, Gallinules, and Coots",0.09,0.012,0.029,0.018,0.0,0.0,0.019,0.022,0.0,0.003,0.004,0.0,0.008,0.247,0.003,0.19,0.031,0.03,0.044,0.0,0.162,0.0,0.022,0.066
guarai1,Guam Rail,gallirallus owstoni,nominate,152819311,Norman Arlott,Monomorphic,Not specified,,Gruiformes,Rallidae ,"Rails, Gallinules, and Coots",0.116,0.028,0.043,0.045,0.0,0.0,0.013,0.03,0.0,0.002,0.003,0.0,0.016,0.234,0.01,0.158,0.052,0.046,0.005,0.0,0.088,0.0,0.054,0.057
tahrai1,Tahiti Rail,gallirallus pacificus,nominate,153342481,Brian Small,Monomorphic,Not specified,,Gruiformes,Rallidae ,"Rails, Gallinules, and Coots",0.002,0.049,0.01,0.003,0.0,0.0,0.076,0.047,0.001,0.024,0.003,0.0,0.05,0.2,0.002,0.023,0.323,0.019,0.013,0.0,0.092,0.0,0.043,0.02
bubrai1,Buff-banded Rail,gallirallus philippensis,meyeri,153361931,Norman Arlott,Monomorphic,Not specified,,Gruiformes,Rallidae ,"Rails, Gallinules, and Coots",0.05,0.091,0.037,0.039,0.0,0.0,0.016,0.039,0.0,0.011,0.001,0.0,0.038,0.219,0.019,0.086,0.021,0.038,0.06,0.0,0.075,0.0,0.054,0.106
bubrai1,Buff-banded Rail,gallirallus philippensis,nominate,153361941,Norman Arlott,Monomorphic,Not specified,,Gruiformes,Rallidae ,"Rails, Gallinules, and Coots",0.043,0.119,0.035,0.067,0.0,0.001,0.024,0.044,0.001,0.008,0.017,0.0,0.045,0.228,0.027,0.082,0.002,0.033,0.027,0.0,0.064,0.0,0.067,0.066
bubrai1,Buff-banded Rail,gallirallus philippensis,wilkinsoni,153361951,Norman Arlott,Monomorphic,Not specified,,Gruiformes,Rallidae ,"Rails, Gallinules, and Coots",0.044,0.104,0.045,0.05,0.0,0.0,0.015,0.043,0.0,0.01,0.002,0.0,0.04,0.211,0.015,0.081,0.01,0.032,0.041,0.0,0.093,0.0,0.092,0.072
bawrai1,Bar-winged Rail,gallirallus poecilopterus,nominate,153342761,Norman Arlott,Monomorphic,Not specified,,Gruiformes,Rallidae ,"Rails, Gallinules, and Coots",0.027,0.008,0.045,0.017,0.0,0.007,0.012,0.077,0.009,0.007,0.003,0.001,0.008,0.203,0.005,0.264,0.005,0.094,0.018,0.0,0.08,0.0,0.034,0.076
rovrai1,Roviana Rail,gallirallus rovianae,nominate,152819281,Norman Arlott,Monomorphic,Not specified,from Kolombangara,Gruiformes,Rallidae ,"Rails, Gallinules, and Coots",0.006,0.015,0.08,0.001,0.0,0.0,0.014,0.073,0.0,0.001,0.0,0.0,0.009,0.205,0.001,0.042,0.015,0.076,0.006,0.0,0.206,0.0,0.055,0.195
rovrai1,Roviana Rail,gallirallus rovianae,nominate,152819291,Norman Arlott,Monomorphic,Not specified,,Gruiformes,Rallidae ,"Rails, Gallinules, and Coots",0.023,0.055,0.047,0.015,0.0,0.0,0.011,0.035,0.0,0.007,0.006,0.0,0.035,0.224,0.013,0.211,0.012,0.026,0.013,0.0,0.1,0.0,0.028,0.139
lohrai1,Lord Howe Rail,gallirallus sylvestris,nominate,153361921,Norman Arlott,Monomorphic,Not specified,,Gruiformes,Rallidae ,"Rails, Gallinules, and Coots",0.167,0.012,0.006,0.254,0.0,0.001,0.015,0.015,0.0,0.038,0.011,0.0,0.006,0.161,0.077,0.189,0.0,0.016,0.011,0.0,0.006,0.0,0.007,0.008
barrai1,Barred Rail,gallirallus torquatus,celebensis,152819181,Norman Arlott,Monomorphic,Not specified,,Gruiformes,Rallidae ,"Rails, Gallinules, and Coots",0.074,0.02,0.061,0.014,0.0,0.0,0.015,0.03,0.0,0.002,0.0,0.0,0.016,0.235,0.007,0.209,0.034,0.039,0.018,0.0,0.119,0.0,0.028,0.079
barrai1,Barred Rail,gallirallus torquatus,nominate,152819221,Norman Arlott,Monomorphic,Not specified,,Gruiformes,Rallidae ,"Rails, Gallinules, and Coots",0.125,0.022,0.047,0.013,0.0,0.0,0.011,0.033,0.0,0.0,0.0,0.0,0.017,0.157,0.002,0.211,0.045,0.034,0.009,0.0,0.145,0.0,0.032,0.097
barrai1,Barred Rail,gallirallus torquatus,limarius,153400751,Francesc Jutglar,Monomorphic,Not specified,,Gruiformes,Rallidae ,"Rails, Gallinules, and Coots",0.086,0.019,0.116,0.033,0.0,0.0,0.044,0.028,0.0,0.0,0.003,0.0,0.023,0.214,0.011,0.175,0.0,0.04,0.0,0.0,0.07,0.0,0.023,0.115
wairai1,Wake Island Rail,gallirallus wakensis,nominate,153729901,Brian Small,Monomorphic,Not specified,,Gruiformes,Rallidae ,"Rails, Gallinules, and Coots",0.131,0.006,0.111,0.093,0.0,0.0,0.01,0.037,0.0,0.0,0.001,0.0,0.004,0.143,0.005,0.045,0.021,0.091,0.0,0.0,0.107,0.0,0.017,0.178
invrai1,Invisible Rail,gallirallus wallacii,nominate,152819001,Hilary Burn,Monomorphic,Not specified,,Gruiformes,Rallidae ,"Rails, Gallinules, and Coots",0.047,0.002,0.098,0.024,0.0,0.008,0.008,0.04,0.017,0.045,0.023,0.0,0.008,0.179,0.008,0.062,0.007,0.071,0.025,0.0,0.16,0.0,0.011,0.157
woorai1,Woodford's Rail,gallirallus woodfordi,tertius,152819241,Norman Arlott,Monomorphic,Not specified,,Gruiformes,Rallidae ,"Rails, Gallinules, and Coots",0.002,0.009,0.036,0.007,0.0,0.0,0.012,0.015,0.003,0.004,0.001,0.0,0.008,0.216,0.002,0.054,0.008,0.02,0.001,0.0,0.289,0.0,0.014,0.299
woorai1,Woodford's Rail,gallirallus woodfordi,nominate,152819271,Norman Arlott,Monomorphic,Not specified,,Gruiformes,Rallidae ,"Rails, Gallinules, and Coots",0.011,0.009,0.051,0.002,0.0,0.0,0.008,0.025,0.0,0.0,0.0,0.0,0.013,0.163,0.0,0.026,0.031,0.039,0.0,0.0,0.364,0.0,0.019,0.239
woorai1,Woodford's Rail,gallirallus woodfordi,immaculatus,153361861,Norman Arlott,Monomorphic,Not specified,,Gruiformes,Rallidae ,"Rails, Gallinules, and Coots",0.022,0.005,0.01,0.025,0.0,0.001,0.013,0.011,0.002,0.003,0.004,0.0,0.005,0.175,0.007,0.017,0.023,0.009,0.0,0.0,0.445,0.002,0.012,0.209
bahlau1,Bare-headed Laughingthrush,garrulax calvus,nominate,153511961,Hilary Burn,Monomorphic,Not specified,,Passeriformes,Leiothrichidae ,Laughingthrushes and Allies,0.029,0.014,0.193,0.015,0.0,0.021,0.01,0.054,0.003,0.001,0.014,0.003,0.006,0.091,0.016,0.011,0.093,0.14,0.005,0.0,0.119,0.0,0.017,0.145
ashlau1,Ashy-headed Laughingthrush,garrulax cinereifrons,nominate,153125651,Hilary Burn,Monomorphic,Not specified,,Passeriformes,Leiothrichidae ,Laughingthrushes and Allies,0.054,0.025,0.017,0.137,0.0,0.028,0.006,0.023,0.037,0.118,0.08,0.0,0.018,0.165,0.08,0.047,0.019,0.019,0.032,0.0,0.023,0.0,0.048,0.024
blalau1,Black Laughingthrush,garrulax lugubris,nominate,153126501,Hilary Burn,Monomorphic,Not specified,,Passeriformes,Leiothrichidae ,Laughingthrushes and Allies,0.024,0.017,0.22,0.011,0.001,0.004,0.006,0.052,0.003,0.005,0.01,0.0,0.01,0.118,0.011,0.009,0.09,0.186,0.003,0.0,0.087,0.0,0.01,0.123
maslau1,Masked Laughingthrush,garrulax perspicillatus,nominate,153126011,Hilary Burn,Monomorphic,Not specified,,Passeriformes,Leiothrichidae ,Laughingthrushes and Allies,0.094,0.049,0.018,0.128,0.0,0.067,0.01,0.062,0.007,0.008,0.025,0.0,0.027,0.131,0.072,0.049,0.064,0.022,0.004,0.0,0.053,0.0,0.063,0.047
ruchum1,Pirre Hummingbird,goethalsia bella,nominate,153367901,Norman Arlott,Female,Not specified,,Caprimulgiformes,Trochilidae ,Hummingbirds,0.079,0.004,0.032,0.002,0.0,0.007,0.005,0.005,0.022,0.077,0.036,0.0,0.004,0.164,0.009,0.034,0.012,0.004,0.017,0.0,0.218,0.18,0.005,0.084
ruchum1,Pirre Hummingbird,goethalsia bella,nominate,153367921,Norman Arlott,Male,Not specified,,Caprimulgiformes,Trochilidae ,Hummingbirds,0.055,0.003,0.051,0.002,0.0,0.0,0.011,0.009,0.016,0.05,0.004,0.001,0.008,0.154,0.002,0.023,0.008,0.009,0.008,0.0,0.247,0.217,0.006,0.116
wbnher1,White-backed Night-Heron,gorsachius leuconotus,nominate,152810711,Francesc Jutglar,Monomorphic,Not specified,,Pelecaniformes,Ardeidae ,"Herons, Egrets, and Bitterns",0.08,0.023,0.018,0.021,0.0,0.0,0.01,0.01,0.004,0.041,0.009,0.001,0.014,0.148,0.039,0.257,0.017,0.008,0.065,0.0,0.095,0.0,0.02,0.12
wenher1,White-eared Night-Heron,gorsachius magnificus,nominate,152810651,Francesc Jutglar,Monomorphic,Not specified,,Pelecaniformes,Ardeidae ,"Herons, Egrets, and Bitterns",0.017,0.022,0.066,0.005,0.0,0.006,0.022,0.027,0.002,0.012,0.005,0.0,0.025,0.159,0.002,0.025,0.036,0.032,0.006,0.0,0.202,0.003,0.021,0.305
wenher1,White-eared Night-Heron,gorsachius magnificus,nominate,207319291,Francesc Jutglar,Monomorphic,Juvenile,,Pelecaniformes,Ardeidae ,"Herons, Egrets, and Bitterns",0.018,0.024,0.085,0.004,0.0,0.004,0.033,0.039,0.0,0.0,0.005,0.0,0.028,0.169,0.003,0.018,0.013,0.055,0.0,0.0,0.177,0.001,0.039,0.285
engmyn1,Enggano Myna,gracula enganensis,nominate,153138271,Hilary Burn,Monomorphic,Not specified,,Passeriformes,Sturnidae ,Starlings,0.002,0.022,0.139,0.005,0.011,0.023,0.014,0.033,0.004,0.004,0.01,0.027,0.011,0.134,0.006,0.001,0.176,0.061,0.002,0.071,0.115,0.002,0.01,0.117
antant1,Urrao Antpitta,grallaria urraoensis,nominate,153017711,Norman Arlott,Monomorphic,Not specified,,Passeriformes,Grallariidae ,Antpittas,0.068,0.08,0.013,0.142,0.004,0.003,0.026,0.073,0.023,0.036,0.026,0.0,0.05,0.114,0.108,0.048,0.002,0.027,0.001,0.0,0.017,0.0,0.123,0.016
lefeag1,Lesser Fish-Eagle,haliaeetus humilis,nominate,151486131,Ian Willis,Monomorphic,Adult,,Accipitriformes,Accipitridae ,"Hawks, Eagles, and Kites",0.022,0.056,0.065,0.04,0.0,0.0,0.044,0.134,0.0,0.0,0.008,0.0,0.108,0.13,0.093,0.005,0.0,0.121,0.0,0.0,0.019,0.0,0.125,0.03
gyhfie1,Gray-headed Fish-Eagle,haliaeetus ichthyaetus,nominate,151486141,Ian Willis,Monomorphic,Adult,,Accipitriformes,Accipitridae ,"Hawks, Eagles, and Kites",0.112,0.045,0.066,0.085,0.0,0.002,0.068,0.091,0.0,0.0,0.011,0.0,0.068,0.133,0.048,0.048,0.005,0.096,0.0,0.0,0.025,0.0,0.042,0.055
yebcra1,Yellow-breasted Crake,hapalocrex flaviventer,nominate,152819931,Hilary Burn,Monomorphic,Not specified,,Gruiformes,Rallidae ,"Rails, Gallinules, and Coots",0.043,0.035,0.028,0.084,0.0,0.057,0.052,0.027,0.002,0.001,0.09,0.0,0.036,0.295,0.115,0.026,0.007,0.015,0.0,0.0,0.029,0.0,0.02,0.038
sumtro1,Sumatran Trogon,harpactes mackloti,nominate,151470941,Richard Allen,Female,Not specified,,Trogoniformes,Trogonidae ,Trogons,0.015,0.02,0.071,0.04,0.007,0.077,0.062,0.103,0.006,0.004,0.014,0.117,0.024,0.138,0.045,0.004,0.009,0.081,0.006,0.032,0.024,0.041,0.03,0.03
sumtro1,Sumatran Trogon,harpactes mackloti,nominate,151470961,Richard Allen,Male,Not specified,,Trogoniformes,Trogonidae ,Trogons,0.025,0.016,0.102,0.059,0.006,0.03,0.01,0.125,0.001,0.001,0.01,0.022,0.01,0.118,0.008,0.051,0.003,0.126,0.009,0.111,0.028,0.029,0.026,0.074
javtro1,Javan Trogon,harpactes reinwardtii,nominate,151470921,Richard Allen,Female,Not specified,,Trogoniformes,Trogonidae ,Trogons,0.014,0.014,0.07,0.105,0.002,0.07,0.053,0.07,0.017,0.01,0.027,0.158,0.029,0.093,0.029,0.006,0.001,0.042,0.005,0.084,0.016,0.026,0.02,0.039
javtro1,Javan Trogon,harpactes reinwardtii,nominate,151470931,Richard Allen,Male,Not specified,,Trogoniformes,Trogonidae ,Trogons,0.021,0.007,0.082,0.037,0.001,0.026,0.008,0.115,0.007,0.005,0.017,0.027,0.01,0.108,0.029,0.006,0.006,0.173,0.011,0.117,0.04,0.06,0.019,0.068
shalon1,Sharpe's Longclaw,hemimacronyx sharpei,nominate,153577161,Ren Hathway,Male,Not specified,,Passeriformes,Motacillidae ,Wagtails and Pipits,0.038,0.012,0.007,0.049,0.0,0.062,0.024,0.01,0.077,0.016,0.057,0.095,0.016,0.247,0.036,0.034,0.078,0.014,0.004,0.0,0.069,0.006,0.015,0.034
subwar4,Sunda Bush Warbler,horornis vulcanius,everetti,153115941,Brian Small,Monomorphic,Not specified,,Passeriformes,Scotocercidae ,Bush Warblers and Allies,0.053,0.057,0.026,0.086,0.0,0.006,0.127,0.03,0.003,0.0,0.028,0.0,0.119,0.214,0.064,0.025,0.024,0.037,0.0,0.0,0.038,0.0,0.02,0.043
subwar4,Sunda Bush Warbler,horornis vulcanius,oreophilus,153502451,Brian Small,Monomorphic,Not specified,,Passeriformes,Scotocercidae ,Bush Warblers and Allies,0.095,0.032,0.021,0.085,0.0,0.013,0.012,0.01,0.009,0.0,0.026,0.0,0.043,0.172,0.088,0.098,0.056,0.011,0.0,0.0,0.102,0.0,0.026,0.101
subwar4,Sunda Bush Warbler,horornis vulcanius,nominate,153502461,Brian Small,Monomorphic,Not specified,,Passeriformes,Scotocercidae ,Bush Warblers and Allies,0.11,0.049,0.023,0.093,0.0,0.016,0.02,0.019,0.002,0.002,0.087,0.0,0.057,0.199,0.098,0.051,0.026,0.015,0.0,0.0,0.062,0.0,0.029,0.042
whcsap1,White-chinned Sapphire,hylocharis cyanus,nominate,152827451,Norman Arlott,Female,Not specified,,Caprimulgiformes,Trochilidae ,Hummingbirds,0.097,0.029,0.066,0.015,0.0,0.002,0.015,0.008,0.011,0.008,0.008,0.002,0.02,0.176,0.004,0.04,0.013,0.006,0.03,0.028,0.131,0.163,0.025,0.103
whcsap1,White-chinned Sapphire,hylocharis cyanus,nominate,152827501,Norman Arlott,Male,Not specified,,Caprimulgiformes,Trochilidae ,Hummingbirds,0.086,0.01,0.077,0.007,0.025,0.001,0.008,0.006,0.001,0.03,0.005,0.0,0.006,0.129,0.004,0.035,0.044,0.025,0.034,0.043,0.148,0.146,0.011,0.119
whcsap1,White-chinned Sapphire,hylocharis cyanus,viridiventris,152827541,Norman Arlott,Male,Not specified,,Caprimulgiformes,Trochilidae ,Hummingbirds,0.044,0.003,0.107,0.0,0.008,0.0,0.01,0.006,0.001,0.003,0.002,0.0,0.006,0.193,0.001,0.047,0.028,0.011,0.01,0.057,0.212,0.046,0.004,0.201
bltgol1,Blue-throated Goldentail,hylocharis eliciae,nominate,152827421,Norman Arlott,Female,Not specified,,Caprimulgiformes,Trochilidae ,Hummingbirds,0.117,0.013,0.052,0.019,0.002,0.006,0.008,0.005,0.059,0.032,0.03,0.0,0.013,0.137,0.004,0.051,0.005,0.007,0.008,0.0,0.1,0.232,0.01,0.09
bltgol1,Blue-throated Goldentail,hylocharis eliciae,nominate,153368081,Norman Arlott,Male,Not specified,,Caprimulgiformes,Trochilidae ,Hummingbirds,0.076,0.009,0.091,0.006,0.009,0.003,0.009,0.002,0.017,0.012,0.003,0.0,0.007,0.182,0.003,0.049,0.022,0.016,0.005,0.014,0.1,0.234,0.001,0.13
blhsap1,Blue-headed Sapphire,hylocharis grayi,nominate,152826991,Norman Arlott,Female,Not specified,,Caprimulgiformes,Trochilidae ,Hummingbirds,0.175,0.021,0.054,0.007,0.0,0.002,0.017,0.009,0.009,0.0,0.005,0.0,0.016,0.149,0.002,0.047,0.006,0.009,0.0,0.002,0.157,0.185,0.006,0.122
blhsap1,Blue-headed Sapphire,hylocharis grayi,nominate,153367791,Norman Arlott,Male,Not specified,,Caprimulgiformes,Trochilidae ,Hummingbirds,0.04,0.006,0.094,0.005,0.025,0.001,0.014,0.002,0.0,0.004,0.001,0.0,0.013,0.177,0.007,0.051,0.008,0.02,0.005,0.059,0.157,0.169,0.001,0.141
humsap2,Humboldt's Sapphire,hylocharis humboldtii,nominate,152826981,Hilary Burn,Male,Not specified,,Caprimulgiformes,Trochilidae ,Hummingbirds,0.085,0.007,0.113,0.0,0.006,0.002,0.017,0.004,0.0,0.001,0.0,0.0,0.008,0.169,0.0,0.037,0.017,0.057,0.004,0.012,0.152,0.184,0.004,0.121
humsap2,Humboldt's Sapphire,hylocharis humboldtii,nominate,153367751,Hilary Burn,Female,Not specified,,Caprimulgiformes,Trochilidae ,Hummingbirds,0.128,0.023,0.038,0.011,0.001,0.016,0.058,0.008,0.01,0.0,0.013,0.0,0.022,0.175,0.007,0.068,0.005,0.012,0.0,0.0,0.142,0.143,0.011,0.109
whehum,White-eared Hummingbird,hylocharis leucotis,borealis,152827701,Richard Allen,Male,Not specified,,Caprimulgiformes,Trochilidae ,Hummingbirds,0.037,0.005,0.084,0.016,0.007,0.002,0.012,0.016,0.062,0.024,0.011,0.011,0.013,0.155,0.006,0.027,0.067,0.043,0.019,0.032,0.082,0.165,0.014,0.09
whehum,White-eared Hummingbird,hylocharis leucotis,nominate,152827731,Richard Allen,Male,Not specified,,Caprimulgiformes,Trochilidae ,Hummingbirds,0.068,0.009,0.06,0.008,0.008,0.001,0.004,0.005,0.012,0.008,0.006,0.0,0.01,0.152,0.009,0.038,0.08,0.017,0.025,0.03,0.154,0.186,0.015,0.095
whehum,White-eared Hummingbird,hylocharis leucotis,pygmaea,152827741,Richard Allen,Male,Not specified,,Caprimulgiformes,Trochilidae ,Hummingbirds,0.099,0.02,0.043,0.017,0.007,0.003,0.009,0.02,0.029,0.029,0.006,0.007,0.007,0.16,0.012,0.074,0.077,0.025,0.03,0.025,0.092,0.111,0.016,0.082
whehum,White-eared Hummingbird,hylocharis leucotis,nominate,153368201,Richard Allen,Female,Not specified,,Caprimulgiformes,Trochilidae ,Hummingbirds,0.074,0.02,0.042,0.014,0.0,0.011,0.038,0.014,0.02,0.002,0.01,0.004,0.021,0.159,0.007,0.046,0.09,0.019,0.032,0.0,0.082,0.211,0.009,0.075
xanhum,Xantus's Hummingbird,hylocharis xantusii,nominate,152827631,Richard Allen,Female,Not specified,,Caprimulgiformes,Trochilidae ,Hummingbirds,0.065,0.005,0.025,0.012,0.0,0.0,0.014,0.006,0.017,0.033,0.002,0.0,0.007,0.136,0.007,0.075,0.073,0.009,0.11,0.0,0.122,0.178,0.008,0.096
xanhum,Xantus's Hummingbird,hylocharis xantusii,nominate,152827651,Richard Allen,Male,Not specified,,Caprimulgiformes,Trochilidae ,Hummingbirds,0.064,0.006,0.043,0.014,0.0,0.002,0.012,0.003,0.005,0.024,0.004,0.001,0.007,0.131,0.006,0.064,0.106,0.014,0.067,0.0,0.146,0.174,0.001,0.106
amaant1,Amazonian Antpitta,hylopezus berlepschi,nominate,153418501,Norman Arlott,Monomorphic,Not specified,,Passeriformes,Grallariidae ,Antpittas,0.122,0.037,0.013,0.036,0.0,0.069,0.085,0.011,0.028,0.026,0.038,0.006,0.043,0.173,0.017,0.146,0.006,0.012,0.004,0.0,0.032,0.0,0.017,0.079
thiant1,Thicket Antpitta,hylopezus dives,nominate,153418461,Norman Arlott,Monomorphic,Not specified,,Passeriformes,Grallariidae ,Antpittas,0.043,0.028,0.112,0.026,0.0,0.055,0.041,0.029,0.067,0.046,0.03,0.018,0.034,0.143,0.015,0.067,0.008,0.057,0.009,0.0,0.043,0.0,0.025,0.104
whlant2,White-lored Antpitta,hylopezus fulviventris,nominate,153017841,Norman Arlott,Monomorphic,Not specified,,Passeriformes,Grallariidae ,Antpittas,0.036,0.027,0.092,0.028,0.0,0.041,0.065,0.027,0.041,0.055,0.029,0.004,0.03,0.151,0.01,0.092,0.014,0.029,0.021,0.0,0.055,0.0,0.025,0.128
spbant1,Speckle-breasted Antpitta,hylopezus nattereri,nominate,153017871,Norman Arlott,Monomorphic,Not specified,,Passeriformes,Grallariidae ,Antpittas,0.105,0.012,0.035,0.041,0.0,0.08,0.083,0.011,0.026,0.012,0.044,0.009,0.027,0.133,0.043,0.116,0.004,0.011,0.0,0.0,0.063,0.001,0.018,0.126
nicbul2,Nicobar Bulbul,hypsipetes nicobariensis,nominate,153111971,John Cox,Monomorphic,Not specified,variant,Passeriformes,Pycnonotidae ,Bulbuls,0.057,0.014,0.153,0.024,0.001,0.014,0.017,0.019,0.0,0.0,0.015,0.0,0.014,0.133,0.016,0.07,0.053,0.023,0.0,0.0,0.146,0.0,0.033,0.198
nicbul2,Nicobar Bulbul,hypsipetes nicobariensis,nominate,153498411,John Cox,Monomorphic,Not specified,,Passeriformes,Pycnonotidae ,Bulbuls,0.181,0.026,0.108,0.034,0.0,0.017,0.033,0.021,0.0,0.0,0.012,0.0,0.029,0.162,0.031,0.059,0.05,0.031,0.0,0.0,0.064,0.0,0.035,0.107
nicbul2,Nicobar Bulbul,hypsipetes nicobariensis,nominate,153498451,John Cox,Monomorphic,Not specified,variant,Passeriformes,Pycnonotidae ,Bulbuls,0.062,0.03,0.153,0.012,0.0,0.037,0.026,0.035,0.0,0.0,0.015,0.0,0.021,0.145,0.016,0.072,0.051,0.038,0.0,0.0,0.107,0.0,0.027,0.153
whtlau1,White-throated Laughingthrush,ianthocincla albogularis,nominate,153511821,Hilary Burn,Monomorphic,Not specified,,Passeriformes,Leiothrichidae ,Laughingthrushes and Allies,0.062,0.027,0.037,0.105,0.0,0.02,0.035,0.063,0.032,0.01,0.081,0.027,0.046,0.16,0.118,0.028,0.02,0.041,0.0,0.0,0.022,0.0,0.038,0.028
buflau1,Buffy Laughingthrush,ianthocincla berthemyi,nominate,153511871,Hilary Burn,Monomorphic,Not specified,,Passeriformes,Leiothrichidae ,Laughingthrushes and Allies,0.015,0.049,0.012,0.031,0.001,0.016,0.018,0.021,0.141,0.187,0.066,0.001,0.074,0.142,0.034,0.031,0.022,0.011,0.068,0.001,0.017,0.0,0.029,0.013
gyslau,Gray-sided Laughingthrush,ianthocincla caerulata,nominate,153126391,Hilary Burn,Monomorphic,Not specified,,Passeriformes,Leiothrichidae ,Laughingthrushes and Allies,0.086,0.083,0.019,0.116,0.001,0.001,0.028,0.028,0.0,0.021,0.0,0.0,0.046,0.196,0.017,0.097,0.07,0.028,0.017,0.0,0.041,0.0,0.065,0.04
gyslau,Gray-sided Laughingthrush,ianthocincla caerulata,subcaerulata,153126401,Hilary Burn,Monomorphic,Not specified,,Passeriformes,Leiothrichidae ,Laughingthrushes and Allies,0.05,0.069,0.012,0.088,0.0,0.008,0.037,0.012,0.066,0.124,0.042,0.0,0.041,0.2,0.122,0.022,0.034,0.017,0.005,0.0,0.012,0.0,0.028,0.011
bltlau1,Black-throated Laughingthrush,ianthocincla chinensis,nominate,153126041,Hilary Burn,Monomorphic,Not specified,,Passeriformes,Leiothrichidae ,Laughingthrushes and Allies,0.046,0.108,0.048,0.099,0.004,0.0,0.017,0.093,0.0,0.0,0.0,0.0,0.036,0.167,0.04,0.023,0.082,0.062,0.0,0.0,0.033,0.0,0.109,0.033
bltlau1,Black-throated Laughingthrush,ianthocincla chinensis,germaini,153126051,Hilary Burn,Monomorphic,Not specified,,Passeriformes,Leiothrichidae ,Laughingthrushes and Allies,0.105,0.036,0.025,0.181,0.0,0.003,0.024,0.03,0.007,0.035,0.008,0.0,0.017,0.156,0.058,0.065,0.081,0.028,0.007,0.0,0.037,0.0,0.054,0.043
bltlau1,Black-throated Laughingthrush,ianthocincla chinensis,monachus,153126071,Hilary Burn,Monomorphic,Not specified,,Passeriformes,Leiothrichidae ,Laughingthrushes and Allies,0.179,0.022,0.031,0.112,0.0,0.0,0.023,0.043,0.0,0.026,0.001,0.0,0.016,0.117,0.024,0.124,0.081,0.037,0.013,0.0,0.052,0.0,0.049,0.05
bltlau1,Black-throated Laughingthrush,ianthocincla chinensis,nominate,207322451,Hilary Burn,Monomorphic,Not specified,,Passeriformes,Leiothrichidae ,Laughingthrushes and Allies,0.072,0.03,0.04,0.196,0.003,0.0,0.015,0.071,0.0,0.0,0.001,0.0,0.018,0.165,0.077,0.026,0.081,0.069,0.0,0.0,0.031,0.0,0.064,0.041
buclau1,Blue-crowned Laughingthrush,ianthocincla courtoisi,nominate,153126471,Hilary Burn,Monomorphic,Not specified,,Passeriformes,Leiothrichidae ,Laughingthrushes and Allies,0.014,0.041,0.034,0.05,0.014,0.09,0.022,0.051,0.011,0.031,0.094,0.033,0.03,0.157,0.093,0.007,0.063,0.048,0.0,0.021,0.035,0.0,0.029,0.032
pedlau1,Pere David's Laughingthrush,ianthocincla davidi,nominate,153126021,Hilary Burn,Monomorphic,Not specified,,Passeriformes,Leiothrichidae ,Laughingthrushes and Allies,0.02,0.053,0.074,0.078,0.0,0.024,0.01,0.071,0.001,0.0,0.077,0.004,0.03,0.16,0.129,0.018,0.015,0.079,0.0,0.0,0.037,0.0,0.076,0.044
wynlau1,Wayanad Laughingthrush,ianthocincla delesserti,nominate,153126481,Hilary Burn,Monomorphic,Not specified,,Passeriformes,Leiothrichidae ,Laughingthrushes and Allies,0.066,0.079,0.03,0.047,0.0,0.009,0.03,0.033,0.014,0.042,0.014,0.0,0.053,0.175,0.035,0.1,0.047,0.05,0.033,0.0,0.057,0.0,0.044,0.042
yetlau1,Yellow-throated Laughingthrush,ianthocincla galbana,nominate,153126451,Hilary Burn,Monomorphic,Not specified,,Passeriformes,Leiothrichidae ,Laughingthrushes and Allies,0.014,0.107,0.036,0.032,0.0,0.072,0.017,0.057,0.029,0.012,0.09,0.021,0.051,0.136,0.088,0.004,0.037,0.03,0.002,0.003,0.029,0.0,0.093,0.04
ruvlau1,Rufous-vented Laughingthrush,ianthocincla gularis,nominate,153126491,Hilary Burn,Monomorphic,Not specified,,Passeriformes,Leiothrichidae ,Laughingthrushes and Allies,0.036,0.057,0.011,0.081,0.0,0.029,0.009,0.022,0.046,0.17,0.056,0.033,0.016,0.134,0.046,0.027,0.031,0.014,0.064,0.0,0.028,0.0,0.079,0.011
tibbab1,Tibetan Babax,ianthocincla koslowi,nominate,153511811,Hilary Burn,Monomorphic,Not specified,,Passeriformes,Leiothrichidae ,Laughingthrushes and Allies,0.037,0.014,0.005,0.09,0.0,0.023,0.013,0.008,0.06,0.222,0.074,0.0,0.027,0.149,0.111,0.034,0.011,0.009,0.082,0.0,0.006,0.0,0.008,0.017
chibab2,Chinese Babax,ianthocincla lanceolata,nominate,153126161,Hilary Burn,Monomorphic,Not specified,,Passeriformes,Leiothrichidae ,Laughingthrushes and Allies,0.05,0.048,0.034,0.062,0.0,0.079,0.064,0.023,0.003,0.004,0.098,0.0,0.048,0.181,0.09,0.054,0.017,0.027,0.0,0.0,0.047,0.0,0.034,0.037
chclau3,Chestnut-capped Laughingthrush,ianthocincla mitrata,nominate,153126091,Hilary Burn,Monomorphic,Not specified,,Passeriformes,Leiothrichidae ,Laughingthrushes and Allies,0.021,0.111,0.033,0.018,0.0,0.01,0.015,0.117,0.018,0.022,0.02,0.004,0.015,0.174,0.009,0.029,0.028,0.057,0.039,0.0,0.03,0.0,0.188,0.042
chblau1,Chestnut-backed Laughingthrush,ianthocincla nuchalis,nominate,153126031,Hilary Burn,Monomorphic,Not specified,,Passeriformes,Leiothrichidae ,Laughingthrushes and Allies,0.063,0.055,0.054,0.105,0.013,0.004,0.041,0.049,0.014,0.017,0.013,0.0,0.069,0.154,0.042,0.038,0.066,0.045,0.0,0.0,0.039,0.0,0.067,0.052
gnlthr,Greater Necklaced Laughingthrush,ianthocincla pectoralis,nominate,153126131,Hilary Burn,Monomorphic,Not specified,variant,Passeriformes,Leiothrichidae ,Laughingthrushes and Allies,0.04,0.043,0.017,0.091,0.0,0.049,0.043,0.038,0.07,0.018,0.042,0.032,0.033,0.17,0.108,0.022,0.068,0.029,0.0,0.0,0.038,0.0,0.026,0.023
gnlthr,Greater Necklaced Laughingthrush,ianthocincla pectoralis,picticollis,153126141,Hilary Burn,Monomorphic,Not specified,,Passeriformes,Leiothrichidae ,Laughingthrushes and Allies,0.039,0.029,0.018,0.118,0.0,0.044,0.057,0.023,0.075,0.093,0.051,0.019,0.041,0.145,0.071,0.021,0.045,0.018,0.008,0.0,0.037,0.0,0.022,0.026
gnlthr,Greater Necklaced Laughingthrush,ianthocincla pectoralis,robini,207322531,Hilary Burn,Monomorphic,Not specified,,Passeriformes,Leiothrichidae ,Laughingthrushes and Allies,0.05,0.026,0.007,0.119,0.0,0.045,0.046,0.02,0.087,0.069,0.06,0.011,0.03,0.16,0.074,0.022,0.048,0.023,0.008,0.0,0.038,0.001,0.019,0.037
ruslau1,Rusty Laughingthrush,ianthocincla poecilorhyncha,nominate,153126421,Hilary Burn,Monomorphic,Not specified,,Passeriformes,Leiothrichidae ,Laughingthrushes and Allies,0.06,0.032,0.015,0.108,0.001,0.006,0.019,0.056,0.013,0.128,0.021,0.0,0.023,0.147,0.071,0.039,0.031,0.045,0.051,0.0,0.033,0.0,0.078,0.023
ruclau2,Rufous-crowned Laughingthrush,ianthocincla ruficeps,nominate,153511831,Hilary Burn,Monomorphic,Not specified,,Passeriformes,Leiothrichidae ,Laughingthrushes and Allies,0.042,0.039,0.02,0.098,0.0,0.053,0.042,0.024,0.007,0.045,0.11,0.0,0.057,0.215,0.111,0.031,0.015,0.01,0.015,0.0,0.021,0.0,0.024,0.021
runlau1,Rufous-necked Laughingthrush,ianthocincla ruficollis,nominate,153511891,Hilary Burn,Monomorphic,Not specified,,Passeriformes,Leiothrichidae ,Laughingthrushes and Allies,0.029,0.034,0.036,0.047,0.0,0.009,0.016,0.129,0.01,0.012,0.016,0.0,0.031,0.153,0.058,0.013,0.135,0.063,0.003,0.0,0.038,0.0,0.14,0.028
whblau1,White-browed Laughingthrush,ianthocincla sannio,comis,153349961,Hilary Burn,Monomorphic,Not specified,,Passeriformes,Leiothrichidae ,Laughingthrushes and Allies,0.122,0.02,0.028,0.155,0.0,0.019,0.015,0.032,0.001,0.003,0.025,0.0,0.015,0.139,0.16,0.057,0.036,0.037,0.002,0.0,0.045,0.0,0.052,0.037
whblau1,White-browed Laughingthrush,ianthocincla sannio,nominate,207322411,Hilary Burn,Monomorphic,Not specified,,Passeriformes,Leiothrichidae ,Laughingthrushes and Allies,0.081,0.029,0.032,0.153,0.0,0.009,0.027,0.037,0.0,0.0,0.099,0.0,0.024,0.156,0.13,0.062,0.038,0.02,0.003,0.0,0.044,0.0,0.022,0.034
chhlau1,Chestnut-hooded Laughingthrush,ianthocincla treacheri,nominate,153511741,Hilary Burn,Monomorphic,Not specified,,Passeriformes,Leiothrichidae ,Laughingthrushes and Allies,0.014,0.052,0.056,0.02,0.0,0.009,0.02,0.146,0.009,0.011,0.023,0.001,0.009,0.184,0.053,0.045,0.015,0.063,0.039,0.0,0.05,0.0,0.136,0.045
whclau1,White-cheeked Laughingthrush,ianthocincla vassali,nominate,207322491,Hilary Burn,Monomorphic,Not specified,,Passeriformes,Leiothrichidae ,Laughingthrushes and Allies,0.036,0.049,0.04,0.057,0.0,0.009,0.021,0.05,0.031,0.104,0.046,0.0,0.021,0.141,0.071,0.023,0.072,0.062,0.018,0.001,0.035,0.0,0.075,0.038
giabab1,Giant Babax,ianthocincla waddelli,nominate,153511801,Hilary Burn,Monomorphic,Not specified,,Passeriformes,Leiothrichidae ,Laughingthrushes and Allies,0.028,0.09,0.057,0.023,0.0,0.011,0.048,0.068,0.0,0.0,0.012,0.0,0.076,0.147,0.027,0.027,0.072,0.049,0.0,0.0,0.092,0.0,0.09,0.083
chibub1,Mount Victoria Babax,ianthocincla woodi,nominate,153511781,Hilary Burn,Monomorphic,Not specified,,Passeriformes,Leiothrichidae ,Laughingthrushes and Allies,0.071,0.049,0.017,0.081,0.0,0.045,0.05,0.026,0.009,0.004,0.065,0.0,0.057,0.151,0.082,0.057,0.055,0.023,0.002,0.0,0.073,0.0,0.036,0.047
audgul1,Audouin's Gull,ichthyaetus audouinii,nominate,151488881,Ian Lewington,Monomorphic,Not specified,,Charadriiformes,Laridae ,"Gulls, Terns, and Skimmers",0.001,0.097,0.017,0.0,0.0,0.0,0.216,0.018,0.0,0.005,0.0,0.0,0.261,0.252,0.0,0.007,0.0,0.013,0.007,0.0,0.031,0.0,0.036,0.039
soogul2,Sooty Gull,ichthyaetus hemprichii,nominate,151488861,Ian Lewington,Monomorphic,Not specified,,Charadriiformes,Laridae ,"Gulls, Terns, and Skimmers",0.017,0.075,0.153,0.017,0.0,0.017,0.034,0.11,0.001,0.0,0.016,0.0,0.046,0.168,0.009,0.005,0.001,0.197,0.001,0.0,0.03,0.0,0.025,0.078
gbhgul2,Pallas's Gull,ichthyaetus ichthyaetus,nominate,151488801,Ian Lewington,Monomorphic,Adult,breeding,Charadriiformes,Laridae ,"Gulls, Terns, and Skimmers",0.002,0.177,0.006,0.005,0.0,0.008,0.078,0.036,0.007,0.003,0.005,0.006,0.191,0.311,0.002,0.003,0.036,0.006,0.002,0.0,0.042,0.0,0.07,0.004
gbhgul2,Pallas's Gull,ichthyaetus ichthyaetus,nominate,153734811,Ian Lewington,Monomorphic,Immature,,Charadriiformes,Laridae ,"Gulls, Terns, and Skimmers",0.003,0.131,0.05,0.006,0.0,0.003,0.107,0.074,0.0,0.0,0.018,0.0,0.146,0.204,0.006,0.001,0.016,0.053,0.0,0.0,0.043,0.0,0.087,0.052
whegul2,White-eyed Gull,ichthyaetus leucophthalmus,nominate,151488871,Ian Lewington,Monomorphic,Not specified,,Charadriiformes,Laridae ,"Gulls, Terns, and Skimmers",0.001,0.09,0.087,0.001,0.0,0.02,0.046,0.139,0.0,0.004,0.011,0.002,0.083,0.183,0.001,0.001,0.042,0.114,0.004,0.0,0.065,0.0,0.053,0.053
medgul1,Mediterranean Gull,ichthyaetus melanocephalus,nominate,151488841,Ian Lewington,Monomorphic,Not specified,,Charadriiformes,Laridae ,"Gulls, Terns, and Skimmers",0.0,0.088,0.001,0.001,0.0,0.001,0.246,0.006,0.0,0.007,0.004,0.0,0.228,0.282,0.004,0.006,0.078,0.002,0.012,0.0,0.014,0.0,0.019,0.001
relgul2,Relict Gull,ichthyaetus relictus,nominate,151488811,Ian Lewington,Monomorphic,Not specified,,Charadriiformes,Laridae ,"Gulls, Terns, and Skimmers",0.002,0.109,0.007,0.002,0.0,0.0,0.186,0.008,0.001,0.013,0.003,0.0,0.187,0.34,0.001,0.008,0.036,0.008,0.013,0.0,0.034,0.0,0.027,0.015
bulori,Bullock's Oriole,icterus bullockii,nominate,153222951,Tim Worfolk,Female,Not specified,variant A,Passeriformes,Icteridae ,Troupials and Allies,0.009,0.074,0.039,0.009,0.0,0.082,0.079,0.044,0.04,0.0,0.034,0.08,0.109,0.167,0.04,0.003,0.003,0.044,0.0,0.0,0.02,0.015,0.086,0.023
bulori,Bullock's Oriole,icterus bullockii,nominate,153709481,Tim Worfolk,Male,Not specified,,Passeriformes,Icteridae ,Troupials and Allies,0.007,0.016,0.014,0.003,0.001,0.001,0.038,0.025,0.163,0.149,0.008,0.083,0.026,0.211,0.003,0.005,0.097,0.013,0.006,0.0,0.074,0.0,0.024,0.033
rbsfin1,Red-backed Sierra-Finch,idiopsar dorsalis,nominate,153724671,Brian Small,Monomorphic,Not specified,,Passeriformes,Thraupidae ,Tanagers and Allies,0.02,0.11,0.038,0.021,0.0,0.007,0.014,0.124,0.0,0.003,0.008,0.0,0.079,0.105,0.009,0.034,0.084,0.057,0.037,0.0,0.059,0.0,0.135,0.056
wtsfin1,White-throated Sierra-Finch,idiopsar erythronotus,nominate,153328331,Brian Small,Monomorphic,Not specified,,Passeriformes,Thraupidae ,Tanagers and Allies,0.0,0.063,0.105,0.0,0.0,0.0,0.046,0.139,0.0,0.0,0.0,0.0,0.06,0.169,0.0,0.0,0.104,0.12,0.0,0.0,0.043,0.0,0.1,0.051
wwdfin1,White-winged Diuca-Finch,idiopsar speculifer,nominate,153328321,Brian Small,Monomorphic,Not specified,,Passeriformes,Thraupidae ,Tanagers and Allies,0.0,0.033,0.088,0.0,0.0,0.0,0.047,0.271,0.0,0.0,0.0,0.0,0.041,0.105,0.0,0.0,0.023,0.139,0.0,0.0,0.048,0.0,0.159,0.046
thbhon1,Thick-billed Honeyguide,indicator conirostris,nominate,151462461,Hilary Burn,Monomorphic,Not specified,,Piciformes,Indicatoridae ,Honeyguides,0.052,0.099,0.075,0.029,0.0,0.012,0.038,0.061,0.045,0.001,0.032,0.04,0.087,0.119,0.029,0.017,0.016,0.088,0.0,0.0,0.037,0.017,0.046,0.06
thbhon1,Thick-billed Honeyguide,indicator conirostris,ussheri,151462481,Hilary Burn,Monomorphic,Not specified,,Piciformes,Indicatoridae ,Honeyguides,0.029,0.047,0.065,0.036,0.0,0.028,0.048,0.06,0.074,0.0,0.036,0.019,0.089,0.14,0.042,0.025,0.035,0.055,0.0,0.0,0.051,0.02,0.038,0.063
yebbul3,Yellow-browed Bulbul,iole indica,guglielmi,153113621,John Cox,Monomorphic,Not specified,,Passeriformes,Pycnonotidae ,Bulbuls,0.145,0.013,0.012,0.063,0.001,0.008,0.01,0.016,0.088,0.001,0.007,0.09,0.005,0.149,0.007,0.053,0.018,0.006,0.0,0.002,0.022,0.246,0.013,0.025
yebbul3,Yellow-browed Bulbul,iole indica,nominate,153113641,John Cox,Monomorphic,Not specified,,Passeriformes,Pycnonotidae ,Bulbuls,0.176,0.003,0.019,0.126,0.0,0.004,0.013,0.006,0.061,0.0,0.007,0.135,0.009,0.173,0.016,0.032,0.013,0.009,0.0,0.0,0.017,0.154,0.005,0.022
spetan1,Speckled Tanager,ixothraupis guttata,nominate,153330401,Hilary Burn,Monomorphic,Not specified,,Passeriformes,Thraupidae ,Tanagers and Allies,0.02,0.079,0.035,0.011,0.0,0.058,0.066,0.03,0.064,0.0,0.044,0.056,0.078,0.158,0.019,0.016,0.05,0.038,0.0,0.0,0.052,0.041,0.044,0.041
spetan1,Speckled Tanager,ixothraupis guttata,bogotensis,153726611,Hilary Burn,Monomorphic,Not specified,,Passeriformes,Thraupidae ,Tanagers and Allies,0.02,0.055,0.06,0.009,0.0,0.058,0.034,0.046,0.052,0.0,0.063,0.073,0.046,0.132,0.013,0.017,0.087,0.032,0.0,0.0,0.056,0.04,0.045,0.062
spotan1,Spotted Tanager,ixothraupis punctata,nominate,153726601,Hilary Burn,Monomorphic,Not specified,,Passeriformes,Thraupidae ,Tanagers and Allies,0.034,0.033,0.044,0.011,0.0,0.044,0.043,0.052,0.086,0.0,0.084,0.016,0.051,0.107,0.034,0.018,0.068,0.038,0.0,0.001,0.07,0.054,0.04,0.072
ruttan1,Rufous-throated Tanager,ixothraupis rufigula,nominate,153330281,Hilary Burn,Monomorphic,Not specified,,Passeriformes,Thraupidae ,Tanagers and Allies,0.019,0.04,0.082,0.03,0.0,0.089,0.07,0.048,0.013,0.009,0.04,0.022,0.045,0.093,0.029,0.015,0.094,0.055,0.003,0.0,0.067,0.009,0.054,0.074
dottan1,Dotted Tanager,ixothraupis varia,nominate,153330261,Hilary Burn,Female,Not specified,,Passeriformes,Thraupidae ,Tanagers and Allies,0.035,0.008,0.018,0.004,0.0,0.032,0.009,0.012,0.352,0.0,0.079,0.068,0.009,0.129,0.023,0.01,0.018,0.018,0.0,0.0,0.022,0.12,0.012,0.022
dottan1,Dotted Tanager,ixothraupis varia,nominate,153330271,Hilary Burn,Male,Not specified,,Passeriformes,Thraupidae ,Tanagers and Allies,0.017,0.087,0.035,0.003,0.003,0.031,0.012,0.039,0.139,0.0,0.099,0.0,0.019,0.129,0.019,0.009,0.038,0.026,0.0,0.0,0.049,0.146,0.074,0.026
yebtan2,Yellow-bellied Tanager,ixothraupis xanthogastra,phelpsi,153726641,Hilary Burn,Monomorphic,Not specified,,Passeriformes,Thraupidae ,Tanagers and Allies,0.03,0.047,0.031,0.012,0.002,0.081,0.01,0.027,0.111,0.0,0.041,0.124,0.04,0.108,0.02,0.018,0.073,0.029,0.0,0.001,0.058,0.056,0.038,0.043
yebtan2,Yellow-bellied Tanager,ixothraupis xanthogastra,nominate,153726671,Hilary Burn,Monomorphic,Not specified,,Passeriformes,Thraupidae ,Tanagers and Allies,0.04,0.057,0.045,0.014,0.003,0.06,0.022,0.025,0.086,0.0,0.038,0.1,0.045,0.091,0.012,0.018,0.07,0.034,0.0,0.0,0.066,0.078,0.041,0.055
vibhum1,Violet-bellied Hummingbird,juliamyia julie,nominate,152827381,Norman Arlott,Female,Not specified,,Caprimulgiformes,Trochilidae ,Hummingbirds,0.152,0.013,0.026,0.018,0.0,0.002,0.02,0.008,0.01,0.003,0.003,0.0,0.035,0.172,0.009,0.059,0.062,0.001,0.001,0.007,0.124,0.158,0.015,0.102
vibhum1,Violet-bellied Hummingbird,juliamyia julie,nominate,152827391,Norman Arlott,Male,Not specified,,Caprimulgiformes,Trochilidae ,Hummingbirds,0.118,0.006,0.032,0.003,0.008,0.01,0.012,0.002,0.051,0.0,0.005,0.019,0.008,0.151,0.002,0.057,0.101,0.004,0.001,0.031,0.103,0.147,0.005,0.124
vibhum1,Violet-bellied Hummingbird,juliamyia julie,panamensis,152827411,Norman Arlott,Male,Not specified,,Caprimulgiformes,Trochilidae ,Hummingbirds,0.146,0.002,0.019,0.009,0.013,0.007,0.017,0.005,0.022,0.002,0.006,0.011,0.007,0.156,0.005,0.061,0.089,0.006,0.003,0.038,0.118,0.152,0.003,0.103
blfowl1,Blakiston's Fish-Owl,ketupa blakistoni,nominate,151481151,Tim Worfolk,Monomorphic,Not specified,,Strigiformes,Strigidae ,Owls,0.058,0.123,0.039,0.058,0.0,0.057,0.029,0.044,0.001,0.0,0.045,0.001,0.069,0.06,0.071,0.057,0.006,0.043,0.001,0.0,0.058,0.0,0.074,0.106
punsun1,Purple-naped Spiderhunter,kurochkinegramma hypogrammicum,nominate,153160021,Hilary Burn,Female,Not specified,,Passeriformes,Nectariniidae ,Sunbirds and Spiderhunters,0.136,0.016,0.013,0.161,0.0,0.005,0.007,0.007,0.124,0.029,0.02,0.016,0.01,0.132,0.045,0.093,0.012,0.008,0.001,0.0,0.037,0.095,0.011,0.022
punsun1,Purple-naped Spiderhunter,kurochkinegramma hypogrammicum,nominate,153160031,Hilary Burn,Male,Not specified,,Passeriformes,Nectariniidae ,Sunbirds and Spiderhunters,0.169,0.01,0.014,0.121,0.005,0.008,0.012,0.016,0.082,0.007,0.018,0.009,0.007,0.137,0.034,0.081,0.032,0.012,0.0,0.011,0.039,0.139,0.01,0.027
punsun1,Purple-naped Spiderhunter,kurochkinegramma hypogrammicum,lisettae,153350361,Hilary Burn,Female,Not specified,,Passeriformes,Nectariniidae ,Sunbirds and Spiderhunters,0.125,0.011,0.009,0.157,0.0,0.014,0.013,0.009,0.108,0.028,0.025,0.003,0.011,0.16,0.048,0.088,0.014,0.005,0.001,0.0,0.028,0.103,0.013,0.027
punsun1,Purple-naped Spiderhunter,kurochkinegramma hypogrammicum,lisettae,153738761,Hilary Burn,Male,Not specified,,Passeriformes,Nectariniidae ,Sunbirds and Spiderhunters,0.134,0.005,0.013,0.137,0.003,0.013,0.011,0.012,0.071,0.006,0.026,0.005,0.015,0.152,0.051,0.092,0.034,0.004,0.0,0.005,0.031,0.144,0.008,0.028
pabfir1,Pale-billed Firefinch,lagonosticta landanae,nominate,153170371,Hilary Burn,Female,Not specified,,Passeriformes,Estrildidae ,Waxbills and Allies,0.034,0.101,0.024,0.035,0.0,0.049,0.017,0.064,0.021,0.028,0.099,0.0,0.033,0.144,0.075,0.034,0.022,0.032,0.012,0.0,0.022,0.0,0.134,0.02
pabfir1,Pale-billed Firefinch,lagonosticta landanae,nominate,153547281,Hilary Burn,Male,Not specified,,Passeriformes,Estrildidae ,Waxbills and Allies,0.015,0.047,0.026,0.017,0.0,0.002,0.013,0.111,0.0,0.064,0.059,0.0,0.011,0.148,0.121,0.017,0.023,0.065,0.053,0.0,0.024,0.0,0.141,0.043
sathum1,Sapphire-throated Hummingbird,lepidopyga coeruleogularis,nominate,153367951,Norman Arlott,Female,Not specified,,Caprimulgiformes,Trochilidae ,Hummingbirds,0.134,0.018,0.016,0.027,0.0,0.0,0.014,0.01,0.018,0.017,0.003,0.0,0.015,0.154,0.01,0.039,0.118,0.004,0.003,0.0,0.143,0.164,0.016,0.077
sathum1,Sapphire-throated Hummingbird,lepidopyga coeruleogularis,nominate,153367961,Norman Arlott,Male,Not specified,,Caprimulgiformes,Trochilidae ,Hummingbirds,0.109,0.004,0.037,0.01,0.007,0.001,0.012,0.01,0.012,0.001,0.001,0.001,0.009,0.15,0.003,0.053,0.075,0.012,0.0,0.061,0.195,0.118,0.001,0.118
shghum1,Shining-green Hummingbird,lepidopyga goudoti,luminosa,152827351,Norman Arlott,Male,Not specified,,Caprimulgiformes,Trochilidae ,Hummingbirds,0.102,0.005,0.037,0.015,0.0,0.005,0.008,0.003,0.048,0.001,0.006,0.011,0.006,0.156,0.007,0.061,0.133,0.005,0.002,0.004,0.169,0.105,0.012,0.099
shghum1,Shining-green Hummingbird,lepidopyga goudoti,nominate,153368001,Norman Arlott,Male,Not specified,,Caprimulgiformes,Trochilidae ,Hummingbirds,0.112,0.004,0.035,0.015,0.0,0.004,0.008,0.004,0.049,0.001,0.009,0.005,0.008,0.174,0.005,0.057,0.128,0.006,0.002,0.001,0.137,0.161,0.004,0.071
shghum1,Shining-green Hummingbird,lepidopyga goudoti,phaeochroa,153368021,Norman Arlott,Male,Not specified,,Caprimulgiformes,Trochilidae ,Hummingbirds,0.096,0.01,0.034,0.004,0.005,0.0,0.008,0.014,0.003,0.0,0.004,0.0,0.005,0.161,0.003,0.049,0.103,0.011,0.001,0.023,0.199,0.117,0.014,0.136
sabhum1,Sapphire-bellied Hummingbird,lepidopyga lilliae,nominate,153367991,Norman Arlott,Male,Not specified,,Caprimulgiformes,Trochilidae ,Hummingbirds,0.033,0.012,0.071,0.006,0.023,0.0,0.012,0.011,0.003,0.001,0.009,0.0,0.011,0.156,0.006,0.018,0.099,0.022,0.003,0.108,0.195,0.095,0.006,0.1
tumhum1,Tumbes Hummingbird,leucippus baeri,nominate,152825821,Norman Arlott,Monomorphic,Not specified,,Caprimulgiformes,Trochilidae ,Hummingbirds,0.209,0.009,0.004,0.095,0.0,0.018,0.045,0.003,0.003,0.009,0.024,0.0,0.022,0.155,0.031,0.154,0.008,0.002,0.002,0.0,0.113,0.007,0.005,0.082
olshum1,Olive-spotted Hummingbird,leucippus chlorocercus,nominate,152825861,Norman Arlott,Monomorphic,Not specified,,Caprimulgiformes,Trochilidae ,Hummingbirds,0.213,0.03,0.004,0.083,0.0,0.007,0.014,0.004,0.012,0.001,0.017,0.001,0.03,0.172,0.013,0.105,0.007,0.003,0.0,0.0,0.138,0.041,0.009,0.096
spthum2,Spot-throated Hummingbird,leucippus taczanowskii,nominate,152825831,Norman Arlott,Monomorphic,Not specified,,Caprimulgiformes,Trochilidae ,Hummingbirds,0.175,0.024,0.007,0.06,0.0,0.017,0.028,0.006,0.008,0.006,0.015,0.0,0.02,0.142,0.012,0.155,0.027,0.002,0.005,0.0,0.183,0.022,0.004,0.082
laugul,Laughing Gull,leucophaeus atricilla,nominate,151488761,Ian Lewington,Monomorphic,Adult,breeding,Charadriiformes,Laridae ,"Gulls, Terns, and Skimmers",0.001,0.058,0.102,0.005,0.0,0.0,0.034,0.098,0.0,0.002,0.001,0.0,0.028,0.233,0.0,0.008,0.085,0.127,0.007,0.0,0.071,0.0,0.033,0.107
laugul,Laughing Gull,leucophaeus atricilla,megalopterus,153400071,Ian Lewington,Monomorphic,Adult,non-breeding,Charadriiformes,Laridae ,"Gulls, Terns, and Skimmers",0.004,0.076,0.102,0.002,0.0,0.0,0.135,0.11,0.0,0.004,0.0,0.0,0.072,0.169,0.001,0.004,0.022,0.143,0.005,0.0,0.037,0.0,0.035,0.079
lavgul1,Lava Gull,leucophaeus fuliginosus,nominate,151488791,Ian Lewington,Monomorphic,Not specified,,Charadriiformes,Laridae ,"Gulls, Terns, and Skimmers",0.0,0.032,0.137,0.0,0.0,0.0,0.011,0.251,0.0,0.0,0.0,0.0,0.015,0.105,0.0,0.0,0.009,0.214,0.0,0.0,0.061,0.0,0.06,0.105
grygul,Gray Gull,leucophaeus modestus,nominate,151488721,Ian Lewington,Monomorphic,Not specified,,Charadriiformes,Laridae ,"Gulls, Terns, and Skimmers",0.0,0.189,0.046,0.0,0.0,0.0,0.037,0.101,0.0,0.0,0.0,0.0,0.069,0.168,0.0,0.0,0.002,0.063,0.0,0.0,0.033,0.0,0.247,0.045
fragul,Franklin's Gull,leucophaeus pipixcan,nominate,151488741,Ian Lewington,Monomorphic,Adult,breeding,Charadriiformes,Laridae ,"Gulls, Terns, and Skimmers",0.004,0.078,0.036,0.005,0.0,0.0,0.049,0.169,0.0,0.002,0.001,0.0,0.047,0.278,0.0,0.016,0.083,0.078,0.002,0.0,0.024,0.0,0.104,0.024
fragul,Franklin's Gull,leucophaeus pipixcan,nominate,153400051,Ian Lewington,Monomorphic,Adult,non-breeding,Charadriiformes,Laridae ,"Gulls, Terns, and Skimmers",0.003,0.091,0.034,0.0,0.0,0.0,0.096,0.196,0.0,0.0,0.001,0.0,0.077,0.242,0.0,0.013,0.021,0.108,0.0,0.0,0.015,0.0,0.082,0.021
dolgul2,Dolphin Gull,leucophaeus scoresbii,nominate,151488731,Ian Lewington,Monomorphic,Not specified,,Charadriiformes,Laridae ,"Gulls, Terns, and Skimmers",0.0,0.045,0.094,0.003,0.0,0.001,0.167,0.097,0.0,0.018,0.006,0.001,0.104,0.154,0.005,0.003,0.003,0.161,0.015,0.0,0.064,0.0,0.018,0.041
indhon1,Indonesian Honeyeater,lichmera limbata,nominate,153450061,Tim Worfolk,Monomorphic,Not specified,,Passeriformes,Meliphagidae ,Honeyeaters,0.029,0.113,0.024,0.084,0.0,0.003,0.016,0.078,0.001,0.0,0.025,0.0,0.104,0.153,0.209,0.01,0.006,0.038,0.0,0.0,0.01,0.002,0.086,0.009
sakwar1,Sakhalin Grasshopper-Warbler,locustella amnicola,nominate,153492191,Ian Lewington,Monomorphic,Not specified,,Passeriformes,Locustellidae ,Grassbirds and Allies,0.189,0.041,0.069,0.131,0.0,0.05,0.028,0.016,0.01,0.004,0.041,0.0,0.03,0.147,0.055,0.042,0.009,0.041,0.0,0.0,0.017,0.0,0.031,0.049
pagwar1,Pallas's Grasshopper-Warbler,locustella certhiola,nominate,153105581,Ian Lewington,Monomorphic,Not specified,,Passeriformes,Locustellidae ,Grassbirds and Allies,0.028,0.053,0.044,0.052,0.0,0.095,0.072,0.04,0.002,0.0,0.109,0.0,0.042,0.169,0.097,0.013,0.004,0.038,0.0,0.0,0.026,0.0,0.055,0.061
pagwar1,Pallas's Grasshopper-Warbler,locustella certhiola,rubescens,153105591,Ian Lewington,Monomorphic,Not specified,,Passeriformes,Locustellidae ,Grassbirds and Allies,0.036,0.025,0.031,0.09,0.0,0.1,0.052,0.067,0.002,0.0,0.08,0.0,0.039,0.149,0.18,0.005,0.003,0.074,0.0,0.0,0.01,0.0,0.041,0.016
grgwar1,Gray's Grasshopper-Warbler,locustella fasciolata,nominate,153492181,Ian Lewington,Monomorphic,Not specified,,Passeriformes,Locustellidae ,Grassbirds and Allies,0.028,0.054,0.025,0.071,0.0,0.037,0.052,0.056,0.019,0.0,0.101,0.0,0.05,0.183,0.199,0.009,0.004,0.038,0.0,0.0,0.005,0.0,0.053,0.016
migwar,Middendorff's Grasshopper-Warbler,locustella ochotensis,nominate,153105601,Ian Lewington,Monomorphic,Not specified,,Passeriformes,Locustellidae ,Grassbirds and Allies,0.018,0.067,0.033,0.04,0.0,0.058,0.088,0.096,0.0,0.0,0.103,0.0,0.068,0.171,0.145,0.007,0.002,0.052,0.0,0.0,0.007,0.0,0.034,0.011
plewar1,Pleske's Grasshopper-Warbler,locustella pleskei,nominate,153492271,Ian Lewington,Monomorphic,Not specified,,Passeriformes,Locustellidae ,Grassbirds and Allies,0.021,0.077,0.03,0.027,0.0,0.049,0.048,0.122,0.0,0.0,0.082,0.0,0.072,0.15,0.12,0.002,0.003,0.044,0.0,0.0,0.004,0.0,0.14,0.009
margra1,Marsh Grassbird,locustella pryeri,nominate,153492201,Jan Wilczur,Monomorphic,Not specified,,Passeriformes,Locustellidae ,Grassbirds and Allies,0.123,0.025,0.016,0.084,0.0,0.037,0.067,0.016,0.004,0.006,0.051,0.0,0.042,0.216,0.037,0.088,0.057,0.016,0.003,0.0,0.051,0.0,0.02,0.041
margra1,Marsh Grassbird,locustella pryeri,sinensis,153492211,Jan Wilczur,Monomorphic,Not specified,,Passeriformes,Locustellidae ,Grassbirds and Allies,0.021,0.037,0.024,0.044,0.0,0.043,0.06,0.018,0.002,0.0,0.12,0.0,0.062,0.197,0.196,0.012,0.037,0.029,0.0,0.0,0.033,0.0,0.032,0.033
timspa4,Timor Sparrow,lonchura fuscata,nominate,153569971,Hilary Burn,Monomorphic,Not specified,,Passeriformes,Estrildidae ,Waxbills and Allies,0.005,0.049,0.097,0.002,0.001,0.0,0.089,0.166,0.0,0.0,0.003,0.0,0.061,0.198,0.001,0.0,0.023,0.138,0.0,0.0,0.051,0.0,0.063,0.053
madmun1,Madagascar Munia,lonchura nana,nominate,153172731,Hilary Burn,Monomorphic,Not specified,,Passeriformes,Estrildidae ,Waxbills and Allies,0.011,0.113,0.05,0.032,0.0,0.023,0.042,0.105,0.0,0.0,0.062,0.0,0.081,0.102,0.061,0.012,0.008,0.09,0.0,0.0,0.029,0.0,0.115,0.064
javspa,Java Sparrow,lonchura oryzivora,nominate,153569991,Hilary Burn,Monomorphic,Not specified,,Passeriformes,Estrildidae ,Waxbills and Allies,0.005,0.152,0.047,0.012,0.0,0.0,0.074,0.04,0.0,0.003,0.002,0.0,0.336,0.122,0.008,0.0,0.01,0.036,0.002,0.002,0.037,0.0,0.068,0.044
pincoc1,Pink Cockatoo,lophochroa leadbeateri,nominate,151441861,Ian Lewington,Male,Not specified,,Psittaciformes,Cacatuidae ,Cockatoos,0.001,0.102,0.003,0.005,0.001,0.008,0.346,0.03,0.01,0.034,0.005,0.002,0.169,0.138,0.01,0.001,0.0,0.007,0.064,0.0,0.0,0.0,0.064,0.0
vosbop1,Vogelkop Lophorina,lophorina niedda,nominate,153088481,Chris Rose,Female,Not specified,,Passeriformes,Paradisaeidae ,Birds-of-Paradise,0.017,0.029,0.141,0.013,0.001,0.021,0.051,0.036,0.0,0.0,0.012,0.0,0.043,0.101,0.011,0.066,0.017,0.054,0.0,0.0,0.08,0.0,0.028,0.279
vosbop1,Vogelkop Lophorina,lophorina niedda,nominate,153479811,Chris Rose,Male,Not specified,,Passeriformes,Paradisaeidae ,Birds-of-Paradise,0.0,0.009,0.106,0.005,0.017,0.004,0.006,0.035,0.011,0.015,0.006,0.003,0.003,0.108,0.013,0.002,0.184,0.067,0.0,0.009,0.197,0.0,0.018,0.182
dacwhe1,Dark-crowned White-eye,lophozosterops dohertyi,nominate,153505041,Doug Pratt,Monomorphic,Not specified,,Passeriformes,Zosteropidae ,"White-eyes, Yuhinas, and Allies",0.029,0.007,0.052,0.035,0.0,0.03,0.014,0.074,0.04,0.0,0.015,0.207,0.014,0.165,0.05,0.005,0.066,0.11,0.0,0.0,0.038,0.004,0.016,0.029
minwhe1,Mindanao White-eye,lophozosterops goodfellowi,nominate,153119091,Doug Pratt,Monomorphic,Not specified,,Passeriformes,Zosteropidae ,"White-eyes, Yuhinas, and Allies",0.199,0.015,0.016,0.093,0.0,0.001,0.013,0.014,0.081,0.002,0.014,0.04,0.021,0.156,0.008,0.078,0.071,0.007,0.0,0.0,0.05,0.079,0.016,0.026
jgtwhe1,Javan Gray-throated White-eye,lophozosterops javanicus,nominate,153119221,Doug Pratt,Monomorphic,Not specified,,Passeriformes,Zosteropidae ,"White-eyes, Yuhinas, and Allies",0.107,0.018,0.076,0.048,0.0,0.004,0.028,0.033,0.091,0.008,0.008,0.002,0.028,0.167,0.018,0.066,0.038,0.058,0.0,0.0,0.044,0.075,0.028,0.055
gyhwhe1,Gray-hooded White-eye,lophozosterops pinaiae,nominate,153505021,Doug Pratt,Monomorphic,Not specified,,Passeriformes,Zosteropidae ,"White-eyes, Yuhinas, and Allies",0.138,0.079,0.013,0.035,0.0,0.004,0.107,0.069,0.028,0.003,0.003,0.006,0.069,0.113,0.008,0.056,0.047,0.03,0.0,0.0,0.041,0.023,0.103,0.025
sthwhe1,Streak-headed White-eye,lophozosterops squamiceps,nominate,153504951,Doug Pratt,Monomorphic,Not specified,,Passeriformes,Zosteropidae ,"White-eyes, Yuhinas, and Allies",0.173,0.03,0.022,0.021,0.0,0.004,0.016,0.05,0.081,0.002,0.007,0.014,0.02,0.178,0.008,0.103,0.046,0.035,0.0,0.0,0.042,0.061,0.054,0.033
whbwhe1,White-browed White-eye,lophozosterops superciliaris,nominate,153119021,Doug Pratt,Monomorphic,Not specified,,Passeriformes,Zosteropidae ,"White-eyes, Yuhinas, and Allies",0.241,0.011,0.011,0.057,0.0,0.024,0.012,0.018,0.074,0.009,0.022,0.022,0.01,0.163,0.005,0.103,0.062,0.019,0.0,0.0,0.031,0.064,0.005,0.037
hawcre,Hawaii Creeper,loxops mana,nominate,153181211,Doug Pratt,Monomorphic,Not specified,,Passeriformes,Fringillidae ,"Finches, Euphonias, and Allies",0.066,0.032,0.111,0.062,0.0,0.02,0.019,0.039,0.025,0.001,0.048,0.001,0.036,0.151,0.096,0.019,0.011,0.109,0.0,0.0,0.032,0.026,0.024,0.072
dotbar1,Double-toothed Barbet,lybius bidentatus,nominate,151462121,Ian Lewington,Female,Not specified,,Piciformes,Lybiidae ,African Barbets,0.007,0.019,0.076,0.003,0.007,0.012,0.027,0.027,0.0,0.102,0.012,0.001,0.013,0.124,0.008,0.02,0.086,0.055,0.179,0.0,0.125,0.0,0.018,0.079
dotbar1,Double-toothed Barbet,lybius bidentatus,nominate,151462141,Ian Lewington,Male,Not specified,,Piciformes,Lybiidae ,African Barbets,0.005,0.013,0.076,0.007,0.008,0.012,0.022,0.028,0.0,0.099,0.017,0.0,0.014,0.132,0.008,0.022,0.067,0.063,0.138,0.001,0.148,0.0,0.015,0.105
beabar1,Bearded Barbet,lybius dubius,nominate,151462181,Ian Lewington,Female,Not specified,,Piciformes,Lybiidae ,African Barbets,0.003,0.019,0.083,0.008,0.021,0.066,0.051,0.029,0.006,0.064,0.026,0.002,0.019,0.101,0.012,0.009,0.075,0.065,0.093,0.011,0.126,0.0,0.018,0.093
beabar1,Bearded Barbet,lybius dubius,nominate,151462191,Ian Lewington,Male,Not specified,,Piciformes,Lybiidae ,African Barbets,0.008,0.004,0.095,0.005,0.019,0.035,0.051,0.05,0.007,0.048,0.024,0.0,0.015,0.092,0.008,0.022,0.099,0.072,0.054,0.001,0.165,0.0,0.016,0.11
brbbar1,Brown-breasted Barbet,lybius melanopterus,nominate,151462071,Ian Lewington,Monomorphic,Not specified,,Piciformes,Lybiidae ,African Barbets,0.014,0.027,0.151,0.005,0.0,0.002,0.031,0.055,0.0,0.03,0.005,0.0,0.028,0.134,0.006,0.013,0.042,0.099,0.04,0.0,0.149,0.0,0.039,0.13
blbbar1,Black-backed Barbet,lybius minor,nominate,151462091,Ian Lewington,Monomorphic,Not specified,,Piciformes,Lybiidae ,African Barbets,0.012,0.046,0.073,0.029,0.0,0.017,0.077,0.045,0.005,0.013,0.031,0.0,0.037,0.225,0.057,0.003,0.019,0.088,0.011,0.0,0.108,0.0,0.033,0.071
blbbar1,Black-backed Barbet,lybius minor,macclounii,151462101,Ian Lewington,Monomorphic,Not specified,,Piciformes,Lybiidae ,African Barbets,0.004,0.035,0.1,0.012,0.0,0.021,0.064,0.033,0.005,0.008,0.017,0.001,0.03,0.252,0.021,0.002,0.05,0.059,0.015,0.0,0.158,0.0,0.012,0.101
blbbar4,Black-breasted Barbet,lybius rolleti,nominate,151462201,Ian Lewington,Female,Not specified,,Piciformes,Lybiidae ,African Barbets,0.0,0.014,0.08,0.003,0.0,0.015,0.045,0.044,0.0,0.0,0.005,0.0,0.021,0.12,0.003,0.008,0.196,0.053,0.015,0.0,0.242,0.0,0.031,0.105
blbbar4,Black-breasted Barbet,lybius rolleti,nominate,151462231,Ian Lewington,Male,Not specified,,Piciformes,Lybiidae ,African Barbets,0.0,0.031,0.078,0.004,0.0,0.006,0.032,0.049,0.0,0.002,0.0,0.0,0.025,0.125,0.005,0.006,0.235,0.064,0.021,0.0,0.169,0.0,0.027,0.121
forscr1,Forsten's Scrubfowl,megapodius forsteni,nominate,151457271,Norman Arlott,Monomorphic,Not specified,,Galliformes,Megapodiidae ,Megapodes,0.016,0.02,0.11,0.005,0.0,0.001,0.03,0.015,0.0,0.0,0.0,0.0,0.01,0.185,0.003,0.126,0.002,0.015,0.004,0.0,0.28,0.0,0.023,0.155
sbsbab2,Black-necklaced Scimitar-Babbler,megapomatorhinus erythrocnemis,nominate,153507881,Hilary Burn,Monomorphic,Not specified,,Passeriformes,Timaliidae ,"Tree-Babblers, Scimitar-Babblers, and Allies",0.118,0.037,0.021,0.1,0.0,0.002,0.03,0.026,0.001,0.025,0.009,0.0,0.031,0.186,0.032,0.144,0.023,0.028,0.046,0.0,0.074,0.0,0.021,0.046
rcsbab1,Rusty-cheeked Scimitar-Babbler,megapomatorhinus erythrogenys,nominate,153122251,Hilary Burn,Monomorphic,Not specified,,Passeriformes,Timaliidae ,"Tree-Babblers, Scimitar-Babblers, and Allies",0.174,0.033,0.033,0.109,0.0,0.006,0.022,0.03,0.002,0.064,0.006,0.0,0.039,0.159,0.018,0.088,0.007,0.039,0.047,0.0,0.043,0.0,0.024,0.057
rcsbab1,Rusty-cheeked Scimitar-Babbler,megapomatorhinus erythrogenys,imberbis,153349731,Hilary Burn,Monomorphic,Not specified,,Passeriformes,Timaliidae ,"Tree-Babblers, Scimitar-Babblers, and Allies",0.182,0.02,0.041,0.113,0.0,0.002,0.016,0.027,0.005,0.063,0.012,0.0,0.025,0.156,0.03,0.105,0.011,0.039,0.034,0.0,0.038,0.0,0.021,0.06
rcsbab1,Rusty-cheeked Scimitar-Babbler,megapomatorhinus erythrogenys,celatus,153737911,Hilary Burn,Monomorphic,Not specified,,Passeriformes,Timaliidae ,"Tree-Babblers, Scimitar-Babblers, and Allies",0.168,0.024,0.037,0.115,0.0,0.005,0.033,0.028,0.001,0.052,0.014,0.0,0.023,0.145,0.036,0.114,0.008,0.033,0.026,0.0,0.052,0.0,0.031,0.055
bksscb1,Black-streaked Scimitar-Babbler,megapomatorhinus gravivox,nominate,153122281,Hilary Burn,Monomorphic,Not specified,,Passeriformes,Timaliidae ,"Tree-Babblers, Scimitar-Babblers, and Allies",0.172,0.027,0.027,0.062,0.0,0.002,0.028,0.023,0.002,0.035,0.005,0.0,0.023,0.161,0.018,0.131,0.023,0.037,0.036,0.0,0.075,0.0,0.036,0.077
bksscb1,Black-streaked Scimitar-Babbler,megapomatorhinus gravivox,odicus,207320831,Hilary Burn,Monomorphic,Not specified,,Passeriformes,Timaliidae ,"Tree-Babblers, Scimitar-Babblers, and Allies",0.208,0.035,0.015,0.081,0.0,0.003,0.018,0.027,0.006,0.069,0.005,0.0,0.026,0.16,0.017,0.143,0.013,0.021,0.025,0.0,0.063,0.0,0.022,0.043
lasbab1,Large Scimitar-Babbler,megapomatorhinus hypoleucos,nominate,153122191,Hilary Burn,Monomorphic,Not specified,,Passeriformes,Timaliidae ,"Tree-Babblers, Scimitar-Babblers, and Allies",0.078,0.043,0.057,0.035,0.0,0.0,0.035,0.024,0.0,0.002,0.001,0.0,0.034,0.164,0.008,0.169,0.022,0.05,0.012,0.0,0.093,0.0,0.024,0.149
lasbab1,Large Scimitar-Babbler,megapomatorhinus hypoleucos,tickelli,153122231,Hilary Burn,Monomorphic,Not specified,,Passeriformes,Timaliidae ,"Tree-Babblers, Scimitar-Babblers, and Allies",0.149,0.04,0.031,0.129,0.0,0.002,0.055,0.065,0.0,0.007,0.005,0.0,0.045,0.168,0.037,0.092,0.001,0.071,0.003,0.0,0.021,0.0,0.039,0.04
lasbab1,Large Scimitar-Babbler,megapomatorhinus hypoleucos,wrayi,153122241,Hilary Burn,Monomorphic,Not specified,,Passeriformes,Timaliidae ,"Tree-Babblers, Scimitar-Babblers, and Allies",0.048,0.048,0.055,0.019,0.0,0.0,0.034,0.024,0.0,0.0,0.002,0.0,0.035,0.205,0.004,0.149,0.019,0.045,0.0,0.0,0.119,0.0,0.043,0.151
spbscb1,Spot-breasted Scimitar-Babbler,megapomatorhinus mcclellandi,nominate,153122271,Hilary Burn,Monomorphic,Not specified,,Passeriformes,Timaliidae ,"Tree-Babblers, Scimitar-Babblers, and Allies",0.148,0.026,0.013,0.136,0.0,0.004,0.038,0.022,0.002,0.023,0.016,0.0,0.041,0.205,0.078,0.117,0.006,0.026,0.022,0.0,0.024,0.0,0.027,0.026
gysscb1,Gray-sided Scimitar-Babbler,megapomatorhinus swinhoei,nominate,153507871,Hilary Burn,Monomorphic,Not specified,,Passeriformes,Timaliidae ,"Tree-Babblers, Scimitar-Babblers, and Allies",0.04,0.069,0.038,0.066,0.0,0.006,0.061,0.022,0.001,0.007,0.019,0.0,0.047,0.245,0.044,0.069,0.008,0.03,0.054,0.0,0.07,0.0,0.047,0.057
prsowl,Puerto Rican Screech-Owl,megascops nudipes,newtoni,151480051,Ian Willis,Monomorphic,Not specified,,Strigiformes,Strigidae ,Owls,0.094,0.023,0.006,0.108,0.0,0.027,0.08,0.011,0.028,0.075,0.043,0.004,0.018,0.193,0.046,0.132,0.013,0.001,0.054,0.001,0.018,0.0,0.012,0.013
prsowl,Puerto Rican Screech-Owl,megascops nudipes,nominate,151480071,Ian Willis,Monomorphic,Not specified,brown morph,Strigiformes,Strigidae ,Owls,0.116,0.027,0.007,0.116,0.0,0.022,0.049,0.008,0.007,0.005,0.028,0.007,0.043,0.153,0.062,0.182,0.016,0.013,0.007,0.0,0.072,0.0,0.018,0.042
prsowl,Puerto Rican Screech-Owl,megascops nudipes,nominate,151480081,Ian Willis,Monomorphic,Not specified,rufous morph,Strigiformes,Strigidae ,Owls,0.034,0.018,0.0,0.046,0.0,0.036,0.059,0.009,0.067,0.204,0.033,0.003,0.038,0.194,0.035,0.053,0.007,0.005,0.12,0.0,0.019,0.0,0.008,0.012
hercha1,Herero Chat,melaenornis herero,nominate,153147571,Norman Arlott,Monomorphic,Not specified,,Passeriformes,Muscicapidae ,Old World Flycatchers,0.095,0.022,0.006,0.116,0.0,0.063,0.048,0.013,0.003,0.011,0.041,0.0,0.037,0.2,0.097,0.119,0.022,0.003,0.0,0.0,0.04,0.001,0.017,0.046
silver1,Silverbird,melaenornis semipartitus,nominate,153528141,Norman Arlott,Monomorphic,Not specified,,Passeriformes,Muscicapidae ,Old World Flycatchers,0.023,0.091,0.016,0.028,0.001,0.0,0.005,0.151,0.021,0.171,0.001,0.0,0.021,0.147,0.004,0.009,0.025,0.052,0.021,0.0,0.027,0.0,0.164,0.022
fisfly1,Fiscal Flycatcher,melaenornis silens,nominate,153147561,Norman Arlott,Male,Not specified,,Passeriformes,Muscicapidae ,Old World Flycatchers,0.0,0.045,0.036,0.0,0.0,0.0,0.101,0.023,0.0,0.0,0.0,0.0,0.105,0.174,0.0,0.002,0.305,0.019,0.0,0.0,0.088,0.0,0.044,0.058
fisfly1,Fiscal Flycatcher,melaenornis silens,nominate,153528111,Norman Arlott,Female,Not specified,,Passeriformes,Muscicapidae ,Old World Flycatchers,0.012,0.021,0.013,0.018,0.0,0.059,0.028,0.027,0.0,0.0,0.054,0.0,0.033,0.163,0.049,0.06,0.121,0.014,0.0,0.0,0.193,0.0,0.032,0.103
gremel1,Greater Melampitta,melampitta gigantea,nominate,153087781,Chris Rose,Monomorphic,Not specified,,Passeriformes,Melampittidae ,Melampittas,0.009,0.003,0.116,0.011,0.0,0.001,0.007,0.004,0.0,0.003,0.0,0.0,0.002,0.098,0.008,0.018,0.232,0.015,0.0,0.015,0.264,0.0,0.001,0.193
spober1,Spotted Berrypecker,melanocharis crassirostris,nominate,153089511,Norman Arlott,Female,Not specified,,Passeriformes,Melanocharitidae ,Berrypeckers and Longbills,0.088,0.03,0.017,0.02,0.0,0.0,0.027,0.067,0.0,0.0,0.001,0.0,0.033,0.146,0.012,0.138,0.011,0.038,0.0,0.0,0.174,0.0,0.062,0.136
spober1,Spotted Berrypecker,melanocharis crassirostris,piperata,153089531,Norman Arlott,Female,Not specified,,Passeriformes,Melanocharitidae ,Berrypeckers and Longbills,0.065,0.02,0.021,0.015,0.0,0.0,0.021,0.033,0.0,0.0,0.0,0.0,0.021,0.154,0.0,0.103,0.038,0.021,0.0,0.0,0.277,0.004,0.036,0.171
spober1,Spotted Berrypecker,melanocharis crassirostris,piperata,153089551,Norman Arlott,Male,Not specified,,Passeriformes,Melanocharitidae ,Berrypeckers and Longbills,0.077,0.06,0.018,0.006,0.0,0.002,0.012,0.093,0.001,0.0,0.007,0.001,0.018,0.168,0.004,0.198,0.029,0.039,0.0,0.0,0.048,0.0,0.08,0.139
spober1,Spotted Berrypecker,melanocharis crassirostris,nominate,153480611,Norman Arlott,Male,Not specified,,Passeriformes,Melanocharitidae ,Berrypeckers and Longbills,0.04,0.058,0.026,0.006,0.0,0.001,0.005,0.074,0.0,0.0,0.007,0.0,0.016,0.153,0.004,0.254,0.02,0.039,0.0,0.0,0.055,0.001,0.109,0.132
soomel1,Sooty Melidectes,melidectes fuscus,nominate,153453801,Tim Worfolk,Monomorphic,Not specified,,Passeriformes,Meliphagidae ,Honeyeaters,0.003,0.015,0.201,0.006,0.0,0.002,0.012,0.198,0.0,0.0,0.01,0.0,0.014,0.108,0.011,0.0,0.009,0.173,0.0,0.0,0.042,0.0,0.105,0.091
shbmel1,Short-bearded Melidectes,melidectes nouhuysi,nominate,153453821,Tim Worfolk,Monomorphic,Not specified,,Passeriformes,Meliphagidae ,Honeyeaters,0.021,0.016,0.203,0.015,0.0,0.0,0.019,0.117,0.0,0.0,0.0,0.002,0.012,0.116,0.005,0.007,0.07,0.192,0.0,0.0,0.088,0.0,0.032,0.085
lobmel1,Long-bearded Melidectes,melidectes princeps,nominate,153453831,Tim Worfolk,Monomorphic,Not specified,,Passeriformes,Meliphagidae ,Honeyeaters,0.0,0.025,0.167,0.001,0.0,0.001,0.019,0.099,0.0,0.001,0.0,0.0,0.022,0.147,0.0,0.0,0.143,0.137,0.0,0.0,0.081,0.0,0.034,0.123
whlhon1,White-lined Honeyeater,meliphaga albilineata,nominate,153453201,Jan Wilczur,Monomorphic,Not specified,,Passeriformes,Meliphagidae ,Honeyeaters,0.01,0.121,0.024,0.026,0.0,0.001,0.153,0.128,0.0,0.0,0.003,0.0,0.142,0.169,0.018,0.0,0.004,0.082,0.0,0.0,0.003,0.019,0.095,0.002
scrhon1,Scrub Honeyeater,meliphaga albonotata,nominate,153453021,Jan Wilczur,Monomorphic,Not specified,,Passeriformes,Meliphagidae ,Honeyeaters,0.158,0.085,0.041,0.112,0.0,0.017,0.015,0.051,0.0,0.0,0.032,0.0,0.042,0.153,0.077,0.022,0.002,0.056,0.0,0.0,0.01,0.035,0.073,0.019
mimhon1,Mimic Honeyeater,meliphaga analoga,nominate,153043371,Jan Wilczur,Monomorphic,Not specified,,Passeriformes,Meliphagidae ,Honeyeaters,0.04,0.113,0.01,0.166,0.0,0.034,0.027,0.066,0.005,0.0,0.038,0.008,0.112,0.152,0.046,0.005,0.007,0.035,0.0,0.0,0.002,0.064,0.059,0.011
grahon3,Elegant Honeyeater,meliphaga cinereifrons,nominate,153453091,Jan Wilczur,Monomorphic,Not specified,,Passeriformes,Meliphagidae ,Honeyeaters,0.031,0.127,0.031,0.077,0.0,0.004,0.024,0.129,0.002,0.0,0.011,0.005,0.095,0.166,0.095,0.003,0.006,0.056,0.0,0.0,0.004,0.029,0.092,0.013
yeghon1,Yellow-gaped Honeyeater,meliphaga flavirictus,nominate,153043461,Jan Wilczur,Monomorphic,Not specified,,Passeriformes,Meliphagidae ,Honeyeaters,0.036,0.1,0.001,0.122,0.0,0.04,0.049,0.044,0.004,0.0,0.048,0.0,0.152,0.141,0.105,0.005,0.001,0.029,0.0,0.0,0.002,0.075,0.042,0.004
yeghon1,Yellow-gaped Honeyeater,meliphaga flavirictus,crockettorum,153453141,Jan Wilczur,Monomorphic,Not specified,,Passeriformes,Meliphagidae ,Honeyeaters,0.139,0.081,0.008,0.091,0.0,0.071,0.02,0.025,0.02,0.0,0.097,0.0,0.039,0.162,0.105,0.022,0.001,0.007,0.0,0.0,0.002,0.056,0.048,0.006
kimhon1,Kimberley Honeyeater,meliphaga fordiana,nominate,153043491,Jan Wilczur,Monomorphic,Not specified,,Passeriformes,Meliphagidae ,Honeyeaters,0.006,0.118,0.017,0.012,0.0,0.0,0.13,0.173,0.0,0.0,0.0,0.0,0.162,0.154,0.014,0.0,0.003,0.077,0.0,0.0,0.003,0.0,0.127,0.004
grahon2,Graceful Honeyeater,meliphaga gracilis,nominate,153453111,Jan Wilczur,Monomorphic,Not specified,,Passeriformes,Meliphagidae ,Honeyeaters,0.019,0.079,0.02,0.104,0.0,0.007,0.018,0.122,0.0,0.0,0.013,0.001,0.109,0.175,0.124,0.002,0.005,0.053,0.0,0.0,0.011,0.04,0.085,0.013
spbmel1,Spot-breasted Meliphaga,meliphaga mimikae,nominate,153043411,Jan Wilczur,Monomorphic,Not specified,,Passeriformes,Meliphagidae ,Honeyeaters,0.036,0.195,0.006,0.107,0.0,0.012,0.043,0.053,0.0,0.0,0.012,0.002,0.187,0.151,0.039,0.004,0.001,0.038,0.0,0.0,0.003,0.023,0.08,0.008
forhon1,Forest Honeyeater,meliphaga montana,nominate,153453071,Jan Wilczur,Monomorphic,Not specified,,Passeriformes,Meliphagidae ,Honeyeaters,0.146,0.023,0.02,0.14,0.0,0.001,0.011,0.121,0.0,0.0,0.001,0.0,0.014,0.137,0.142,0.05,0.009,0.03,0.0,0.0,0.01,0.012,0.103,0.03
moumel1,Mountain Meliphaga,meliphaga orientalis,nominate,153453031,Jan Wilczur,Monomorphic,Not specified,,Passeriformes,Meliphagidae ,Honeyeaters,0.068,0.052,0.022,0.118,0.0,0.032,0.017,0.033,0.004,0.0,0.136,0.002,0.041,0.186,0.137,0.011,0.0,0.04,0.0,0.0,0.005,0.038,0.047,0.011
moumel1,Mountain Meliphaga,meliphaga orientalis,nominate,153453041,Jan Wilczur,Monomorphic,Not specified,,Passeriformes,Meliphagidae ,Honeyeaters,0.075,0.158,0.008,0.082,0.0,0.002,0.044,0.06,0.0,0.0,0.006,0.003,0.119,0.152,0.065,0.002,0.004,0.024,0.0,0.0,0.0,0.05,0.139,0.007
stbhon3,Streak-breasted Honeyeater,meliphaga reticulata,nominate,153043481,Jan Wilczur,Monomorphic,Not specified,,Passeriformes,Meliphagidae ,Honeyeaters,0.003,0.114,0.011,0.029,0.0,0.01,0.088,0.183,0.014,0.0,0.01,0.006,0.081,0.158,0.046,0.002,0.003,0.039,0.0,0.0,0.003,0.038,0.157,0.005
taghon1,Tagula Honeyeater,meliphaga vicina,nominate,153043441,Jan Wilczur,Monomorphic,Not specified,,Passeriformes,Meliphagidae ,Honeyeaters,0.087,0.063,0.008,0.106,0.0,0.115,0.019,0.04,0.004,0.0,0.119,0.003,0.031,0.143,0.08,0.018,0.002,0.029,0.0,0.0,0.009,0.031,0.079,0.014
tsiwor1,Tsingy Wood-Rail,mentrocrex beankaensis,nominate,152817951,Hilary Burn,Monomorphic,Not specified,,Gruiformes,Sarothruridae ,Flufftails,0.151,0.016,0.045,0.19,0.0,0.001,0.008,0.059,0.0,0.001,0.005,0.0,0.013,0.121,0.088,0.118,0.0,0.055,0.035,0.0,0.017,0.0,0.027,0.05
madwor1,Madagascar Wood-Rail,mentrocrex kioloides,berliozi,152817861,Norman Arlott,Monomorphic,Not specified,,Gruiformes,Sarothruridae ,Flufftails,0.123,0.012,0.013,0.063,0.0,0.002,0.011,0.009,0.0,0.093,0.006,0.0,0.011,0.157,0.015,0.221,0.001,0.02,0.18,0.0,0.02,0.0,0.015,0.028
madwor1,Madagascar Wood-Rail,mentrocrex kioloides,nominate,152817871,Norman Arlott,Monomorphic,Not specified,,Gruiformes,Sarothruridae ,Flufftails,0.05,0.011,0.028,0.014,0.0,0.0,0.019,0.021,0.0,0.035,0.003,0.0,0.006,0.189,0.005,0.263,0.009,0.025,0.153,0.0,0.069,0.0,0.019,0.081
olifly3,Olive Flyrobin,microeca flavovirescens,nominate,153090391,John Cox,Monomorphic,Not specified,,Passeriformes,Petroicidae ,Australasian Robins,0.12,0.012,0.032,0.04,0.0,0.002,0.011,0.018,0.099,0.003,0.003,0.105,0.008,0.127,0.031,0.093,0.038,0.023,0.001,0.0,0.112,0.023,0.01,0.089
yelfly4,Yellow-legged Flycatcher,microeca griseoceps,nominate,153090361,John Cox,Monomorphic,Not specified,,Passeriformes,Petroicidae ,Australasian Robins,0.08,0.045,0.095,0.045,0.0,0.014,0.024,0.057,0.029,0.001,0.025,0.003,0.03,0.123,0.035,0.049,0.044,0.061,0.001,0.0,0.083,0.005,0.048,0.103
canfly2,Papuan Flycatcher,microeca papuana,nominate,153090401,John Cox,Monomorphic,Not specified,,Passeriformes,Petroicidae ,Australasian Robins,0.145,0.007,0.033,0.035,0.0,0.006,0.006,0.01,0.113,0.017,0.009,0.133,0.006,0.121,0.015,0.094,0.045,0.007,0.0,0.0,0.086,0.017,0.005,0.09
chicar1,Chimango Caracara,milvago chimango,nominate,151442371,Ian Willis,Monomorphic,Not specified,,Falconiformes,Falconidae ,Falcons and Caracaras,0.059,0.052,0.049,0.118,0.0,0.024,0.018,0.068,0.0,0.0,0.109,0.0,0.053,0.129,0.171,0.024,0.0,0.051,0.0,0.0,0.011,0.0,0.03,0.034
chicar1,Chimango Caracara,milvago chimango,temucoensis,151442381,Ian Willis,Monomorphic,Not specified,,Falconiformes,Falconidae ,Falcons and Caracaras,0.037,0.036,0.125,0.051,0.0,0.007,0.015,0.153,0.0,0.0,0.009,0.0,0.026,0.122,0.051,0.019,0.0,0.152,0.0,0.0,0.015,0.0,0.105,0.077
rubsib1,Rufous-backed Sibia,minla annectens,nominate,153130201,Ian Lewington,Monomorphic,Not specified,,Passeriformes,Leiothrichidae ,Laughingthrushes and Allies,0.023,0.037,0.063,0.032,0.0,0.035,0.063,0.025,0.029,0.027,0.036,0.002,0.04,0.239,0.029,0.013,0.066,0.022,0.03,0.0,0.077,0.001,0.027,0.084
rubsib1,Rufous-backed Sibia,minla annectens,nominate,153512661,Ian Lewington,Monomorphic,Not specified,,Passeriformes,Leiothrichidae ,Laughingthrushes and Allies,0.004,0.051,0.09,0.004,0.0,0.031,0.087,0.024,0.0,0.0,0.037,0.0,0.055,0.261,0.018,0.037,0.056,0.031,0.001,0.0,0.097,0.0,0.017,0.099
rubsib1,Rufous-backed Sibia,minla annectens,roundi,153512681,Ian Lewington,Monomorphic,Not specified,,Passeriformes,Leiothrichidae ,Laughingthrushes and Allies,0.007,0.033,0.085,0.014,0.0,0.017,0.068,0.034,0.015,0.036,0.016,0.001,0.037,0.331,0.005,0.01,0.032,0.043,0.045,0.002,0.053,0.002,0.036,0.078
rubsib1,Rufous-backed Sibia,minla annectens,saturata,153512691,Ian Lewington,Monomorphic,Not specified,,Passeriformes,Leiothrichidae ,Laughingthrushes and Allies,0.017,0.033,0.08,0.008,0.0,0.01,0.109,0.021,0.004,0.005,0.011,0.0,0.065,0.239,0.006,0.028,0.062,0.037,0.044,0.002,0.087,0.0,0.027,0.105
rubsib1,Rufous-backed Sibia,minla annectens,eximia,207323081,Ian Lewington,Monomorphic,Not specified,,Passeriformes,Leiothrichidae ,Laughingthrushes and Allies,0.013,0.038,0.018,0.025,0.0,0.014,0.05,0.015,0.0,0.0,0.066,0.0,0.043,0.233,0.034,0.017,0.076,0.014,0.001,0.0,0.214,0.0,0.023,0.106
rubsib1,Rufous-backed Sibia,minla annectens,mixta,207323131,Ian Lewington,Monomorphic,Not specified,,Passeriformes,Leiothrichidae ,Laughingthrushes and Allies,0.023,0.044,0.075,0.021,0.0,0.022,0.096,0.025,0.001,0.015,0.012,0.0,0.05,0.251,0.019,0.031,0.028,0.035,0.054,0.002,0.071,0.0,0.042,0.083
ashlar1,Ash's Lark,mirafra ashi,nominate,153095681,Tim Worfolk,Monomorphic,Not specified,,Passeriformes,Alaudidae ,Larks,0.024,0.046,0.02,0.027,0.0,0.06,0.163,0.028,0.017,0.012,0.048,0.002,0.076,0.224,0.044,0.021,0.04,0.027,0.005,0.0,0.042,0.001,0.044,0.029
sinbus1,Singing Bushlark,mirafra cantillans,nominate,153095901,Tim Worfolk,Monomorphic,Not specified,,Passeriformes,Alaudidae ,Larks,0.016,0.062,0.027,0.016,0.0,0.065,0.157,0.037,0.002,0.001,0.031,0.0,0.071,0.26,0.04,0.012,0.025,0.028,0.0,0.0,0.061,0.0,0.035,0.054
sinbus1,Singing Bushlark,mirafra cantillans,chadensis,153095911,Tim Worfolk,Monomorphic,Not specified,,Passeriformes,Alaudidae ,Larks,0.013,0.067,0.027,0.019,0.0,0.057,0.178,0.048,0.001,0.0,0.05,0.0,0.068,0.301,0.021,0.007,0.02,0.026,0.0,0.0,0.023,0.001,0.052,0.021
sinbus1,Singing Bushlark,mirafra cantillans,marginata,153485461,Tim Worfolk,Monomorphic,Not specified,,Passeriformes,Alaudidae ,Larks,0.007,0.076,0.049,0.015,0.0,0.024,0.136,0.043,0.008,0.017,0.019,0.0,0.079,0.278,0.029,0.007,0.025,0.036,0.0,0.0,0.052,0.001,0.052,0.047
gillar1,Gillett's Lark,mirafra gilletti,nominate,151428141,Tim Worfolk,Monomorphic,Not specified,,Passeriformes,Alaudidae ,Larks,0.004,0.072,0.019,0.011,0.0,0.02,0.21,0.08,0.0,0.0,0.058,0.0,0.127,0.225,0.04,0.002,0.0,0.03,0.0,0.0,0.008,0.0,0.086,0.008
gillar1,Gillett's Lark,mirafra gilletti,nominate,153485611,Tim Worfolk,Monomorphic,Not specified,,Passeriformes,Alaudidae ,Larks,0.032,0.075,0.017,0.062,0.0,0.024,0.177,0.025,0.007,0.004,0.053,0.0,0.081,0.201,0.066,0.034,0.014,0.021,0.0,0.0,0.042,0.0,0.028,0.037
ruslar1,Rusty Lark,mirafra rufa,nominate,153096061,Tim Worfolk,Monomorphic,Not specified,plain-backed bird,Passeriformes,Alaudidae ,Larks,0.02,0.024,0.005,0.019,0.0,0.148,0.14,0.014,0.051,0.108,0.09,0.005,0.03,0.234,0.032,0.013,0.004,0.009,0.024,0.0,0.011,0.001,0.011,0.007
ruslar1,Rusty Lark,mirafra rufa,nominate,153096071,Tim Worfolk,Monomorphic,Not specified,streak-backed bird,Passeriformes,Alaudidae ,Larks,0.038,0.024,0.014,0.043,0.0,0.119,0.137,0.015,0.032,0.04,0.085,0.001,0.037,0.207,0.051,0.038,0.03,0.018,0.012,0.0,0.026,0.0,0.018,0.015
boumon1,Bougainville Monarch,monarcha erythrostictus,nominate,153082911,Hilary Burn,Male,Not specified,,Passeriformes,Monarchidae ,Monarch Flycatchers,0.008,0.05,0.108,0.017,0.0,0.001,0.009,0.051,0.073,0.038,0.02,0.0,0.03,0.137,0.012,0.004,0.054,0.068,0.004,0.0,0.146,0.0,0.063,0.107
yapmon1,Yap Monarch,monarcha godeffroyi,nominate,153083041,Hilary Burn,Male,Not specified,,Passeriformes,Monarchidae ,Monarch Flycatchers,0.006,0.034,0.086,0.001,0.001,0.0,0.062,0.013,0.0,0.0,0.001,0.0,0.041,0.308,0.004,0.0,0.211,0.026,0.0,0.003,0.09,0.0,0.019,0.094
yapmon1,Yap Monarch,monarcha godeffroyi,nominate,153474381,Hilary Burn,Female,Not specified,,Passeriformes,Monarchidae ,Monarch Flycatchers,0.001,0.02,0.186,0.0,0.001,0.0,0.032,0.011,0.0,0.0,0.0,0.0,0.032,0.162,0.0,0.0,0.156,0.048,0.0,0.0,0.181,0.0,0.018,0.152
tinmon1,Tinian Monarch,monarcha takatsukasae,nominate,153474371,Hilary Burn,Monomorphic,Not specified,,Passeriformes,Monarchidae ,Monarch Flycatchers,0.005,0.029,0.1,0.009,0.002,0.013,0.03,0.078,0.157,0.013,0.048,0.022,0.024,0.163,0.019,0.011,0.039,0.084,0.001,0.0,0.063,0.0,0.026,0.064
blasno1,Blanford's Snowfinch,montifringilla blanfordi,nominate,153176141,Tim Worfolk,Monomorphic,Not specified,,Passeriformes,Passeridae ,Old World Sparrows,0.004,0.037,0.025,0.035,0.0,0.011,0.078,0.039,0.018,0.015,0.037,0.0,0.065,0.326,0.141,0.001,0.046,0.028,0.0,0.0,0.027,0.001,0.048,0.018
blasno1,Blanford's Snowfinch,montifringilla blanfordi,ventorum,153176151,Tim Worfolk,Monomorphic,Not specified,,Passeriformes,Passeridae ,Old World Sparrows,0.001,0.12,0.018,0.002,0.0,0.033,0.108,0.032,0.019,0.001,0.036,0.0,0.103,0.278,0.021,0.0,0.057,0.022,0.0,0.0,0.023,0.0,0.102,0.024
pedsno1,Pere David's Snowfinch,montifringilla davidiana,nominate,153574141,Tim Worfolk,Monomorphic,Not specified,,Passeriformes,Passeridae ,Old World Sparrows,0.016,0.066,0.018,0.047,0.0,0.03,0.116,0.036,0.002,0.0,0.04,0.0,0.066,0.262,0.104,0.012,0.06,0.017,0.0,0.0,0.034,0.0,0.051,0.023
runsno1,Rufous-necked Snowfinch,montifringilla ruficollis,nominate,153574111,Tim Worfolk,Monomorphic,Not specified,,Passeriformes,Passeridae ,Old World Sparrows,0.011,0.1,0.036,0.015,0.0,0.031,0.089,0.042,0.023,0.02,0.051,0.0,0.065,0.249,0.034,0.005,0.059,0.038,0.001,0.0,0.026,0.0,0.08,0.025
whrsno1,White-rumped Snowfinch,montifringilla taczanowskii,nominate,153574091,Tim Worfolk,Monomorphic,Not specified,,Passeriformes,Passeridae ,Old World Sparrows,0.007,0.121,0.033,0.005,0.0,0.024,0.198,0.049,0.0,0.0,0.005,0.0,0.149,0.167,0.012,0.006,0.064,0.045,0.0,0.0,0.042,0.0,0.043,0.03
afgsno1,Afghan Snowfinch,montifringilla theresae,nominate,153574261,Tim Worfolk,Female,Not specified,,Passeriformes,Passeridae ,Old World Sparrows,0.013,0.092,0.029,0.037,0.0,0.088,0.078,0.033,0.0,0.0,0.068,0.0,0.092,0.148,0.126,0.003,0.048,0.027,0.0,0.0,0.036,0.0,0.06,0.022
afgsno1,Afghan Snowfinch,montifringilla theresae,nominate,153574281,Tim Worfolk,Male,Not specified,,Passeriformes,Passeridae ,Old World Sparrows,0.011,0.114,0.028,0.03,0.0,0.042,0.098,0.046,0.0,0.0,0.046,0.0,0.097,0.175,0.072,0.007,0.068,0.033,0.0,0.0,0.035,0.0,0.058,0.04
boclon2,Sao Tome Short-tail,motacilla bocagii,nominate,153578431,Hilary Burn,Monomorphic,Not specified,,Passeriformes,Motacillidae ,Wagtails and Pipits,0.065,0.014,0.041,0.05,0.0,0.019,0.017,0.019,0.027,0.072,0.038,0.001,0.012,0.162,0.021,0.1,0.046,0.024,0.01,0.0,0.118,0.0,0.022,0.122
astcra1,Ash-throated Crake,mustelirallus albicollis,nominate,152819981,Hilary Burn,Monomorphic,Not specified,,Gruiformes,Rallidae ,"Rails, Gallinules, and Coots",0.039,0.082,0.026,0.063,0.0,0.003,0.03,0.033,0.0,0.014,0.032,0.0,0.039,0.188,0.084,0.052,0.038,0.034,0.0,0.0,0.111,0.0,0.044,0.088
colcra2,Colombian Crake,mustelirallus colombianus,nominate,152819721,Hilary Burn,Monomorphic,Not specified,,Gruiformes,Rallidae ,"Rails, Gallinules, and Coots",0.102,0.058,0.025,0.138,0.0,0.006,0.011,0.064,0.007,0.036,0.014,0.0,0.015,0.217,0.043,0.077,0.005,0.046,0.007,0.0,0.029,0.0,0.069,0.031
pabcra,Paint-billed Crake,mustelirallus erythrops,nominate,152819741,Hilary Burn,Monomorphic,Not specified,,Gruiformes,Rallidae ,"Rails, Gallinules, and Coots",0.05,0.049,0.018,0.18,0.0,0.007,0.019,0.068,0.012,0.025,0.012,0.0,0.01,0.22,0.127,0.032,0.0,0.03,0.004,0.0,0.016,0.0,0.091,0.03
fifthr1,Finsch's Flycatcher-Thrush,neocossyphus finschi,nominate,153521931,Ian Willis,Monomorphic,Not specified,,Passeriformes,Turdidae ,Thrushes and Allies,0.112,0.011,0.113,0.093,0.0,0.014,0.023,0.052,0.038,0.064,0.026,0.0,0.013,0.151,0.03,0.035,0.001,0.08,0.011,0.0,0.034,0.0,0.043,0.056
rufthr1,Rufous Flycatcher-Thrush,neocossyphus fraseri,nominate,153140361,Ian Willis,Monomorphic,Not specified,,Passeriformes,Turdidae ,Thrushes and Allies,0.104,0.011,0.048,0.174,0.0,0.02,0.013,0.042,0.043,0.101,0.032,0.0,0.022,0.149,0.062,0.037,0.003,0.039,0.021,0.0,0.004,0.0,0.053,0.022
rufthr1,Rufous Flycatcher-Thrush,neocossyphus fraseri,vulpinus,153521911,Ian Willis,Monomorphic,Not specified,,Passeriformes,Turdidae ,Thrushes and Allies,0.024,0.012,0.013,0.037,0.0,0.026,0.022,0.02,0.134,0.332,0.061,0.006,0.012,0.127,0.02,0.011,0.003,0.01,0.085,0.0,0.004,0.0,0.03,0.011
boupar2,Bourke's Parrot,neophema bourkii,nominate,151431991,Richard Allen,Male,Not specified,,Psittaciformes,Psittaculidae ,Old World Parrots,0.039,0.034,0.011,0.044,0.042,0.006,0.036,0.03,0.011,0.057,0.061,0.0,0.03,0.202,0.064,0.049,0.079,0.018,0.031,0.011,0.079,0.0,0.02,0.046
shtpar3,Short-tailed Parrotbill,neosuthora davidiana,nominate,153118231,Hilary Burn,Monomorphic,Not specified,,Passeriformes,Sylviidae ,"Sylviid Warblers, Parrotbills, and Allies",0.07,0.018,0.015,0.086,0.0,0.032,0.018,0.033,0.01,0.155,0.1,0.0,0.022,0.2,0.084,0.058,0.005,0.016,0.017,0.0,0.014,0.0,0.029,0.018
shtpar3,Short-tailed Parrotbill,neosuthora davidiana,thompsoni,153349581,Hilary Burn,Monomorphic,Not specified,,Passeriformes,Sylviidae ,"Sylviid Warblers, Parrotbills, and Allies",0.066,0.069,0.021,0.066,0.0,0.011,0.021,0.076,0.002,0.011,0.043,0.0,0.037,0.188,0.043,0.064,0.01,0.056,0.116,0.0,0.013,0.0,0.059,0.028
gyholi1,Gray-headed Oliveback,nesocharis capistrata,nominate,153171961,Hilary Burn,Monomorphic,Not specified,,Passeriformes,Estrildidae ,Waxbills and Allies,0.016,0.104,0.02,0.028,0.0,0.036,0.048,0.055,0.042,0.0,0.091,0.019,0.117,0.113,0.099,0.012,0.014,0.041,0.0,0.0,0.021,0.032,0.071,0.021
solhao1,Solomons Boobook,ninox jacquinoti,floridae,151476921,Norman Arlott,Monomorphic,Not specified,,Strigiformes,Strigidae ,Owls,0.053,0.015,0.0,0.032,0.001,0.022,0.032,0.008,0.007,0.004,0.045,0.0,0.036,0.111,0.039,0.086,0.072,0.004,0.003,0.0,0.347,0.001,0.006,0.076
solhao1,Solomons Boobook,ninox jacquinoti,nominate,151476931,Norman Arlott,Monomorphic,Not specified,,Strigiformes,Strigidae ,Owls,0.057,0.006,0.005,0.028,0.0,0.017,0.008,0.008,0.016,0.029,0.017,0.0,0.009,0.113,0.013,0.129,0.078,0.002,0.01,0.0,0.347,0.0,0.007,0.101
solhao1,Solomons Boobook,ninox jacquinoti,mono,151476941,Norman Arlott,Monomorphic,Not specified,,Strigiformes,Strigidae ,Owls,0.04,0.015,0.003,0.022,0.0,0.015,0.034,0.01,0.013,0.021,0.023,0.002,0.019,0.114,0.01,0.137,0.061,0.008,0.007,0.0,0.348,0.001,0.008,0.089
solhao1,Solomons Boobook,ninox jacquinoti,granti,151476951,Ian Willis,Monomorphic,Not specified,,Strigiformes,Strigidae ,Owls,0.047,0.022,0.007,0.039,0.0,0.003,0.013,0.021,0.005,0.013,0.014,0.001,0.018,0.089,0.03,0.13,0.058,0.022,0.003,0.0,0.335,0.0,0.019,0.111
solhao1,Solomons Boobook,ninox jacquinoti,malaitae,151476961,Ian Willis,Monomorphic,Not specified,,Strigiformes,Strigidae ,Owls,0.052,0.004,0.007,0.021,0.0,0.008,0.01,0.01,0.0,0.005,0.003,0.0,0.007,0.109,0.009,0.16,0.066,0.006,0.008,0.0,0.403,0.0,0.007,0.105
solhao1,Solomons Boobook,ninox jacquinoti,roseoaxillaris,151476971,Ian Willis,Monomorphic,Not specified,,Strigiformes,Strigidae ,Owls,0.198,0.004,0.0,0.153,0.0,0.008,0.005,0.002,0.001,0.018,0.011,0.0,0.007,0.126,0.035,0.281,0.007,0.0,0.039,0.0,0.054,0.0,0.0,0.051
solhao1,Solomons Boobook,ninox jacquinoti,eichhorni,153003261,Francesc Jutglar,Monomorphic,Not specified,,Strigiformes,Strigidae ,Owls,0.051,0.025,0.003,0.027,0.0,0.023,0.017,0.011,0.012,0.007,0.023,0.001,0.013,0.085,0.013,0.224,0.035,0.012,0.002,0.0,0.325,0.0,0.017,0.074
yebcht1,Yellow-bellied Chat-Tyrant,ochthoeca diadema,nominate,153036621,John Cox,Monomorphic,Not specified,,Passeriformes,Tyrannidae ,Tyrant Flycatchers,0.086,0.011,0.086,0.087,0.0,0.058,0.01,0.028,0.003,0.0,0.082,0.01,0.009,0.144,0.109,0.013,0.044,0.055,0.0,0.0,0.05,0.004,0.017,0.094
yebcht1,Yellow-bellied Chat-Tyrant,ochthoeca diadema,gratiosa,153444251,John Cox,Monomorphic,Not specified,,Passeriformes,Tyrannidae ,Tyrant Flycatchers,0.147,0.013,0.161,0.097,0.0,0.04,0.008,0.024,0.003,0.001,0.036,0.011,0.014,0.135,0.047,0.025,0.034,0.079,0.0,0.0,0.018,0.0,0.015,0.092
crocht1,Crowned Chat-Tyrant,ochthoeca frontalis,spodionota,153036591,John Cox,Monomorphic,Not specified,,Passeriformes,Tyrannidae ,Tyrant Flycatchers,0.018,0.023,0.203,0.018,0.0,0.007,0.014,0.122,0.001,0.0,0.004,0.005,0.009,0.162,0.007,0.003,0.018,0.216,0.0,0.0,0.033,0.002,0.036,0.099
crocht1,Crowned Chat-Tyrant,ochthoeca frontalis,boliviana,153444151,John Cox,Monomorphic,Not specified,,Passeriformes,Tyrannidae ,Tyrant Flycatchers,0.018,0.017,0.216,0.008,0.0,0.005,0.009,0.12,0.001,0.0,0.011,0.009,0.012,0.157,0.011,0.002,0.018,0.229,0.0,0.0,0.029,0.002,0.035,0.091
crocht1,Crowned Chat-Tyrant,ochthoeca frontalis,nominate,153444161,John Cox,Monomorphic,Not specified,,Passeriformes,Tyrannidae ,Tyrant Flycatchers,0.028,0.017,0.269,0.002,0.0,0.006,0.015,0.077,0.001,0.0,0.003,0.008,0.032,0.105,0.0,0.006,0.022,0.247,0.0,0.0,0.024,0.001,0.024,0.113
jelcht1,Jelski's Chat-Tyrant,ochthoeca jelskii,nominate,153036601,John Cox,Monomorphic,Not specified,,Passeriformes,Tyrannidae ,Tyrant Flycatchers,0.051,0.037,0.238,0.024,0.0,0.006,0.015,0.087,0.001,0.005,0.003,0.002,0.025,0.139,0.01,0.012,0.015,0.09,0.0,0.0,0.037,0.0,0.091,0.112
gobcht1,Golden-browed Chat-Tyrant,ochthoeca pulchella,nominate,153036611,John Cox,Monomorphic,Not specified,,Passeriformes,Tyrannidae ,Tyrant Flycatchers,0.025,0.017,0.245,0.017,0.0,0.014,0.009,0.088,0.001,0.004,0.007,0.007,0.005,0.16,0.013,0.01,0.02,0.24,0.0,0.0,0.031,0.001,0.023,0.063
pyweye1,Pygmy White-eye,oculocincta squamifrons,nominate,153119061,Doug Pratt,Monomorphic,Not specified,,Passeriformes,Zosteropidae ,"White-eyes, Yuhinas, and Allies",0.128,0.016,0.04,0.029,0.0,0.059,0.022,0.026,0.011,0.0,0.092,0.0,0.013,0.189,0.048,0.103,0.026,0.029,0.0,0.0,0.051,0.016,0.031,0.071
gyhsil1,Gray-headed Silverbill,odontospiza griseicapilla,nominate,153172711,Hilary Burn,Monomorphic,Not specified,,Passeriformes,Estrildidae ,Waxbills and Allies,0.004,0.106,0.063,0.021,0.0,0.017,0.046,0.113,0.0,0.0,0.079,0.0,0.091,0.157,0.067,0.003,0.007,0.077,0.0,0.0,0.017,0.0,0.1,0.032
heuwhe1,Heuglin's Wheatear,oenanthe heuglini,nominate,153155951,Tim Worfolk,Monomorphic,Not specified,,Passeriformes,Muscicapidae ,Old World Flycatchers,0.013,0.026,0.098,0.013,0.0,0.026,0.03,0.021,0.05,0.035,0.122,0.0,0.028,0.209,0.025,0.004,0.081,0.058,0.0,0.0,0.06,0.0,0.026,0.075
origoo1,Orinoco Goose,oressochen jubatus,nominate,153380961,Francesc Jutglar,Monomorphic,Not specified,,Anseriformes,Anatidae ,"Ducks, Geese, and Waterfowl",0.022,0.083,0.009,0.029,0.0,0.0,0.012,0.032,0.0,0.021,0.013,0.0,0.055,0.116,0.045,0.107,0.104,0.011,0.103,0.0,0.127,0.0,0.064,0.047
andgoo1,Andean Goose,oressochen melanopterus,nominate,153380971,Francesc Jutglar,Monomorphic,Not specified,,Anseriformes,Anatidae ,"Ducks, Geese, and Waterfowl",0.002,0.077,0.026,0.006,0.0,0.0,0.19,0.03,0.0,0.009,0.004,0.0,0.153,0.099,0.013,0.019,0.04,0.009,0.026,0.0,0.099,0.0,0.068,0.13
weswhi2,Western Whistler,pachycephala occidentalis,nominate,153459871,Norman Arlott,Male,Not specified,,Passeriformes,Pachycephalidae ,Whistlers and Allies,0.087,0.023,0.036,0.096,0.0,0.002,0.01,0.018,0.049,0.005,0.005,0.137,0.006,0.147,0.042,0.029,0.066,0.016,0.0,0.0,0.1,0.008,0.014,0.104
comwea1,Compact Weaver,pachyphantes superciliosus,nominate,153546251,Tim Worfolk,Male,Not specified,,Passeriformes,Ploceidae ,Weavers and Allies,0.07,0.017,0.028,0.064,0.0,0.012,0.017,0.014,0.059,0.012,0.036,0.214,0.025,0.162,0.055,0.084,0.037,0.017,0.007,0.0,0.026,0.002,0.017,0.025
bbopar1,Blue Bird-of-Paradise,paradisaea rudolphi,nominate,153088981,Chris Rose,Male,Not specified,,Passeriformes,Paradisaeidae ,Birds-of-Paradise,0.011,0.015,0.05,0.023,0.041,0.02,0.077,0.017,0.0,0.002,0.026,0.0,0.043,0.291,0.018,0.005,0.09,0.031,0.001,0.112,0.052,0.0,0.007,0.068
bbopar1,Blue Bird-of-Paradise,paradisaea rudolphi,nominate,153480141,Chris Rose,Female,Not specified,,Passeriformes,Paradisaeidae ,Birds-of-Paradise,0.025,0.011,0.049,0.029,0.201,0.002,0.008,0.084,0.006,0.008,0.007,0.0,0.022,0.081,0.006,0.051,0.099,0.084,0.0,0.054,0.08,0.0,0.008,0.085
abycat1,Abyssinian Catbird,parophasma galinieri,nominate,153117661,Tim Worfolk,Monomorphic,Not specified,,Passeriformes,Sylviidae ,"Sylviid Warblers, Parrotbills, and Allies",0.007,0.039,0.082,0.013,0.0,0.0,0.019,0.23,0.002,0.007,0.0,0.0,0.021,0.121,0.0,0.004,0.019,0.132,0.004,0.0,0.025,0.0,0.222,0.053
gretit4,Japanese Tit,parus minor,nominate,153092761,Hilary Burn,Male,Not specified,,Passeriformes,Paridae ,"Tits, Chickadees, and Titmice",0.005,0.048,0.051,0.009,0.0,0.0,0.174,0.049,0.002,0.0,0.003,0.001,0.097,0.231,0.004,0.003,0.077,0.064,0.0,0.0,0.061,0.005,0.056,0.06
gretit4,Japanese Tit,parus minor,cinereus,153483291,Hilary Burn,Male,Not specified,,Passeriformes,Paridae ,"Tits, Chickadees, and Titmice",0.009,0.086,0.082,0.011,0.001,0.0,0.039,0.077,0.0,0.0,0.003,0.0,0.049,0.161,0.006,0.004,0.146,0.078,0.0,0.0,0.091,0.0,0.095,0.062
whtfra2,White-throated Francolin,peliperdix albogularis,nominate,152998971,Norman Arlott,Female,Not specified,,Galliformes,Phasianidae ,"Pheasants, Grouse, and Allies",0.024,0.026,0.001,0.084,0.0,0.108,0.032,0.01,0.033,0.082,0.136,0.007,0.057,0.171,0.099,0.036,0.002,0.001,0.055,0.0,0.007,0.001,0.022,0.006
whtfra2,White-throated Francolin,peliperdix albogularis,nominate,152998981,Norman Arlott,Male,Not specified,,Galliformes,Phasianidae ,"Pheasants, Grouse, and Allies",0.027,0.028,0.003,0.047,0.0,0.1,0.039,0.008,0.033,0.047,0.147,0.008,0.057,0.181,0.039,0.049,0.0,0.004,0.149,0.0,0.005,0.0,0.015,0.014
whtfra2,White-throated Francolin,peliperdix albogularis,dewittei,152999011,Norman Arlott,Male,Not specified,,Galliformes,Phasianidae ,"Pheasants, Grouse, and Allies",0.033,0.015,0.001,0.069,0.0,0.085,0.022,0.002,0.038,0.126,0.123,0.005,0.025,0.17,0.071,0.039,0.003,0.003,0.151,0.0,0.003,0.002,0.009,0.005
whtfra2,White-throated Francolin,peliperdix albogularis,dewittei,153395821,Norman Arlott,Female,Not specified,,Galliformes,Phasianidae ,"Pheasants, Grouse, and Allies",0.064,0.012,0.005,0.104,0.0,0.114,0.033,0.007,0.011,0.048,0.133,0.001,0.014,0.152,0.112,0.08,0.007,0.004,0.078,0.0,0.007,0.0,0.007,0.007
coqfra2,Coqui Francolin,peliperdix coqui,nominate,152998931,Norman Arlott,Female,Not specified,,Galliformes,Phasianidae ,"Pheasants, Grouse, and Allies",0.076,0.034,0.025,0.08,0.0,0.031,0.036,0.019,0.021,0.052,0.064,0.004,0.044,0.144,0.077,0.078,0.015,0.024,0.027,0.0,0.058,0.001,0.029,0.061
coqfra2,Coqui Francolin,peliperdix coqui,nominate,152998941,Norman Arlott,Male,Not specified,,Galliformes,Phasianidae ,"Pheasants, Grouse, and Allies",0.062,0.045,0.044,0.073,0.0,0.019,0.029,0.021,0.059,0.037,0.044,0.004,0.066,0.144,0.041,0.073,0.018,0.036,0.011,0.0,0.062,0.0,0.036,0.076
coqfra2,Coqui Francolin,peliperdix coqui,hubbardi,152998961,Norman Arlott,Male,Not specified,,Galliformes,Phasianidae ,"Pheasants, Grouse, and Allies",0.06,0.041,0.021,0.068,0.0,0.051,0.076,0.032,0.065,0.027,0.063,0.004,0.091,0.167,0.057,0.047,0.01,0.023,0.001,0.0,0.026,0.0,0.042,0.028
schfra2,Schlegel's Francolin,peliperdix schlegelii,nominate,152999031,Norman Arlott,Female,Not specified,,Galliformes,Phasianidae ,"Pheasants, Grouse, and Allies",0.033,0.021,0.005,0.084,0.0,0.148,0.022,0.011,0.037,0.045,0.079,0.013,0.038,0.165,0.068,0.042,0.003,0.012,0.112,0.0,0.014,0.0,0.035,0.013
schfra2,Schlegel's Francolin,peliperdix schlegelii,nominate,153395871,Norman Arlott,Male,Not specified,,Galliformes,Phasianidae ,"Pheasants, Grouse, and Allies",0.047,0.043,0.01,0.059,0.0,0.033,0.055,0.021,0.042,0.049,0.037,0.017,0.045,0.221,0.029,0.074,0.009,0.021,0.109,0.0,0.033,0.0,0.023,0.023
paltit2,Palawan Tit,periparus amabilis,nominate,153091501,Hilary Burn,Female,Not specified,,Passeriformes,Paridae ,"Tits, Chickadees, and Titmice",0.006,0.028,0.07,0.044,0.0,0.052,0.033,0.024,0.017,0.009,0.02,0.146,0.02,0.126,0.022,0.008,0.038,0.041,0.0,0.0,0.14,0.002,0.038,0.116
paltit2,Palawan Tit,periparus amabilis,nominate,153091511,Hilary Burn,Male,Not specified,,Passeriformes,Paridae ,"Tits, Chickadees, and Titmice",0.004,0.012,0.047,0.007,0.0,0.041,0.042,0.025,0.033,0.01,0.017,0.148,0.026,0.187,0.007,0.009,0.112,0.026,0.0,0.0,0.159,0.002,0.013,0.073
eletit2,Elegant Tit,periparus elegans,nominate,153091451,Hilary Burn,Female,Not specified,,Passeriformes,Paridae ,"Tits, Chickadees, and Titmice",0.013,0.028,0.063,0.034,0.0,0.082,0.03,0.031,0.031,0.003,0.029,0.078,0.021,0.154,0.034,0.008,0.039,0.048,0.0,0.0,0.149,0.001,0.028,0.096
eletit2,Elegant Tit,periparus elegans,nominate,153091471,Hilary Burn,Male,Not specified,,Passeriformes,Paridae ,"Tits, Chickadees, and Titmice",0.01,0.019,0.056,0.02,0.0,0.03,0.02,0.031,0.042,0.005,0.011,0.15,0.023,0.168,0.011,0.003,0.131,0.027,0.0,0.0,0.143,0.005,0.023,0.072
eletit2,Elegant Tit,periparus elegans,mindanensis,153091491,Hilary Burn,Male,Not specified,,Passeriformes,Paridae ,"Tits, Chickadees, and Titmice",0.023,0.023,0.05,0.039,0.0,0.06,0.044,0.022,0.03,0.009,0.036,0.086,0.021,0.135,0.038,0.015,0.073,0.034,0.0,0.0,0.16,0.007,0.019,0.076
eletit2,Elegant Tit,periparus elegans,mindanensis,153482391,Hilary Burn,Female,Not specified,,Passeriformes,Paridae ,"Tits, Chickadees, and Titmice",0.049,0.014,0.048,0.076,0.0,0.088,0.017,0.014,0.028,0.005,0.044,0.069,0.012,0.15,0.05,0.047,0.04,0.022,0.0,0.0,0.107,0.005,0.008,0.107
yebtit4,Yellow-bellied Tit,periparus venustulus,nominate,153091421,Hilary Burn,Female,Not specified,,Passeriformes,Paridae ,"Tits, Chickadees, and Titmice",0.031,0.03,0.053,0.069,0.0,0.049,0.049,0.052,0.02,0.002,0.038,0.107,0.036,0.194,0.043,0.012,0.008,0.062,0.0,0.0,0.046,0.002,0.034,0.063
yebtit4,Yellow-bellied Tit,periparus venustulus,nominate,153482361,Hilary Burn,Male,Not specified,,Passeriformes,Paridae ,"Tits, Chickadees, and Titmice",0.022,0.023,0.053,0.028,0.0,0.025,0.016,0.03,0.055,0.004,0.022,0.141,0.022,0.169,0.018,0.007,0.081,0.057,0.0,0.0,0.132,0.001,0.03,0.064
rabgro1,Red-and-black Grosbeak,periporphyrus erythromelas,nominate,153235811,Brian Small,Female,Not specified,,Passeriformes,Cardinalidae ,Cardinals and Allies,0.124,0.007,0.024,0.055,0.0,0.0,0.004,0.016,0.229,0.016,0.004,0.02,0.005,0.098,0.016,0.061,0.058,0.021,0.0,0.0,0.043,0.155,0.011,0.033
rabgro1,Red-and-black Grosbeak,periporphyrus erythromelas,nominate,153235841,Brian Small,Male,Not specified,,Passeriformes,Cardinalidae ,Cardinals and Allies,0.021,0.009,0.032,0.03,0.0,0.001,0.021,0.009,0.003,0.128,0.002,0.0,0.019,0.13,0.007,0.066,0.06,0.015,0.354,0.001,0.059,0.0,0.009,0.024
eursha1,European Shag,phalacrocorax aristotelis,nominate,151493191,Lluís Sanz,Monomorphic,Not specified,,Suliformes,Phalacrocoracidae ,Cormorants and Shags,0.002,0.008,0.187,0.001,0.0,0.0,0.006,0.009,0.001,0.0,0.0,0.0,0.005,0.133,0.0,0.0,0.05,0.023,0.0,0.0,0.234,0.002,0.007,0.332
impcor1,Imperial Cormorant,phalacrocorax atriceps,albiventer,151492741,Francesc Jutglar,Monomorphic,Not specified,,Suliformes,Phalacrocoracidae ,Cormorants and Shags,0.004,0.027,0.039,0.003,0.0,0.001,0.122,0.008,0.002,0.009,0.005,0.0,0.058,0.211,0.003,0.008,0.137,0.013,0.023,0.0,0.227,0.0,0.016,0.084
impcor1,Imperial Cormorant,phalacrocorax atriceps,nominate,151492751,Francesc Jutglar,Monomorphic,Not specified,,Suliformes,Phalacrocoracidae ,Cormorants and Shags,0.003,0.052,0.031,0.003,0.001,0.008,0.097,0.009,0.0,0.008,0.013,0.0,0.062,0.217,0.005,0.003,0.172,0.014,0.023,0.002,0.216,0.0,0.009,0.052
doccor,Double-crested Cormorant,phalacrocorax auritus,nominate,151493051,Lluís Sanz,Monomorphic,Not specified,,Suliformes,Phalacrocoracidae ,Cormorants and Shags,0.002,0.011,0.074,0.003,0.0,0.014,0.008,0.031,0.003,0.003,0.01,0.002,0.019,0.125,0.002,0.0,0.098,0.049,0.0,0.0,0.306,0.0,0.018,0.222
guacor1,Guanay Cormorant,phalacrocorax bougainvillii,nominate,151492721,Lluís Sanz,Monomorphic,Not specified,,Suliformes,Phalacrocoracidae ,Cormorants and Shags,0.003,0.031,0.091,0.004,0.0,0.004,0.033,0.015,0.0,0.005,0.021,0.0,0.068,0.195,0.015,0.001,0.115,0.021,0.002,0.0,0.177,0.0,0.018,0.181
antsha1,Antarctic Shag,phalacrocorax bransfieldensis,nominate,151492771,Francesc Jutglar,Monomorphic,Not specified,,Suliformes,Phalacrocoracidae ,Cormorants and Shags,0.003,0.06,0.046,0.003,0.0,0.003,0.085,0.016,0.0,0.003,0.012,0.0,0.051,0.178,0.004,0.004,0.187,0.015,0.006,0.0,0.23,0.0,0.013,0.081
neocor,Neotropic Cormorant,phalacrocorax brasilianus,nominate,151493091,Lluís Sanz,Monomorphic,Not specified,,Suliformes,Phalacrocoracidae ,Cormorants and Shags,0.002,0.013,0.046,0.004,0.0,0.007,0.01,0.015,0.002,0.001,0.012,0.0,0.011,0.197,0.009,0.0,0.196,0.026,0.0,0.0,0.328,0.0,0.013,0.108
caisha2,Campbell Islands Shag,phalacrocorax campbelli,nominate,151492981,Francesc Jutglar,Monomorphic,Not specified,,Suliformes,Phalacrocoracidae ,Cormorants and Shags,0.007,0.036,0.039,0.008,0.0,0.004,0.1,0.013,0.001,0.013,0.013,0.0,0.044,0.169,0.017,0.004,0.186,0.012,0.003,0.0,0.247,0.0,0.011,0.073
rofsha1,New Zealand King Shag,phalacrocorax carunculatus,nominate,151492891,Francesc Jutglar,Monomorphic,Not specified,,Suliformes,Phalacrocoracidae ,Cormorants and Shags,0.004,0.04,0.06,0.013,0.0,0.005,0.12,0.01,0.001,0.0,0.02,0.0,0.053,0.217,0.019,0.002,0.051,0.023,0.0,0.0,0.255,0.0,0.016,0.091
brosha1,Stewart Island Shag,phalacrocorax chalconotus,nominate,151492901,Francesc Jutglar,Monomorphic,Not specified,dark morph,Suliformes,Phalacrocoracidae ,Cormorants and Shags,0.0,0.009,0.025,0.006,0.0,0.002,0.011,0.005,0.0,0.005,0.014,0.0,0.012,0.158,0.002,0.002,0.192,0.007,0.003,0.002,0.429,0.0,0.006,0.11
brosha1,Stewart Island Shag,phalacrocorax chalconotus,nominate,151492951,Francesc Jutglar,Monomorphic,Not specified,pale morph,Suliformes,Phalacrocoracidae ,Cormorants and Shags,0.002,0.038,0.044,0.004,0.001,0.0,0.186,0.007,0.001,0.007,0.011,0.0,0.105,0.205,0.012,0.002,0.062,0.008,0.005,0.0,0.209,0.0,0.015,0.076
auisha1,Auckland Islands Shag,phalacrocorax colensoi,nominate,151493041,Francesc Jutglar,Monomorphic,Not specified,,Suliformes,Phalacrocoracidae ,Cormorants and Shags,0.006,0.022,0.037,0.006,0.0,0.0,0.077,0.014,0.001,0.016,0.009,0.0,0.062,0.18,0.007,0.013,0.072,0.015,0.006,0.0,0.331,0.0,0.013,0.113
relcor1,Red-legged Cormorant,phalacrocorax gaimardi,nominate,151492691,Francesc Jutglar,Monomorphic,Not specified,,Suliformes,Phalacrocoracidae ,Cormorants and Shags,0.041,0.032,0.108,0.017,0.0,0.0,0.026,0.137,0.0,0.007,0.002,0.0,0.013,0.165,0.011,0.023,0.005,0.131,0.029,0.0,0.074,0.0,0.071,0.108
sogsha1,South Georgia Shag,phalacrocorax georgianus,nominate,151492801,Francesc Jutglar,Monomorphic,Not specified,,Suliformes,Phalacrocoracidae ,Cormorants and Shags,0.005,0.059,0.046,0.006,0.0,0.002,0.146,0.009,0.001,0.013,0.017,0.0,0.084,0.161,0.011,0.003,0.085,0.021,0.006,0.0,0.221,0.0,0.014,0.09
flicor1,Flightless Cormorant,phalacrocorax harrisi,nominate,151493131,Francesc Jutglar,Monomorphic,Not specified,,Suliformes,Phalacrocoracidae ,Cormorants and Shags,0.023,0.01,0.13,0.004,0.0,0.002,0.007,0.034,0.0,0.002,0.001,0.0,0.005,0.129,0.002,0.055,0.047,0.087,0.0,0.0,0.21,0.0,0.016,0.236
magcor1,Magellanic Cormorant,phalacrocorax magellanicus,nominate,151492711,Lluís Sanz,Monomorphic,Not specified,,Suliformes,Phalacrocoracidae ,Cormorants and Shags,0.004,0.041,0.106,0.004,0.0,0.002,0.057,0.01,0.0,0.008,0.01,0.0,0.11,0.18,0.012,0.003,0.138,0.022,0.011,0.0,0.142,0.0,0.024,0.116
crosha1,Crozet Shag,phalacrocorax melanogenis,nominate,151492831,Francesc Jutglar,Monomorphic,Not specified,,Suliformes,Phalacrocoracidae ,Cormorants and Shags,0.003,0.051,0.024,0.003,0.0,0.007,0.168,0.011,0.001,0.016,0.018,0.0,0.078,0.279,0.008,0.001,0.093,0.013,0.018,0.0,0.139,0.0,0.011,0.058
heisha1,Heard Island Shag,phalacrocorax nivalis,nominate,151492821,Francesc Jutglar,Monomorphic,Not specified,,Suliformes,Phalacrocoracidae ,Cormorants and Shags,0.002,0.046,0.029,0.001,0.0,0.003,0.172,0.008,0.001,0.006,0.013,0.0,0.086,0.197,0.004,0.003,0.168,0.017,0.016,0.0,0.153,0.0,0.015,0.06
chisha1,Chatham Islands Shag,phalacrocorax onslowi,nominate,151492971,Francesc Jutglar,Monomorphic,Not specified,,Suliformes,Phalacrocoracidae ,Cormorants and Shags,0.001,0.022,0.079,0.007,0.0,0.004,0.12,0.01,0.002,0.012,0.013,0.0,0.044,0.193,0.008,0.001,0.029,0.026,0.001,0.001,0.272,0.0,0.012,0.143
pelcor,Pelagic Cormorant,phalacrocorax pelagicus,nominate,151493161,Lluís Sanz,Monomorphic,Not specified,,Suliformes,Phalacrocoracidae ,Cormorants and Shags,0.003,0.007,0.193,0.001,0.001,0.001,0.01,0.016,0.0,0.0,0.0,0.0,0.016,0.162,0.002,0.001,0.082,0.027,0.002,0.0,0.205,0.0,0.014,0.257
bracor,Brandt's Cormorant,phalacrocorax penicillatus,nominate,151493141,Lluís Sanz,Monomorphic,Not specified,,Suliformes,Phalacrocoracidae ,Cormorants and Shags,0.01,0.004,0.15,0.011,0.0,0.001,0.005,0.008,0.0,0.001,0.077,0.0,0.006,0.119,0.026,0.001,0.021,0.035,0.0,0.0,0.21,0.0,0.005,0.31
palcor1,Pallas's Cormorant,phalacrocorax perspicillatus,nominate,153730291,Brian Small,Monomorphic,Not specified,,Suliformes,Phalacrocoracidae ,Cormorants and Shags,0.001,0.009,0.114,0.003,0.0,0.0,0.02,0.037,0.0,0.0,0.0,0.0,0.009,0.089,0.003,0.001,0.331,0.04,0.0,0.025,0.156,0.0,0.016,0.146
macsha1,Macquarie Shag,phalacrocorax purpurascens,nominate,151492851,Francesc Jutglar,Monomorphic,Not specified,,Suliformes,Phalacrocoracidae ,Cormorants and Shags,0.004,0.068,0.023,0.006,0.0,0.0,0.133,0.005,0.0,0.002,0.009,0.0,0.071,0.188,0.005,0.023,0.18,0.008,0.014,0.001,0.199,0.0,0.015,0.046
boisha1,Bounty Islands Shag,phalacrocorax ranfurlyi,nominate,151493011,Francesc Jutglar,Monomorphic,Not specified,,Suliformes,Phalacrocoracidae ,Cormorants and Shags,0.006,0.02,0.047,0.012,0.0,0.001,0.05,0.005,0.0,0.011,0.003,0.0,0.028,0.152,0.005,0.003,0.247,0.012,0.01,0.0,0.279,0.0,0.018,0.091
refcor,Red-faced Cormorant,phalacrocorax urile,nominate,151493171,Lluís Sanz,Monomorphic,Not specified,,Suliformes,Phalacrocoracidae ,Cormorants and Shags,0.005,0.046,0.094,0.001,0.0,0.019,0.016,0.019,0.0,0.0,0.024,0.0,0.01,0.147,0.008,0.001,0.261,0.038,0.008,0.0,0.183,0.0,0.014,0.106
kersha1,Kerguelen Shag,phalacrocorax verrucosus,nominate,151492861,Francesc Jutglar,Monomorphic,Not specified,,Suliformes,Phalacrocoracidae ,Cormorants and Shags,0.004,0.062,0.021,0.004,0.0,0.0,0.135,0.013,0.001,0.001,0.012,0.0,0.088,0.201,0.007,0.008,0.137,0.015,0.001,0.0,0.22,0.0,0.015,0.055
wilpha,Wilson's Phalarope,phalaropus tricolor,nominate,151499571,Etel Vilaró,Female,Adult,breeding,Charadriiformes,Scolopacidae ,Sandpipers and Allies,0.017,0.044,0.024,0.029,0.0,0.041,0.224,0.022,0.002,0.026,0.03,0.0,0.113,0.194,0.021,0.019,0.008,0.017,0.074,0.0,0.031,0.0,0.036,0.028
wilpha,Wilson's Phalarope,phalaropus tricolor,nominate,151499591,Etel Vilaró,Male,Adult,breeding,Charadriiformes,Scolopacidae ,Sandpipers and Allies,0.051,0.038,0.059,0.053,0.0,0.037,0.219,0.044,0.002,0.023,0.019,0.0,0.078,0.162,0.024,0.036,0.007,0.036,0.03,0.0,0.021,0.0,0.021,0.04
wilpha,Wilson's Phalarope,phalaropus tricolor,nominate,153002231,Etel Vilaró,Monomorphic,Adult,non-breeding,Charadriiformes,Scolopacidae ,Sandpipers and Allies,0.003,0.052,0.004,0.029,0.0,0.014,0.235,0.136,0.019,0.013,0.012,0.0,0.147,0.181,0.017,0.0,0.0,0.015,0.001,0.0,0.0,0.0,0.118,0.004
bramar1,Brazza's Martin,phedina brazzae,nominate,153108981,Hilary Burn,Monomorphic,Not specified,,Passeriformes,Hirundinidae ,Swallows,0.023,0.04,0.2,0.011,0.0,0.0,0.037,0.06,0.0,0.0,0.0,0.0,0.043,0.144,0.007,0.015,0.028,0.122,0.0,0.0,0.079,0.0,0.049,0.142
chwfog1,Chestnut-winged Foliage-gleaner,philydor erythropterum,nominate,153022371,Tim Worfolk,Monomorphic,Not specified,,Passeriformes,Furnariidae ,Ovenbirds and Woodcreepers,0.021,0.015,0.004,0.11,0.0,0.103,0.045,0.031,0.015,0.148,0.081,0.0,0.107,0.169,0.088,0.017,0.004,0.005,0.004,0.0,0.004,0.0,0.024,0.005
bffgle,Buff-fronted Foliage-gleaner,philydor rufum,columbianum,153022381,Tim Worfolk,Monomorphic,Not specified,,Passeriformes,Furnariidae ,Ovenbirds and Woodcreepers,0.035,0.013,0.009,0.098,0.0,0.018,0.017,0.015,0.148,0.1,0.082,0.019,0.015,0.169,0.148,0.033,0.0,0.015,0.016,0.0,0.011,0.001,0.026,0.012
bffgle,Buff-fronted Foliage-gleaner,philydor rufum,riveti,153022391,Tim Worfolk,Monomorphic,Not specified,,Passeriformes,Furnariidae ,Ovenbirds and Woodcreepers,0.065,0.006,0.006,0.174,0.0,0.042,0.029,0.013,0.094,0.205,0.059,0.004,0.016,0.154,0.059,0.026,0.001,0.014,0.016,0.0,0.001,0.001,0.004,0.011
bffgle,Buff-fronted Foliage-gleaner,philydor rufum,nominate,153022401,Tim Worfolk,Monomorphic,Not specified,,Passeriformes,Furnariidae ,Ovenbirds and Woodcreepers,0.041,0.01,0.014,0.1,0.0,0.024,0.021,0.044,0.13,0.18,0.068,0.035,0.011,0.146,0.122,0.019,0.001,0.012,0.006,0.0,0.003,0.0,0.006,0.007
cobowl1,Congo Bay-Owl,phodilus prigoginei,nominate,151490861,Mark Hulme,Monomorphic,Not specified,,Strigiformes,Tytonidae ,Barn-Owls,0.047,0.022,0.006,0.032,0.0,0.039,0.014,0.007,0.055,0.102,0.132,0.0,0.011,0.088,0.058,0.159,0.035,0.01,0.092,0.0,0.052,0.0,0.01,0.029
forwoo1,Forest Woodhoopoe,phoeniculus castaneiceps,brummeiceps,151474611,Hilary Burn,Male,Not specified,,Bucerotiformes,Phoeniculidae ,Woodhoopoes and Scimitarbills,0.004,0.022,0.178,0.009,0.045,0.003,0.015,0.104,0.01,0.019,0.006,0.0,0.002,0.136,0.006,0.007,0.011,0.145,0.0,0.023,0.074,0.0,0.051,0.13
forwoo1,Forest Woodhoopoe,phoeniculus castaneiceps,nominate,151474651,Hilary Burn,Female,Not specified,,Bucerotiformes,Phoeniculidae ,Woodhoopoes and Scimitarbills,0.003,0.014,0.166,0.004,0.014,0.001,0.013,0.069,0.017,0.05,0.006,0.0,0.008,0.156,0.005,0.01,0.016,0.14,0.043,0.012,0.09,0.0,0.033,0.13
forwoo1,Forest Woodhoopoe,phoeniculus castaneiceps,nominate,151474671,Hilary Burn,Male,Not specified,,Bucerotiformes,Phoeniculidae ,Woodhoopoes and Scimitarbills,0.003,0.01,0.13,0.006,0.033,0.0,0.008,0.072,0.001,0.057,0.005,0.0,0.007,0.161,0.004,0.008,0.008,0.15,0.049,0.013,0.107,0.0,0.036,0.132
leaf-l1,Leaf-love,phyllastrephus scandens,orientalis,153497971,Hilary Burn,Monomorphic,Not specified,,Passeriformes,Pycnonotidae ,Bulbuls,0.069,0.034,0.052,0.026,0.0,0.045,0.033,0.037,0.002,0.003,0.083,0.0,0.029,0.196,0.057,0.101,0.044,0.047,0.015,0.0,0.038,0.0,0.036,0.053
leaf-l1,Leaf-love,phyllastrephus scandens,nominate,153497991,Hilary Burn,Monomorphic,Not specified,,Passeriformes,Pycnonotidae ,Bulbuls,0.101,0.024,0.02,0.044,0.0,0.005,0.025,0.049,0.001,0.018,0.134,0.0,0.014,0.195,0.059,0.138,0.027,0.033,0.007,0.0,0.032,0.0,0.043,0.031
chabrt1,Chapman's Bristle-Tyrant,phylloscartes chapmani,nominate,153030921,Brian Small,Monomorphic,Not specified,,Passeriformes,Tyrannidae ,Tyrant Flycatchers,0.089,0.009,0.027,0.015,0.0,0.057,0.007,0.021,0.085,0.005,0.041,0.053,0.006,0.164,0.039,0.029,0.06,0.026,0.0,0.0,0.052,0.16,0.011,0.044
sobtyr2,Southern Bristle-Tyrant,phylloscartes eximius,nominate,153031001,Brian Small,Monomorphic,Not specified,,Passeriformes,Tyrannidae ,Tyrant Flycatchers,0.03,0.02,0.025,0.008,0.0,0.025,0.021,0.055,0.068,0.0,0.042,0.143,0.01,0.201,0.029,0.017,0.034,0.024,0.0,0.0,0.051,0.109,0.045,0.043
anbtyr1,Antioquia Bristle-Tyrant,phylloscartes lanyoni,nominate,153030971,Brian Small,Monomorphic,Not specified,,Passeriformes,Tyrannidae ,Tyrant Flycatchers,0.035,0.015,0.024,0.017,0.0,0.025,0.024,0.051,0.077,0.0,0.029,0.138,0.012,0.153,0.025,0.013,0.041,0.031,0.0,0.0,0.052,0.181,0.018,0.039
mfbtyr1,Marble-faced Bristle-Tyrant,phylloscartes ophthalmicus,nominate,153030931,Brian Small,Monomorphic,Not specified,,Passeriformes,Tyrannidae ,Tyrant Flycatchers,0.046,0.039,0.035,0.007,0.0,0.05,0.016,0.061,0.052,0.0,0.026,0.029,0.014,0.148,0.017,0.011,0.071,0.043,0.0,0.0,0.04,0.223,0.038,0.034
mfbtyr1,Marble-faced Bristle-Tyrant,phylloscartes ophthalmicus,ottonis,153030941,Brian Small,Monomorphic,Not specified,,Passeriformes,Tyrannidae ,Tyrant Flycatchers,0.025,0.048,0.035,0.013,0.0,0.03,0.065,0.114,0.029,0.0,0.017,0.001,0.044,0.148,0.011,0.012,0.063,0.056,0.0,0.0,0.042,0.119,0.082,0.046
spbtyr1,Spectacled Bristle-Tyrant,phylloscartes orbitalis,nominate,153030981,Brian Small,Monomorphic,Not specified,,Passeriformes,Tyrannidae ,Tyrant Flycatchers,0.05,0.016,0.037,0.013,0.0,0.02,0.033,0.052,0.096,0.0,0.039,0.098,0.02,0.173,0.038,0.008,0.032,0.04,0.0,0.0,0.035,0.138,0.024,0.038
vabtyr1,Variegated Bristle-Tyrant,phylloscartes poecilotis,nominate,153435231,Brian Small,Monomorphic,Not specified,,Passeriformes,Tyrannidae ,Tyrant Flycatchers,0.051,0.01,0.037,0.018,0.0,0.016,0.019,0.034,0.081,0.011,0.04,0.112,0.021,0.175,0.03,0.021,0.052,0.042,0.0,0.0,0.046,0.131,0.014,0.039
vebtyr2,Venezuelan Bristle-Tyrant,phylloscartes venezuelanus,nominate,153030961,Brian Small,Monomorphic,Not specified,,Passeriformes,Tyrannidae ,Tyrant Flycatchers,0.048,0.03,0.03,0.021,0.0,0.064,0.029,0.072,0.013,0.0,0.062,0.044,0.016,0.197,0.066,0.005,0.03,0.032,0.0,0.0,0.036,0.129,0.04,0.036
yebmag,Yellow-billed Magpie,pica nuttalli,nominate,153477341,Brian Small,Monomorphic,Not specified,,Passeriformes,Corvidae ,"Crows, Jays, and Magpies",0.001,0.011,0.063,0.0,0.032,0.001,0.06,0.013,0.0,0.0,0.003,0.005,0.031,0.166,0.0,0.0,0.192,0.017,0.0,0.204,0.101,0.001,0.012,0.087
tawpic1,Tawny Piculet,picumnus fulvescens,nominate,151449211,Hilary Burn,Female,Not specified,,Piciformes,Picidae ,Woodpeckers,0.057,0.021,0.026,0.094,0.0,0.03,0.022,0.018,0.099,0.156,0.038,0.002,0.023,0.127,0.063,0.027,0.052,0.02,0.015,0.0,0.05,0.001,0.023,0.036
tawpic1,Tawny Piculet,picumnus fulvescens,nominate,151449271,Hilary Burn,Male,Not specified,,Piciformes,Picidae ,Woodpeckers,0.049,0.02,0.025,0.086,0.0,0.026,0.024,0.019,0.138,0.123,0.058,0.001,0.013,0.148,0.041,0.025,0.063,0.012,0.022,0.0,0.057,0.0,0.01,0.04
leskis1,Lesser Kiskadee,pitangus lictor,nominate,153442251,Ian Lewington,Monomorphic,Not specified,,Passeriformes,Tyrannidae ,Tyrant Flycatchers,0.054,0.009,0.045,0.049,0.0,0.035,0.057,0.013,0.084,0.005,0.021,0.181,0.014,0.129,0.04,0.031,0.063,0.032,0.001,0.0,0.046,0.005,0.01,0.076
rcweye1,Red-cheeked Wattle-eye,platysteira blissetti,nominate,153076661,Hilary Burn,Female,Not specified,,Passeriformes,Platysteiridae ,Wattle-eyes and Batises,0.002,0.054,0.086,0.001,0.0,0.0,0.091,0.094,0.0,0.0,0.001,0.0,0.101,0.206,0.0,0.026,0.053,0.125,0.002,0.0,0.057,0.0,0.042,0.059
rcweye1,Red-cheeked Wattle-eye,platysteira blissetti,nominate,153468171,Hilary Burn,Male,Not specified,,Passeriformes,Platysteiridae ,Wattle-eyes and Batises,0.003,0.061,0.069,0.0,0.013,0.01,0.09,0.055,0.0,0.0,0.002,0.0,0.085,0.214,0.003,0.027,0.117,0.057,0.0,0.0,0.104,0.0,0.022,0.068
chweye1,Chestnut Wattle-eye,platysteira castanea,nominate,153076621,Hilary Burn,Male,Not specified,,Passeriformes,Platysteiridae ,Wattle-eyes and Batises,0.003,0.044,0.052,0.001,0.001,0.0,0.069,0.017,0.0,0.0,0.0,0.0,0.041,0.276,0.001,0.003,0.257,0.024,0.0,0.0,0.125,0.0,0.021,0.065
chweye1,Chestnut Wattle-eye,platysteira castanea,nominate,153468111,Hilary Burn,Female,Not specified,,Passeriformes,Platysteiridae ,Wattle-eyes and Batises,0.02,0.032,0.029,0.041,0.0,0.01,0.046,0.036,0.011,0.126,0.009,0.0,0.052,0.217,0.02,0.046,0.021,0.044,0.147,0.0,0.022,0.0,0.037,0.034
bnweye1,Black-necked Wattle-eye,platysteira chalybea,nominate,153468191,Hilary Burn,Male,Not specified,,Passeriformes,Platysteiridae ,Wattle-eyes and Batises,0.001,0.044,0.093,0.002,0.008,0.104,0.05,0.068,0.001,0.0,0.027,0.0,0.019,0.142,0.012,0.009,0.11,0.086,0.0,0.0,0.098,0.002,0.036,0.088
ybweye1,Yellow-bellied Wattle-eye,platysteira concreta,nominate,153076721,Hilary Burn,Female,Not specified,,Passeriformes,Platysteiridae ,Wattle-eyes and Batises,0.006,0.021,0.105,0.007,0.0,0.132,0.018,0.057,0.006,0.004,0.062,0.097,0.008,0.136,0.02,0.033,0.035,0.071,0.007,0.0,0.058,0.002,0.036,0.079
ybweye1,Yellow-bellied Wattle-eye,platysteira concreta,nominate,153076741,Hilary Burn,Male,Not specified,,Passeriformes,Platysteiridae ,Wattle-eyes and Batises,0.018,0.024,0.092,0.007,0.001,0.011,0.019,0.074,0.048,0.138,0.027,0.029,0.013,0.119,0.024,0.002,0.035,0.094,0.019,0.0,0.073,0.0,0.054,0.079
ybweye1,Yellow-bellied Wattle-eye,platysteira concreta,ansorgei,153076771,Hilary Burn,Female,Not specified,,Passeriformes,Platysteiridae ,Wattle-eyes and Batises,0.003,0.045,0.065,0.002,0.0,0.107,0.034,0.104,0.034,0.084,0.063,0.006,0.017,0.167,0.012,0.005,0.015,0.105,0.012,0.0,0.015,0.004,0.068,0.033
ybweye1,Yellow-bellied Wattle-eye,platysteira concreta,ansorgei,153076781,Hilary Burn,Male,Not specified,typical,Passeriformes,Platysteiridae ,Wattle-eyes and Batises,0.001,0.02,0.091,0.004,0.0,0.016,0.014,0.111,0.087,0.031,0.025,0.138,0.006,0.155,0.008,0.0,0.028,0.124,0.0,0.0,0.023,0.007,0.057,0.054
ybweye1,Yellow-bellied Wattle-eye,platysteira concreta,ansorgei,153076791,Hilary Burn,Male,Not specified,with black patch,Passeriformes,Platysteiridae ,Wattle-eyes and Batises,0.004,0.021,0.089,0.007,0.0,0.02,0.011,0.115,0.1,0.025,0.01,0.09,0.008,0.121,0.008,0.004,0.063,0.135,0.0,0.002,0.044,0.004,0.058,0.061
ybweye1,Yellow-bellied Wattle-eye,platysteira concreta,graueri,153076801,Hilary Burn,Female,Not specified,,Passeriformes,Platysteiridae ,Wattle-eyes and Batises,0.005,0.016,0.085,0.007,0.0,0.061,0.025,0.066,0.045,0.085,0.067,0.09,0.013,0.134,0.01,0.008,0.025,0.083,0.043,0.0,0.043,0.003,0.03,0.056
ybweye1,Yellow-bellied Wattle-eye,platysteira concreta,kungwensis,153076821,Hilary Burn,Male,Not specified,,Passeriformes,Platysteiridae ,Wattle-eyes and Batises,0.002,0.029,0.101,0.002,0.02,0.196,0.037,0.063,0.014,0.0,0.048,0.011,0.018,0.132,0.018,0.001,0.05,0.089,0.0,0.001,0.058,0.001,0.025,0.084
ybweye1,Yellow-bellied Wattle-eye,platysteira concreta,graueri,153468301,Hilary Burn,Male,Not specified,yellow morph,Passeriformes,Platysteiridae ,Wattle-eyes and Batises,0.004,0.014,0.114,0.006,0.0,0.061,0.022,0.073,0.037,0.011,0.017,0.175,0.01,0.13,0.006,0.002,0.047,0.128,0.0,0.0,0.041,0.002,0.027,0.073
weawae1,West African Wattle-eye,platysteira hormophora,nominate,153076601,Hilary Burn,Male,Not specified,,Passeriformes,Platysteiridae ,Wattle-eyes and Batises,0.003,0.032,0.069,0.005,0.0,0.0,0.096,0.022,0.0,0.0,0.0,0.0,0.064,0.29,0.002,0.006,0.161,0.023,0.0,0.0,0.124,0.0,0.018,0.085
jaweye1,Jameson's Wattle-eye,platysteira jamesoni,nominate,153076711,Hilary Burn,Male,Not specified,,Passeriformes,Platysteiridae ,Wattle-eyes and Batises,0.001,0.053,0.087,0.002,0.013,0.004,0.091,0.047,0.0,0.0,0.002,0.0,0.067,0.201,0.005,0.004,0.145,0.073,0.0,0.003,0.113,0.0,0.027,0.062
wsweye1,White-spotted Wattle-eye,platysteira tonsa,nominate,153468131,Hilary Burn,Female,Not specified,,Passeriformes,Platysteiridae ,Wattle-eyes and Batises,0.015,0.035,0.019,0.014,0.0,0.005,0.108,0.026,0.026,0.21,0.018,0.0,0.052,0.191,0.022,0.031,0.055,0.024,0.064,0.0,0.04,0.0,0.027,0.018
wsweye1,White-spotted Wattle-eye,platysteira tonsa,nominate,153468151,Hilary Burn,Male,Not specified,,Passeriformes,Platysteiridae ,Wattle-eyes and Batises,0.005,0.032,0.079,0.001,0.0,0.0,0.064,0.024,0.0,0.0,0.003,0.0,0.044,0.233,0.008,0.003,0.2,0.043,0.0,0.0,0.145,0.0,0.024,0.092
chicup1,Chinese Cupwing,pnoepyga mutica,nominate,153105391,Hilary Burn,Monomorphic,Not specified,,Passeriformes,Pnoepygidae ,Cupwings,0.18,0.027,0.028,0.06,0.0,0.021,0.01,0.021,0.0,0.0,0.058,0.0,0.027,0.182,0.043,0.119,0.015,0.045,0.0,0.0,0.06,0.0,0.03,0.074
bltrob1,Black-throated Robin,poecilodryas albonotata,nominate,153090621,John Cox,Monomorphic,Not specified,,Passeriformes,Petroicidae ,Australasian Robins,0.006,0.034,0.093,0.011,0.0,0.007,0.027,0.108,0.0,0.0,0.01,0.0,0.021,0.166,0.009,0.002,0.062,0.152,0.0,0.0,0.142,0.0,0.041,0.109
bltrob1,Black-throated Robin,poecilodryas albonotata,griseiventris,153481641,John Cox,Monomorphic,Not specified,,Passeriformes,Petroicidae ,Australasian Robins,0.008,0.009,0.133,0.007,0.0,0.003,0.008,0.132,0.0,0.0,0.009,0.0,0.006,0.098,0.008,0.007,0.056,0.225,0.0,0.0,0.179,0.0,0.03,0.082
olyrob1,Olive-yellow Robin,poecilodryas placens,nominate,153481801,John Cox,Monomorphic,Not specified,,Passeriformes,Petroicidae ,Australasian Robins,0.161,0.004,0.068,0.042,0.0,0.009,0.007,0.003,0.023,0.011,0.013,0.133,0.005,0.163,0.014,0.109,0.028,0.011,0.002,0.0,0.068,0.002,0.003,0.121
azrtan1,Azure-rumped Tanager,poecilostreptus cabanisi,nominate,153339371,Hilary Burn,Monomorphic,Not specified,,Passeriformes,Thraupidae ,Tanagers and Allies,0.002,0.133,0.059,0.001,0.055,0.012,0.063,0.073,0.0,0.0,0.015,0.0,0.124,0.099,0.003,0.001,0.039,0.077,0.0,0.001,0.084,0.0,0.073,0.086
gagtan1,Gray-and-gold Tanager,poecilostreptus palmeri,nominate,153726741,Hilary Burn,Monomorphic,Not specified,,Passeriformes,Thraupidae ,Tanagers and Allies,0.009,0.144,0.058,0.001,0.0,0.007,0.11,0.054,0.002,0.0,0.008,0.0,0.206,0.08,0.003,0.002,0.042,0.059,0.0,0.0,0.073,0.0,0.059,0.083
abbsta2,Abbott's Starling,poeoptera femoralis,nominate,153519101,Hilary Burn,Monomorphic,Not specified,,Passeriformes,Sturnidae ,Starlings,0.001,0.016,0.108,0.001,0.004,0.0,0.058,0.037,0.0,0.0,0.0,0.0,0.031,0.203,0.0,0.001,0.112,0.068,0.0,0.017,0.15,0.0,0.027,0.166
whrfal1,White-rumped Falcon,polihierax insignis,nominate,151442641,Hilary Burn,Female,Not specified,,Falconiformes,Falconidae ,Falcons and Caracaras,0.007,0.037,0.135,0.016,0.0,0.004,0.078,0.045,0.007,0.113,0.019,0.001,0.033,0.139,0.015,0.009,0.011,0.124,0.031,0.0,0.065,0.0,0.016,0.095
whrfal1,White-rumped Falcon,polihierax insignis,nominate,151442651,Hilary Burn,Male,Not specified,,Falconiformes,Falconidae ,Falcons and Caracaras,0.002,0.064,0.128,0.004,0.0,0.004,0.174,0.046,0.008,0.006,0.011,0.005,0.101,0.128,0.01,0.005,0.008,0.144,0.0,0.0,0.037,0.0,0.035,0.08
negbab1,Papuan Babbler,pomatostomus isidorei,nominate,153045611,Chris Rose,Monomorphic,Not specified,,Passeriformes,Pomatostomidae ,Pseudo-Babblers,0.182,0.002,0.005,0.105,0.0,0.009,0.008,0.02,0.033,0.071,0.031,0.013,0.006,0.186,0.016,0.159,0.001,0.008,0.092,0.0,0.024,0.0,0.005,0.024
rswfin1,Rufous-sided Warbling-Finch,poospizopsis hypochondria,affinis,153326551,Brian Small,Monomorphic,Not specified,,Passeriformes,Thraupidae ,Tanagers and Allies,0.027,0.126,0.032,0.042,0.0,0.093,0.037,0.097,0.006,0.032,0.035,0.0,0.077,0.094,0.047,0.02,0.013,0.048,0.013,0.0,0.028,0.0,0.104,0.029
rswfin1,Rufous-sided Warbling-Finch,poospizopsis hypochondria,nominate,153326571,Brian Small,Monomorphic,Not specified,,Passeriformes,Thraupidae ,Tanagers and Allies,0.007,0.11,0.036,0.005,0.0,0.006,0.124,0.103,0.006,0.028,0.01,0.0,0.09,0.161,0.014,0.003,0.022,0.044,0.025,0.0,0.02,0.0,0.158,0.028
purgal2,Purple Gallinule,porphyrio martinica,nominate,153363101,Hilary Burn,Monomorphic,Not specified,,Gruiformes,Rallidae ,"Rails, Gallinules, and Coots",0.025,0.052,0.05,0.079,0.096,0.024,0.015,0.041,0.013,0.002,0.029,0.028,0.02,0.196,0.088,0.01,0.024,0.023,0.006,0.042,0.038,0.016,0.073,0.01
btsfin1,Band-tailed Sierra-Finch,porphyrospiza alaudina,bracki,151429011,Brian Small,Male,Not specified,,Passeriformes,Thraupidae ,Tanagers and Allies,0.003,0.076,0.091,0.0,0.014,0.02,0.124,0.078,0.014,0.007,0.019,0.003,0.122,0.2,0.011,0.001,0.017,0.099,0.0,0.0,0.024,0.0,0.048,0.029
btsfin1,Band-tailed Sierra-Finch,porphyrospiza alaudina,nominate,153236881,Brian Small,Male,Not specified,,Passeriformes,Thraupidae ,Tanagers and Allies,0.009,0.051,0.133,0.005,0.0,0.006,0.05,0.114,0.007,0.011,0.008,0.002,0.049,0.157,0.002,0.005,0.042,0.169,0.002,0.0,0.042,0.001,0.06,0.075
btsfin1,Band-tailed Sierra-Finch,porphyrospiza alaudina,excelsa,153236901,Brian Small,Male,Not specified,,Passeriformes,Thraupidae ,Tanagers and Allies,0.004,0.048,0.234,0.007,0.001,0.005,0.017,0.075,0.011,0.012,0.004,0.003,0.048,0.118,0.006,0.001,0.032,0.104,0.0,0.0,0.054,0.0,0.059,0.157
btsfin1,Band-tailed Sierra-Finch,porphyrospiza alaudina,nominate,153716771,Brian Small,Female,Not specified,,Passeriformes,Thraupidae ,Tanagers and Allies,0.03,0.084,0.05,0.03,0.0,0.0,0.077,0.096,0.003,0.004,0.005,0.005,0.09,0.142,0.013,0.023,0.044,0.082,0.001,0.0,0.062,0.0,0.091,0.068
btsfin1,Band-tailed Sierra-Finch,porphyrospiza alaudina,excelsa,153728331,Brian Small,Female,Not specified,,Passeriformes,Thraupidae ,Tanagers and Allies,0.033,0.1,0.052,0.025,0.0,0.002,0.064,0.079,0.004,0.003,0.015,0.001,0.094,0.154,0.016,0.03,0.063,0.068,0.0,0.0,0.051,0.0,0.091,0.055
casfin1,Carbonated Sierra-Finch,porphyrospiza carbonaria,nominate,153236941,Brian Small,Male,Not specified,,Passeriformes,Thraupidae ,Tanagers and Allies,0.016,0.054,0.106,0.007,0.0,0.003,0.005,0.11,0.005,0.002,0.002,0.0,0.016,0.106,0.007,0.018,0.224,0.096,0.0,0.0,0.083,0.0,0.06,0.08
casfin1,Carbonated Sierra-Finch,porphyrospiza carbonaria,nominate,153716811,Brian Small,Female,Not specified,,Passeriformes,Thraupidae ,Tanagers and Allies,0.04,0.132,0.034,0.036,0.0,0.001,0.056,0.093,0.0,0.0,0.005,0.0,0.135,0.134,0.019,0.05,0.041,0.056,0.003,0.0,0.051,0.0,0.064,0.05
dowcra1,Dot-winged Crake,porzana spiloptera,nominate,152819971,Hilary Burn,Monomorphic,Not specified,,Gruiformes,Rallidae ,"Rails, Gallinules, and Coots",0.054,0.027,0.08,0.054,0.0,0.001,0.012,0.055,0.0,0.0,0.004,0.0,0.016,0.245,0.006,0.054,0.046,0.071,0.001,0.0,0.128,0.0,0.03,0.116
histro1,Hispaniolan Trogon,priotelus roseigaster,nominate,151471571,Richard Allen,Female,Not specified,,Trogoniformes,Trogonidae ,Trogons,0.036,0.119,0.055,0.016,0.0,0.002,0.052,0.077,0.002,0.022,0.002,0.004,0.08,0.143,0.013,0.011,0.036,0.053,0.069,0.0,0.053,0.019,0.096,0.04
histro1,Hispaniolan Trogon,priotelus roseigaster,nominate,151471591,Richard Allen,Male,Not specified,,Trogoniformes,Trogonidae ,Trogons,0.077,0.046,0.096,0.002,0.0,0.001,0.025,0.07,0.002,0.001,0.001,0.007,0.025,0.101,0.003,0.003,0.064,0.073,0.034,0.05,0.05,0.133,0.061,0.075
yemacc1,Yemen Accentor,prunella fagani,nominate,153165671,Ren Hathway,Monomorphic,Not specified,,Passeriformes,Prunellidae ,Accentors,0.05,0.028,0.049,0.055,0.0,0.025,0.035,0.029,0.005,0.002,0.121,0.0,0.026,0.211,0.101,0.033,0.022,0.044,0.002,0.0,0.046,0.0,0.042,0.074
gospar1,Golden-shouldered Parrot,psephotus chrysopterygius,nominate,151441471,Richard Allen,Female,Not specified,,Psittaciformes,Psittaculidae ,Old World Parrots,0.056,0.044,0.014,0.029,0.034,0.003,0.043,0.015,0.042,0.003,0.021,0.001,0.046,0.217,0.034,0.026,0.019,0.027,0.008,0.012,0.025,0.193,0.052,0.036
gospar1,Golden-shouldered Parrot,psephotus chrysopterygius,nominate,151441491,Richard Allen,Male,Not specified,,Psittaciformes,Psittaculidae ,Old World Parrots,0.067,0.059,0.026,0.048,0.146,0.003,0.028,0.043,0.013,0.011,0.01,0.032,0.033,0.207,0.046,0.023,0.025,0.029,0.012,0.004,0.036,0.011,0.056,0.032
hoopar1,Hooded Parrot,psephotus dissimilis,nominate,151441451,Richard Allen,Female,Not specified,,Psittaciformes,Psittaculidae ,Old World Parrots,0.051,0.05,0.031,0.01,0.03,0.003,0.023,0.029,0.053,0.003,0.02,0.002,0.074,0.209,0.028,0.01,0.024,0.024,0.007,0.004,0.019,0.223,0.046,0.027
hoopar1,Hooded Parrot,psephotus dissimilis,nominate,151441461,Richard Allen,Male,Not specified,,Psittaciformes,Psittaculidae ,Old World Parrots,0.024,0.051,0.031,0.027,0.187,0.002,0.013,0.031,0.021,0.009,0.002,0.063,0.022,0.196,0.005,0.051,0.059,0.034,0.008,0.006,0.059,0.022,0.028,0.049
parpar2,Paradise Parrot,psephotus pulcherrimus,nominate,153730451,Richard Allen,Male,Not specified,,Psittaciformes,Psittaculidae ,Old World Parrots,0.037,0.048,0.031,0.042,0.117,0.003,0.013,0.032,0.002,0.005,0.006,0.003,0.017,0.2,0.014,0.068,0.048,0.021,0.084,0.011,0.049,0.048,0.055,0.046
mulpar1,Mulga Parrot,psephotus varius,nominate,151441431,Richard Allen,Male,Not specified,,Psittaciformes,Psittaculidae ,Old World Parrots,0.025,0.022,0.039,0.008,0.046,0.005,0.013,0.015,0.03,0.026,0.006,0.053,0.014,0.174,0.013,0.005,0.042,0.039,0.034,0.056,0.032,0.255,0.013,0.035
giaibi1,Giant Ibis,pseudibis gigantea,nominate,153354331,Francesc Jutglar,Monomorphic,Not specified,,Pelecaniformes,Threskiornithidae ,Ibises and Spoonbills,0.013,0.05,0.133,0.015,0.0,0.002,0.009,0.092,0.0,0.011,0.003,0.0,0.016,0.178,0.01,0.026,0.034,0.086,0.025,0.0,0.086,0.0,0.087,0.124
wermar2,White-eyed River Martin,pseudochelidon sirintarae,nominate,153493761,Hilary Burn,Monomorphic,Not specified,,Passeriformes,Hirundinidae ,Swallows,0.001,0.018,0.241,0.006,0.003,0.006,0.014,0.076,0.001,0.001,0.003,0.0,0.008,0.156,0.003,0.0,0.013,0.209,0.002,0.002,0.067,0.0,0.033,0.137
strtuf1,Streaked Tuftedcheek,pseudocolaptes boissonneautii,nominate,151424781,Tim Worfolk,Monomorphic,Not specified,,Passeriformes,Furnariidae ,Ovenbirds and Woodcreepers,0.146,0.021,0.026,0.092,0.0,0.006,0.043,0.022,0.004,0.07,0.002,0.0,0.027,0.207,0.038,0.11,0.001,0.021,0.047,0.0,0.022,0.0,0.034,0.061
strtuf1,Streaked Tuftedcheek,pseudocolaptes boissonneautii,auritus,153021651,Tim Worfolk,Male,Not specified,,Passeriformes,Furnariidae ,Ovenbirds and Woodcreepers,0.147,0.009,0.026,0.12,0.0,0.009,0.024,0.017,0.011,0.055,0.008,0.0,0.019,0.171,0.041,0.092,0.008,0.018,0.044,0.0,0.085,0.0,0.015,0.081
strtuf1,Streaked Tuftedcheek,pseudocolaptes boissonneautii,nominate,153021691,Tim Worfolk,Male,Not specified,,Passeriformes,Furnariidae ,Ovenbirds and Woodcreepers,0.09,0.029,0.019,0.138,0.0,0.031,0.051,0.008,0.039,0.044,0.04,0.0,0.036,0.199,0.05,0.06,0.003,0.011,0.045,0.0,0.039,0.0,0.013,0.055
brnjay,Brown Jay,psilorhinus morio,nominate,153087441,Brian Small,Monomorphic,Not specified,,Passeriformes,Corvidae ,"Crows, Jays, and Magpies",0.028,0.031,0.098,0.021,0.0,0.0,0.013,0.062,0.0,0.0,0.016,0.0,0.011,0.135,0.055,0.062,0.074,0.057,0.0,0.0,0.133,0.0,0.047,0.157
brnjay,Brown Jay,psilorhinus morio,vociferus,153478761,Brian Small,Monomorphic,Not specified,,Passeriformes,Corvidae ,"Crows, Jays, and Magpies",0.027,0.042,0.103,0.005,0.0,0.017,0.043,0.039,0.0,0.0,0.003,0.0,0.066,0.133,0.003,0.049,0.073,0.098,0.0,0.0,0.107,0.0,0.032,0.16
laypar1,Layard's Parakeet,psittacula calthrapae,nominate,151436531,Martin Woodcock,Male,Not specified,,Psittaciformes,Psittaculidae ,Old World Parrots,0.166,0.011,0.229,0.007,0.0,0.004,0.008,0.013,0.015,0.001,0.0,0.006,0.009,0.173,0.005,0.01,0.001,0.05,0.011,0.002,0.034,0.101,0.002,0.142
malpar1,Malabar Parakeet,psittacula columboides,nominate,151436511,Martin Woodcock,Male,Not specified,,Psittaciformes,Psittaculidae ,Old World Parrots,0.051,0.012,0.118,0.004,0.023,0.0,0.016,0.115,0.012,0.002,0.004,0.002,0.007,0.167,0.019,0.007,0.012,0.076,0.005,0.113,0.027,0.104,0.056,0.048
plhpar1,Plum-headed Parakeet,psittacula cyanocephala,nominate,151436251,Martin Woodcock,Male,Not specified,,Psittaciformes,Psittaculidae ,Old World Parrots,0.102,0.005,0.064,0.014,0.019,0.002,0.008,0.006,0.045,0.011,0.004,0.001,0.006,0.164,0.005,0.033,0.014,0.044,0.003,0.106,0.027,0.25,0.006,0.061
maupar1,Echo Parakeet,psittacula eques,nominate,151436621,Martin Woodcock,Female,Not specified,,Psittaciformes,Psittaculidae ,Old World Parrots,0.379,0.003,0.011,0.011,0.0,0.0,0.012,0.007,0.001,0.0,0.002,0.0,0.008,0.149,0.005,0.06,0.001,0.022,0.001,0.0,0.041,0.226,0.007,0.054
maupar1,Echo Parakeet,psittacula eques,nominate,151436631,Martin Woodcock,Male,Not specified,,Psittaciformes,Psittaculidae ,Old World Parrots,0.355,0.005,0.041,0.004,0.0,0.0,0.01,0.019,0.0,0.004,0.0,0.001,0.008,0.14,0.01,0.035,0.0,0.011,0.012,0.0,0.05,0.207,0.007,0.081
alepar2,Alexandrine Parakeet,psittacula eupatria,nominate,151436551,Martin Woodcock,Male,Not specified,,Psittaciformes,Psittaculidae ,Old World Parrots,0.083,0.013,0.031,0.014,0.015,0.0,0.007,0.038,0.036,0.012,0.005,0.001,0.007,0.196,0.019,0.016,0.007,0.029,0.044,0.0,0.02,0.335,0.019,0.053
alepar2,Alexandrine Parakeet,psittacula eupatria,siamensis,151436561,Martin Woodcock,Male,Not specified,,Psittaciformes,Psittaculidae ,Old World Parrots,0.085,0.011,0.031,0.011,0.01,0.004,0.005,0.043,0.012,0.006,0.004,0.001,0.007,0.172,0.007,0.028,0.003,0.017,0.052,0.001,0.018,0.421,0.014,0.037
newpar2,Newton's Parakeet,psittacula exsul,nominate,153343001,Brian Small,Male,Not specified,,Psittaciformes,Psittaculidae ,Old World Parrots,0.002,0.023,0.101,0.006,0.135,0.0,0.026,0.123,0.0,0.0,0.0,0.0,0.021,0.166,0.001,0.013,0.007,0.074,0.002,0.216,0.009,0.001,0.024,0.05
gyhpar2,Gray-headed Parakeet,psittacula finschii,nominate,207317041,Martin Woodcock,Male,Not specified,,Psittaciformes,Psittaculidae ,Old World Parrots,0.109,0.013,0.056,0.012,0.003,0.002,0.012,0.013,0.112,0.008,0.004,0.009,0.006,0.181,0.01,0.027,0.005,0.05,0.004,0.047,0.02,0.248,0.014,0.035
slhpar1,Slaty-headed Parakeet,psittacula himalayana,nominate,151436201,Martin Woodcock,Monomorphic,Not specified,,Psittaciformes,Psittaculidae ,Old World Parrots,0.148,0.009,0.076,0.011,0.016,0.005,0.009,0.041,0.088,0.012,0.006,0.017,0.007,0.207,0.01,0.015,0.01,0.026,0.007,0.004,0.028,0.206,0.007,0.035
rorpar,Rose-ringed Parakeet,psittacula krameri,borealis,151436581,Martin Woodcock,Male,Not specified,,Psittaciformes,Psittaculidae ,Old World Parrots,0.046,0.005,0.068,0.005,0.002,0.004,0.006,0.017,0.041,0.006,0.005,0.0,0.007,0.205,0.012,0.014,0.0,0.017,0.022,0.007,0.024,0.439,0.009,0.039
rorpar,Rose-ringed Parakeet,psittacula krameri,nominate,151436601,Martin Woodcock,Male,Not specified,,Psittaciformes,Psittaculidae ,Old World Parrots,0.067,0.008,0.081,0.01,0.0,0.004,0.006,0.013,0.01,0.002,0.002,0.0,0.007,0.196,0.015,0.016,0.003,0.012,0.009,0.011,0.026,0.448,0.011,0.043
lotpar2,Long-tailed Parakeet,psittacula longicauda,nominate,151436351,Martin Woodcock,Female,Not specified,,Psittaciformes,Psittaculidae ,Old World Parrots,0.134,0.003,0.068,0.06,0.012,0.001,0.004,0.059,0.059,0.002,0.028,0.004,0.01,0.177,0.078,0.021,0.0,0.035,0.011,0.022,0.024,0.063,0.022,0.103
lotpar2,Long-tailed Parakeet,psittacula longicauda,nominate,151436371,Martin Woodcock,Male,Not specified,,Psittaciformes,Psittaculidae ,Old World Parrots,0.107,0.01,0.066,0.008,0.007,0.001,0.012,0.021,0.08,0.016,0.041,0.002,0.005,0.184,0.052,0.031,0.003,0.013,0.055,0.033,0.052,0.091,0.035,0.075
lotpar2,Long-tailed Parakeet,psittacula longicauda,modesta,151436421,Martin Woodcock,Male,Not specified,,Psittaciformes,Psittaculidae ,Old World Parrots,0.154,0.023,0.073,0.009,0.0,0.001,0.026,0.021,0.001,0.044,0.004,0.0,0.019,0.148,0.083,0.009,0.005,0.053,0.04,0.0,0.026,0.209,0.016,0.036
lotpar2,Long-tailed Parakeet,psittacula longicauda,tytleri,151436441,Martin Woodcock,Male,Not specified,,Psittaciformes,Psittaculidae ,Old World Parrots,0.122,0.004,0.019,0.008,0.041,0.003,0.009,0.011,0.017,0.035,0.007,0.0,0.015,0.196,0.008,0.014,0.005,0.014,0.015,0.059,0.053,0.311,0.005,0.029
blhpar3,Blossom-headed Parakeet,psittacula roseata,nominate,151436221,Martin Woodcock,Male,Not specified,,Psittaciformes,Psittaculidae ,Old World Parrots,0.174,0.008,0.025,0.009,0.027,0.001,0.01,0.027,0.024,0.011,0.007,0.0,0.006,0.155,0.004,0.039,0.013,0.034,0.017,0.047,0.025,0.271,0.014,0.052
blhpar3,Blossom-headed Parakeet,psittacula roseata,juneae,207317081,Martin Woodcock,Male,Not specified,,Psittaciformes,Psittaculidae ,Old World Parrots,0.117,0.018,0.02,0.018,0.003,0.003,0.009,0.01,0.03,0.01,0.003,0.001,0.006,0.189,0.016,0.026,0.002,0.013,0.0,0.039,0.03,0.336,0.047,0.054
seypar2,Seychelles Parakeet,psittacula wardi,nominate,153730481,Martin Woodcock,Male,Not specified,,Psittaciformes,Psittaculidae ,Old World Parrots,0.269,0.008,0.04,0.01,0.008,0.0,0.011,0.029,0.002,0.002,0.0,0.001,0.004,0.144,0.002,0.034,0.003,0.069,0.021,0.0,0.047,0.232,0.003,0.061
irilor1,Iris Lorikeet,psitteuteles iris,nominate,151433431,Norman Arlott,Monomorphic,Not specified,,Psittaciformes,Psittaculidae ,Old World Parrots,0.224,0.009,0.011,0.002,0.0,0.002,0.014,0.006,0.14,0.003,0.002,0.038,0.004,0.183,0.001,0.044,0.004,0.009,0.02,0.011,0.016,0.214,0.005,0.038
ruhpar2,Rufous-headed Parrotbill,psittiparus bakeri,nominate,153504221,Hilary Burn,Monomorphic,Not specified,,Passeriformes,Sylviidae ,"Sylviid Warblers, Parrotbills, and Allies",0.108,0.007,0.018,0.038,0.0,0.089,0.006,0.008,0.027,0.135,0.055,0.0,0.01,0.141,0.021,0.209,0.002,0.005,0.035,0.0,0.041,0.0,0.012,0.033
gyhpar3,Gray-headed Parrotbill,psittiparus gularis,nominate,153118151,Hilary Burn,Monomorphic,Not specified,,Passeriformes,Sylviidae ,"Sylviid Warblers, Parrotbills, and Allies",0.074,0.031,0.007,0.081,0.0,0.023,0.053,0.016,0.017,0.125,0.034,0.001,0.081,0.186,0.041,0.035,0.02,0.002,0.109,0.0,0.022,0.0,0.03,0.012
bkhpar1,Black-headed Parrotbill,psittiparus margaritae,nominate,153504251,Hilary Burn,Monomorphic,Not specified,,Passeriformes,Sylviidae ,"Sylviid Warblers, Parrotbills, and Allies",0.044,0.034,0.008,0.033,0.0,0.002,0.085,0.006,0.008,0.132,0.017,0.001,0.059,0.209,0.012,0.076,0.021,0.007,0.191,0.0,0.019,0.0,0.01,0.026
ruhpar3,White-breasted Parrotbill,psittiparus ruficeps,nominate,153118101,Hilary Burn,Monomorphic,Not specified,,Passeriformes,Sylviidae ,"Sylviid Warblers, Parrotbills, and Allies",0.102,0.02,0.018,0.1,0.0,0.031,0.09,0.014,0.011,0.178,0.017,0.001,0.033,0.132,0.02,0.065,0.002,0.012,0.108,0.0,0.003,0.0,0.021,0.022
cucara1,Curl-crested Aracari,pteroglossus beauharnaesii,nominate,151469761,Al Gilbert,Monomorphic,Not specified,,Piciformes,Ramphastidae ,Toucans,0.021,0.028,0.091,0.012,0.011,0.068,0.047,0.07,0.012,0.023,0.023,0.026,0.02,0.155,0.019,0.014,0.022,0.126,0.065,0.001,0.026,0.02,0.055,0.045
dalshb1,Dalat Shrike-Babbler,pteruthius annamensis,nominate,153049081,Hilary Burn,Male,Not specified,,Passeriformes,Vireonidae ,"Vireos, Shrike-Babblers, and Erpornis",0.004,0.029,0.045,0.0,0.0,0.032,0.075,0.02,0.002,0.031,0.007,0.0,0.053,0.257,0.0,0.007,0.256,0.03,0.008,0.0,0.104,0.0,0.007,0.033
dalshb1,Dalat Shrike-Babbler,pteruthius annamensis,nominate,153460531,Hilary Burn,Female,Not specified,,Passeriformes,Vireonidae ,"Vireos, Shrike-Babblers, and Erpornis",0.025,0.107,0.019,0.035,0.0,0.01,0.05,0.079,0.068,0.005,0.022,0.005,0.151,0.147,0.036,0.014,0.015,0.054,0.006,0.0,0.021,0.004,0.106,0.021
himshb1,Himalayan Shrike-Babbler,pteruthius ripleyi,nominate,153049101,Hilary Burn,Female,Not specified,,Passeriformes,Vireonidae ,"Vireos, Shrike-Babblers, and Erpornis",0.046,0.041,0.043,0.051,0.0,0.113,0.035,0.07,0.04,0.004,0.055,0.003,0.035,0.155,0.045,0.021,0.01,0.055,0.021,0.0,0.03,0.028,0.07,0.029
himshb1,Himalayan Shrike-Babbler,pteruthius ripleyi,nominate,153049111,Hilary Burn,Male,Not specified,,Passeriformes,Vireonidae ,"Vireos, Shrike-Babblers, and Erpornis",0.003,0.077,0.022,0.006,0.0,0.017,0.084,0.027,0.025,0.009,0.015,0.0,0.076,0.179,0.003,0.0,0.21,0.026,0.0,0.0,0.114,0.0,0.048,0.059
sbfdov1,Scarlet-breasted Fruit-Dove,ptilinopus bernsteinii,nominate,153388471,John Cox,Male,Not specified,,Columbiformes,Columbidae ,Pigeons and Doves,0.214,0.014,0.144,0.01,0.0,0.035,0.004,0.012,0.019,0.004,0.015,0.006,0.031,0.114,0.015,0.035,0.034,0.013,0.004,0.001,0.047,0.071,0.023,0.135
macfrd1,Maroon-chinned Fruit-Dove,ptilinopus epius,nominate,152912141,Jan Wilczur,Monomorphic,Not specified,,Columbiformes,Columbidae ,Pigeons and Doves,0.125,0.099,0.257,0.005,0.001,0.001,0.022,0.02,0.007,0.004,0.004,0.0,0.012,0.147,0.002,0.034,0.037,0.02,0.0,0.0,0.036,0.011,0.038,0.118
refdov1,Red-eared Fruit-Dove,ptilinopus fischeri,fischeri,152912211,John Cox,Monomorphic,Not specified,,Columbiformes,Columbidae ,Pigeons and Doves,0.173,0.093,0.18,0.01,0.003,0.005,0.008,0.021,0.0,0.0,0.032,0.0,0.007,0.109,0.013,0.006,0.053,0.069,0.0,0.0,0.071,0.023,0.047,0.077
refdov1,Red-eared Fruit-Dove,ptilinopus fischeri,centralis,153388591,John Cox,Monomorphic,Not specified,,Columbiformes,Columbidae ,Pigeons and Doves,0.025,0.11,0.258,0.001,0.0,0.0,0.003,0.022,0.007,0.0,0.022,0.0,0.008,0.121,0.018,0.01,0.069,0.062,0.0,0.0,0.099,0.0,0.048,0.117
refdov1,Red-eared Fruit-Dove,ptilinopus fischeri,meridionalis,153388611,Jan Wilczur,Monomorphic,Not specified,,Columbiformes,Columbidae ,Pigeons and Doves,0.002,0.125,0.118,0.003,0.0,0.002,0.027,0.035,0.0,0.0,0.001,0.0,0.037,0.117,0.007,0.003,0.123,0.024,0.0,0.0,0.107,0.001,0.033,0.235
jafdov1,Jambu Fruit-Dove,ptilinopus jambu,nominate,152912091,John Cox,Female,Not specified,,Columbiformes,Columbidae ,Pigeons and Doves,0.198,0.011,0.148,0.007,0.0,0.004,0.013,0.098,0.001,0.0,0.002,0.0,0.007,0.129,0.01,0.012,0.038,0.037,0.0,0.001,0.034,0.128,0.016,0.106
jafdov1,Jambu Fruit-Dove,ptilinopus jambu,nominate,153388551,John Cox,Male,Not specified,,Columbiformes,Columbidae ,Pigeons and Doves,0.22,0.025,0.136,0.011,0.001,0.001,0.064,0.015,0.002,0.003,0.002,0.0,0.023,0.217,0.002,0.031,0.025,0.028,0.003,0.002,0.028,0.079,0.017,0.065
veldov1,Velvet Dove,ptilinopus layardi,nominate,152912381,John Cox,Female,Not specified,,Columbiformes,Columbidae ,Pigeons and Doves,0.164,0.006,0.417,0.005,0.0,0.005,0.01,0.023,0.019,0.002,0.011,0.003,0.011,0.144,0.007,0.003,0.009,0.055,0.0,0.0,0.015,0.008,0.004,0.079
veldov1,Velvet Dove,ptilinopus layardi,nominate,152912421,John Cox,Male,Not specified,,Columbiformes,Columbidae ,Pigeons and Doves,0.225,0.004,0.263,0.016,0.0,0.007,0.01,0.015,0.071,0.012,0.01,0.004,0.01,0.154,0.01,0.01,0.004,0.031,0.0,0.0,0.019,0.025,0.01,0.09
bcfdov1,Black-chinned Fruit-Dove,ptilinopus leclancheri,nominate,152912031,John Cox,Female,Not specified,,Columbiformes,Columbidae ,Pigeons and Doves,0.263,0.007,0.163,0.001,0.0,0.001,0.013,0.022,0.003,0.001,0.004,0.001,0.011,0.136,0.003,0.03,0.038,0.034,0.003,0.0,0.06,0.041,0.01,0.155
bcfdov1,Black-chinned Fruit-Dove,ptilinopus leclancheri,nominate,153388531,John Cox,Male,Not specified,,Columbiformes,Columbidae ,Pigeons and Doves,0.206,0.086,0.165,0.005,0.0,0.002,0.008,0.026,0.001,0.001,0.005,0.0,0.04,0.119,0.002,0.037,0.038,0.029,0.006,0.0,0.04,0.045,0.021,0.118
goldov1,Golden Dove,ptilinopus luteovirens,nominate,152912351,John Cox,Female,Not specified,,Columbiformes,Columbidae ,Pigeons and Doves,0.175,0.014,0.398,0.017,0.0,0.002,0.008,0.009,0.021,0.001,0.002,0.003,0.006,0.139,0.009,0.012,0.011,0.038,0.0,0.0,0.019,0.031,0.006,0.079
goldov1,Golden Dove,ptilinopus luteovirens,nominate,153388761,John Cox,Male,Not specified,,Columbiformes,Columbidae ,Pigeons and Doves,0.152,0.002,0.008,0.049,0.0,0.008,0.015,0.001,0.155,0.021,0.005,0.026,0.004,0.133,0.006,0.066,0.001,0.001,0.001,0.0,0.016,0.298,0.003,0.029
wofdov1,Wompoo Fruit-Dove,ptilinopus magnificus,nominate,152911851,John Cox,Monomorphic,Not specified,,Columbiformes,Columbidae ,Pigeons and Doves,0.139,0.02,0.116,0.006,0.0,0.008,0.039,0.021,0.008,0.01,0.009,0.011,0.058,0.085,0.003,0.006,0.009,0.279,0.002,0.0,0.041,0.052,0.018,0.06
wofdov1,Wompoo Fruit-Dove,ptilinopus magnificus,nominate,152911871,John Cox,Monomorphic,Not specified,,Columbiformes,Columbidae ,Pigeons and Doves,0.003,0.028,0.176,0.002,0.0,0.0,0.02,0.035,0.004,0.016,0.0,0.001,0.062,0.119,0.0,0.033,0.009,0.409,0.002,0.0,0.023,0.004,0.013,0.041
macfrd2,Sula Fruit-Dove,ptilinopus mangoliensis,nominate,152912181,Jan Wilczur,Monomorphic,Not specified,,Columbiformes,Columbidae ,Pigeons and Doves,0.131,0.033,0.27,0.006,0.0,0.004,0.014,0.015,0.099,0.0,0.004,0.001,0.008,0.132,0.008,0.008,0.039,0.017,0.0,0.0,0.048,0.033,0.016,0.114
fbfdov1,Flame-breasted Fruit-Dove,ptilinopus marchei,nominate,152912011,John Cox,Monomorphic,Not specified,,Columbiformes,Columbidae ,Pigeons and Doves,0.003,0.127,0.03,0.008,0.0,0.011,0.012,0.033,0.002,0.021,0.005,0.001,0.018,0.109,0.006,0.034,0.15,0.034,0.02,0.0,0.204,0.0,0.039,0.133
crbfrd1,Cream-breasted Fruit-Dove,ptilinopus merrilli,nominate,153388491,John Cox,Monomorphic,Not specified,,Columbiformes,Columbidae ,Pigeons and Doves,0.12,0.022,0.211,0.001,0.001,0.025,0.045,0.089,0.0,0.0,0.006,0.0,0.031,0.127,0.004,0.005,0.026,0.053,0.0,0.0,0.052,0.002,0.079,0.101
ybfdov2,Yellow-breasted Fruit-Dove,ptilinopus occipitalis,nominate,152912231,John Cox,Monomorphic,Not specified,,Columbiformes,Columbidae ,Pigeons and Doves,0.066,0.048,0.233,0.004,0.0,0.01,0.014,0.021,0.028,0.007,0.003,0.007,0.014,0.133,0.006,0.08,0.029,0.035,0.016,0.0,0.044,0.021,0.021,0.16
macfrd3,Banggai Fruit-Dove,ptilinopus subgularis,nominate,152912151,John Cox,Monomorphic,Not specified,,Columbiformes,Columbidae ,Pigeons and Doves,0.162,0.106,0.209,0.001,0.0,0.0,0.01,0.028,0.0,0.001,0.004,0.0,0.013,0.124,0.006,0.023,0.041,0.037,0.0,0.001,0.067,0.006,0.052,0.109
oradov1,Orange Dove,ptilinopus victor,nominate,152912311,John Cox,Female,Not specified,,Columbiformes,Columbidae ,Pigeons and Doves,0.165,0.009,0.371,0.025,0.0,0.0,0.013,0.013,0.005,0.002,0.007,0.0,0.011,0.145,0.005,0.016,0.013,0.02,0.0,0.0,0.032,0.011,0.016,0.121
oradov1,Orange Dove,ptilinopus victor,nominate,153388731,John Cox,Male,Not specified,,Columbiformes,Columbidae ,Pigeons and Doves,0.077,0.006,0.013,0.03,0.0,0.006,0.015,0.008,0.021,0.342,0.004,0.003,0.009,0.127,0.006,0.07,0.0,0.011,0.208,0.0,0.013,0.001,0.009,0.021
magrif2,Growling Riflebird,ptiloris intercedens,nominate,153479841,Chris Rose,Female,Not specified,,Passeriformes,Paradisaeidae ,Birds-of-Paradise,0.153,0.035,0.048,0.233,0.001,0.0,0.029,0.05,0.0,0.001,0.008,0.0,0.039,0.156,0.042,0.071,0.0,0.042,0.0,0.0,0.018,0.0,0.027,0.047
magrif3,Magnificent Riflebird,ptiloris magnificus,nominate,153088521,Chris Rose,Female,Not specified,,Passeriformes,Paradisaeidae ,Birds-of-Paradise,0.15,0.033,0.036,0.286,0.001,0.001,0.043,0.046,0.0,0.0,0.006,0.0,0.022,0.129,0.04,0.073,0.005,0.042,0.0,0.0,0.02,0.0,0.027,0.04
magrif3,Magnificent Riflebird,ptiloris magnificus,nominate,153479831,Chris Rose,Male,Not specified,,Passeriformes,Paradisaeidae ,Birds-of-Paradise,0.003,0.014,0.052,0.02,0.038,0.002,0.009,0.012,0.008,0.014,0.008,0.002,0.007,0.124,0.015,0.0,0.328,0.021,0.0,0.04,0.183,0.0,0.008,0.092
parrif1,Paradise Riflebird,ptiloris paradiseus,nominate,153479691,Chris Rose,Female,Not specified,,Passeriformes,Paradisaeidae ,Birds-of-Paradise,0.223,0.044,0.03,0.133,0.003,0.019,0.052,0.048,0.01,0.007,0.019,0.0,0.05,0.12,0.024,0.073,0.002,0.074,0.0,0.0,0.01,0.0,0.028,0.031
parrif1,Paradise Riflebird,ptiloris paradiseus,nominate,153479711,Chris Rose,Male,Not specified,,Passeriformes,Paradisaeidae ,Birds-of-Paradise,0.001,0.002,0.096,0.013,0.013,0.003,0.005,0.02,0.008,0.005,0.005,0.0,0.001,0.127,0.007,0.001,0.346,0.045,0.0,0.016,0.18,0.0,0.009,0.097
vicrif1,Victoria's Riflebird,ptiloris victoriae,nominate,153088421,Chris Rose,Female,Not specified,,Passeriformes,Paradisaeidae ,Birds-of-Paradise,0.042,0.013,0.069,0.059,0.001,0.076,0.024,0.103,0.013,0.012,0.051,0.0,0.013,0.138,0.07,0.013,0.002,0.257,0.001,0.0,0.015,0.0,0.017,0.011
vicrif1,Victoria's Riflebird,ptiloris victoriae,nominate,153088431,Chris Rose,Male,Not specified,,Passeriformes,Paradisaeidae ,Birds-of-Paradise,0.003,0.011,0.078,0.002,0.009,0.0,0.005,0.015,0.0,0.0,0.0,0.0,0.008,0.11,0.0,0.0,0.343,0.053,0.0,0.01,0.227,0.0,0.011,0.115
crsbul1,Cream-striped Bulbul,pycnonotus leucogrammicus,nominate,153112451,Hilary Burn,Monomorphic,Not specified,,Passeriformes,Pycnonotidae ,Bulbuls,0.166,0.023,0.055,0.09,0.0,0.01,0.041,0.03,0.008,0.004,0.026,0.001,0.025,0.165,0.032,0.119,0.004,0.051,0.0,0.0,0.044,0.004,0.019,0.083
strbul2,Striated Bulbul,pycnonotus striatus,nominate,153112441,Hilary Burn,Monomorphic,Not specified,,Passeriformes,Pycnonotidae ,Bulbuls,0.092,0.012,0.02,0.165,0.0,0.039,0.049,0.017,0.099,0.05,0.028,0.022,0.015,0.137,0.098,0.04,0.012,0.017,0.002,0.0,0.027,0.007,0.017,0.035
forrai1,Forbes's Rail,rallina forbesi,nominate,153360871,Norman Arlott,Female,Not specified,,Gruiformes,Rallidae ,"Rails, Gallinules, and Coots",0.017,0.007,0.02,0.015,0.0,0.0,0.009,0.01,0.0,0.09,0.0,0.0,0.007,0.168,0.003,0.101,0.034,0.014,0.209,0.0,0.203,0.0,0.006,0.087
forrai1,Forbes's Rail,rallina forbesi,nominate,153360881,Norman Arlott,Male,Not specified,,Gruiformes,Rallidae ,"Rails, Gallinules, and Coots",0.007,0.003,0.021,0.006,0.0,0.001,0.004,0.005,0.0,0.042,0.0,0.0,0.01,0.183,0.003,0.083,0.073,0.007,0.256,0.0,0.232,0.0,0.004,0.06
wsfrai1,White-striped Forest-Rail,rallina leucospila,nominate,153360851,Norman Arlott,Female,Not specified,,Gruiformes,Rallidae ,"Rails, Gallinules, and Coots",0.007,0.011,0.021,0.002,0.0,0.0,0.014,0.009,0.0,0.054,0.001,0.0,0.007,0.168,0.0,0.081,0.053,0.014,0.168,0.0,0.244,0.0,0.017,0.129
wsfrai1,White-striped Forest-Rail,rallina leucospila,nominate,153360861,Norman Arlott,Male,Not specified,,Gruiformes,Rallidae ,"Rails, Gallinules, and Coots",0.012,0.004,0.023,0.003,0.0,0.001,0.006,0.014,0.0,0.063,0.001,0.0,0.009,0.153,0.001,0.098,0.17,0.01,0.207,0.0,0.161,0.0,0.007,0.057
mayrai1,Mayr's Rail,rallina mayri,nominate,152818071,Norman Arlott,Female,Not specified,,Gruiformes,Rallidae ,"Rails, Gallinules, and Coots",0.039,0.002,0.012,0.009,0.0,0.001,0.009,0.005,0.0,0.002,0.002,0.0,0.005,0.163,0.006,0.371,0.015,0.007,0.081,0.0,0.161,0.0,0.004,0.106
mayrai1,Mayr's Rail,rallina mayri,nominate,153360901,Norman Arlott,Male,Not specified,,Gruiformes,Rallidae ,"Rails, Gallinules, and Coots",0.031,0.003,0.022,0.012,0.0,0.0,0.011,0.004,0.0,0.001,0.0,0.0,0.005,0.175,0.004,0.319,0.01,0.009,0.053,0.0,0.181,0.0,0.004,0.156
chfrai1,Chestnut Forest-Rail,rallina rubra,nominate,152817961,Norman Arlott,Female,Not specified,,Gruiformes,Rallidae ,"Rails, Gallinules, and Coots",0.035,0.013,0.024,0.011,0.0,0.0,0.008,0.008,0.0,0.078,0.0,0.0,0.004,0.192,0.003,0.096,0.039,0.017,0.187,0.0,0.195,0.0,0.011,0.079
chfrai1,Chestnut Forest-Rail,rallina rubra,nominate,153360841,Norman Arlott,Male,Not specified,,Gruiformes,Rallidae ,"Rails, Gallinules, and Coots",0.015,0.005,0.015,0.005,0.0,0.0,0.008,0.008,0.0,0.099,0.002,0.0,0.004,0.173,0.006,0.18,0.025,0.012,0.318,0.0,0.062,0.0,0.011,0.052
ruckin,Ruby-crowned Kinglet,regulus calendula,nominate,153156721,Hilary Burn,Male,Not specified,,Passeriformes,Regulidae ,Kinglets,0.031,0.058,0.048,0.055,0.0,0.103,0.019,0.043,0.046,0.003,0.097,0.033,0.019,0.142,0.096,0.007,0.029,0.029,0.004,0.001,0.04,0.005,0.052,0.04
orbwoo1,Orange-backed Woodpecker,reinwardtipicus validus,nominate,151450471,Chris Rose,Female,Not specified,,Piciformes,Picidae ,Woodpeckers,0.058,0.016,0.022,0.057,0.0,0.013,0.023,0.005,0.001,0.022,0.02,0.011,0.009,0.133,0.029,0.077,0.007,0.006,0.012,0.0,0.247,0.0,0.012,0.22
orbwoo1,Orange-backed Woodpecker,reinwardtipicus validus,nominate,151450481,Chris Rose,Male,Not specified,,Piciformes,Picidae ,Woodpeckers,0.025,0.013,0.015,0.023,0.0,0.012,0.012,0.012,0.02,0.055,0.012,0.005,0.011,0.153,0.009,0.082,0.016,0.007,0.109,0.0,0.237,0.0,0.006,0.166
crcgro,Crimson-collared Grosbeak,rhodothraupis celaeno,nominate,153235761,Brian Small,Female,Not specified,,Passeriformes,Cardinalidae ,Cardinals and Allies,0.136,0.016,0.027,0.042,0.0,0.0,0.01,0.014,0.12,0.0,0.001,0.001,0.007,0.122,0.007,0.073,0.071,0.013,0.0,0.0,0.06,0.236,0.013,0.031
crcgro,Crimson-collared Grosbeak,rhodothraupis celaeno,nominate,153716171,Brian Small,Male,Not specified,,Passeriformes,Cardinalidae ,Cardinals and Allies,0.003,0.009,0.149,0.005,0.0,0.0,0.005,0.029,0.0,0.01,0.0,0.0,0.004,0.113,0.0,0.035,0.222,0.111,0.084,0.0,0.115,0.0,0.011,0.095
dafbab1,Dark-fronted Babbler,rhopocichla atriceps,nigrifrons,153122611,Hilary Burn,Monomorphic,Not specified,,Passeriformes,Timaliidae ,"Tree-Babblers, Scimitar-Babblers, and Allies",0.073,0.022,0.006,0.197,0.0,0.011,0.029,0.011,0.0,0.069,0.04,0.0,0.029,0.211,0.146,0.069,0.002,0.009,0.016,0.0,0.024,0.0,0.019,0.017
dafbab1,Dark-fronted Babbler,rhopocichla atriceps,nominate,153508161,Hilary Burn,Monomorphic,Not specified,,Passeriformes,Timaliidae ,"Tree-Babblers, Scimitar-Babblers, and Allies",0.087,0.017,0.026,0.157,0.0,0.009,0.038,0.015,0.009,0.062,0.045,0.0,0.017,0.187,0.172,0.036,0.008,0.023,0.0,0.0,0.034,0.0,0.025,0.033
banmar1,Banded Martin,riparia cincta,nominate,153108931,Hilary Burn,Monomorphic,Not specified,,Passeriformes,Hirundinidae ,Swallows,0.052,0.035,0.06,0.05,0.0,0.001,0.091,0.114,0.0,0.0,0.006,0.0,0.075,0.166,0.047,0.012,0.008,0.146,0.0,0.0,0.017,0.0,0.065,0.055
banmar1,Banded Martin,riparia cincta,suahelica,153108941,Hilary Burn,Monomorphic,Not specified,,Passeriformes,Hirundinidae ,Swallows,0.066,0.03,0.088,0.036,0.0,0.0,0.079,0.082,0.0,0.0,0.004,0.0,0.077,0.202,0.03,0.027,0.008,0.153,0.0,0.0,0.018,0.0,0.047,0.053
gybbul1,Gray-bellied Bulbul,rubigula cyaniventris,nominate,153112601,Hilary Burn,Monomorphic,Not specified,,Passeriformes,Pycnonotidae ,Bulbuls,0.04,0.127,0.025,0.062,0.0,0.002,0.015,0.075,0.124,0.095,0.005,0.028,0.035,0.131,0.009,0.019,0.003,0.033,0.007,0.0,0.012,0.005,0.126,0.022
gybbul1,Gray-bellied Bulbul,rubigula cyaniventris,paroticalis,153112611,Hilary Burn,Monomorphic,Not specified,,Passeriformes,Pycnonotidae ,Bulbuls,0.027,0.037,0.079,0.041,0.0,0.003,0.006,0.087,0.151,0.091,0.004,0.04,0.019,0.133,0.013,0.022,0.003,0.048,0.007,0.0,0.039,0.004,0.078,0.068
spebul1,Spectacled Bulbul,rubigula erythropthalmos,nominate,153113361,Hilary Burn,Monomorphic,Not specified,,Passeriformes,Pycnonotidae ,Bulbuls,0.152,0.022,0.003,0.185,0.0,0.08,0.019,0.011,0.006,0.036,0.079,0.001,0.029,0.161,0.074,0.074,0.001,0.016,0.013,0.0,0.006,0.0,0.018,0.014
bkcbul2,Black-capped Bulbul,rubigula melanicterus,nominate,153499041,Hilary Burn,Monomorphic,Not specified,,Passeriformes,Pycnonotidae ,Bulbuls,0.038,0.022,0.032,0.107,0.0,0.004,0.018,0.032,0.182,0.041,0.009,0.174,0.015,0.115,0.044,0.02,0.007,0.027,0.0,0.002,0.041,0.004,0.021,0.045
scbbul1,Scaly-breasted Bulbul,rubigula squamata,borneensis,153112551,Hilary Burn,Monomorphic,Not specified,,Passeriformes,Pycnonotidae ,Bulbuls,0.01,0.059,0.044,0.038,0.0,0.001,0.054,0.036,0.059,0.073,0.002,0.015,0.071,0.228,0.008,0.008,0.052,0.038,0.01,0.0,0.068,0.0,0.054,0.072
scbbul1,Scaly-breasted Bulbul,rubigula squamata,nominate,153112561,Hilary Burn,Monomorphic,Not specified,,Passeriformes,Pycnonotidae ,Bulbuls,0.032,0.047,0.07,0.06,0.0,0.0,0.05,0.045,0.066,0.075,0.0,0.01,0.039,0.172,0.017,0.013,0.04,0.043,0.009,0.001,0.092,0.003,0.048,0.068
scbbul1,Scaly-breasted Bulbul,rubigula squamata,webberi,153112571,Hilary Burn,Monomorphic,Not specified,,Passeriformes,Pycnonotidae ,Bulbuls,0.047,0.068,0.073,0.04,0.0,0.002,0.049,0.036,0.053,0.053,0.0,0.011,0.061,0.179,0.003,0.018,0.056,0.05,0.0,0.0,0.082,0.016,0.037,0.066
ruwtur2,Rwenzori Turaco,ruwenzorornis johnstoni,nominate,152816051,Ian Lewington,Monomorphic,Not specified,,Musophagiformes,Musophagidae ,Turacos,0.02,0.007,0.122,0.033,0.082,0.001,0.008,0.013,0.082,0.019,0.01,0.003,0.003,0.121,0.038,0.015,0.023,0.037,0.012,0.164,0.068,0.013,0.015,0.091
bltsal1,Black-throated Saltator,saltatricula atricollis,nominate,153717621,Brian Small,Monomorphic,Not specified,,Passeriformes,Thraupidae ,Tanagers and Allies,0.086,0.018,0.018,0.102,0.0,0.084,0.019,0.038,0.02,0.023,0.063,0.001,0.051,0.138,0.076,0.057,0.043,0.027,0.001,0.0,0.063,0.002,0.033,0.037
mccfin1,Many-colored Chaco Finch,saltatricula multicolor,nominate,153717601,Brian Small,Monomorphic,Not specified,,Passeriformes,Thraupidae ,Tanagers and Allies,0.047,0.04,0.038,0.061,0.0,0.004,0.075,0.091,0.011,0.084,0.004,0.002,0.053,0.115,0.024,0.029,0.022,0.087,0.025,0.0,0.051,0.0,0.094,0.043
lauowl1,Laughing Owl,sceloglaux albifacies,nominate,153342901,Ian Lewington,Monomorphic,Not specified,,Strigiformes,Strigidae ,Owls,0.111,0.046,0.003,0.192,0.0,0.051,0.072,0.006,0.014,0.004,0.12,0.0,0.061,0.104,0.161,0.014,0.001,0.005,0.0,0.001,0.003,0.0,0.028,0.003
fatgra1,Fan-tailed Grassbird,schoenicola brevirostris,nominate,153106131,Jan Wilczur,Monomorphic,Not specified,,Passeriformes,Locustellidae ,Grassbirds and Allies,0.098,0.022,0.015,0.118,0.0,0.057,0.125,0.012,0.01,0.005,0.049,0.0,0.04,0.223,0.06,0.035,0.012,0.01,0.001,0.0,0.049,0.0,0.018,0.041
gygscr1,Gray-green Scrubwren,sericornis arfakianus,nominate,153045101,Tim Worfolk,Monomorphic,Not specified,,Passeriformes,Acanthizidae ,Thornbills and Allies,0.027,0.068,0.05,0.057,0.0,0.021,0.085,0.058,0.005,0.0,0.036,0.0,0.118,0.189,0.163,0.01,0.005,0.038,0.0,0.0,0.004,0.001,0.027,0.038
yetscr1,Yellow-throated Scrubwren,sericornis citreogularis,nominate,153045011,Tim Worfolk,Male,Not specified,,Passeriformes,Acanthizidae ,Thornbills and Allies,0.046,0.02,0.028,0.092,0.0,0.157,0.057,0.01,0.003,0.0,0.076,0.017,0.05,0.152,0.114,0.017,0.043,0.015,0.0,0.0,0.04,0.005,0.016,0.042
papscr1,Papuan Scrubwren,sericornis papuensis,buergersi,153045051,Tim Worfolk,Monomorphic,Not specified,,Passeriformes,Acanthizidae ,Thornbills and Allies,0.076,0.021,0.013,0.149,0.0,0.156,0.025,0.019,0.0,0.0,0.076,0.0,0.036,0.17,0.116,0.037,0.003,0.024,0.0,0.0,0.019,0.0,0.033,0.027
papscr1,Papuan Scrubwren,sericornis papuensis,nominate,153045071,Tim Worfolk,Monomorphic,Not specified,,Passeriformes,Acanthizidae ,Thornbills and Allies,0.042,0.033,0.014,0.08,0.0,0.096,0.058,0.022,0.0,0.002,0.09,0.0,0.046,0.187,0.227,0.016,0.003,0.023,0.0,0.0,0.003,0.0,0.042,0.016
bufscr1,Buff-faced Scrubwren,sericornis perspicillatus,nominate,153045081,Tim Worfolk,Monomorphic,Not specified,,Passeriformes,Acanthizidae ,Thornbills and Allies,0.042,0.032,0.009,0.063,0.0,0.131,0.007,0.014,0.036,0.0,0.173,0.002,0.011,0.176,0.127,0.026,0.008,0.006,0.0,0.0,0.007,0.005,0.102,0.023
vogscr1,Vogelkop Scrubwren,sericornis rufescens,nominate,153455111,Tim Worfolk,Monomorphic,Not specified,,Passeriformes,Acanthizidae ,Thornbills and Allies,0.048,0.048,0.007,0.124,0.0,0.168,0.019,0.012,0.005,0.0,0.092,0.0,0.039,0.163,0.217,0.019,0.005,0.001,0.0,0.0,0.002,0.0,0.018,0.013
pabscr1,Pale-billed Scrubwren,sericornis spilodera,aruensis,153045021,Tim Worfolk,Monomorphic,Not specified,,Passeriformes,Acanthizidae ,Thornbills and Allies,0.129,0.016,0.02,0.168,0.0,0.155,0.078,0.008,0.001,0.0,0.041,0.002,0.046,0.192,0.046,0.047,0.003,0.004,0.0,0.0,0.0,0.0,0.018,0.026
pabscr1,Pale-billed Scrubwren,sericornis spilodera,nominate,153045041,Tim Worfolk,Monomorphic,Not specified,,Passeriformes,Acanthizidae ,Thornbills and Allies,0.152,0.075,0.012,0.119,0.0,0.037,0.043,0.039,0.0,0.0,0.016,0.0,0.087,0.164,0.031,0.102,0.001,0.016,0.0,0.0,0.007,0.0,0.059,0.04
perscr1,Perplexing Scrubwren,sericornis virgatus,nominate,153045271,Tim Worfolk,Monomorphic,Not specified,,Passeriformes,Acanthizidae ,Thornbills and Allies,0.044,0.067,0.024,0.126,0.0,0.019,0.115,0.025,0.004,0.017,0.054,0.0,0.073,0.179,0.116,0.013,0.006,0.016,0.0,0.0,0.016,0.0,0.059,0.027
whbtyr2,White-bellied Tyrannulet,serpophaga munda,nominate,153441741,Brian Small,Monomorphic,Not specified,,Passeriformes,Tyrannidae ,Tyrant Flycatchers,0.0,0.051,0.11,0.0,0.0,0.0,0.089,0.082,0.0,0.0,0.0,0.0,0.048,0.202,0.0,0.0,0.108,0.108,0.0,0.0,0.051,0.0,0.075,0.076
bryfin1,Bright-rumped Yellow-Finch,sicalis uropygialis,sharpei,153327191,Brian Small,Male,Not specified,,Passeriformes,Thraupidae ,Tanagers and Allies,0.019,0.037,0.044,0.014,0.0,0.006,0.027,0.072,0.236,0.021,0.01,0.132,0.036,0.098,0.01,0.013,0.017,0.06,0.0,0.0,0.031,0.016,0.066,0.035
bryfin1,Bright-rumped Yellow-Finch,sicalis uropygialis,nominate,153327211,Brian Small,Female,Not specified,,Passeriformes,Thraupidae ,Tanagers and Allies,0.01,0.065,0.035,0.017,0.0,0.002,0.011,0.138,0.12,0.0,0.016,0.021,0.019,0.131,0.032,0.009,0.019,0.081,0.0,0.0,0.031,0.03,0.19,0.023
bryfin1,Bright-rumped Yellow-Finch,sicalis uropygialis,nominate,153327231,Brian Small,Male,Not specified,,Passeriformes,Thraupidae ,Tanagers and Allies,0.013,0.118,0.043,0.026,0.0,0.008,0.008,0.054,0.138,0.01,0.023,0.135,0.022,0.114,0.015,0.009,0.025,0.065,0.0,0.0,0.023,0.03,0.095,0.026
astpar1,Ashy-throated Parrotbill,sinosuthora alphonsiana,nominate,153118561,Hilary Burn,Monomorphic,Not specified,,Passeriformes,Sylviidae ,"Sylviid Warblers, Parrotbills, and Allies",0.102,0.033,0.006,0.16,0.0,0.001,0.01,0.033,0.0,0.039,0.033,0.0,0.013,0.156,0.09,0.096,0.0,0.015,0.152,0.0,0.017,0.0,0.021,0.023
astpar1,Ashy-throated Parrotbill,sinosuthora alphonsiana,yunnanensis,207320231,Hilary Burn,Monomorphic,Not specified,,Passeriformes,Sylviidae ,"Sylviid Warblers, Parrotbills, and Allies",0.114,0.038,0.017,0.105,0.0,0.001,0.006,0.118,0.0,0.003,0.004,0.0,0.012,0.134,0.018,0.143,0.007,0.065,0.066,0.0,0.03,0.0,0.072,0.047
brwpar2,Brown-winged Parrotbill,sinosuthora brunnea,nominate,153118491,Hilary Burn,Monomorphic,Not specified,,Passeriformes,Sylviidae ,"Sylviid Warblers, Parrotbills, and Allies",0.072,0.023,0.012,0.065,0.0,0.017,0.016,0.015,0.014,0.097,0.064,0.0,0.018,0.191,0.053,0.114,0.004,0.012,0.144,0.0,0.016,0.0,0.014,0.039
brwpar2,Brown-winged Parrotbill,sinosuthora brunnea,ricketti,153118541,Hilary Burn,Monomorphic,Not specified,,Passeriformes,Sylviidae ,"Sylviid Warblers, Parrotbills, and Allies",0.08,0.03,0.019,0.095,0.0,0.059,0.018,0.017,0.0,0.025,0.093,0.0,0.039,0.211,0.05,0.102,0.007,0.012,0.047,0.0,0.033,0.0,0.017,0.046
spepar2,Spectacled Parrotbill,sinosuthora conspicillata,nominate,153504471,Hilary Burn,Monomorphic,Not specified,,Passeriformes,Sylviidae ,"Sylviid Warblers, Parrotbills, and Allies",0.044,0.02,0.011,0.125,0.0,0.046,0.01,0.03,0.005,0.069,0.131,0.0,0.018,0.184,0.15,0.033,0.001,0.014,0.042,0.0,0.014,0.0,0.035,0.018
rutpar2,Rusty-throated Parrotbill,sinosuthora przewalskii,nominate,153504571,Hilary Burn,Monomorphic,Not specified,,Passeriformes,Sylviidae ,"Sylviid Warblers, Parrotbills, and Allies",0.113,0.086,0.014,0.093,0.0,0.006,0.018,0.023,0.018,0.067,0.053,0.0,0.032,0.151,0.047,0.091,0.005,0.019,0.032,0.0,0.041,0.0,0.044,0.047
vitpar1,Vinous-throated Parrotbill,sinosuthora webbiana,mantschurica,153118461,Hilary Burn,Monomorphic,Not specified,,Passeriformes,Sylviidae ,"Sylviid Warblers, Parrotbills, and Allies",0.045,0.012,0.001,0.074,0.0,0.065,0.011,0.011,0.008,0.145,0.132,0.0,0.021,0.183,0.101,0.063,0.003,0.004,0.108,0.0,0.003,0.0,0.004,0.006
vitpar1,Vinous-throated Parrotbill,sinosuthora webbiana,nominate,153504491,Hilary Burn,Monomorphic,Not specified,,Passeriformes,Sylviidae ,"Sylviid Warblers, Parrotbills, and Allies",0.07,0.023,0.009,0.086,0.0,0.018,0.016,0.014,0.038,0.119,0.069,0.0,0.023,0.155,0.065,0.09,0.003,0.012,0.155,0.0,0.007,0.0,0.011,0.017
vitpar1,Vinous-throated Parrotbill,sinosuthora webbiana,suffusa,207320181,Hilary Burn,Monomorphic,Not specified,,Passeriformes,Sylviidae ,"Sylviid Warblers, Parrotbills, and Allies",0.125,0.05,0.009,0.148,0.0,0.006,0.019,0.005,0.0,0.042,0.049,0.0,0.042,0.175,0.108,0.063,0.003,0.01,0.039,0.0,0.004,0.0,0.084,0.019
gyhpar4,Gray-hooded Parrotbill,sinosuthora zappeyi,nominate,153118581,Hilary Burn,Monomorphic,Not specified,,Passeriformes,Sylviidae ,"Sylviid Warblers, Parrotbills, and Allies",0.105,0.09,0.035,0.097,0.0,0.006,0.018,0.044,0.0,0.036,0.027,0.0,0.068,0.166,0.024,0.123,0.001,0.037,0.02,0.0,0.011,0.0,0.066,0.026
amtspa,American Tree Sparrow,spizelloides arborea,nominate,153214511,David Quinn,Monomorphic,Not specified,,Passeriformes,Passerellidae ,New World Sparrows,0.051,0.133,0.011,0.071,0.0,0.012,0.024,0.049,0.001,0.003,0.048,0.001,0.095,0.139,0.069,0.103,0.016,0.016,0.016,0.0,0.03,0.0,0.096,0.016
grnava1,Green Avadavat,sporaeginthus formosus,nominate,153172491,Hilary Burn,Female,Not specified,,Passeriformes,Estrildidae ,Waxbills and Allies,0.011,0.135,0.049,0.007,0.0,0.064,0.074,0.047,0.006,0.0,0.065,0.0,0.068,0.172,0.046,0.006,0.003,0.049,0.004,0.0,0.033,0.0,0.124,0.037
grnava1,Green Avadavat,sporaeginthus formosus,nominate,153549451,Hilary Burn,Male,Not specified,,Passeriformes,Estrildidae ,Waxbills and Allies,0.012,0.065,0.039,0.009,0.001,0.073,0.054,0.043,0.025,0.0,0.141,0.032,0.046,0.181,0.08,0.006,0.017,0.035,0.008,0.001,0.017,0.01,0.07,0.035
zebwax2,Zebra Waxbill,sporaeginthus subflavus,clarkei,153172531,Hilary Burn,Male,Not specified,,Passeriformes,Estrildidae ,Waxbills and Allies,0.048,0.01,0.034,0.062,0.0,0.055,0.025,0.076,0.026,0.031,0.066,0.064,0.023,0.175,0.113,0.009,0.003,0.053,0.024,0.0,0.022,0.006,0.042,0.033
zebwax2,Zebra Waxbill,sporaeginthus subflavus,nominate,153172541,Hilary Burn,Female,Not specified,,Passeriformes,Estrildidae ,Waxbills and Allies,0.024,0.053,0.033,0.042,0.0,0.077,0.022,0.104,0.034,0.019,0.048,0.022,0.018,0.191,0.049,0.014,0.001,0.05,0.02,0.0,0.007,0.002,0.142,0.028
zebwax2,Zebra Waxbill,sporaeginthus subflavus,nominate,153549481,Hilary Burn,Male,Not specified,,Passeriformes,Estrildidae ,Waxbills and Allies,0.039,0.019,0.034,0.064,0.0,0.02,0.022,0.091,0.049,0.044,0.032,0.032,0.017,0.173,0.097,0.019,0.013,0.083,0.052,0.0,0.015,0.002,0.059,0.024
grebar2,Green Barbet,stactolaema olivacea,belcheri,151461011,Ian Lewington,Monomorphic,Not specified,,Piciformes,Lybiidae ,African Barbets,0.033,0.009,0.039,0.107,0.0,0.05,0.025,0.027,0.127,0.031,0.082,0.025,0.007,0.134,0.09,0.023,0.022,0.036,0.0,0.0,0.051,0.003,0.025,0.054
grebar2,Green Barbet,stactolaema olivacea,nominate,151461031,Ian Lewington,Monomorphic,Not specified,,Piciformes,Lybiidae ,African Barbets,0.048,0.013,0.016,0.138,0.0,0.091,0.024,0.011,0.122,0.03,0.122,0.034,0.017,0.11,0.11,0.03,0.012,0.014,0.0,0.0,0.028,0.001,0.005,0.024
brnsku3,Brown Skua,stercorarius antarcticus,nominate,151490341,Ian Lewington,Monomorphic,Not specified,,Charadriiformes,Stercorariidae ,Skuas and Jaegers,0.175,0.006,0.076,0.142,0.0,0.004,0.006,0.014,0.001,0.004,0.023,0.0,0.015,0.111,0.062,0.122,0.003,0.02,0.0,0.0,0.078,0.0,0.01,0.128
brnsku3,Brown Skua,stercorarius antarcticus,hamiltoni,151490351,Ian Lewington,Monomorphic,Not specified,,Charadriiformes,Stercorariidae ,Skuas and Jaegers,0.208,0.004,0.095,0.179,0.0,0.003,0.005,0.033,0.0,0.001,0.006,0.0,0.006,0.1,0.031,0.098,0.001,0.041,0.0,0.0,0.039,0.0,0.011,0.139
brnsku3,Brown Skua,stercorarius antarcticus,lonnbergi,151490361,Ian Lewington,Monomorphic,Not specified,,Charadriiformes,Stercorariidae ,Skuas and Jaegers,0.142,0.009,0.032,0.279,0.0,0.007,0.007,0.02,0.0,0.0,0.062,0.0,0.009,0.112,0.171,0.046,0.003,0.031,0.0,0.0,0.013,0.0,0.015,0.042
chisku1,Chilean Skua,stercorarius chilensis,nominate,151490371,Ian Lewington,Monomorphic,Not specified,,Charadriiformes,Stercorariidae ,Skuas and Jaegers,0.127,0.006,0.04,0.175,0.0,0.032,0.011,0.012,0.093,0.091,0.081,0.0,0.009,0.086,0.056,0.047,0.006,0.023,0.008,0.0,0.029,0.0,0.004,0.064
sopsku1,South Polar Skua,stercorarius maccormicki,nominate,151490321,Ian Lewington,Monomorphic,Adult,dark morph,Charadriiformes,Stercorariidae ,Skuas and Jaegers,0.152,0.008,0.172,0.105,0.0,0.0,0.005,0.028,0.0,0.0,0.001,0.0,0.005,0.089,0.035,0.043,0.002,0.108,0.0,0.0,0.067,0.0,0.006,0.174
sopsku1,South Polar Skua,stercorarius maccormicki,nominate,151490331,Ian Lewington,Monomorphic,Adult,dark morph,Charadriiformes,Stercorariidae ,Skuas and Jaegers,0.044,0.066,0.166,0.026,0.0,0.014,0.006,0.092,0.0,0.0,0.018,0.0,0.035,0.098,0.055,0.017,0.003,0.133,0.0,0.0,0.03,0.0,0.096,0.101
gresku1,Great Skua,stercorarius skua,nominate,151490311,Ian Lewington,Monomorphic,Not specified,,Charadriiformes,Stercorariidae ,Skuas and Jaegers,0.155,0.008,0.073,0.164,0.0,0.04,0.008,0.022,0.002,0.001,0.06,0.0,0.002,0.109,0.105,0.061,0.008,0.043,0.0,0.0,0.031,0.0,0.015,0.093
gnttan1,Green-throated Tanager,stilpnia argyrofenges,caeruleigularis,151428951,Hilary Burn,Male,Not specified,,Passeriformes,Thraupidae ,Tanagers and Allies,0.003,0.045,0.129,0.005,0.0,0.087,0.045,0.053,0.0,0.0,0.022,0.0,0.047,0.098,0.007,0.0,0.015,0.085,0.0,0.001,0.152,0.0,0.06,0.146
gnttan1,Green-throated Tanager,stilpnia argyrofenges,nominate,153339651,Hilary Burn,Male,Not specified,,Passeriformes,Thraupidae ,Tanagers and Allies,0.011,0.012,0.121,0.007,0.001,0.147,0.009,0.017,0.019,0.0,0.034,0.009,0.016,0.095,0.019,0.012,0.102,0.054,0.0,0.0,0.177,0.002,0.012,0.124
gnttan1,Green-throated Tanager,stilpnia argyrofenges,nominate,153727051,Hilary Burn,Female,Not specified,,Passeriformes,Thraupidae ,Tanagers and Allies,0.024,0.067,0.033,0.025,0.001,0.089,0.012,0.064,0.062,0.0,0.115,0.047,0.044,0.113,0.092,0.008,0.001,0.046,0.0,0.0,0.002,0.056,0.083,0.016
bubtan2,Burnished-buff Tanager,stilpnia cayana,nominate,153339871,Hilary Burn,Female,Not specified,,Passeriformes,Thraupidae ,Tanagers and Allies,0.007,0.156,0.023,0.008,0.001,0.086,0.032,0.074,0.028,0.002,0.059,0.025,0.152,0.102,0.041,0.002,0.003,0.053,0.001,0.0,0.005,0.004,0.126,0.01
bubtan2,Burnished-buff Tanager,stilpnia cayana,chloroptera,153339921,Hilary Burn,Female,Not specified,,Passeriformes,Thraupidae ,Tanagers and Allies,0.011,0.05,0.018,0.013,0.0,0.133,0.063,0.057,0.11,0.001,0.126,0.026,0.051,0.122,0.065,0.005,0.0,0.029,0.0,0.0,0.001,0.042,0.068,0.009
bubtan2,Burnished-buff Tanager,stilpnia cayana,chloroptera,153339941,Hilary Burn,Male,Not specified,,Passeriformes,Thraupidae ,Tanagers and Allies,0.002,0.079,0.054,0.005,0.091,0.172,0.038,0.033,0.041,0.007,0.042,0.062,0.068,0.091,0.012,0.006,0.024,0.034,0.0,0.009,0.061,0.001,0.022,0.046
bubtan2,Burnished-buff Tanager,stilpnia cayana,nominate,153727261,Hilary Burn,Male,Not specified,variant A,Passeriformes,Thraupidae ,Tanagers and Allies,0.003,0.103,0.038,0.009,0.097,0.099,0.017,0.06,0.071,0.027,0.06,0.059,0.05,0.118,0.015,0.005,0.009,0.047,0.0,0.0,0.019,0.0,0.07,0.024
bubtan2,Burnished-buff Tanager,stilpnia cayana,nominate,153727281,Hilary Burn,Male,Not specified,variant B,Passeriformes,Thraupidae ,Tanagers and Allies,0.003,0.109,0.043,0.007,0.101,0.095,0.12,0.041,0.006,0.001,0.021,0.034,0.116,0.125,0.012,0.005,0.006,0.054,0.0,0.013,0.028,0.0,0.038,0.022
leatan1,Lesser Antillean Tanager,stilpnia cucullata,versicolor,153339961,Hilary Burn,Female,Not specified,,Passeriformes,Thraupidae ,Tanagers and Allies,0.005,0.212,0.026,0.009,0.0,0.035,0.029,0.079,0.012,0.01,0.084,0.002,0.079,0.104,0.031,0.002,0.003,0.058,0.005,0.0,0.007,0.003,0.186,0.019
leatan1,Lesser Antillean Tanager,stilpnia cucullata,versicolor,153339971,Hilary Burn,Male,Not specified,,Passeriformes,Thraupidae ,Tanagers and Allies,0.005,0.138,0.037,0.008,0.057,0.083,0.094,0.049,0.012,0.028,0.075,0.001,0.139,0.101,0.02,0.008,0.002,0.052,0.015,0.0,0.01,0.0,0.04,0.026
leatan1,Lesser Antillean Tanager,stilpnia cucullata,nominate,153339991,Hilary Burn,Female,Not specified,,Passeriformes,Thraupidae ,Tanagers and Allies,0.007,0.207,0.046,0.009,0.005,0.038,0.041,0.08,0.0,0.001,0.033,0.0,0.141,0.113,0.015,0.005,0.002,0.061,0.007,0.002,0.021,0.003,0.147,0.016
leatan1,Lesser Antillean Tanager,stilpnia cucullata,nominate,153727351,Hilary Burn,Male,Not specified,,Passeriformes,Thraupidae ,Tanagers and Allies,0.011,0.147,0.056,0.007,0.016,0.03,0.062,0.074,0.005,0.002,0.028,0.001,0.156,0.105,0.026,0.011,0.005,0.06,0.001,0.0,0.019,0.001,0.141,0.036
blntan1,Blue-necked Tanager,stilpnia cyanicollis,granadensis,151428921,Hilary Burn,Male,Not specified,,Passeriformes,Thraupidae ,Tanagers and Allies,0.006,0.038,0.091,0.006,0.167,0.008,0.026,0.06,0.008,0.0,0.048,0.019,0.012,0.106,0.025,0.0,0.002,0.062,0.0,0.063,0.068,0.003,0.035,0.147
blntan1,Blue-necked Tanager,stilpnia cyanicollis,hannahiae,151428931,Hilary Burn,Male,Not specified,,Passeriformes,Thraupidae ,Tanagers and Allies,0.012,0.121,0.1,0.008,0.037,0.007,0.034,0.077,0.0,0.0,0.034,0.002,0.017,0.104,0.016,0.0,0.0,0.072,0.0,0.0,0.103,0.004,0.04,0.212
blntan1,Blue-necked Tanager,stilpnia cyanicollis,nominate,153339731,Hilary Burn,Male,Not specified,,Passeriformes,Thraupidae ,Tanagers and Allies,0.005,0.071,0.103,0.01,0.049,0.056,0.038,0.046,0.008,0.0,0.031,0.015,0.065,0.106,0.013,0.005,0.032,0.066,0.0,0.028,0.096,0.002,0.031,0.124
blntan1,Blue-necked Tanager,stilpnia cyanicollis,cyanopygia,153727151,Hilary Burn,Male,Not specified,,Passeriformes,Thraupidae ,Tanagers and Allies,0.004,0.107,0.086,0.0,0.082,0.019,0.053,0.039,0.001,0.0,0.004,0.004,0.083,0.12,0.002,0.004,0.031,0.07,0.0,0.055,0.075,0.0,0.051,0.11
blhtan1,Black-headed Tanager,stilpnia cyanoptera,nominate,153339541,Hilary Burn,Female,Not specified,,Passeriformes,Thraupidae ,Tanagers and Allies,0.027,0.058,0.017,0.033,0.0,0.125,0.016,0.061,0.013,0.0,0.186,0.034,0.027,0.106,0.113,0.007,0.003,0.036,0.0,0.0,0.005,0.024,0.092,0.017
blhtan1,Black-headed Tanager,stilpnia cyanoptera,nominate,153339551,Hilary Burn,Male,Not specified,,Passeriformes,Thraupidae ,Tanagers and Allies,0.002,0.049,0.094,0.003,0.012,0.182,0.011,0.025,0.004,0.0,0.052,0.005,0.045,0.115,0.009,0.005,0.065,0.039,0.0,0.074,0.089,0.0,0.037,0.083
blhtan1,Black-headed Tanager,stilpnia cyanoptera,whitelyi,153726941,Hilary Burn,Female,Not specified,,Passeriformes,Thraupidae ,Tanagers and Allies,0.023,0.065,0.018,0.036,0.0,0.096,0.02,0.099,0.037,0.0,0.107,0.031,0.034,0.098,0.099,0.009,0.002,0.038,0.0,0.0,0.007,0.054,0.111,0.016
blhtan1,Black-headed Tanager,stilpnia cyanoptera,whitelyi,153726951,Hilary Burn,Male,Not specified,,Passeriformes,Thraupidae ,Tanagers and Allies,0.001,0.078,0.158,0.0,0.0,0.025,0.078,0.033,0.0,0.0,0.008,0.0,0.105,0.105,0.006,0.0,0.076,0.066,0.0,0.0,0.086,0.0,0.05,0.125
blctan1,Black-capped Tanager,stilpnia heinei,nominate,153339661,Hilary Burn,Female,Not specified,,Passeriformes,Thraupidae ,Tanagers and Allies,0.059,0.062,0.016,0.049,0.0,0.062,0.026,0.032,0.066,0.0,0.142,0.003,0.055,0.107,0.101,0.018,0.004,0.03,0.0,0.0,0.015,0.073,0.062,0.018
blctan1,Black-capped Tanager,stilpnia heinei,nominate,153727091,Hilary Burn,Male,Not specified,,Passeriformes,Thraupidae ,Tanagers and Allies,0.001,0.167,0.067,0.0,0.139,0.0,0.016,0.11,0.0,0.0,0.002,0.0,0.092,0.08,0.001,0.002,0.022,0.077,0.0,0.014,0.033,0.0,0.13,0.047
gohtan1,Golden-hooded Tanager,stilpnia larvata,nominate,153339711,Hilary Burn,Monomorphic,Not specified,,Passeriformes,Thraupidae ,Tanagers and Allies,0.005,0.067,0.075,0.005,0.065,0.064,0.023,0.043,0.011,0.003,0.03,0.008,0.043,0.108,0.025,0.003,0.037,0.053,0.001,0.046,0.109,0.002,0.05,0.124
grctan1,Green-capped Tanager,stilpnia meyerdeschauenseei,nominate,153727231,Hilary Burn,Male,Not specified,,Passeriformes,Thraupidae ,Tanagers and Allies,0.002,0.16,0.039,0.002,0.126,0.03,0.057,0.063,0.006,0.001,0.033,0.004,0.152,0.119,0.005,0.0,0.004,0.044,0.0,0.03,0.011,0.002,0.097,0.013
mastan1,Masked Tanager,stilpnia nigrocincta,nominate,153339781,Hilary Burn,Male,Not specified,,Passeriformes,Thraupidae ,Tanagers and Allies,0.002,0.169,0.065,0.0,0.093,0.003,0.028,0.049,0.0,0.0,0.004,0.0,0.077,0.128,0.002,0.001,0.029,0.06,0.0,0.036,0.079,0.0,0.058,0.117
mastan1,Masked Tanager,stilpnia nigrocincta,nominate,153727161,Hilary Burn,Female,Not specified,,Passeriformes,Thraupidae ,Tanagers and Allies,0.008,0.131,0.094,0.003,0.062,0.012,0.032,0.09,0.0,0.0,0.019,0.0,0.095,0.112,0.012,0.004,0.019,0.089,0.0,0.01,0.058,0.0,0.068,0.082
blbtan1,Black-backed Tanager,stilpnia peruviana,nominate,153727181,Hilary Burn,Female,Not specified,,Passeriformes,Thraupidae ,Tanagers and Allies,0.025,0.064,0.01,0.016,0.0,0.106,0.046,0.051,0.092,0.03,0.123,0.027,0.105,0.086,0.055,0.009,0.005,0.035,0.003,0.0,0.008,0.03,0.066,0.008
blbtan1,Black-backed Tanager,stilpnia peruviana,nominate,153727191,Hilary Burn,Male,Not specified,,Passeriformes,Thraupidae ,Tanagers and Allies,0.009,0.136,0.046,0.005,0.049,0.049,0.112,0.035,0.03,0.069,0.019,0.005,0.121,0.119,0.011,0.011,0.006,0.038,0.007,0.003,0.026,0.003,0.059,0.032
sirtan1,Sira Tanager,stilpnia phillipsi,nominate,153339611,Hilary Burn,Female,Not specified,,Passeriformes,Thraupidae ,Tanagers and Allies,0.018,0.073,0.026,0.015,0.001,0.053,0.009,0.077,0.049,0.0,0.142,0.013,0.05,0.117,0.081,0.009,0.005,0.07,0.0,0.0,0.005,0.041,0.128,0.018
sirtan1,Sira Tanager,stilpnia phillipsi,nominate,153339631,Hilary Burn,Male,Not specified,,Passeriformes,Thraupidae ,Tanagers and Allies,0.0,0.129,0.077,0.002,0.044,0.0,0.008,0.091,0.0,0.0,0.0,0.0,0.057,0.121,0.0,0.0,0.115,0.08,0.0,0.019,0.088,0.0,0.105,0.064
chbtan1,Chestnut-backed Tanager,stilpnia preciosa,nominate,153339821,Hilary Burn,Female,Not specified,,Passeriformes,Thraupidae ,Tanagers and Allies,0.028,0.038,0.019,0.017,0.0,0.149,0.047,0.026,0.179,0.017,0.072,0.043,0.076,0.114,0.04,0.008,0.0,0.019,0.003,0.0,0.002,0.059,0.039,0.005
chbtan1,Chestnut-backed Tanager,stilpnia preciosa,nominate,153727211,Hilary Burn,Male,Not specified,,Passeriformes,Thraupidae ,Tanagers and Allies,0.002,0.123,0.039,0.006,0.067,0.047,0.034,0.037,0.086,0.089,0.042,0.011,0.112,0.115,0.021,0.001,0.007,0.039,0.008,0.015,0.017,0.0,0.057,0.025
siltan1,Silvery Tanager,stilpnia viridicollis,fulvigula,151428941,Hilary Burn,Male,Not specified,,Passeriformes,Thraupidae ,Tanagers and Allies,0.003,0.086,0.093,0.012,0.031,0.001,0.022,0.124,0.025,0.005,0.014,0.029,0.031,0.108,0.006,0.004,0.114,0.086,0.0,0.0,0.067,0.0,0.085,0.054
siltan1,Silvery Tanager,stilpnia viridicollis,nominate,153339591,Hilary Burn,Female,Not specified,,Passeriformes,Thraupidae ,Tanagers and Allies,0.059,0.051,0.008,0.047,0.0,0.046,0.011,0.036,0.083,0.002,0.185,0.012,0.036,0.116,0.102,0.01,0.002,0.021,0.0,0.0,0.009,0.1,0.05,0.014
siltan1,Silvery Tanager,stilpnia viridicollis,nominate,153727001,Hilary Burn,Male,Not specified,,Passeriformes,Thraupidae ,Tanagers and Allies,0.003,0.09,0.055,0.004,0.02,0.005,0.022,0.096,0.011,0.004,0.006,0.029,0.051,0.096,0.005,0.0,0.089,0.055,0.0,0.0,0.174,0.0,0.093,0.092
scrtan1,Scrub Tanager,stilpnia vitriolina,nominate,153339861,Hilary Burn,Monomorphic,Not specified,,Passeriformes,Thraupidae ,Tanagers and Allies,0.001,0.182,0.036,0.0,0.008,0.031,0.054,0.097,0.02,0.006,0.029,0.007,0.166,0.118,0.005,0.002,0.003,0.051,0.001,0.0,0.011,0.0,0.156,0.016
spodov,Spotted Dove,streptopelia chinensis,tigrina,151430211,Hilary Burn,Monomorphic,Not specified,,Columbiformes,Columbidae ,Pigeons and Doves,0.072,0.048,0.104,0.003,0.0,0.001,0.018,0.091,0.001,0.0,0.003,0.0,0.016,0.126,0.039,0.023,0.054,0.147,0.0,0.0,0.064,0.0,0.123,0.067
spodov,Spotted Dove,streptopelia chinensis,chinensis,151430231,Hilary Burn,Monomorphic,Not specified,,Columbiformes,Columbidae ,Pigeons and Doves,0.075,0.054,0.058,0.033,0.0,0.003,0.017,0.112,0.0,0.0,0.05,0.0,0.022,0.131,0.044,0.015,0.043,0.151,0.0,0.0,0.036,0.0,0.099,0.057
spodov,Spotted Dove,streptopelia chinensis,suratensis/ceylonensis,151430251,Jan Wilczur,Monomorphic,Not specified,,Columbiformes,Columbidae ,Pigeons and Doves,0.064,0.09,0.04,0.045,0.0,0.033,0.037,0.058,0.0,0.0,0.051,0.0,0.058,0.141,0.031,0.044,0.046,0.084,0.001,0.0,0.051,0.0,0.069,0.057
matdov1,Madagascar Turtle-Dove,streptopelia picturata,rostrata,151424351,Hilary Burn,Monomorphic,Not specified,,Columbiformes,Columbidae ,Pigeons and Doves,0.073,0.048,0.081,0.034,0.0,0.0,0.026,0.044,0.0,0.001,0.013,0.0,0.034,0.132,0.036,0.159,0.0,0.042,0.0,0.0,0.024,0.0,0.072,0.181
matdov1,Madagascar Turtle-Dove,streptopelia picturata,comorensis,151430291,Hilary Burn,Monomorphic,Not specified,,Columbiformes,Columbidae ,Pigeons and Doves,0.155,0.059,0.046,0.046,0.0,0.002,0.013,0.043,0.0,0.0,0.007,0.0,0.021,0.106,0.017,0.212,0.033,0.042,0.0,0.0,0.056,0.0,0.061,0.081
matdov1,Madagascar Turtle-Dove,streptopelia picturata,coppingeri,151430311,Hilary Burn,Monomorphic,Not specified,,Columbiformes,Columbidae ,Pigeons and Doves,0.228,0.021,0.066,0.095,0.0,0.001,0.008,0.046,0.0,0.0,0.006,0.0,0.009,0.118,0.068,0.119,0.01,0.052,0.0,0.0,0.053,0.0,0.05,0.05
matdov1,Madagascar Turtle-Dove,streptopelia picturata,nominate,151430351,Hilary Burn,Monomorphic,Not specified,,Columbiformes,Columbidae ,Pigeons and Doves,0.152,0.071,0.042,0.084,0.0,0.017,0.028,0.037,0.0,0.003,0.01,0.0,0.065,0.139,0.03,0.122,0.017,0.034,0.004,0.0,0.043,0.0,0.039,0.063
laudov1,Laughing Dove,streptopelia senegalensis,cambayensis,151430261,Hilary Burn,Monomorphic,Not specified,,Columbiformes,Columbidae ,Pigeons and Doves,0.028,0.08,0.017,0.088,0.002,0.025,0.036,0.037,0.004,0.006,0.175,0.0,0.034,0.166,0.141,0.018,0.018,0.021,0.0,0.0,0.019,0.0,0.065,0.02
laudov1,Laughing Dove,streptopelia senegalensis,nominate,151430271,Hilary Burn,Monomorphic,Not specified,,Columbiformes,Columbidae ,Pigeons and Doves,0.014,0.038,0.051,0.045,0.013,0.02,0.023,0.105,0.009,0.061,0.109,0.0,0.018,0.143,0.099,0.007,0.031,0.076,0.001,0.0,0.014,0.0,0.085,0.038
laudov1,Laughing Dove,streptopelia senegalensis,sokotrae,151430281,Hilary Burn,Monomorphic,Not specified,,Columbiformes,Columbidae ,Pigeons and Doves,0.012,0.153,0.025,0.007,0.001,0.053,0.02,0.044,0.028,0.005,0.131,0.002,0.046,0.161,0.059,0.014,0.018,0.024,0.0,0.0,0.033,0.0,0.128,0.036
kakapo2,Kakapo,strigops habroptila,nominate,151443551,Norman Arlott,Monomorphic,Not specified,,Psittaciformes,Strigopidae ,New Zealand Parrots,0.269,0.008,0.005,0.181,0.0,0.0,0.005,0.015,0.023,0.004,0.002,0.0,0.009,0.09,0.041,0.148,0.0,0.015,0.0,0.0,0.014,0.127,0.011,0.033
pedowl1,Pere David's Owl,strix davidi,nominate,151480571,Tim Worfolk,Monomorphic,Not specified,,Strigiformes,Strigidae ,Owls,0.045,0.049,0.033,0.035,0.0,0.015,0.032,0.044,0.002,0.0,0.028,0.0,0.061,0.115,0.041,0.08,0.066,0.035,0.001,0.0,0.131,0.0,0.042,0.145
parant1,Parana Antwren,stymphalornis acutirostris,nominate,153010131,Hilary Burn,Female,Not specified,,Passeriformes,Thamnophilidae ,Typical Antbirds,0.065,0.043,0.129,0.144,0.0,0.003,0.029,0.039,0.0,0.001,0.016,0.0,0.031,0.143,0.094,0.035,0.013,0.06,0.0,0.0,0.044,0.0,0.041,0.07
parant1,Parana Antwren,stymphalornis acutirostris,nominate,153010141,Hilary Burn,Male,Not specified,,Passeriformes,Thamnophilidae ,Typical Antbirds,0.061,0.021,0.13,0.101,0.0,0.003,0.017,0.079,0.0,0.0,0.013,0.0,0.019,0.166,0.043,0.029,0.007,0.138,0.0,0.0,0.039,0.0,0.059,0.075
parant1,Parana Antwren,stymphalornis acutirostris,paludicola,153010151,Hilary Burn,Female,Not specified,,Passeriformes,Thamnophilidae ,Typical Antbirds,0.095,0.028,0.131,0.103,0.0,0.001,0.032,0.063,0.001,0.0,0.009,0.0,0.037,0.141,0.057,0.016,0.009,0.079,0.0,0.0,0.044,0.0,0.055,0.099
parant1,Parana Antwren,stymphalornis acutirostris,paludicola,153409901,Hilary Burn,Male,Not specified,,Passeriformes,Thamnophilidae ,Typical Antbirds,0.091,0.015,0.121,0.068,0.0,0.0,0.015,0.039,0.0,0.0,0.003,0.0,0.013,0.163,0.023,0.031,0.014,0.084,0.0,0.0,0.136,0.0,0.018,0.166
chafly3,Chapada Flycatcher,suiriri affinis,nominate,153440691,Ian Willis,Monomorphic,Not specified,,Passeriformes,Tyrannidae ,Tyrant Flycatchers,0.0,0.075,0.044,0.003,0.0,0.051,0.165,0.11,0.0,0.0,0.009,0.0,0.071,0.22,0.006,0.0,0.019,0.062,0.0,0.0,0.047,0.0,0.074,0.044
balwar1,Balearic Warbler,sylvia balearica,nominate,153503811,John Cox,Monomorphic,Not specified,,Passeriformes,Sylviidae ,"Sylviid Warblers, Parrotbills, and Allies",0.001,0.076,0.043,0.003,0.0,0.013,0.062,0.194,0.001,0.0,0.013,0.0,0.092,0.199,0.003,0.004,0.011,0.092,0.002,0.0,0.034,0.0,0.134,0.023
banwar2,Banded Parisoma,sylvia boehmi,nominate,153117011,John Cox,Monomorphic,Not specified,,Passeriformes,Sylviidae ,"Sylviid Warblers, Parrotbills, and Allies",0.003,0.068,0.048,0.012,0.0,0.02,0.104,0.137,0.025,0.022,0.003,0.005,0.051,0.192,0.002,0.007,0.029,0.066,0.001,0.0,0.042,0.0,0.12,0.043
yemwar1,Yemen Warbler,sylvia buryi,nominate,153117161,John Cox,Monomorphic,Not specified,,Passeriformes,Sylviidae ,"Sylviid Warblers, Parrotbills, and Allies",0.067,0.06,0.054,0.04,0.002,0.089,0.061,0.061,0.0,0.0,0.024,0.0,0.064,0.143,0.047,0.055,0.037,0.06,0.0,0.0,0.065,0.0,0.026,0.045
subwar1,Subalpine Warbler,sylvia cantillans,nominate,153117451,John Cox,Male,Not specified,,Passeriformes,Sylviidae ,"Sylviid Warblers, Parrotbills, and Allies",0.012,0.051,0.05,0.017,0.0,0.067,0.031,0.132,0.058,0.06,0.055,0.0,0.041,0.165,0.025,0.016,0.017,0.082,0.002,0.0,0.032,0.0,0.063,0.024
subwar1,Subalpine Warbler,sylvia cantillans,albistriata,153503621,John Cox,Male,Not specified,,Passeriformes,Sylviidae ,"Sylviid Warblers, Parrotbills, and Allies",0.019,0.059,0.045,0.026,0.0,0.036,0.04,0.193,0.011,0.069,0.028,0.0,0.033,0.137,0.018,0.018,0.018,0.082,0.007,0.0,0.029,0.0,0.094,0.038
grewhi1,Greater Whitethroat,sylvia communis,nominate,153117521,John Cox,Male,Not specified,,Passeriformes,Sylviidae ,"Sylviid Warblers, Parrotbills, and Allies",0.034,0.081,0.031,0.055,0.0,0.024,0.086,0.091,0.009,0.0,0.032,0.0,0.077,0.172,0.098,0.018,0.006,0.033,0.0,0.0,0.019,0.003,0.1,0.031
grewhi1,Greater Whitethroat,sylvia communis,rubicola,153503741,John Cox,Male,Not specified,,Passeriformes,Sylviidae ,"Sylviid Warblers, Parrotbills, and Allies",0.028,0.111,0.056,0.037,0.0,0.014,0.052,0.133,0.002,0.002,0.022,0.0,0.076,0.169,0.067,0.009,0.009,0.072,0.0,0.0,0.018,0.001,0.106,0.016
spewar2,Spectacled Warbler,sylvia conspicillata,nominate,153117571,John Cox,Male,Not specified,,Passeriformes,Sylviidae ,"Sylviid Warblers, Parrotbills, and Allies",0.043,0.068,0.034,0.075,0.001,0.11,0.053,0.073,0.009,0.019,0.027,0.0,0.049,0.178,0.06,0.019,0.03,0.045,0.0,0.002,0.027,0.003,0.045,0.03
eaowar2,Eastern Orphean Warbler,sylvia crassirostris,nominate,153503411,John Cox,Male,Not specified,,Passeriformes,Sylviidae ,"Sylviid Warblers, Parrotbills, and Allies",0.001,0.116,0.055,0.0,0.0,0.062,0.139,0.074,0.0,0.0,0.001,0.0,0.066,0.165,0.002,0.0,0.029,0.058,0.0,0.001,0.048,0.0,0.139,0.044
leswhi4,Lesser Whitethroat,sylvia curruca,althaea,153503461,John Cox,Monomorphic,Not specified,,Passeriformes,Sylviidae ,"Sylviid Warblers, Parrotbills, and Allies",0.0,0.11,0.055,0.004,0.0,0.022,0.104,0.128,0.0,0.0,0.005,0.0,0.093,0.191,0.002,0.0,0.014,0.065,0.0,0.0,0.014,0.0,0.158,0.035
leswhi4,Lesser Whitethroat,sylvia curruca,nominate,153503471,John Cox,Monomorphic,Not specified,,Passeriformes,Sylviidae ,"Sylviid Warblers, Parrotbills, and Allies",0.014,0.116,0.031,0.014,0.0,0.007,0.11,0.091,0.0,0.0,0.016,0.0,0.079,0.213,0.034,0.003,0.017,0.067,0.0,0.0,0.021,0.017,0.123,0.027
leswhi4,Lesser Whitethroat,sylvia curruca,margelanica,153503481,John Cox,Monomorphic,Not specified,,Passeriformes,Sylviidae ,"Sylviid Warblers, Parrotbills, and Allies",0.005,0.189,0.045,0.003,0.0,0.044,0.139,0.06,0.0,0.0,0.048,0.0,0.057,0.198,0.009,0.003,0.016,0.042,0.0,0.0,0.018,0.0,0.094,0.03
leswhi4,Lesser Whitethroat,sylvia curruca,minula,153503491,John Cox,Monomorphic,Not specified,,Passeriformes,Sylviidae ,"Sylviid Warblers, Parrotbills, and Allies",0.005,0.19,0.033,0.007,0.0,0.055,0.198,0.041,0.0,0.0,0.027,0.0,0.098,0.167,0.007,0.001,0.021,0.029,0.0,0.0,0.021,0.0,0.078,0.022
afdwar1,African Desert Warbler,sylvia deserti,nominate,153503171,John Cox,Monomorphic,Not specified,,Passeriformes,Sylviidae ,"Sylviid Warblers, Parrotbills, and Allies",0.001,0.062,0.002,0.011,0.0,0.287,0.202,0.008,0.034,0.003,0.118,0.0,0.059,0.173,0.019,0.004,0.003,0.0,0.002,0.0,0.003,0.0,0.007,0.002
triwar1,Tristram's Warbler,sylvia deserticola,nominate,153503851,John Cox,Monomorphic,Not specified,,Passeriformes,Sylviidae ,"Sylviid Warblers, Parrotbills, and Allies",0.04,0.042,0.048,0.078,0.0,0.02,0.022,0.112,0.022,0.053,0.03,0.0,0.02,0.171,0.086,0.021,0.012,0.06,0.0,0.0,0.018,0.001,0.125,0.019
weowar2,Western Orphean Warbler,sylvia hortensis,nominate,153117111,John Cox,Male,Not specified,,Passeriformes,Sylviidae ,"Sylviid Warblers, Parrotbills, and Allies",0.01,0.059,0.094,0.001,0.0,0.141,0.079,0.083,0.0,0.0,0.016,0.0,0.06,0.143,0.003,0.001,0.036,0.143,0.0,0.0,0.038,0.0,0.054,0.039
laywar2,Layard's Warbler,sylvia layardi,nominate,153116981,John Cox,Monomorphic,Not specified,,Passeriformes,Sylviidae ,"Sylviid Warblers, Parrotbills, and Allies",0.005,0.073,0.076,0.0,0.0,0.007,0.032,0.153,0.0,0.0,0.003,0.0,0.068,0.123,0.0,0.024,0.039,0.144,0.0,0.0,0.056,0.0,0.137,0.06
reswar1,Arabian Warbler,sylvia leucomelaena,nominate,153117071,John Cox,Monomorphic,Not specified,,Passeriformes,Sylviidae ,"Sylviid Warblers, Parrotbills, and Allies",0.017,0.07,0.071,0.032,0.0,0.005,0.128,0.08,0.0,0.0,0.003,0.0,0.064,0.191,0.023,0.012,0.076,0.064,0.0,0.0,0.055,0.0,0.056,0.053
reswar1,Arabian Warbler,sylvia leucomelaena,blanfordi,153503291,John Cox,Monomorphic,Not specified,,Passeriformes,Sylviidae ,"Sylviid Warblers, Parrotbills, and Allies",0.005,0.112,0.065,0.009,0.0,0.002,0.113,0.068,0.0,0.0,0.003,0.0,0.06,0.247,0.007,0.003,0.071,0.061,0.0,0.0,0.05,0.0,0.069,0.055
brnwar1,Brown Parisoma,sylvia lugens,nominate,153117191,John Cox,Monomorphic,Not specified,,Passeriformes,Sylviidae ,"Sylviid Warblers, Parrotbills, and Allies",0.052,0.056,0.062,0.033,0.0,0.095,0.027,0.068,0.0,0.0,0.046,0.0,0.04,0.166,0.068,0.03,0.059,0.053,0.0,0.0,0.06,0.0,0.033,0.052
sarwar1,Sardinian Warbler,sylvia melanocephala,nominate,153117371,John Cox,Female,Not specified,,Passeriformes,Sylviidae ,"Sylviid Warblers, Parrotbills, and Allies",0.06,0.063,0.055,0.09,0.0,0.019,0.057,0.063,0.003,0.0,0.091,0.0,0.03,0.144,0.101,0.039,0.017,0.05,0.0,0.0,0.036,0.003,0.037,0.042
sarwar1,Sardinian Warbler,sylvia melanocephala,momus,153117401,John Cox,Male,Not specified,,Passeriformes,Sylviidae ,"Sylviid Warblers, Parrotbills, and Allies",0.005,0.134,0.041,0.006,0.0,0.001,0.09,0.1,0.0,0.0,0.0,0.0,0.108,0.215,0.001,0.003,0.054,0.044,0.001,0.001,0.027,0.0,0.14,0.029
sarwar1,Sardinian Warbler,sylvia melanocephala,nominate,153503591,John Cox,Male,Not specified,,Passeriformes,Sylviidae ,"Sylviid Warblers, Parrotbills, and Allies",0.004,0.117,0.054,0.007,0.0,0.013,0.039,0.142,0.0,0.001,0.007,0.0,0.064,0.185,0.006,0.016,0.079,0.084,0.0,0.0,0.035,0.0,0.125,0.022
cypwar1,Cyprus Warbler,sylvia melanothorax,nominate,153117341,John Cox,Female,Not specified,,Passeriformes,Sylviidae ,"Sylviid Warblers, Parrotbills, and Allies",0.009,0.137,0.042,0.002,0.003,0.014,0.099,0.137,0.0,0.0,0.019,0.0,0.105,0.155,0.003,0.002,0.023,0.072,0.0,0.003,0.022,0.0,0.117,0.036
cypwar1,Cyprus Warbler,sylvia melanothorax,nominate,153117361,John Cox,Male,Not specified,,Passeriformes,Sylviidae ,"Sylviid Warblers, Parrotbills, and Allies",0.003,0.107,0.067,0.005,0.0,0.001,0.053,0.1,0.0,0.001,0.006,0.0,0.073,0.139,0.004,0.011,0.108,0.077,0.0,0.0,0.051,0.0,0.146,0.048
menwar1,Menetries's Warbler,sylvia mystacea,nominate,153117281,John Cox,Female,Not specified,,Passeriformes,Sylviidae ,"Sylviid Warblers, Parrotbills, and Allies",0.028,0.076,0.038,0.017,0.0,0.062,0.102,0.106,0.003,0.0,0.022,0.0,0.054,0.173,0.039,0.014,0.012,0.068,0.0,0.0,0.017,0.014,0.116,0.039
menwar1,Menetries's Warbler,sylvia mystacea,rubescens,153117331,John Cox,Male,Not specified,,Passeriformes,Sylviidae ,"Sylviid Warblers, Parrotbills, and Allies",0.006,0.132,0.049,0.006,0.0,0.007,0.144,0.071,0.0,0.001,0.0,0.0,0.083,0.216,0.006,0.007,0.023,0.047,0.0,0.0,0.035,0.0,0.133,0.034
menwar1,Menetries's Warbler,sylvia mystacea,nominate,153503521,John Cox,Male,Not specified,,Passeriformes,Sylviidae ,"Sylviid Warblers, Parrotbills, and Allies",0.004,0.095,0.029,0.002,0.0,0.066,0.097,0.061,0.001,0.0,0.02,0.0,0.056,0.227,0.011,0.011,0.038,0.039,0.001,0.0,0.028,0.0,0.182,0.032
asdwar1,Asian Desert Warbler,sylvia nana,nominate,153503201,John Cox,Monomorphic,Not specified,,Passeriformes,Sylviidae ,"Sylviid Warblers, Parrotbills, and Allies",0.013,0.062,0.003,0.02,0.0,0.109,0.135,0.011,0.026,0.007,0.2,0.0,0.068,0.191,0.104,0.004,0.004,0.01,0.0,0.0,0.006,0.001,0.022,0.004
barwar1,Barred Warbler,sylvia nisoria,nominate,153116971,John Cox,Male,Not specified,,Passeriformes,Sylviidae ,"Sylviid Warblers, Parrotbills, and Allies",0.0,0.075,0.081,0.0,0.0,0.0,0.132,0.191,0.0,0.001,0.0,0.001,0.114,0.129,0.001,0.0,0.011,0.107,0.0,0.0,0.011,0.001,0.103,0.042
ruewar1,Rüppell's Warbler,sylvia ruppeli,nominate,153117501,John Cox,Male,Not specified,,Passeriformes,Sylviidae ,"Sylviid Warblers, Parrotbills, and Allies",0.003,0.088,0.053,0.014,0.0,0.021,0.056,0.122,0.005,0.0,0.022,0.0,0.077,0.187,0.013,0.011,0.031,0.055,0.0,0.0,0.039,0.019,0.147,0.037
marwar1,Marmora's Warbler,sylvia sarda,nominate,153117601,John Cox,Monomorphic,Not specified,,Passeriformes,Sylviidae ,"Sylviid Warblers, Parrotbills, and Allies",0.003,0.097,0.065,0.008,0.0,0.002,0.028,0.181,0.0,0.004,0.008,0.0,0.076,0.167,0.005,0.007,0.01,0.105,0.002,0.0,0.022,0.0,0.179,0.031
subwar8,Moltoni's Warbler,sylvia subalpina,nominate,153117471,John Cox,Male,Not specified,,Passeriformes,Sylviidae ,"Sylviid Warblers, Parrotbills, and Allies",0.022,0.083,0.033,0.017,0.0,0.063,0.054,0.129,0.001,0.002,0.098,0.0,0.056,0.167,0.034,0.007,0.016,0.066,0.004,0.0,0.021,0.0,0.103,0.024
ruvwar2,Chestnut-vented Warbler,sylvia subcoerulea,nominate,153503261,John Cox,Monomorphic,Not specified,,Passeriformes,Sylviidae ,"Sylviid Warblers, Parrotbills, and Allies",0.022,0.061,0.077,0.003,0.0,0.009,0.03,0.237,0.003,0.006,0.009,0.0,0.028,0.141,0.005,0.008,0.022,0.162,0.0,0.0,0.042,0.002,0.089,0.044
darwar1,Dartford Warbler,sylvia undata,nominate,153117621,John Cox,Female,Not specified,,Passeriformes,Sylviidae ,"Sylviid Warblers, Parrotbills, and Allies",0.031,0.042,0.128,0.058,0.0,0.005,0.011,0.082,0.002,0.012,0.023,0.0,0.023,0.231,0.058,0.026,0.013,0.132,0.006,0.0,0.033,0.0,0.044,0.04
darwar1,Dartford Warbler,sylvia undata,nominate,153503841,John Cox,Male,Not specified,,Passeriformes,Sylviidae ,"Sylviid Warblers, Parrotbills, and Allies",0.072,0.044,0.113,0.049,0.002,0.003,0.035,0.058,0.001,0.006,0.007,0.0,0.046,0.197,0.02,0.056,0.017,0.134,0.008,0.001,0.035,0.0,0.041,0.055
demwir1,Des Murs's Wiretail,sylviorthorhynchus desmursii,nominate,153023271,Tim Worfolk,Monomorphic,Not specified,,Passeriformes,Furnariidae ,Ovenbirds and Woodcreepers,0.025,0.022,0.006,0.068,0.0,0.106,0.038,0.018,0.045,0.043,0.15,0.0,0.03,0.261,0.12,0.018,0.002,0.004,0.004,0.0,0.003,0.0,0.031,0.006
chiswa1,Chilean Swallow,tachycineta leucopyga,nominate,153109441,Hilary Burn,Monomorphic,Not specified,,Passeriformes,Hirundinidae ,Swallows,0.0,0.029,0.139,0.0,0.039,0.0,0.066,0.1,0.0,0.0,0.0,0.0,0.07,0.179,0.0,0.0,0.008,0.216,0.0,0.017,0.023,0.0,0.036,0.078
flctan1,Flame-crested Tanager,tachyphonus cristatus,brunneus,153251561,Hilary Burn,Female,Not specified,,Passeriformes,Thraupidae ,Tanagers and Allies,0.125,0.009,0.016,0.157,0.0,0.007,0.004,0.029,0.071,0.136,0.032,0.005,0.007,0.107,0.079,0.081,0.006,0.019,0.053,0.0,0.032,0.002,0.01,0.013
flctan1,Flame-crested Tanager,tachyphonus cristatus,cristatus,153251611,Hilary Burn,Female,Not specified,,Passeriformes,Thraupidae ,Tanagers and Allies,0.063,0.009,0.003,0.154,0.0,0.02,0.01,0.018,0.191,0.113,0.056,0.074,0.006,0.125,0.039,0.041,0.003,0.017,0.013,0.0,0.006,0.007,0.017,0.015
flctan1,Flame-crested Tanager,tachyphonus cristatus,cristatus,153251651,Hilary Burn,Male,Not specified,,Passeriformes,Thraupidae ,Tanagers and Allies,0.003,0.013,0.144,0.0,0.002,0.006,0.016,0.025,0.009,0.005,0.005,0.021,0.014,0.088,0.001,0.002,0.172,0.09,0.002,0.0,0.184,0.001,0.019,0.178
flctan1,Flame-crested Tanager,tachyphonus cristatus,nattereri,153719771,Hilary Burn,Male,Not specified,,Passeriformes,Thraupidae ,Tanagers and Allies,0.001,0.019,0.181,0.005,0.0,0.001,0.013,0.053,0.018,0.013,0.003,0.004,0.01,0.132,0.004,0.003,0.06,0.122,0.0,0.0,0.128,0.0,0.022,0.208
tactan1,Tawny-crested Tanager,tachyphonus delatrii,nominate,153720051,Hilary Burn,Female,Not specified,,Passeriformes,Thraupidae ,Tanagers and Allies,0.17,0.008,0.06,0.176,0.0,0.0,0.01,0.046,0.021,0.001,0.018,0.0,0.006,0.112,0.097,0.071,0.001,0.069,0.0,0.0,0.014,0.037,0.028,0.055
tactan1,Tawny-crested Tanager,tachyphonus delatrii,nominate,153720071,Hilary Burn,Male,Not specified,,Passeriformes,Thraupidae ,Tanagers and Allies,0.004,0.013,0.158,0.0,0.001,0.002,0.01,0.013,0.003,0.001,0.006,0.01,0.008,0.103,0.005,0.001,0.161,0.047,0.0,0.002,0.245,0.001,0.011,0.195
whstan1,White-shouldered Tanager,tachyphonus luctuosus,nominate,153251751,Hilary Burn,Female,Not specified,,Passeriformes,Thraupidae ,Tanagers and Allies,0.036,0.054,0.016,0.037,0.0,0.012,0.018,0.038,0.254,0.0,0.034,0.142,0.028,0.116,0.037,0.017,0.0,0.022,0.0,0.0,0.006,0.075,0.047,0.011
whstan1,White-shouldered Tanager,tachyphonus luctuosus,nominate,153251781,Hilary Burn,Male,Not specified,,Passeriformes,Thraupidae ,Tanagers and Allies,0.001,0.021,0.129,0.0,0.001,0.0,0.013,0.021,0.0,0.0,0.0,0.0,0.023,0.123,0.0,0.0,0.214,0.046,0.0,0.0,0.216,0.0,0.025,0.167
whstan1,White-shouldered Tanager,tachyphonus luctuosus,nitidissimus,153251801,Hilary Burn,Female,Not specified,,Passeriformes,Thraupidae ,Tanagers and Allies,0.034,0.017,0.016,0.031,0.0,0.061,0.011,0.026,0.253,0.0,0.058,0.128,0.012,0.151,0.062,0.013,0.006,0.019,0.0,0.0,0.012,0.054,0.024,0.012
whstan1,White-shouldered Tanager,tachyphonus luctuosus,nitidissimus,153251851,Hilary Burn,Male,Not specified,,Passeriformes,Thraupidae ,Tanagers and Allies,0.0,0.016,0.126,0.001,0.0,0.0,0.022,0.022,0.002,0.0,0.001,0.0,0.026,0.144,0.0,0.0,0.218,0.039,0.0,0.0,0.187,0.0,0.024,0.172
yectan1,Yellow-crested Tanager,tachyphonus rufiventer,nominate,153252021,Hilary Burn,Male,Not specified,variant B,Passeriformes,Thraupidae ,Tanagers and Allies,0.003,0.008,0.1,0.011,0.0,0.022,0.01,0.019,0.027,0.038,0.016,0.087,0.009,0.115,0.011,0.007,0.148,0.075,0.007,0.0,0.143,0.0,0.01,0.134
yectan1,Yellow-crested Tanager,tachyphonus rufiventer,nominate,153719891,Hilary Burn,Female,Not specified,,Passeriformes,Thraupidae ,Tanagers and Allies,0.033,0.026,0.007,0.052,0.0,0.023,0.013,0.042,0.257,0.016,0.036,0.129,0.013,0.146,0.044,0.012,0.002,0.008,0.0,0.0,0.004,0.063,0.067,0.007
yectan1,Yellow-crested Tanager,tachyphonus rufiventer,nominate,153719901,Hilary Burn,Male,Not specified,variant A,Passeriformes,Thraupidae ,Tanagers and Allies,0.004,0.015,0.153,0.006,0.0,0.062,0.012,0.008,0.06,0.015,0.023,0.036,0.01,0.11,0.01,0.005,0.121,0.077,0.0,0.0,0.128,0.001,0.007,0.137
fuctan1,Fulvous-crested Tanager,tachyphonus surinamus,brevipes,153252221,Hilary Burn,Male,Not specified,,Passeriformes,Thraupidae ,Tanagers and Allies,0.006,0.011,0.113,0.004,0.0,0.002,0.014,0.015,0.008,0.004,0.003,0.003,0.009,0.123,0.006,0.007,0.262,0.06,0.004,0.001,0.173,0.0,0.007,0.165
fuctan1,Fulvous-crested Tanager,tachyphonus surinamus,napensis,153252271,Hilary Burn,Male,Not specified,,Passeriformes,Thraupidae ,Tanagers and Allies,0.006,0.014,0.108,0.013,0.0,0.003,0.014,0.021,0.005,0.008,0.006,0.001,0.012,0.107,0.008,0.012,0.154,0.06,0.006,0.0,0.224,0.0,0.02,0.198
fuctan1,Fulvous-crested Tanager,tachyphonus surinamus,nominate,153252351,Hilary Burn,Male,Not specified,,Passeriformes,Thraupidae ,Tanagers and Allies,0.001,0.019,0.127,0.002,0.0,0.015,0.005,0.013,0.002,0.0,0.002,0.003,0.011,0.071,0.003,0.006,0.269,0.06,0.004,0.0,0.224,0.0,0.01,0.153
fuctan1,Fulvous-crested Tanager,tachyphonus surinamus,nominate,153719991,Hilary Burn,Female,Not specified,,Passeriformes,Thraupidae ,Tanagers and Allies,0.05,0.063,0.012,0.044,0.0,0.074,0.022,0.025,0.18,0.001,0.056,0.053,0.023,0.114,0.052,0.031,0.002,0.013,0.0,0.0,0.008,0.102,0.068,0.007
puctur2,Purple-crested Turaco,tauraco porphyreolophus,nominate,152816031,Ian Lewington,Monomorphic,Not specified,,Musophagiformes,Musophagidae ,Turacos,0.031,0.066,0.147,0.015,0.007,0.004,0.009,0.077,0.04,0.026,0.053,0.0,0.018,0.147,0.007,0.025,0.011,0.098,0.018,0.0,0.047,0.004,0.068,0.082
martch2,Marsh Tchagra,tchagra minutus,minuta,153469011,Hilary Burn,Male,Not specified,,Passeriformes,Malaconotidae ,Bushshrikes and Allies,0.023,0.047,0.049,0.04,0.0,0.056,0.031,0.043,0.006,0.016,0.095,0.0,0.053,0.177,0.106,0.021,0.057,0.042,0.023,0.0,0.041,0.0,0.035,0.039
martch2,Marsh Tchagra,tchagra minutus,nominate,153469021,Hilary Burn,Male,Not specified,,Passeriformes,Malaconotidae ,Bushshrikes and Allies,0.016,0.06,0.056,0.054,0.0,0.016,0.097,0.034,0.0,0.023,0.046,0.0,0.085,0.178,0.081,0.034,0.043,0.038,0.023,0.001,0.039,0.0,0.039,0.037
gygbus1,Gray-green Bushshrike,telophorus bocagei,nominate,153078091,Hilary Burn,Monomorphic,Not specified,,Passeriformes,Malaconotidae ,Bushshrikes and Allies,0.002,0.043,0.094,0.003,0.0,0.066,0.06,0.085,0.0,0.0,0.002,0.0,0.045,0.18,0.004,0.0,0.066,0.095,0.0,0.0,0.097,0.0,0.057,0.101
mtkbus1,Mount Kupe Bushshrike,telophorus kupeensis,nominate,153469281,Hilary Burn,Monomorphic,Not specified,necklace morph,Passeriformes,Malaconotidae ,Bushshrikes and Allies,0.104,0.101,0.031,0.05,0.028,0.003,0.025,0.052,0.027,0.0,0.008,0.0,0.035,0.168,0.029,0.039,0.032,0.03,0.0,0.0,0.03,0.081,0.095,0.032
macbus2,Many-colored Bushshrike,telophorus multicolor,graueri,153077921,Hilary Burn,Male,Not specified,buff morph,Passeriformes,Malaconotidae ,Bushshrikes and Allies,0.048,0.047,0.037,0.047,0.002,0.075,0.019,0.046,0.006,0.001,0.053,0.003,0.036,0.138,0.09,0.015,0.02,0.02,0.0,0.0,0.059,0.107,0.059,0.072
macbus2,Many-colored Bushshrike,telophorus multicolor,nominate,153077981,Hilary Burn,Male,Not specified,scarlet morph,Passeriformes,Malaconotidae ,Bushshrikes and Allies,0.08,0.033,0.036,0.06,0.0,0.007,0.012,0.035,0.044,0.081,0.007,0.021,0.007,0.145,0.031,0.03,0.053,0.024,0.073,0.0,0.024,0.121,0.045,0.031
macbus2,Many-colored Bushshrike,telophorus multicolor,nominate,153077991,Hilary Burn,Male,Not specified,yellow morph,Passeriformes,Malaconotidae ,Bushshrikes and Allies,0.048,0.039,0.03,0.049,0.0,0.011,0.014,0.035,0.049,0.004,0.021,0.156,0.025,0.128,0.063,0.012,0.042,0.029,0.0,0.0,0.044,0.092,0.062,0.047
macbus2,Many-colored Bushshrike,telophorus multicolor,nominate,153469311,Hilary Burn,Male,Not specified,black-and-yellow morph,Passeriformes,Malaconotidae ,Bushshrikes and Allies,0.049,0.036,0.03,0.062,0.002,0.009,0.013,0.036,0.064,0.001,0.023,0.057,0.011,0.134,0.062,0.012,0.066,0.036,0.0,0.0,0.084,0.083,0.059,0.071
macbus2,Many-colored Bushshrike,telophorus multicolor,nominate,153469321,Hilary Burn,Female,Not specified,scarlet morph,Passeriformes,Malaconotidae ,Bushshrikes and Allies,0.055,0.028,0.038,0.035,0.001,0.009,0.009,0.053,0.101,0.088,0.032,0.07,0.021,0.153,0.054,0.017,0.015,0.043,0.013,0.0,0.022,0.071,0.044,0.028
blfbus1,Black-fronted Bushshrike,telophorus nigrifrons,nominate,153078011,Hilary Burn,Monomorphic,Not specified,buff morph,Passeriformes,Malaconotidae ,Bushshrikes and Allies,0.063,0.05,0.018,0.069,0.0,0.089,0.049,0.026,0.019,0.0,0.054,0.0,0.044,0.158,0.101,0.022,0.016,0.017,0.0,0.0,0.038,0.085,0.051,0.031
blfbus1,Black-fronted Bushshrike,telophorus nigrifrons,nominate,153078031,Hilary Burn,Monomorphic,Not specified,red morph,Passeriformes,Malaconotidae ,Bushshrikes and Allies,0.049,0.042,0.033,0.062,0.003,0.01,0.008,0.038,0.043,0.077,0.03,0.017,0.008,0.156,0.117,0.013,0.031,0.036,0.017,0.0,0.03,0.086,0.059,0.035
blfbus1,Black-fronted Bushshrike,telophorus nigrifrons,nominate,153469381,Hilary Burn,Monomorphic,Not specified,black-and-green morph,Passeriformes,Malaconotidae ,Bushshrikes and Allies,0.073,0.035,0.023,0.098,0.0,0.0,0.008,0.036,0.021,0.0,0.015,0.0,0.012,0.134,0.113,0.021,0.1,0.027,0.0,0.0,0.081,0.101,0.066,0.036
blfbus1,Black-fronted Bushshrike,telophorus nigrifrons,nominate,153469411,Hilary Burn,Monomorphic,Not specified,yellow morph,Passeriformes,Malaconotidae ,Bushshrikes and Allies,0.051,0.035,0.028,0.075,0.0,0.019,0.009,0.023,0.092,0.0,0.038,0.108,0.021,0.134,0.07,0.025,0.018,0.016,0.0,0.0,0.042,0.135,0.033,0.028
olibus1,Olive Bushshrike,telophorus olivaceus,nominate,153078061,Hilary Burn,Male,Not specified,buff morph,Passeriformes,Malaconotidae ,Bushshrikes and Allies,0.041,0.054,0.053,0.077,0.0,0.075,0.038,0.045,0.004,0.0,0.08,0.0,0.043,0.137,0.082,0.014,0.022,0.035,0.0,0.0,0.039,0.052,0.047,0.062
olibus1,Olive Bushshrike,telophorus olivaceus,nominate,153078081,Hilary Burn,Male,Not specified,olive morph,Passeriformes,Malaconotidae ,Bushshrikes and Allies,0.061,0.009,0.033,0.085,0.0,0.016,0.008,0.021,0.107,0.003,0.032,0.071,0.006,0.141,0.111,0.023,0.027,0.023,0.0,0.0,0.026,0.139,0.017,0.041
subbus1,Sulphur-breasted Bushshrike,telophorus sulfureopectus,nominate,153078111,Hilary Burn,Male,Not specified,,Passeriformes,Malaconotidae ,Bushshrikes and Allies,0.056,0.039,0.023,0.059,0.0,0.016,0.006,0.038,0.093,0.007,0.021,0.11,0.018,0.151,0.08,0.023,0.005,0.024,0.0,0.0,0.023,0.094,0.094,0.02
caugro1,Caucasian Grouse,tetrao mlokosiewiczi,nominate,153001291,Lluís Sanz,Female,Not specified,,Galliformes,Phasianidae ,"Pheasants, Grouse, and Allies",0.106,0.014,0.002,0.137,0.0,0.034,0.008,0.015,0.0,0.0,0.113,0.0,0.007,0.219,0.164,0.091,0.002,0.006,0.0,0.0,0.04,0.0,0.02,0.022
caugro1,Caucasian Grouse,tetrao mlokosiewiczi,nominate,153001301,Lluís Sanz,Male,Not specified,,Galliformes,Phasianidae ,"Pheasants, Grouse, and Allies",0.005,0.002,0.038,0.007,0.0,0.0,0.003,0.005,0.0,0.0,0.001,0.0,0.004,0.137,0.006,0.009,0.188,0.014,0.0,0.0,0.379,0.0,0.008,0.194
blagro1,Black Grouse,tetrao tetrix,nominate,153001261,Lluís Sanz,Female,Not specified,,Galliformes,Phasianidae ,"Pheasants, Grouse, and Allies",0.093,0.013,0.009,0.127,0.0,0.011,0.02,0.015,0.007,0.047,0.046,0.0,0.008,0.149,0.082,0.135,0.012,0.013,0.028,0.0,0.083,0.0,0.008,0.094
blagro1,Black Grouse,tetrao tetrix,nominate,153001271,Lluís Sanz,Male,Not specified,,Galliformes,Phasianidae ,"Pheasants, Grouse, and Allies",0.016,0.009,0.065,0.006,0.0,0.0,0.015,0.009,0.0,0.0,0.0,0.0,0.008,0.156,0.004,0.026,0.105,0.014,0.0,0.004,0.342,0.0,0.007,0.214
mexwoo1,Mexican Woodnymph,thalurania ridgwayi,nominate,152825391,Norman Arlott,Female,Not specified,,Caprimulgiformes,Trochilidae ,Hummingbirds,0.112,0.024,0.02,0.006,0.0,0.002,0.022,0.011,0.024,0.0,0.005,0.003,0.049,0.158,0.001,0.037,0.077,0.007,0.0,0.006,0.129,0.199,0.014,0.094
mexwoo1,Mexican Woodnymph,thalurania ridgwayi,nominate,152825421,Norman Arlott,Male,Not specified,,Caprimulgiformes,Trochilidae ,Hummingbirds,0.073,0.006,0.033,0.004,0.005,0.0,0.006,0.008,0.048,0.0,0.0,0.01,0.009,0.153,0.001,0.034,0.153,0.011,0.0,0.023,0.16,0.162,0.007,0.094
wwccha1,White-winged Cliff-Chat,thamnolaea semirufa,nominate,153533831,Tim Worfolk,Female,Not specified,,Passeriformes,Muscicapidae ,Old World Flycatchers,0.026,0.012,0.143,0.007,0.0,0.0,0.025,0.012,0.0,0.002,0.0,0.0,0.012,0.15,0.0,0.016,0.081,0.013,0.01,0.0,0.221,0.0,0.013,0.257
wwccha1,White-winged Cliff-Chat,thamnolaea semirufa,nominate,153533841,Tim Worfolk,Male,Not specified,,Passeriformes,Muscicapidae ,Old World Flycatchers,0.04,0.013,0.116,0.009,0.0,0.0,0.01,0.008,0.019,0.158,0.001,0.0,0.012,0.162,0.0,0.003,0.076,0.009,0.026,0.03,0.161,0.0,0.01,0.137
yewtan1,Yellow-winged Tanager,thraupis abbas,nominate,153726861,Hilary Burn,Monomorphic,Not specified,,Passeriformes,Thraupidae ,Tanagers and Allies,0.005,0.117,0.062,0.01,0.075,0.054,0.023,0.073,0.012,0.0,0.051,0.01,0.043,0.118,0.025,0.003,0.041,0.095,0.0,0.021,0.032,0.001,0.09,0.039
blctan2,Blue-capped Tanager,thraupis cyanocephala,olivicyanea,153329291,Hilary Burn,Monomorphic,Not specified,,Passeriformes,Thraupidae ,Tanagers and Allies,0.029,0.026,0.019,0.02,0.111,0.045,0.011,0.012,0.134,0.0,0.054,0.058,0.016,0.123,0.018,0.008,0.011,0.014,0.0,0.152,0.015,0.066,0.024,0.034
blctan2,Blue-capped Tanager,thraupis cyanocephala,subcinerea,153329311,Hilary Burn,Monomorphic,Not specified,,Passeriformes,Thraupidae ,Tanagers and Allies,0.026,0.11,0.02,0.013,0.039,0.048,0.031,0.033,0.126,0.0,0.063,0.05,0.1,0.124,0.021,0.007,0.008,0.017,0.0,0.028,0.008,0.071,0.045,0.012
blctan2,Blue-capped Tanager,thraupis cyanocephala,nominate,153725811,Hilary Burn,Monomorphic,Not specified,,Passeriformes,Thraupidae ,Tanagers and Allies,0.015,0.128,0.012,0.008,0.038,0.06,0.041,0.038,0.08,0.0,0.059,0.053,0.115,0.123,0.023,0.005,0.009,0.018,0.0,0.031,0.016,0.044,0.068,0.016
azstan1,Azure-shouldered Tanager,thraupis cyanoptera,nominate,153339471,Hilary Burn,Monomorphic,Not specified,,Passeriformes,Thraupidae ,Tanagers and Allies,0.0,0.197,0.04,0.0,0.169,0.002,0.049,0.057,0.0,0.0,0.001,0.0,0.19,0.122,0.003,0.0,0.005,0.027,0.0,0.025,0.011,0.0,0.083,0.019
bugtan,Blue-gray Tanager,thraupis episcopus,nominate,153339411,Hilary Burn,Monomorphic,Not specified,,Passeriformes,Thraupidae ,Tanagers and Allies,0.0,0.131,0.022,0.0,0.116,0.0,0.166,0.019,0.0,0.0,0.0,0.0,0.238,0.178,0.0,0.0,0.007,0.027,0.0,0.051,0.004,0.0,0.023,0.018
bugtan,Blue-gray Tanager,thraupis episcopus,nesophila,153339431,Hilary Burn,Monomorphic,Not specified,,Passeriformes,Thraupidae ,Tanagers and Allies,0.0,0.155,0.017,0.0,0.215,0.0,0.096,0.015,0.0,0.0,0.0,0.0,0.197,0.137,0.0,0.0,0.002,0.016,0.0,0.076,0.007,0.0,0.045,0.022
bugtan,Blue-gray Tanager,thraupis episcopus,cana,153726751,Hilary Burn,Monomorphic,Not specified,,Passeriformes,Thraupidae ,Tanagers and Allies,0.0,0.147,0.02,0.0,0.123,0.0,0.19,0.047,0.0,0.0,0.0,0.0,0.176,0.157,0.0,0.0,0.003,0.029,0.0,0.027,0.007,0.0,0.063,0.011
bugtan,Blue-gray Tanager,thraupis episcopus,nominate,153726761,Hilary Burn,Monomorphic,Not specified,,Passeriformes,Thraupidae ,Tanagers and Allies,0.0,0.158,0.041,0.0,0.094,0.0,0.152,0.024,0.0,0.0,0.0,0.0,0.223,0.144,0.0,0.0,0.003,0.023,0.0,0.038,0.01,0.0,0.063,0.027
glatan1,Glaucous Tanager,thraupis glaucocolpa,nominate,153339461,Hilary Burn,Monomorphic,Not specified,,Passeriformes,Thraupidae ,Tanagers and Allies,0.0,0.212,0.037,0.0,0.081,0.0,0.055,0.117,0.0,0.0,0.0,0.0,0.112,0.108,0.003,0.0,0.004,0.054,0.0,0.02,0.008,0.0,0.169,0.02
goctan2,Golden-chevroned Tanager,thraupis ornata,nominate,153339501,Hilary Burn,Monomorphic,Not specified,,Passeriformes,Thraupidae ,Tanagers and Allies,0.004,0.136,0.038,0.002,0.153,0.029,0.023,0.101,0.006,0.0,0.042,0.0,0.087,0.088,0.017,0.001,0.001,0.083,0.0,0.029,0.006,0.005,0.137,0.012
paltan1,Palm Tanager,thraupis palmarum,nominate,153339521,Hilary Burn,Monomorphic,Not specified,,Passeriformes,Thraupidae ,Tanagers and Allies,0.07,0.052,0.012,0.095,0.002,0.058,0.022,0.031,0.007,0.0,0.132,0.0,0.049,0.141,0.18,0.028,0.004,0.028,0.0,0.0,0.01,0.014,0.047,0.018
paltan1,Palm Tanager,thraupis palmarum,melanoptera,153726881,Hilary Burn,Monomorphic,Not specified,,Passeriformes,Thraupidae ,Tanagers and Allies,0.009,0.092,0.056,0.019,0.0,0.073,0.056,0.097,0.003,0.0,0.053,0.0,0.057,0.139,0.051,0.003,0.014,0.071,0.0,0.0,0.027,0.0,0.136,0.044
paltan1,Palm Tanager,thraupis palmarum,violilavata,153726911,Hilary Burn,Monomorphic,Not specified,,Passeriformes,Thraupidae ,Tanagers and Allies,0.0,0.217,0.028,0.0,0.002,0.006,0.087,0.09,0.0,0.0,0.006,0.0,0.182,0.137,0.004,0.0,0.01,0.05,0.0,0.0,0.012,0.0,0.152,0.017
saytan1,Sayaca Tanager,thraupis sayaca,boliviana,153339441,Hilary Burn,Monomorphic,Not specified,,Passeriformes,Thraupidae ,Tanagers and Allies,0.0,0.208,0.043,0.0,0.075,0.0,0.096,0.092,0.0,0.0,0.0,0.0,0.179,0.115,0.0,0.0,0.001,0.052,0.0,0.009,0.009,0.0,0.105,0.016
saytan1,Sayaca Tanager,thraupis sayaca,nominate,153726811,Hilary Burn,Monomorphic,Not specified,,Passeriformes,Thraupidae ,Tanagers and Allies,0.0,0.19,0.029,0.0,0.108,0.0,0.122,0.066,0.0,0.0,0.0,0.0,0.204,0.122,0.001,0.0,0.002,0.028,0.0,0.013,0.004,0.0,0.103,0.008
ausibi1,Australian Ibis,threskiornis molucca,nominate,153354271,Francesc Jutglar,Monomorphic,Not specified,,Pelecaniformes,Threskiornithidae ,Ibises and Spoonbills,0.004,0.088,0.021,0.007,0.0,0.001,0.272,0.021,0.0,0.0,0.006,0.0,0.109,0.266,0.005,0.028,0.053,0.02,0.0,0.0,0.045,0.0,0.022,0.032
rumsof1,Russet-mantled Softtail,thripophaga berlepschi,nominate,153427411,Tim Worfolk,Monomorphic,Not specified,,Passeriformes,Furnariidae ,Ovenbirds and Woodcreepers,0.025,0.007,0.004,0.052,0.0,0.015,0.017,0.002,0.059,0.24,0.068,0.0,0.01,0.177,0.05,0.081,0.002,0.003,0.158,0.0,0.019,0.0,0.003,0.008
bagcot1,Black-and-gold Cotinga,tijuca atra,nominate,153028231,Chris Rose,Female,Not specified,,Passeriformes,Cotingidae ,Cotingas,0.154,0.005,0.016,0.047,0.0,0.0,0.012,0.025,0.094,0.006,0.001,0.011,0.003,0.099,0.013,0.03,0.007,0.046,0.0,0.0,0.013,0.405,0.001,0.012
bagcot1,Black-and-gold Cotinga,tijuca atra,nominate,153431831,Chris Rose,Male,Not specified,,Passeriformes,Cotingidae ,Cotingas,0.003,0.002,0.011,0.006,0.0,0.001,0.009,0.003,0.013,0.007,0.002,0.051,0.005,0.072,0.001,0.006,0.453,0.003,0.001,0.0,0.271,0.002,0.004,0.074
gywcot1,Gray-winged Cotinga,tijuca condita,nominate,153028251,Chris Rose,Monomorphic,Not specified,,Passeriformes,Cotingidae ,Cotingas,0.101,0.005,0.04,0.04,0.001,0.006,0.007,0.068,0.104,0.0,0.01,0.051,0.002,0.115,0.012,0.041,0.008,0.084,0.0,0.0,0.018,0.234,0.02,0.033
yebbar1,Yellow-billed Barbet,trachyphonus purpuratus,goffinii,151462251,Ian Lewington,Monomorphic,Not specified,,Piciformes,Lybiidae ,African Barbets,0.009,0.015,0.075,0.002,0.002,0.172,0.012,0.017,0.01,0.002,0.077,0.011,0.013,0.093,0.016,0.006,0.175,0.044,0.002,0.009,0.124,0.001,0.017,0.096
yebbar1,Yellow-billed Barbet,trachyphonus purpuratus,togoensis,151462261,Ian Lewington,Monomorphic,Not specified,,Piciformes,Lybiidae ,African Barbets,0.007,0.019,0.073,0.01,0.0,0.075,0.038,0.042,0.012,0.005,0.032,0.048,0.031,0.131,0.019,0.022,0.147,0.055,0.027,0.005,0.093,0.002,0.023,0.084
yebbar1,Yellow-billed Barbet,trachyphonus purpuratus,elgonensis,151462271,Ian Lewington,Monomorphic,Not specified,,Piciformes,Lybiidae ,African Barbets,0.021,0.011,0.115,0.015,0.006,0.087,0.019,0.022,0.01,0.001,0.016,0.045,0.01,0.099,0.012,0.022,0.212,0.046,0.008,0.002,0.111,0.001,0.024,0.085
yebbar1,Yellow-billed Barbet,trachyphonus purpuratus,nominate,151462281,Ian Lewington,Monomorphic,Not specified,,Piciformes,Lybiidae ,African Barbets,0.018,0.016,0.129,0.012,0.005,0.035,0.021,0.017,0.011,0.006,0.011,0.034,0.013,0.102,0.008,0.034,0.152,0.073,0.0,0.035,0.111,0.002,0.018,0.137
tumtyr2,Tumbes Tyrant,tumbezia salvini,nominate,153444481,John Cox,Monomorphic,Not specified,,Passeriformes,Tyrannidae ,Tyrant Flycatchers,0.022,0.02,0.184,0.011,0.0,0.035,0.037,0.039,0.013,0.001,0.022,0.104,0.028,0.158,0.02,0.002,0.021,0.134,0.0,0.0,0.035,0.004,0.024,0.086
stwbab1,Streaked Wren-Babbler,turdinus brevicaudatus,nominate,153124261,Jan Wilczur,Monomorphic,Not specified,,Passeriformes,Pellorneidae ,Ground Babblers and Allies,0.12,0.026,0.03,0.07,0.0,0.014,0.024,0.033,0.021,0.074,0.033,0.0,0.03,0.2,0.054,0.074,0.028,0.036,0.035,0.0,0.031,0.0,0.04,0.027
stwbab1,Streaked Wren-Babbler,turdinus brevicaudatus,griseigularis,153124321,Jan Wilczur,Monomorphic,Not specified,,Passeriformes,Pellorneidae ,Ground Babblers and Allies,0.15,0.061,0.022,0.127,0.0,0.0,0.01,0.075,0.0,0.001,0.013,0.0,0.031,0.158,0.034,0.078,0.046,0.053,0.001,0.0,0.043,0.0,0.07,0.027
stwbab1,Streaked Wren-Babbler,turdinus brevicaudatus,leucostictus,153124331,Jan Wilczur,Monomorphic,Not specified,,Passeriformes,Pellorneidae ,Ground Babblers and Allies,0.145,0.083,0.039,0.08,0.0,0.0,0.032,0.057,0.0,0.0,0.005,0.0,0.063,0.153,0.022,0.074,0.026,0.055,0.001,0.0,0.03,0.0,0.089,0.046
stwbab1,Streaked Wren-Babbler,turdinus brevicaudatus,rufiventer,207321661,Jan Wilczur,Monomorphic,Not specified,,Passeriformes,Pellorneidae ,Ground Babblers and Allies,0.065,0.02,0.038,0.054,0.0,0.0,0.014,0.032,0.0,0.0,0.002,0.0,0.022,0.165,0.014,0.239,0.03,0.052,0.035,0.0,0.073,0.0,0.023,0.122
stwbab1,Streaked Wren-Babbler,turdinus brevicaudatus,stevensi,207321711,Jan Wilczur,Monomorphic,Not specified,,Passeriformes,Pellorneidae ,Ground Babblers and Allies,0.006,0.045,0.088,0.0,0.0,0.0,0.013,0.048,0.0,0.0,0.0,0.0,0.02,0.135,0.0,0.015,0.088,0.062,0.0,0.0,0.22,0.0,0.045,0.215
mowbab1,Mountain Wren-Babbler,turdinus crassus,nominate,153124361,Jan Wilczur,Monomorphic,Not specified,,Passeriformes,Pellorneidae ,Ground Babblers and Allies,0.175,0.022,0.023,0.049,0.0,0.012,0.039,0.036,0.038,0.032,0.037,0.0,0.024,0.15,0.02,0.119,0.035,0.064,0.002,0.0,0.062,0.0,0.025,0.036
liwbab1,Limestone Wren-Babbler,turdinus crispifrons,nominate,153124161,Jan Wilczur,Monomorphic,Not specified,typical morph,Passeriformes,Pellorneidae ,Ground Babblers and Allies,0.185,0.04,0.069,0.072,0.0,0.0,0.028,0.064,0.0,0.0,0.0,0.0,0.045,0.168,0.024,0.084,0.014,0.088,0.0,0.0,0.029,0.0,0.049,0.041
liwbab1,Limestone Wren-Babbler,turdinus crispifrons,calcicola,153124221,Jan Wilczur,Monomorphic,Not specified,,Passeriformes,Pellorneidae ,Ground Babblers and Allies,0.122,0.035,0.051,0.156,0.0,0.014,0.03,0.055,0.001,0.01,0.02,0.0,0.025,0.177,0.069,0.036,0.013,0.07,0.0,0.0,0.025,0.0,0.045,0.046
liwbab1,Limestone Wren-Babbler,turdinus crispifrons,annamensis,207321601,Jan Wilczur,Monomorphic,Not specified,,Passeriformes,Pellorneidae ,Ground Babblers and Allies,0.098,0.026,0.132,0.01,0.0,0.0,0.018,0.046,0.0,0.0,0.0,0.0,0.038,0.132,0.001,0.089,0.042,0.086,0.007,0.0,0.079,0.0,0.042,0.154
blbbab1,Black-browed Babbler,turdinus perspicillatus,nominate,153123971,Jan Wilczur,Monomorphic,Not specified,,Passeriformes,Pellorneidae ,Ground Babblers and Allies,0.133,0.088,0.022,0.152,0.0,0.003,0.075,0.06,0.002,0.005,0.004,0.0,0.079,0.15,0.022,0.039,0.007,0.048,0.0,0.0,0.019,0.0,0.068,0.024
rbwbab1,Rusty-breasted Wren-Babbler,turdinus rufipectus,nominate,153124021,Jan Wilczur,Monomorphic,Not specified,,Passeriformes,Pellorneidae ,Ground Babblers and Allies,0.115,0.033,0.044,0.03,0.0,0.002,0.027,0.022,0.006,0.049,0.008,0.0,0.03,0.122,0.006,0.176,0.052,0.03,0.111,0.0,0.066,0.0,0.024,0.047
horbab2,Horsfield's Babbler,turdinus sepiarius,rufiventris,153123941,Jan Wilczur,Monomorphic,Not specified,,Passeriformes,Pellorneidae ,Ground Babblers and Allies,0.027,0.093,0.026,0.083,0.0,0.04,0.069,0.098,0.038,0.01,0.065,0.0,0.066,0.172,0.086,0.009,0.004,0.067,0.0,0.0,0.003,0.0,0.035,0.009
horbab2,Horsfield's Babbler,turdinus sepiarius,nominate,153123951,Jan Wilczur,Monomorphic,Not specified,,Passeriformes,Pellorneidae ,Ground Babblers and Allies,0.045,0.078,0.012,0.129,0.0,0.015,0.1,0.024,0.016,0.0,0.049,0.0,0.126,0.161,0.137,0.014,0.003,0.024,0.0,0.0,0.013,0.0,0.042,0.012
horbab2,Horsfield's Babbler,turdinus sepiarius,tardinatus,153349851,Jan Wilczur,Monomorphic,Not specified,,Passeriformes,Pellorneidae ,Ground Babblers and Allies,0.061,0.058,0.017,0.132,0.0,0.026,0.081,0.021,0.01,0.0,0.096,0.0,0.083,0.142,0.157,0.017,0.001,0.033,0.0,0.0,0.01,0.001,0.041,0.013
yebbab1,Yellow-billed Babbler,turdoides affinis,nominate,153125231,Ren Hathway,Monomorphic,Not specified,,Passeriformes,Leiothrichidae ,Laughingthrushes and Allies,0.057,0.035,0.035,0.127,0.0,0.018,0.005,0.034,0.016,0.0,0.127,0.004,0.014,0.148,0.226,0.028,0.001,0.02,0.0,0.0,0.01,0.001,0.069,0.025
irabab1,Iraq Babbler,turdoides altirostris,nominate,153510321,Ren Hathway,Monomorphic,Not specified,,Passeriformes,Leiothrichidae ,Laughingthrushes and Allies,0.079,0.012,0.004,0.311,0.0,0.019,0.016,0.008,0.0,0.0,0.107,0.0,0.024,0.156,0.23,0.015,0.0,0.003,0.0,0.0,0.001,0.001,0.012,0.002
capbab1,Capuchin Babbler,turdoides atripennis,nominate,153125161,Ian Lewington,Monomorphic,Not specified,,Passeriformes,Leiothrichidae ,Laughingthrushes and Allies,0.113,0.015,0.084,0.062,0.0,0.004,0.01,0.031,0.0,0.0,0.011,0.0,0.017,0.111,0.017,0.159,0.051,0.055,0.009,0.0,0.118,0.0,0.027,0.106
capbab1,Capuchin Babbler,turdoides atripennis,rubiginosus,153125171,Ian Lewington,Monomorphic,Not specified,,Passeriformes,Leiothrichidae ,Laughingthrushes and Allies,0.069,0.03,0.015,0.026,0.0,0.005,0.007,0.012,0.0,0.0,0.01,0.0,0.01,0.1,0.016,0.302,0.088,0.023,0.025,0.0,0.174,0.0,0.012,0.076
capbab1,Capuchin Babbler,turdoides atripennis,bohndorffi,153510711,Ian Lewington,Monomorphic,Not specified,,Passeriformes,Leiothrichidae ,Laughingthrushes and Allies,0.064,0.025,0.007,0.063,0.0,0.001,0.008,0.014,0.005,0.074,0.013,0.0,0.022,0.126,0.02,0.21,0.035,0.014,0.187,0.0,0.072,0.0,0.021,0.019
scacha1,Scaly Chatterer,turdoides aylmeri,nominate,153125041,Ren Hathway,Monomorphic,Not specified,,Passeriformes,Leiothrichidae ,Laughingthrushes and Allies,0.074,0.007,0.006,0.355,0.0,0.0,0.012,0.006,0.05,0.003,0.054,0.0,0.012,0.168,0.207,0.017,0.001,0.011,0.0,0.0,0.002,0.001,0.012,0.002
combab3,Common Babbler,turdoides caudata,nominate,153124901,Ren Hathway,Monomorphic,Not specified,,Passeriformes,Leiothrichidae ,Laughingthrushes and Allies,0.104,0.015,0.001,0.233,0.0,0.039,0.013,0.004,0.018,0.002,0.131,0.0,0.026,0.17,0.169,0.03,0.002,0.005,0.0,0.0,0.016,0.0,0.013,0.009
chmbab1,Chapin's Mountain-Babbler,turdoides chapini,nominate,153510631,Ian Lewington,Monomorphic,Not specified,,Passeriformes,Leiothrichidae ,Laughingthrushes and Allies,0.115,0.011,0.012,0.138,0.0,0.014,0.001,0.016,0.028,0.044,0.043,0.0,0.01,0.135,0.161,0.079,0.03,0.015,0.025,0.0,0.058,0.003,0.013,0.049
strbab1,Striated Babbler,turdoides earlei,nominate,153124891,Ren Hathway,Monomorphic,Not specified,,Passeriformes,Leiothrichidae ,Laughingthrushes and Allies,0.105,0.006,0.006,0.242,0.0,0.012,0.003,0.006,0.007,0.001,0.115,0.0,0.007,0.153,0.243,0.052,0.002,0.003,0.0,0.0,0.012,0.001,0.008,0.016
fulcha1,Fulvous Chatterer,turdoides fulva,nominate,153124991,Ren Hathway,Monomorphic,Not specified,,Passeriformes,Leiothrichidae ,Laughingthrushes and Allies,0.039,0.004,0.004,0.175,0.0,0.025,0.011,0.001,0.116,0.133,0.115,0.0,0.023,0.172,0.159,0.01,0.0,0.005,0.0,0.0,0.0,0.0,0.005,0.003
wtmbab1,White-throated Mountain-Babbler,turdoides gilberti,nominate,153510581,Ian Lewington,Monomorphic,Not specified,,Passeriformes,Leiothrichidae ,Laughingthrushes and Allies,0.168,0.017,0.017,0.176,0.0,0.007,0.036,0.019,0.011,0.01,0.003,0.0,0.02,0.125,0.056,0.157,0.026,0.028,0.003,0.0,0.065,0.0,0.011,0.045
whtbab1,White-throated Babbler,turdoides gularis,nominate,153125101,Ren Hathway,Monomorphic,Not specified,,Passeriformes,Leiothrichidae ,Laughingthrushes and Allies,0.305,0.011,0.001,0.219,0.0,0.008,0.049,0.004,0.003,0.031,0.017,0.0,0.018,0.173,0.031,0.09,0.003,0.005,0.0,0.0,0.011,0.002,0.003,0.016
combab1,Afghan Babbler,turdoides huttoni,nominate,153124931,Ren Hathway,Monomorphic,Not specified,,Passeriformes,Leiothrichidae ,Laughingthrushes and Allies,0.05,0.012,0.007,0.143,0.0,0.099,0.026,0.006,0.0,0.0,0.136,0.0,0.034,0.156,0.267,0.024,0.002,0.008,0.0,0.0,0.007,0.001,0.013,0.009
slbbab1,Slender-billed Babbler,turdoides longirostris,nominate,153510511,Ren Hathway,Monomorphic,Not specified,,Passeriformes,Leiothrichidae ,Laughingthrushes and Allies,0.244,0.016,0.002,0.207,0.0,0.01,0.015,0.003,0.057,0.031,0.067,0.0,0.013,0.149,0.061,0.09,0.0,0.003,0.0,0.0,0.01,0.0,0.013,0.009
lagbab2,Large Gray Babbler,turdoides malcolmi,nominate,153124861,Ren Hathway,Monomorphic,Not specified,,Passeriformes,Leiothrichidae ,Laughingthrushes and Allies,0.068,0.02,0.025,0.143,0.0,0.007,0.011,0.034,0.001,0.0,0.176,0.001,0.006,0.147,0.215,0.049,0.005,0.026,0.0,0.0,0.008,0.0,0.039,0.019
spibab1,Spiny Babbler,turdoides nipalensis,nominate,153125061,Ren Hathway,Monomorphic,Not specified,variant A,Passeriformes,Leiothrichidae ,Laughingthrushes and Allies,0.249,0.037,0.009,0.108,0.0,0.007,0.017,0.007,0.0,0.004,0.023,0.0,0.055,0.146,0.05,0.222,0.0,0.01,0.0,0.0,0.015,0.001,0.014,0.026
rufcha2,Rufous Chatterer,turdoides rubiginosa,nominate,153125021,Ren Hathway,Monomorphic,Not specified,,Passeriformes,Leiothrichidae ,Laughingthrushes and Allies,0.019,0.01,0.0,0.203,0.0,0.008,0.01,0.001,0.147,0.059,0.04,0.004,0.008,0.215,0.258,0.012,0.0,0.001,0.001,0.0,0.0,0.001,0.001,0.002
orbbab1,Orange-billed Babbler,turdoides rufescens,nominate,153510751,Ren Hathway,Monomorphic,Not specified,,Passeriformes,Leiothrichidae ,Laughingthrushes and Allies,0.081,0.002,0.008,0.48,0.0,0.002,0.013,0.004,0.013,0.123,0.012,0.003,0.006,0.149,0.066,0.013,0.0,0.006,0.002,0.0,0.001,0.001,0.012,0.003
rcmbab1,Red-collared Mountain-Babbler,turdoides rufocincta,nominate,153125121,Ian Lewington,Monomorphic,Not specified,,Passeriformes,Leiothrichidae ,Laughingthrushes and Allies,0.137,0.008,0.015,0.171,0.0,0.003,0.005,0.011,0.019,0.047,0.017,0.0,0.007,0.12,0.095,0.108,0.058,0.008,0.006,0.0,0.093,0.0,0.012,0.06
arabab1,Arabian Babbler,turdoides squamiceps,nominate,153510351,Ren Hathway,Male,Not specified,,Passeriformes,Leiothrichidae ,Laughingthrushes and Allies,0.058,0.018,0.006,0.174,0.0,0.027,0.01,0.01,0.0,0.0,0.23,0.001,0.016,0.154,0.264,0.011,0.001,0.002,0.0,0.0,0.0,0.0,0.014,0.004
junbab2,Jungle Babbler,turdoides striata,nominate,153125201,Ren Hathway,Monomorphic,Not specified,,Passeriformes,Leiothrichidae ,Laughingthrushes and Allies,0.034,0.019,0.003,0.06,0.0,0.002,0.018,0.023,0.005,0.0,0.127,0.0,0.011,0.156,0.456,0.015,0.0,0.007,0.0,0.0,0.001,0.002,0.058,0.003
junbab2,Jungle Babbler,turdoides striata,somervillei,153125211,Ren Hathway,Monomorphic,Not specified,,Passeriformes,Leiothrichidae ,Laughingthrushes and Allies,0.045,0.003,0.002,0.129,0.0,0.001,0.011,0.002,0.067,0.01,0.081,0.0,0.007,0.163,0.395,0.029,0.001,0.01,0.0,0.0,0.008,0.001,0.01,0.025
rufbab3,Rufous Babbler,turdoides subrufa,nominate,153510241,Ren Hathway,Monomorphic,Not specified,,Passeriformes,Leiothrichidae ,Laughingthrushes and Allies,0.054,0.007,0.004,0.442,0.0,0.004,0.007,0.008,0.047,0.133,0.016,0.0,0.005,0.155,0.085,0.009,0.0,0.007,0.001,0.0,0.001,0.0,0.01,0.005
neuwar1,Neumann's Warbler,urosphena neumanni,nominate,153501991,Brian Small,Monomorphic,Not specified,,Passeriformes,Scotocercidae ,Bush Warblers and Allies,0.107,0.016,0.042,0.183,0.0,0.012,0.01,0.017,0.023,0.0,0.062,0.02,0.023,0.151,0.085,0.047,0.049,0.021,0.0,0.0,0.036,0.022,0.013,0.061
pfbwar1,Pale-footed Bush Warbler,urosphena pallidipes,osmastoni,153115621,Brian Small,Monomorphic,Not specified,,Passeriformes,Scotocercidae ,Bush Warblers and Allies,0.093,0.031,0.027,0.086,0.0,0.059,0.058,0.013,0.001,0.0,0.044,0.0,0.068,0.196,0.083,0.057,0.014,0.013,0.0,0.0,0.061,0.0,0.021,0.075
pfbwar1,Pale-footed Bush Warbler,urosphena pallidipes,laurentei,153349561,Brian Small,Monomorphic,Not specified,,Passeriformes,Scotocercidae ,Bush Warblers and Allies,0.072,0.035,0.047,0.083,0.0,0.021,0.107,0.026,0.0,0.0,0.036,0.0,0.071,0.189,0.076,0.041,0.013,0.024,0.0,0.0,0.048,0.0,0.021,0.09
pfbwar1,Pale-footed Bush Warbler,urosphena pallidipes,nominate,153502021,Brian Small,Monomorphic,Not specified,,Passeriformes,Scotocercidae ,Bush Warblers and Allies,0.104,0.038,0.024,0.076,0.0,0.022,0.117,0.023,0.001,0.0,0.023,0.0,0.064,0.234,0.043,0.053,0.013,0.018,0.0,0.0,0.045,0.0,0.036,0.066
pielap1,Pied Lapwing,vanellus cayanus,nominate,151496831,Etel Vilaró,Monomorphic,Not specified,,Charadriiformes,Charadriidae ,Plovers and Lapwings,0.012,0.03,0.047,0.019,0.0,0.001,0.082,0.061,0.001,0.01,0.014,0.0,0.052,0.28,0.046,0.005,0.02,0.055,0.022,0.0,0.115,0.0,0.053,0.075
golvir1,Golden Vireo,vireo hypochryseus,nominate,153049701,Brian Small,Monomorphic,Not specified,,Passeriformes,Vireonidae ,"Vireos, Shrike-Babblers, and Erpornis",0.119,0.022,0.012,0.068,0.0,0.008,0.014,0.014,0.154,0.001,0.01,0.023,0.011,0.156,0.015,0.096,0.051,0.013,0.0,0.0,0.039,0.137,0.019,0.018
golvir1,Golden Vireo,vireo hypochryseus,sordidus,153461231,Brian Small,Monomorphic,Not specified,,Passeriformes,Vireonidae ,"Vireos, Shrike-Babblers, and Erpornis",0.181,0.02,0.011,0.043,0.0,0.003,0.01,0.019,0.072,0.0,0.009,0.002,0.012,0.138,0.02,0.118,0.058,0.017,0.0,0.0,0.066,0.134,0.016,0.051
saweye2,Sanford's White-eye,woodfordia lacertosa,nominate,153121201,Doug Pratt,Monomorphic,Not specified,,Passeriformes,Zosteropidae ,"White-eyes, Yuhinas, and Allies",0.218,0.013,0.005,0.176,0.0,0.004,0.017,0.007,0.012,0.007,0.013,0.004,0.01,0.156,0.096,0.114,0.028,0.009,0.0,0.0,0.045,0.006,0.019,0.041
beweye1,Bare-eyed White-eye,woodfordia superciliosa,nominate,153121191,Doug Pratt,Monomorphic,Not specified,,Passeriformes,Zosteropidae ,"White-eyes, Yuhinas, and Allies",0.227,0.047,0.011,0.121,0.0,0.009,0.019,0.017,0.009,0.0,0.041,0.0,0.025,0.163,0.089,0.105,0.018,0.008,0.0,0.0,0.021,0.013,0.019,0.038
dustet1,Dusky Tetraka,xanthomixis tenebrosa,nominate,153107051,John Cox,Monomorphic,Not specified,,Passeriformes,Bernieridae ,Malagasy Warblers,0.223,0.01,0.059,0.118,0.0,0.01,0.008,0.01,0.019,0.004,0.01,0.039,0.01,0.169,0.014,0.098,0.033,0.012,0.004,0.001,0.042,0.029,0.021,0.057
strxen1,Streaked Xenops,xenops rutilans,nominate,153021491,Tim Worfolk,Monomorphic,Not specified,,Passeriformes,Furnariidae ,Ovenbirds and Woodcreepers,0.082,0.039,0.023,0.149,0.0,0.024,0.034,0.013,0.028,0.146,0.028,0.0,0.035,0.185,0.064,0.041,0.001,0.015,0.0,0.0,0.027,0.0,0.027,0.039
stryuh1,Striated Yuhina,yuhina castaniceps,striata,153349601,Hilary Burn,Monomorphic,Not specified,,Passeriformes,Zosteropidae ,"White-eyes, Yuhinas, and Allies",0.023,0.095,0.043,0.025,0.0,0.005,0.152,0.07,0.0,0.001,0.015,0.0,0.103,0.178,0.035,0.032,0.019,0.055,0.003,0.0,0.037,0.0,0.063,0.046
stryuh1,Striated Yuhina,yuhina castaniceps,nominate,153504601,Hilary Burn,Monomorphic,Not specified,,Passeriformes,Zosteropidae ,"White-eyes, Yuhinas, and Allies",0.032,0.077,0.03,0.031,0.0,0.006,0.087,0.053,0.0,0.01,0.032,0.0,0.103,0.281,0.031,0.032,0.015,0.035,0.005,0.0,0.036,0.0,0.069,0.035
whcyuh1,White-collared Yuhina,yuhina diademata,nominate,153118611,Hilary Burn,Monomorphic,Not specified,,Passeriformes,Zosteropidae ,"White-eyes, Yuhinas, and Allies",0.008,0.146,0.067,0.005,0.0,0.002,0.031,0.122,0.001,0.003,0.005,0.0,0.056,0.14,0.006,0.018,0.024,0.094,0.002,0.0,0.084,0.0,0.118,0.068
chcyuh1,Chestnut-crested Yuhina,yuhina everetti,nominate,153504671,Hilary Burn,Monomorphic,Not specified,,Passeriformes,Zosteropidae ,"White-eyes, Yuhinas, and Allies",0.016,0.076,0.049,0.015,0.0,0.007,0.065,0.051,0.006,0.044,0.031,0.0,0.099,0.273,0.022,0.014,0.026,0.043,0.01,0.0,0.043,0.0,0.058,0.052
indyuh1,Indochinese Yuhina,yuhina torqueola,nominate,207320271,Hilary Burn,Monomorphic,Not specified,,Passeriformes,Zosteropidae ,"White-eyes, Yuhinas, and Allies",0.013,0.083,0.058,0.014,0.0,0.006,0.069,0.09,0.001,0.006,0.01,0.0,0.099,0.215,0.021,0.028,0.017,0.072,0.015,0.0,0.042,0.0,0.088,0.053
gycwoo1,Gray-capped Woodpecker,yungipicus canicapillus,aurantiiventris,151447711,Ian Willis,Male,Not specified,,Piciformes,Picidae ,Woodpeckers,0.013,0.027,0.042,0.008,0.0,0.115,0.05,0.034,0.001,0.002,0.04,0.001,0.037,0.237,0.018,0.006,0.131,0.031,0.0,0.0,0.113,0.0,0.023,0.071
gycwoo1,Gray-capped Woodpecker,yungipicus canicapillus,nominate,151447751,Ian Willis,Male,Not specified,,Piciformes,Picidae ,Woodpeckers,0.012,0.057,0.061,0.006,0.0,0.005,0.109,0.041,0.0,0.0,0.002,0.0,0.048,0.252,0.005,0.004,0.098,0.034,0.001,0.0,0.129,0.0,0.055,0.081
gycwoo1,Gray-capped Woodpecker,yungipicus canicapillus,doerriesi,151447761,Ian Willis,Male,Not specified,,Piciformes,Picidae ,Woodpeckers,0.002,0.078,0.046,0.001,0.0,0.0,0.073,0.039,0.0,0.0,0.001,0.0,0.064,0.309,0.003,0.001,0.113,0.037,0.0,0.0,0.113,0.0,0.057,0.063
gycwoo1,Gray-capped Woodpecker,yungipicus canicapillus,kaleensis,151447771,Ian Willis,Male,Not specified,,Piciformes,Picidae ,Woodpeckers,0.012,0.034,0.067,0.013,0.0,0.071,0.069,0.04,0.0,0.0,0.018,0.0,0.027,0.194,0.021,0.011,0.101,0.053,0.0,0.0,0.136,0.0,0.048,0.085
gycwoo1,Gray-capped Woodpecker,yungipicus canicapillus,semicoronatus,151447811,Ian Willis,Male,Not specified,,Piciformes,Picidae ,Woodpeckers,0.012,0.038,0.05,0.011,0.0,0.105,0.069,0.029,0.0,0.0,0.052,0.0,0.028,0.209,0.035,0.006,0.101,0.036,0.0,0.0,0.133,0.0,0.032,0.054
gycwoo1,Gray-capped Woodpecker,yungipicus canicapillus,swinhoei,151447821,Ian Willis,Male,Not specified,,Piciformes,Picidae ,Woodpeckers,0.005,0.049,0.072,0.003,0.0,0.0,0.083,0.049,0.0,0.001,0.001,0.0,0.05,0.244,0.003,0.004,0.147,0.041,0.0,0.0,0.133,0.0,0.052,0.063
pygwoo1,Pygmy Woodpecker,yungipicus kizuki,amamii,151447581,Ian Willis,Male,Not specified,,Piciformes,Picidae ,Woodpeckers,0.009,0.055,0.038,0.008,0.0,0.03,0.058,0.029,0.0,0.0,0.012,0.0,0.041,0.211,0.009,0.017,0.112,0.036,0.001,0.0,0.206,0.0,0.041,0.087
pygwoo1,Pygmy Woodpecker,yungipicus kizuki,nominate,151447621,Ian Willis,Male,Not specified,,Piciformes,Picidae ,Woodpeckers,0.024,0.084,0.058,0.016,0.0,0.0,0.089,0.042,0.0,0.0,0.002,0.0,0.066,0.239,0.015,0.022,0.045,0.04,0.001,0.0,0.114,0.0,0.048,0.095
pygwoo1,Pygmy Woodpecker,yungipicus kizuki,nominate,151447631,Ian Willis,Male,Not specified,,Piciformes,Picidae ,Woodpeckers,0.042,0.05,0.05,0.018,0.0,0.0,0.062,0.05,0.0,0.0,0.006,0.0,0.059,0.279,0.011,0.047,0.028,0.044,0.0,0.0,0.111,0.0,0.044,0.099
phiwoo1,Philippine Woodpecker,yungipicus maculatus,fulvifasciatus,151447641,Ian Willis,Male,Not specified,,Piciformes,Picidae ,Woodpeckers,0.003,0.055,0.045,0.001,0.0,0.022,0.095,0.033,0.0,0.005,0.003,0.0,0.066,0.233,0.005,0.003,0.106,0.031,0.005,0.0,0.149,0.0,0.046,0.094
phiwoo1,Philippine Woodpecker,yungipicus maculatus,nominate,151447661,Ian Willis,Male,Not specified,,Piciformes,Picidae ,Woodpeckers,0.055,0.057,0.034,0.022,0.0,0.003,0.072,0.035,0.0,0.002,0.012,0.0,0.071,0.252,0.011,0.095,0.007,0.023,0.01,0.0,0.087,0.0,0.041,0.111
phiwoo1,Philippine Woodpecker,yungipicus maculatus,validirostris,151447681,Ian Willis,Male,Not specified,,Piciformes,Picidae ,Woodpeckers,0.009,0.056,0.063,0.003,0.0,0.0,0.075,0.038,0.0,0.0,0.001,0.0,0.052,0.282,0.004,0.01,0.055,0.037,0.002,0.0,0.128,0.0,0.05,0.135
bncwoo2,Sunda Woodpecker,yungipicus moluccensis,grandis,151447941,Ian Willis,Male,Not specified,,Piciformes,Picidae ,Woodpeckers,0.013,0.057,0.086,0.005,0.0,0.004,0.132,0.051,0.0,0.0,0.001,0.0,0.068,0.244,0.002,0.011,0.025,0.047,0.0,0.0,0.087,0.0,0.067,0.1
bncwoo2,Sunda Woodpecker,yungipicus moluccensis,nominate,151447961,Ian Willis,Male,Not specified,,Piciformes,Picidae ,Woodpeckers,0.015,0.063,0.067,0.001,0.0,0.001,0.066,0.037,0.0,0.0,0.002,0.0,0.091,0.29,0.005,0.01,0.033,0.067,0.002,0.0,0.096,0.0,0.055,0.099
bncwoo3,Brown-capped Woodpecker,yungipicus nanus,cinereigula,151447831,Hilary Burn,Male,Not specified,,Piciformes,Picidae ,Woodpeckers,0.005,0.062,0.057,0.002,0.0,0.001,0.104,0.021,0.0,0.001,0.004,0.0,0.061,0.288,0.001,0.002,0.078,0.024,0.003,0.0,0.151,0.0,0.033,0.102
bncwoo3,Brown-capped Woodpecker,yungipicus nanus,gymnopthalmos,151447861,Hilary Burn,Male,Not specified,,Piciformes,Picidae ,Woodpeckers,0.002,0.045,0.057,0.0,0.0,0.001,0.082,0.031,0.0,0.002,0.001,0.0,0.062,0.331,0.001,0.002,0.132,0.017,0.002,0.0,0.134,0.0,0.025,0.073
bncwoo3,Brown-capped Woodpecker,yungipicus nanus,nominate,151447921,Hilary Burn,Male,Not specified,,Piciformes,Picidae ,Woodpeckers,0.011,0.057,0.071,0.013,0.0,0.002,0.109,0.037,0.0,0.001,0.004,0.0,0.074,0.315,0.011,0.026,0.019,0.043,0.0,0.0,0.093,0.0,0.041,0.073
phiwoo3,Sulu Woodpecker,yungipicus ramsayi,nominate,151447701,Hilary Burn,Male,Not specified,,Piciformes,Picidae ,Woodpeckers,0.094,0.034,0.013,0.11,0.0,0.018,0.109,0.013,0.004,0.006,0.011,0.002,0.06,0.27,0.049,0.077,0.0,0.019,0.01,0.0,0.024,0.0,0.032,0.045
sulwoo2,Sulawesi Woodpecker,yungipicus temminckii,nominate,151447551,Ian Willis,Male,Not specified,,Piciformes,Picidae ,Woodpeckers,0.079,0.036,0.024,0.044,0.0,0.038,0.091,0.032,0.0,0.005,0.036,0.0,0.044,0.21,0.029,0.078,0.008,0.021,0.004,0.0,0.061,0.0,0.035,0.125
gytwhe1,Gray-throated White-eye,zosterops ugiensis,nominate,153121091,Doug Pratt,Monomorphic,Not specified,,Passeriformes,Zosteropidae ,"White-eyes, Yuhinas, and Allies",0.236,0.063,0.007,0.059,0.0,0.003,0.075,0.052,0.0,0.0,0.002,0.0,0.077,0.142,0.021,0.11,0.002,0.021,0.0,0.0,0.026,0.012,0.056,0.036
gytwhe1,Gray-throated White-eye,zosterops ugiensis,hamlini,153506721,Doug Pratt,Monomorphic,Not specified,,Passeriformes,Zosteropidae ,"White-eyes, Yuhinas, and Allies",0.244,0.035,0.013,0.061,0.0,0.001,0.012,0.064,0.008,0.002,0.011,0.004,0.007,0.131,0.025,0.11,0.002,0.015,0.0,0.0,0.032,0.084,0.112,0.027
gytwhe1,Gray-throated White-eye,zosterops ugiensis,oblitus,153506771,Doug Pratt,Monomorphic,Not specified,,Passeriformes,Zosteropidae ,"White-eyes, Yuhinas, and Allies",0.224,0.057,0.004,0.062,0.0,0.014,0.048,0.015,0.007,0.0,0.03,0.001,0.093,0.147,0.031,0.058,0.002,0.008,0.0,0.0,0.03,0.105,0.034,0.03
ysweye1,Yellow-spectacled White-eye,zosterops wallacei,nominate,153504851,Doug Pratt,Monomorphic,Not specified,,Passeriformes,Zosteropidae ,"White-eyes, Yuhinas, and Allies",0.077,0.071,0.02,0.027,0.0,0.004,0.006,0.022,0.126,0.005,0.032,0.07,0.012,0.19,0.03,0.048,0.005,0.017,0.001,0.0,0.02,0.113,0.089,0.015
