avibase_id,Species_name,English_name
AVIBASE-00124D98,Zenaida macroura,Mourning Dove
AVIBASE-00242897,Dicaeum pectorale,Olive-crowned Flowerpecker
AVIBASE-002445CB,Corythaeola cristata,Great Blue Turaco
AVIBASE-0058E798,Illadopsis puveli,Puvel's Illadopsis
AVIBASE-006667E7,Cisticola brunnescens,Pectoral-patch Cisticola
AVIBASE-00855728,Dryoscopus cubla,Black-backed Puffback
AVIBASE-00AF5DA1,Stagonopleura guttata,Diamond Firetail
AVIBASE-00B07B12,Dinemellia dinemelli,White-headed Buffalo-Weaver
AVIBASE-00DA9D91,Larus canus,Mew Gull
AVIBASE-01060BFD,Calidris mauri,Western Sandpiper
AVIBASE-010AC994,Aviceda subcristata,Pacific Baza
AVIBASE-010B758B,Empidonax affinis,Pine Flycatcher
AVIBASE-0116C834,Hirundo nigrita,White-throated Blue Swallow
AVIBASE-0136C1F3,Gallirallus australis,Weka
AVIBASE-0179C599,Phyllanthus atripennis,Capuchin Babbler
AVIBASE-018B3169,Podiceps auritus,Horned Grebe
AVIBASE-0195CFDD,Calamonastes simplex,Grey Wren-Warbler
AVIBASE-019E8CA3,Vidua regia,Queen Whydah
AVIBASE-01A11B3A,Eudyptes schlegeli,Royal Penguin
AVIBASE-01A11B3A,Eudyptes schlegeli,Royal Penguin
AVIBASE-01A3BE3C,Pytilia melba,Green-winged Pytilia
AVIBASE-01BFAE61,Ploceus rubiginosus,Chestnut Weaver
AVIBASE-01C9752D,Campethera caroli,Brown-eared Woodpecker
AVIBASE-01CFA60A,Cisticola anonymus,Chattering Cisticola
AVIBASE-01D755E8,Onychognathus fulgidus,Chestnut-winged Starling
AVIBASE-01FF30C9,Ptilinopus cinctus,Black-backed Fruit-Dove
AVIBASE-0205EDC6,Puffinus assimilis,Little Shearwater
AVIBASE-02091964,Charadrius veredus,Oriental Plover
AVIBASE-020BE546,Phaps elegans,Brush Bronzewing
AVIBASE-02884D9E,Coenocorypha aucklandica,Subantarctic Snipe
AVIBASE-029491CD,Leucosticte tephrocotis,Grey-crowned Rosy-Finch
AVIBASE-02B6A30C,Lanius excubitoroides,Grey-backed Fiscal
AVIBASE-02B9E930,Malurus amabilis,Lovely Fairywren
AVIBASE-02C6C2ED,Eurocephalus anguitimens,White-crowned Shrike
AVIBASE-02E004AD,Dendropicos griseocephalus,Olive Woodpecker
AVIBASE-02E56D98,Campethera nivosa,Buff-spotted Woodpecker
AVIBASE-031409C7,Egretta tricolor,Tricolored Heron
AVIBASE-0337440E,Larus philadelphia,Bonaparte's Gull
AVIBASE-033B53E6,Toxostoma curvirostre,Curve-billed Thrasher
AVIBASE-034B2A6A,Scotopelia peli,Pel's Fishing-Owl
AVIBASE-0386C00C,Aglaeactis castelnaudii,White-tufted Sunbeam
AVIBASE-0394BA0B,Eremomela scotops,Greencap Eremomela
AVIBASE-039BF484,Tetraogallus caspius,Caspian Snowcock
AVIBASE-03A3B616,Netta peposaca,Rosy-billed Pochard
AVIBASE-03AC32BA,Larus glaucescens,Glaucous-winged Gull
AVIBASE-03C4A0C9,Merops albicollis,White-throated Bee-eater
AVIBASE-03CE3B88,Paroaria coronata,Red-crested Cardinal
AVIBASE-03CF8CB5,Pterocles indicus,Painted Sandgrouse
AVIBASE-03D0649C,Charadrius collaris,Collared Plover
AVIBASE-03DE2091,Ploceus philippinus,Baya Weaver
AVIBASE-03F9EB15,Anous tenuirostris,Lesser Noddy
AVIBASE-0413ED30,Arenaria melanocephala,Black Turnstone
AVIBASE-0419DDC2,Gyps africanus,White-backed Vulture
AVIBASE-0431F843,Calliphlox amethystina,Amethyst Woodstar
AVIBASE-043F337A,Passerina cyanea,Indigo Bunting
AVIBASE-044509DA,Aethia pusilla,Least Auklet
AVIBASE-0482FA7E,Chrysococcyx caprius,Dideric Cuckoo
AVIBASE-049D9AEA,Fulmarus glacialis,Northern Fulmar
AVIBASE-04A5B0F9,Phyllastrephus poliocephalus,Grey-headed Greenbul
AVIBASE-04A7ABB7,Anthochaera chrysoptera,Brush Wattlebird
AVIBASE-04D7BC6C,Vidua larvaticola,Baka Indigobird
AVIBASE-04DDADF0,Caprimulgus macrurus,Large-tailed Nightjar
AVIBASE-052BFA8A,Larus melanocephalus,Mediterranean Gull
AVIBASE-05554FAE,Menura alberti,Albert's Lyrebird
AVIBASE-05824D50,Cacomantis variolosus,Brush Cuckoo
AVIBASE-058773E4,Bulweria bulwerii,Bulwer's Petrel
AVIBASE-05AE5DFF,Macronyx flavicollis,Abyssinian Longclaw
AVIBASE-05B8A4F1,Picoides tridactylus,Three-toed Woodpecker
AVIBASE-05E1D079,Gerygone magnirostris,Large-billed Gerygone
AVIBASE-05E2FB2A,Caprimulgus rufigena,Rufous-cheeked Nightjar
AVIBASE-05E5E8F6,Chalcophaps indica,Emerald Dove
AVIBASE-05FF3C9B,Junco hyemalis,Dark-eyed Junco
AVIBASE-0608D05C,Drymodes brunneopygia,Southern Scrub-Robin
AVIBASE-068516BB,Oriolus sagittatus,Olive-backed Oriole
AVIBASE-06AC42C7,Syrrhaptes tibetanus,Tibetan Sandgrouse
AVIBASE-06AC693C,Cyanoramphus unicolor,Antipodes Parakeet
AVIBASE-06B41945,Pterocles orientalis,Black-bellied Sandgrouse
AVIBASE-06B7366C,Heliodoxa rubinoides,Fawn-breasted Brilliant
AVIBASE-06B9BD24,Calidris alba,Sanderling
AVIBASE-06C33419,Parmoptila woodhousei,Woodhouse's Antpecker
AVIBASE-06DD9D95,Phoenicurus phoenicurus,Common Redstart
AVIBASE-0702D924,Coeligena lutetiae,Buff-winged Starfrontlet
AVIBASE-0716A71C,Sitta canadensis,Red-breasted Nuthatch
AVIBASE-0718A157,Batis poensis,Fernando Po Batis
AVIBASE-073C56D1,Threskiornis spinicollis,Straw-necked Ibis
AVIBASE-074251A3,Vanellus senegallus,Wattled Lapwing
AVIBASE-07466471,Cinclosoma punctatum,Spotted Quail-thrush
AVIBASE-07479AD9,Anas superciliosa,Pacific Black Duck
AVIBASE-0783A7EA,Aythya collaris,Ring-necked Duck
AVIBASE-078557F2,Melanerpes carolinus,Red-bellied Woodpecker
AVIBASE-078BC0ED,Oenanthe deserti,Desert Wheatear
AVIBASE-079A8245,Oxyura vittata,Lake Duck
AVIBASE-07AE29DF,Graueria vittata,Grauer's Warbler
AVIBASE-07C11CF3,Pluvialis fulva,Pacific Golden-Plover
AVIBASE-07E19970,Trochilus polytmus,Streamertail
AVIBASE-07F940AA,Laniarius aethiopicus,Tropical Boubou
AVIBASE-07FD1D4C,Phyllastrephus terrestris,Terrestrial Brownbul
AVIBASE-080AFDB2,Vireo bairdi,Cozumel Vireo
AVIBASE-08196575,Ptiloprora guisei,Rufous-backed Honeyeater
AVIBASE-082D833C,Tyrannus tyrannus,Eastern Kingbird
AVIBASE-083AA376,Lonchura grandis,Grand Munia
AVIBASE-0868B50D,Laniarius funebris,Slate-colored Boubou
AVIBASE-0895DD84,Tringa erythropus,Spotted Redshank
AVIBASE-08C90B0F,Otus brucei,Pallid Scops-Owl
AVIBASE-08DADC05,Melithreptus brevirostris,Brown-headed Honeyeater
AVIBASE-08E818A7,Emberiza schoeniclus,Reed Bunting
AVIBASE-091F833E,Manacus manacus,White-bearded Manakin
AVIBASE-093AC1FC,Chrysolophus pictus,Golden Pheasant
AVIBASE-097B0525,Tyrannus crassirostris,Thick-billed Kingbird
AVIBASE-097FAA36,Heliornis fulica,Sungrebe
AVIBASE-09BEFD87,Poecilodryas superciliosa,White-browed Robin
AVIBASE-09C51FA9,Calidris tenuirostris,Great Knot
AVIBASE-09E88F83,Panterpe insignis,Fiery-throated Hummingbird
AVIBASE-09E90D06,Sheppardia bocagei,Bocage's Akalat
AVIBASE-09ED7E92,Fregata ariel,Lesser Frigatebird
AVIBASE-09FF44CF,Malurus leucopterus,White-winged Fairywren
AVIBASE-0A0B8431,Calidris maritima,Purple Sandpiper
AVIBASE-0A0D3BB9,Prosthemadera novaeseelandiae,Tui
AVIBASE-0A1A1F0F,Adelomyia melanogenys,Speckled Hummingbird
AVIBASE-0A241B83,Dendropicos fuscescens,Cardinal Woodpecker
AVIBASE-0A3FA185,Anthus spinoletta,Water Pipit
AVIBASE-0A4609D1,Sula sula,Red-footed Booby
AVIBASE-0A4EC595,Ninox rufa,Rufous Owl
AVIBASE-0A76713F,Tyrannus couchii,Couch's Kingbird
AVIBASE-0A79923B,Gallinago nobilis,Noble Snipe
AVIBASE-0AA15ACA,Lamprotornis chloropterus,Lesser Blue-eared Glossy-Starling
AVIBASE-0ABADB0F,Apalis personata,Black-faced Apalis
AVIBASE-0ABCDD1C,Pachycephala rufiventris,Rufous Whistler
AVIBASE-0AC6CF82,Indicator minor,Lesser Honeyguide
AVIBASE-0ADA5F17,Piranga ludoviciana,Western Tanager
AVIBASE-0B0B18C4,Aphelocoma californica,Scrub Jay
AVIBASE-0B1B2EB6,Passerella iliaca,Fox Sparrow
AVIBASE-0B23929D,Oporornis agilis,Connecticut Warbler
AVIBASE-0B2F8058,Ficedula albicollis,Collared Flycatcher
AVIBASE-0B36500B,Tauraco persa,Guinea Turaco
AVIBASE-0B44E704,Sylvietta philippae,Short-billed Crombec
AVIBASE-0B4AD6B3,Psarocolius wagleri,Chestnut-headed Oropendola
AVIBASE-0B870352,Oreophilais robertsi,Briar Warbler
AVIBASE-0B8F4EE6,Catharus fuscescens,Veery
AVIBASE-0B90527D,Leucosticte australis,Brown-capped Rosy-Finch
AVIBASE-0BA183A7,Gallinula tenebrosa,Dusky Moorhen
AVIBASE-0BB84341,Rallus elegans,King Rail
AVIBASE-0BC36521,Telophorus dohertyi,Doherty's Bushshrike
AVIBASE-0BCA95F5,Heliodoxa aurescens,Gould's Jewelfront
AVIBASE-0BCBA6B9,Cygnus columbianus,Tundra Swan
AVIBASE-0BD37CDF,Neocossyphus poensis,White-tailed Ant-Thrush
AVIBASE-0BDB87DE,Passerina ciris,Painted Bunting
AVIBASE-0BEDE250,Vanellus malabaricus,Yellow-wattled Lapwing
AVIBASE-0BFE075B,Phegornis mitchellii,Diademed Sandpiper-Plover
AVIBASE-0C120038,Phylloscopus inornatus,Inornate Warbler
AVIBASE-0C1EFC9B,Streptopelia decaocto,Eurasian Collared-Dove
AVIBASE-0C1F2A47,Ibidorhyncha struthersii,Ibisbill
AVIBASE-0C42F446,Rhipidura rufidorsa,Rufous-backed Fantail
AVIBASE-0C571D99,Emberiza tahapisi,Cinnamon-breasted Bunting
AVIBASE-0C8B9FA4,Sylvietta brachyura,Northern Crombec
AVIBASE-0CA6EE59,Turtur brehmeri,Blue-headed Wood-Dove
AVIBASE-0CA903BB,Coturnix delegorguei,Harlequin Quail
AVIBASE-0CF12F81,Coccyzus americanus,Yellow-billed Cuckoo
AVIBASE-0D1546EC,Vidua wilsoni,Pale-winged Indigobird
AVIBASE-0D280B3F,Branta ruficollis,Red-breasted Goose
AVIBASE-0D34BFF1,Phaethornis yaruqui,White-whiskered Hermit
AVIBASE-0D419595,Lybius guifsobalito,Black-billed Barbet
AVIBASE-0D42A253,Acrocephalus griseldis,Basra Reed-Warbler
AVIBASE-0D52DFC7,Neafrapus boehmi,Bat-like Spinetail
AVIBASE-0D6B8ACA,Laniarius atroflavus,Yellow-breasted Boubou
AVIBASE-0D8B9E40,Apteryx haastii,Great Spotted Kiwi
AVIBASE-0D8BDD35,Halcyon malimbica,Blue-breasted Kingfisher
AVIBASE-0D9258BF,Turnix olivii,Buff-breasted Buttonquail
AVIBASE-0D9BFED1,Macronyx croceus,Yellow-throated Longclaw
AVIBASE-0DA1CA5D,Oreotrochilus estella,Andean Hillstar
AVIBASE-0DA479A1,Artamus cyanopterus,Dusky Woodswallow
AVIBASE-0DCD05BE,Sylvia curruca,Lesser Whitethroat
AVIBASE-0DF68A87,Pterodroma phaeopygia,Galapagos Petrel
AVIBASE-0E5AB5F0,Hirundo dimidiata,Pearl-breasted Swallow
AVIBASE-0E6D5DBE,Galerida modesta,Sun Lark
AVIBASE-0E798C7D,Amytornis purnelli,Dusky Grasswren
AVIBASE-0E9290F8,Malurus melanocephalus,Red-backed Fairywren
AVIBASE-0EB01930,Doryfera ludovicae,Green-fronted Lancebill
AVIBASE-0EB30FB8,Chaetura vauxi,Vaux's Swift
AVIBASE-0ECD9105,Ramsayornis fasciatus,Bar-breasted Honeyeater
AVIBASE-0ECD9D58,Poicephalus meyeri,Meyer's Parrot
AVIBASE-0EDEEB49,Terpsiphone rufiventer,Black-headed Paradise-Flycatcher
AVIBASE-0EDF9145,Onychognathus tristramii,Tristram's Starling
AVIBASE-0EF82B71,Gerygone fusca,Western Gerygone
AVIBASE-0F0B7973,Phaethornis superciliosus,Long-tailed Hermit
AVIBASE-0F0DCC2F,Charadrius pecuarius,Kittlitz's Plover
AVIBASE-0F14ECE4,Anastomus lamelligerus,African Openbill
AVIBASE-0F1929A3,Falcunculus frontatus,Crested Shrike-tit
AVIBASE-0F4DA8F3,Chlamydera nuchalis,Great Bowerbird
AVIBASE-0F533AC6,Nectarinia purpureiventris,Purple-breasted Sunbird
AVIBASE-0F82D614,Hyliota flavigaster,Yellow-bellied Hyliota
AVIBASE-0F8900D1,Loxops caeruleirostris,Akekee
AVIBASE-0F97A356,Criniger barbatus,Bearded Bulbul
AVIBASE-102758DF,Sitta tephronota,Eastern Rock-Nuthatch
AVIBASE-1044B438,Numida meleagris,Helmeted Guineafowl
AVIBASE-105C306C,Pachyptila desolata,Antarctic Prion
AVIBASE-10605B6E,Hirundo nigrorufa,Black-and-rufous Swallow
AVIBASE-1066028B,Estrilda paludicola,Fawn-breasted Waxbill
AVIBASE-1078FFEA,Corvus frugilegus,Rook
AVIBASE-10988568,Prinia flavicans,Black-chested Prinia
AVIBASE-10A37318,Locustella lanceolata,Lanceolated Warbler
AVIBASE-10B14696,Crinifer zonurus,Eastern Grey Plantain-eater
AVIBASE-10B56544,Sarothrura rufa,Red-chested Flufftail
AVIBASE-10C2881A,Fulmarus glacialoides,Southern Fulmar
AVIBASE-1117758C,Hieraaetus morphnoides,Little Eagle
AVIBASE-112C6BA3,Pachycephala rufogularis,Red-lored Whistler
AVIBASE-114CC90E,Chlorostilbon gibsoni,Red-billed Emerald
AVIBASE-11507BB3,Apus bradfieldi,Bradfield's Swift
AVIBASE-11512CF4,Egretta caerulea,Little Blue Heron
AVIBASE-115AF02D,Chlidonias niger,Black Tern
AVIBASE-116192F7,Phylloscopus neglectus,Plain Leaf-Warbler
AVIBASE-119680B1,Muscicapa dauurica,Asian Brown Flycatcher
AVIBASE-11FE7313,Dicrurus adsimilis,Fork-tailed Drongo
AVIBASE-120AEEC0,Centropus anselli,Gabon Coucal
AVIBASE-122372C7,Calyptorhynchus banksii,Red-tailed Black-Cockatoo
AVIBASE-12399C50,Lampornis castaneoventris,Variable Mountain-gem
AVIBASE-124EBA0D,Elseyornis melanops,Black-fronted Dotterel
AVIBASE-131038AD,Necrosyrtes monachus,Hooded Vulture
AVIBASE-132636AC,Picus canus,Grey-faced Woodpecker
AVIBASE-1327AC55,Pandion haliaetus,Osprey
AVIBASE-132E0773,Phylloscopus budongoensis,Uganda Woodland-Warbler
AVIBASE-135564AA,Loxia curvirostra,Red Crossbill
AVIBASE-1368181F,Heliodoxa leadbeateri,Violet-fronted Brilliant
AVIBASE-1373D324,Ploceus luteolus,Little Weaver
AVIBASE-13854B6E,Tringa incana,Wandering Tattler
AVIBASE-13AA5A5C,Malimbus scutatus,Red-vented Malimbe
AVIBASE-13B1B968,Icterus graduacauda,Audubon's Oriole
AVIBASE-13B1CB11,Pachycephala pectoralis,Golden Whistler
AVIBASE-13BE59E4,Amadina erythrocephala,Red-headed Finch
AVIBASE-13CF7E44,Tachyeres brachypterus,Falkland Steamerduck
AVIBASE-143A681C,Calidris ferruginea,Curlew Sandpiper
AVIBASE-1456993D,Pyrocephalus rubinus,Vermilion Flycatcher
AVIBASE-145F1116,Calypte costae,Costa's Hummingbird
AVIBASE-146387FC,Phyllastrephus fulviventris,Pale-olive Greenbul
AVIBASE-1478AA79,Melocichla mentalis,Moustached Grass-Warbler
AVIBASE-1481EF1F,Turdoides bicolor,Southern Pied-Babbler
AVIBASE-14873249,Anthus pratensis,Meadow Pipit
AVIBASE-14885C18,Gypohierax angolensis,Palm-nut Vulture
AVIBASE-148AA192,Pinarocorys erythropygia,Rufous-rumped Lark
AVIBASE-149A8E7E,Chenonetta jubata,Maned Duck
AVIBASE-14AFBA82,Sylvia communis,Common Whitethroat
AVIBASE-14B92847,Acanthiza ewingii,Tasmanian Thornbill
AVIBASE-14B9664A,Lophaetus occipitalis,Long-crested Eagle
AVIBASE-14C13A71,Prunella ocularis,Radde's Accentor
AVIBASE-14F13C32,Aquila verreauxii,Verreaux's Eagle
AVIBASE-14FCAD62,Brotogeris cyanoptera,Cobalt-winged Parakeet
AVIBASE-151738D5,Eudyptula minor,Little Penguin
AVIBASE-15369E8E,Calidris alpina,Dunlin
AVIBASE-153BA306,Calidris fuscicollis,White-rumped Sandpiper
AVIBASE-154BCCAE,Regulus satrapa,Golden-crowned Kinglet
AVIBASE-158BDC90,Aegypius monachus,Cinereous Vulture
AVIBASE-15A1DBE8,Jubula lettii,Maned Owl
AVIBASE-15B2DD49,Cercotrichas hartlaubi,Brown-backed Scrub-Robin
AVIBASE-15CF9352,Tringa stagnatilis,Marsh Sandpiper
AVIBASE-15E26A63,Gerygone albofrontata,Chatham Islands Gerygone
AVIBASE-16219C14,Amazilia viridifrons,Green-fronted Hummingbird
AVIBASE-164A10EA,Chloephaga rubidiceps,Ruddy-headed Goose
AVIBASE-166CE0D7,Larus relictus,Relict Gull
AVIBASE-1680EFDE,Passerina versicolor,Varied Bunting
AVIBASE-168E3626,Coenocorypha pusilla,Chatham Islands Snipe
AVIBASE-16935B44,Platysteira peltata,Black-throated Wattle-eye
AVIBASE-16A54020,Apus batesi,Bates's Swift
AVIBASE-16BD42DD,Cossypha heuglini,White-browed Robin-Chat
AVIBASE-16E6A0F3,Estrilda atricapilla,Black-headed Waxbill
AVIBASE-16FEF081,Sylvia lugens,Brown Warbler
AVIBASE-171E91FF,Oreortyx pictus,Mountain Quail
AVIBASE-175A7534,Aegotheles cristatus,Australian Owlet-Nightjar
AVIBASE-176A4101,Pterocles burchelli,Burchell's Sandgrouse
AVIBASE-1773A3AD,Geoffroyus geoffroyi,Red-cheeked Parrot
AVIBASE-1776533D,Laniarius bicolor,Gabon Boubou
AVIBASE-17767237,Eremomela badiceps,Rufous-crowned Eremomela
AVIBASE-178B6892,Halcyon leucocephala,Grey-headed Kingfisher
AVIBASE-178B8955,Tyrannus vociferans,Cassin's Kingbird
AVIBASE-17EAFC11,Malurus alboscapulatus,White-shouldered Fairywren
AVIBASE-17F2D08C,Oenanthe monacha,Hooded Wheatear
AVIBASE-182E9FE2,Chiroxiphia caudata,Swallow-tailed Manakin
AVIBASE-18306F20,Geospiza conirostris,Large Cactus-Finch
AVIBASE-184BA213,Apalis chariessa,White-winged Apalis
AVIBASE-184D2329,Anser erythropus,Lesser White-fronted Goose
AVIBASE-1866F80E,Emberiza pusilla,Little Bunting
AVIBASE-187706CF,Apteryx owenii,Little Spotted Kiwi
AVIBASE-1891E2C4,Tachyeres pteneres,Flightless Steamerduck
AVIBASE-18B10CF9,Lamprotornis splendidus,Splendid Glossy-Starling
AVIBASE-18B415D2,Tringa nebularia,Common Greenshank
AVIBASE-18D09F79,Myrtis fanny,Purple-collared Woodstar
AVIBASE-18D2C42A,Pyrrhocorax pyrrhocorax,Red-billed Chough
AVIBASE-19196211,Mycteria americana,Wood Stork
AVIBASE-191B68BC,Serinus canaria,Island Canary
AVIBASE-191F838F,Ensifera ensifera,Sword-billed Hummingbird
AVIBASE-1929E1E1,Aythya valisineria,Canvasback
AVIBASE-19420218,Xenicus gilviventris,South Island Wren
AVIBASE-196347A3,Sphecotheres viridis,Green Figbird
AVIBASE-198CCE88,Coracina boyeri,Boyer's Cuckooshrike
AVIBASE-198F8B56,Eutoxeres condamini,Buff-tailed Sicklebill
AVIBASE-19A9FCEC,Metallura phoebe,Black Metaltail
AVIBASE-19ABB1C4,Zosterops griseovirescens,Annobon White-eye
AVIBASE-19CCBBD2,Sitta carolinensis,White-breasted Nuthatch
AVIBASE-19CE1F0F,Notharchus macrorhynchos,White-necked Puffbird
AVIBASE-19D053B3,Ploceus melanocephalus,Black-headed Weaver
AVIBASE-1A0ECB6E,Accipiter badius,Shikra
AVIBASE-1A145C89,Columba unicincta,Afep Pigeon
AVIBASE-1A15F0C6,Lymnocryptes minimus,Jack Snipe
AVIBASE-1A23027E,Pitta versicolor,Noisy Pitta
AVIBASE-1A2A03C3,Heteromyias albispecularis,Ashy Robin
AVIBASE-1A34CC23,Tockus erythrorhynchus,Red-billed Hornbill
AVIBASE-1A6B766A,Mandingoa nitidula,Green-backed Twinspot
AVIBASE-1AA6F28B,Goethalsia bella,Rufous-cheeked Hummingbird
AVIBASE-1AAAEAFD,Pytilia hypogrammica,Red-faced Pytilia
AVIBASE-1AAB20B0,Dendrocygna guttata,Spotted Whistling-Duck
AVIBASE-1ABAB622,Apalis jacksoni,Black-throated Apalis
AVIBASE-1ACF5A6E,Circus approximans,Swamp Harrier
AVIBASE-1B28A4B6,Pluvianus aegyptius,Crocodile-bird
AVIBASE-1B2AF453,Prionops rufiventris,Gabon Helmetshrike
AVIBASE-1B309CB5,Chrysococcyx cupreus,African Emerald Cuckoo
AVIBASE-1B4DA358,Apalis binotata,Masked Apalis
AVIBASE-1B6016EC,Myrmecocichla melaena,Rueppell's Chat
AVIBASE-1B655B31,Gerygone levigaster,Mangrove Gerygone
AVIBASE-1BAC6645,Elanoides forficatus,Swallow-tailed Kite
AVIBASE-1BB9C864,Vireo plumbeus,Plumbeous Vireo
AVIBASE-1BDF5C00,Vireo huttoni,Hutton's Vireo
AVIBASE-1C0A5AD9,Apus alexandri,Alexander's Swift
AVIBASE-1C1A87C4,Cryptospiza shelleyi,Shelley's Crimson-wing
AVIBASE-1C209762,Urotriorchis macrourus,Long-tailed Hawk
AVIBASE-1C2F4E80,Oxyura maccoa,Maccoa Duck
AVIBASE-1C51C109,Regulus regulus,Goldcrest
AVIBASE-1C98EA2F,Oenanthe leucura,Black Wheatear
AVIBASE-1CB41EB5,Prinia fluviatilis,River Prinia
AVIBASE-1CE50BE8,Pedionomus torquatus,Plains-wanderer
AVIBASE-1D07B501,Phaethon lepturus,White-tailed Tropicbird
AVIBASE-1D1C9EDA,Phyllastrephus xavieri,Xavier's Greenbul
AVIBASE-1D25E0DB,Passer castanopterus,Somali Sparrow
AVIBASE-1D446440,Stercorarius longicaudus,Long-tailed Jaeger
AVIBASE-1D45897E,Corvus coronoides,Australian Raven
AVIBASE-1DA430B8,Cyanocitta cristata,Blue Jay
AVIBASE-1DA9FFC9,Anthreptes anchietae,Anchieta's Sunbird
AVIBASE-1DC48058,Bradypterus graueri,Grauer's Scrub-Warbler
AVIBASE-1DD0949C,Anthus pallidiventris,Long-legged Pipit
AVIBASE-1E12A4D6,Larus bulleri,Black-billed Gull
AVIBASE-1E12D857,Rhaphidura sabini,Sabine's Spinetail
AVIBASE-1E1AB415,Molothrus ater,Brown-headed Cowbird
AVIBASE-1E1B6D19,Selasphorus rufus,Rufous Hummingbird
AVIBASE-1E2EC99C,Agapornis pullarius,Red-headed Lovebird
AVIBASE-1E3B3515,Stephanoaetus coronatus,Crowned Hawk-Eagle
AVIBASE-1E4143F8,Spizocorys conirostris,Pink-billed Lark
AVIBASE-1E5D636D,Laniarius mufumbiri,Papyrus Gonolek
AVIBASE-1E79A7D7,Estrilda melpoda,Orange-cheeked Waxbill
AVIBASE-1E85ABE4,Cacatua pastinator,Western Corella
AVIBASE-1EA60B94,Sylvia nisoria,Barred Warbler
AVIBASE-1EAB2C48,Phaethornis ruber,Reddish Hermit
AVIBASE-1EAFAD9F,Anas sparsa,African Black Duck
AVIBASE-1EB2595E,Empidonax hammondii,Hammond's Flycatcher
AVIBASE-1ED4FB4F,Loboparadisea sericea,Yellow-breasted Bird-of-paradise
AVIBASE-1ED6D9B4,Anthoscopus parvulus,Yellow Penduline-Tit
AVIBASE-1ED914E6,Columba bollii,Bolle's Pigeon
AVIBASE-1EDA991A,Meliphaga lewinii,Lewin's Honeyeater
AVIBASE-1EDCA978,Charadrius ruficapillus,Red-capped Plover
AVIBASE-1F1AD154,Calidris bairdii,Baird's Sandpiper
AVIBASE-1F2F7323,Prionops poliolophus,Grey-crested Helmetshrike
AVIBASE-1F360691,Halcyon senegaloides,Mangrove Kingfisher
AVIBASE-1F4DF785,Aleadryas rufinucha,Rufous-naped Whistler
AVIBASE-1F662597,Smithornis rufolateralis,Rufous-sided Broadbill
AVIBASE-1F87083D,Icterus gularis,Altamira Oriole
AVIBASE-1F9D883E,Tadorna ferruginea,Ruddy Shelduck
AVIBASE-1FACD210,Chrysococcyx klaas,Klaas's Cuckoo
AVIBASE-1FDDABDB,Colius striatus,Speckled Mousebird
AVIBASE-1FEC3F95,Brotogeris chiriri,Yellow-chevroned Parakeet
AVIBASE-1FFFEF4E,Charadrius montanus,Mountain Plover
AVIBASE-2019D40E,Hemignathus lucidus,Nukupuu
AVIBASE-201E1243,Dryoscopus angolensis,Pink-footed Puffback
AVIBASE-205515E9,Ptilinopus superbus,Superb Fruit-Dove
AVIBASE-20748450,Toxostoma redivivum,California Thrasher
AVIBASE-207491AE,Vermivora bachmanii,Bachman's Warbler
AVIBASE-20BE9DF1,Eudromias morinellus,Eurasian Dotterel
AVIBASE-20C2214E,Falco sparverius,American Kestrel
AVIBASE-20D915AD,Ploceus nigerrimus,Vieillot's Black Weaver
AVIBASE-20F4B01D,Sphyrapicus nuchalis,Red-naped Sapsucker
AVIBASE-2103011F,Apus niansae,Nyanza Swift
AVIBASE-21044CEC,Egretta novaehollandiae,White-faced Heron
AVIBASE-2125426A,Merops nubicus,Northern Carmine Bee-eater
AVIBASE-2143A852,Pluvialis dominica,American Golden-Plover
AVIBASE-214B3533,Charadrius marginatus,White-fronted Plover
AVIBASE-216207A9,Heteromirafra archeri,Archer's Lark
AVIBASE-216F11D6,Euryptila subcinnamomea,Kopje Warbler
AVIBASE-21957C95,Accipiter cirrocephalus,Collared Sparrowhawk
AVIBASE-21A15CDE,Tockus leucomelas,Southern Yellow-billed Hornbill
AVIBASE-21DB707D,Melanerpes herminieri,Guadeloupe Woodpecker
AVIBASE-22031845,Buteo rufofuscus,Jackal Buzzard
AVIBASE-2225D685,Cyanocitta stelleri,Steller's Jay
AVIBASE-2226EEC4,Tauraco bannermani,Bannerman's Turaco
AVIBASE-2247CB05,Struthio camelus,Ostrich
AVIBASE-224B2B08,Turdoides hindei,Hinde's Pied-Babbler
AVIBASE-224E1093,Fregetta grallaria,White-bellied Storm-Petrel
AVIBASE-22647E26,Circus macrourus,Pallid Harrier
AVIBASE-2281F1C7,Tyrannus verticalis,Western Kingbird
AVIBASE-228DDFAD,Malimbus ibadanensis,Ibadan Malimbe
AVIBASE-22BE6FC5,Lonchura striata,White-rumped Munia
AVIBASE-22D1B4A2,Sula dactylatra,Masked Booby
AVIBASE-22E11A7D,Monticola rupestris,Cape Rock-Thrush
AVIBASE-230A0342,Pogonocichla stellata,White-starred Robin
AVIBASE-235DE47B,Gymnopithys leucaspis,White-cheeked Antbird
AVIBASE-23670191,Phragmacia substriata,Namaqua Warbler
AVIBASE-236D9272,Cursorius coromandelicus,Indian Courser
AVIBASE-2379E3EB,Ploceus castaneiceps,Taveta Golden Weaver
AVIBASE-23863F65,Larus delawarensis,Ring-billed Gull
AVIBASE-23D5FC36,Turtur afer,Blue-spotted Wood-Dove
AVIBASE-23EF1BD9,Phylloscopus trochiloides,Greenish Warbler
AVIBASE-240E3390,Passer domesticus,House Sparrow
AVIBASE-24111FA5,Fratercula corniculata,Horned Puffin
AVIBASE-24369C90,Paradisaea guilielmi,Emperor Bird-of-paradise
AVIBASE-24698199,Melanitta nigra,Black Scoter
AVIBASE-24764DC7,Pyrrhula pyrrhula,Eurasian Bullfinch
AVIBASE-249AE8DF,Limosa fedoa,Marbled Godwit
AVIBASE-24B205AA,Rhipidura brachyrhyncha,Dimorphic Fantail
AVIBASE-24B66475,Pycnonotus xanthopygos,White-spectacled Bulbul
AVIBASE-24C90C1A,Herpetotheres cachinnans,Laughing Falcon
AVIBASE-24E0C8A6,Passer euchlorus,Arabian Golden-Sparrow
AVIBASE-24E39ACD,Chordeiles minor,Common Nighthawk
AVIBASE-24F14328,Gymnogyps californianus,California Condor
AVIBASE-24F71192,Phyllastrephus cabanisi,Cabanis's Greenbul
AVIBASE-2507326E,Numenius tahitiensis,Bristle-thighed Curlew
AVIBASE-2507F6F4,Tchagra tchagra,Southern Tchagra
AVIBASE-250CDA58,Anthus campestris,Tawny Pipit
AVIBASE-250EA983,Anas wyvilliana,Hawaiian Duck
AVIBASE-25A20BA6,Pluvialis apricaria,Eurasian Golden-Plover
AVIBASE-25A648FE,Ardea melanocephala,Black-headed Heron
AVIBASE-25C94A8F,Aythya marila,Greater Scaup
AVIBASE-25DA0F41,Anas capensis,Cape Teal
AVIBASE-25F21608,Sericornis papuensis,Papuan Scrubwren
AVIBASE-25F7AF65,Anthus hodgsoni,Olive-backed Pipit
AVIBASE-26360764,Cacomantis castaneiventris,Chestnut-breasted Cuckoo
AVIBASE-264D0351,Charadrius asiaticus,Caspian Plover
AVIBASE-26530C86,Prunella modularis,Hedge Accentor
AVIBASE-26618AA1,Euplectes ardens,Red-collared Widowbird
AVIBASE-2680F124,Estrilda nonnula,Black-crowned Waxbill
AVIBASE-26A34DA5,Cuculus solitarius,Red-chested Cuckoo
AVIBASE-26A37098,Amazilia rutila,Cinnamon Hummingbird
AVIBASE-26AED277,Piranga erythrocephala,Red-headed Tanager
AVIBASE-26BA25EF,Aegolius acadicus,Saw-whet Owl
AVIBASE-26DE1233,Lanius gubernator,Emin's Shrike
AVIBASE-26F27894,Nectarinia famosa,Malachite Sunbird
AVIBASE-2700C97D,Dendropicos xantholophus,Golden-crowned Woodpecker
AVIBASE-27012CC9,Lagonosticta rara,Black-bellied Firefinch
AVIBASE-2714B2A7,Malaconotus cruentus,Fiery-breasted Bushshrike
AVIBASE-273A4A2F,Streptopelia roseogrisea,African Collared-Dove
AVIBASE-27410227,Sturnella magna,Eastern Meadowlark
AVIBASE-2771624B,Fratercula arctica,Atlantic Puffin
AVIBASE-2778A3F4,Empidonax virescens,Acadian Flycatcher
AVIBASE-27903EF7,Pluvialis squatarola,Grey Plover
AVIBASE-27936203,Vireo caribaeus,St. Andrew Vireo
AVIBASE-2799567A,Ardeotis nigriceps,Indian Bustard
AVIBASE-27B2749A,Aix sponsa,Wood Duck
AVIBASE-27CE7132,Larus genei,Slender-billed Gull
AVIBASE-27E0131C,Kupeornis rufocinctus,Red-collared Mountain-Babbler
AVIBASE-27E88DB9,Neochmia phaeton,Crimson Finch
AVIBASE-27F7E242,Acanthiza uropygialis,Chestnut-rumped Thornbill
AVIBASE-28458566,Zosterops senegalensis,African Yellow White-eye
AVIBASE-2849059D,Laniarius ferrugineus,Southern Boubou
AVIBASE-28669A3D,Sayornis saya,Say's Phoebe
AVIBASE-28825494,Ciconia ciconia,White Stork
AVIBASE-28A4DA76,Sphyrapicus thyroideus,Williamson's Sapsucker
AVIBASE-28AC53BE,Dicrurus atripennis,Shining Drongo
AVIBASE-28BD3EB7,Eurostopodus argus,Spotted Eared-Nightjar
AVIBASE-28CACA8F,Phoeniculus purpureus,Green Woodhoopoe
AVIBASE-29019748,Eugenes fulgens,Magnificent Hummingbird
AVIBASE-29256A38,Tringa brevipes,Grey-tailed Tattler
AVIBASE-2954B874,Coeligena phalerata,White-tailed Starfrontlet
AVIBASE-295B9665,Poeoptera kenricki,Kenrick's Starling
AVIBASE-29679CC7,Parotia wahnesi,Wahnes's Parotia
AVIBASE-29820AD9,Phyllastrephus strepitans,Northern Brownbul
AVIBASE-299479DE,Pteridophora alberti,King-of-Saxony Bird-of-paradise
AVIBASE-29967541,Spizella breweri,Brewer's Sparrow
AVIBASE-29B03FAE,Microparra capensis,Lesser Jacana
AVIBASE-29D50ED5,Rhinoptilus cinctus,Three-banded Courser
AVIBASE-29D93FC2,Hirundo leucosoma,Pied-winged Swallow
AVIBASE-29DB0309,Alisterus scapularis,Australian King-Parrot
AVIBASE-29FF745B,Ploceus manyar,Streaked Weaver
AVIBASE-2A1A2F3A,Thinocorus orbignyianus,Grey-breasted Seedsnipe
AVIBASE-2A2C169B,Circus ranivorus,African Marsh-Harrier
AVIBASE-2A2CC7B3,Ploceus golandi,Clarke's Weaver
AVIBASE-2A88D0BC,Spiloptila clamans,Cricket Longtail
AVIBASE-2A8D086D,Synthliboramphus hypoleucus,Xantus's Murrelet
AVIBASE-2AA13F1D,Vidua purpurascens,Dusky Indigobird
AVIBASE-2AA5F01C,Mellisuga helenae,Bee Hummingbird
AVIBASE-2AD189C1,Nesocharis capistrata,Grey-headed Oliveback
AVIBASE-2AD52363,Pachycoccyx audeberti,Thick-billed Cuckoo
AVIBASE-2B020CA0,Locustella fluviatilis,Eurasian River Warbler
AVIBASE-2B100B36,Coturnicops noveboracensis,Yellow Rail
AVIBASE-2B55E679,Passer suahelicus,Swahili Sparrow
AVIBASE-2B6DE136,Quelea quelea,Red-billed Quelea
AVIBASE-2B8E5C63,Heteromirafra ruddi,Rudd's Lark
AVIBASE-2B94D2D5,Euplectes aureus,Golden-backed Bishop
AVIBASE-2C2BC004,Eudyptes chrysolophus,Macaroni Penguin
AVIBASE-2C42345F,Ploceus aurantius,Orange Weaver
AVIBASE-2C504059,Plocepasser superciliosus,Chestnut-crowned Sparrow-Weaver
AVIBASE-2C6D5362,Cisticola carruthersi,Carruthers's Cisticola
AVIBASE-2C7A2673,Tringa flavipes,Lesser Yellowlegs
AVIBASE-2C7AA154,Otus scops,Common Scops-Owl
AVIBASE-2C7BA3A6,Musophaga rossae,Ross's Turaco
AVIBASE-2C8B24B6,Cisticola aberrans,Lazy Cisticola
AVIBASE-2CC21529,Porzana carolina,Sora
AVIBASE-2CC8DFAA,Trogon melanurus,Black-tailed Trogon
AVIBASE-2CC91390,Pyrenestes ostrinus,Black-bellied Seedcracker
AVIBASE-2CDECD36,Corvus hawaiiensis,Hawaiian Crow
AVIBASE-2CFFFB8A,Oreomystis bairdi,Kauai Creeper
AVIBASE-2D0C83B2,Anthreptes orientalis,Kenya Violet-backed Sunbird
AVIBASE-2D157C82,Illadopsis albipectus,Scaly-breasted Illadopsis
AVIBASE-2D46BB98,Locustella luscinioides,Savi's Warbler
AVIBASE-2D52E3A5,Larus fuscus,Lesser Black-backed Gull
AVIBASE-2D86B0D2,Ploceus xanthops,Holub's Golden-Weaver
AVIBASE-2DA2C52F,Phyllastrephus fischeri,Fischer's Greenbul
AVIBASE-2DAB45B8,Falco tinnunculus,Common Kestrel
AVIBASE-2DF7793A,Ninox strenua,Powerful Owl
AVIBASE-2E3D5AAF,Phyllastrephus hypochloris,Toro Olive-Greenbul
AVIBASE-2E40EF2C,Oxyura leucocephala,White-headed Duck
AVIBASE-2E4DAA13,Falco rupicoloides,Greater Kestrel
AVIBASE-2E6575A8,Strix woodfordii,African Wood-Owl
AVIBASE-2EB9470D,Bubo poensis,Fraser's Eagle-Owl
AVIBASE-2EEDACD5,Thalassornis leuconotus,White-backed Duck
AVIBASE-2F23EDC6,Vanellus armatus,Blacksmith Lapwing
AVIBASE-2F29A1B1,Sylvietta leucophrys,White-browed Crombec
AVIBASE-2F2CB724,Apaloderma vittatum,Bar-tailed Trogon
AVIBASE-2F2D76A4,Amazilia rosenbergi,Purple-chested Hummingbird
AVIBASE-2F467821,Pogoniulus chrysoconus,Yellow-fronted Tinkerbird
AVIBASE-2F4B17A7,Poicephalus robustus,Brown-necked Parrot
AVIBASE-2F5B5D5B,Thinornis novaeseelandiae,Shore Plover
AVIBASE-2F5DF476,Cepphus columba,Pigeon Guillemot
AVIBASE-2F6F30EF,Locustella fasciolata,Gray's Grasshopper-Warbler
AVIBASE-2F763AC6,Chlamydera maculata,Spotted Bowerbird
AVIBASE-2F784967,Corvus caurinus,Northwestern Crow
AVIBASE-2F790B56,Pytilia lineata,Lineated Pytilia
AVIBASE-2F7F0244,Caprimulgus aegyptius,Egyptian Nightjar
AVIBASE-2FA39DCD,Phasianus colchicus,Common Pheasant
AVIBASE-2FB34D83,Oenanthe pleschanka,Pied Wheatear
AVIBASE-2FEEA78C,Anser fabalis,Bean Goose
AVIBASE-30238523,Merops boehmi,Boehm's Bee-eater
AVIBASE-30365337,Picathartes gymnocephalus,White-necked Rockfowl
AVIBASE-306C892E,Coracias cyanogaster,Blue-bellied Roller
AVIBASE-3072CC16,Aythya americana,Redhead
AVIBASE-30A131ED,Vidua raricola,Jambandu Indigobird
AVIBASE-30CBE57B,Recurvirostra andina,Andean Avocet
AVIBASE-31413BFF,Balearica pavonina,Black Crowned-Crane
AVIBASE-3153FE22,Euplectes progne,Long-tailed Widowbird
AVIBASE-31557374,Brachyramphus marmoratus,Marbled Murrelet
AVIBASE-31557605,Hypergerus atriceps,Oriole Warbler
AVIBASE-3161DF72,Estrilda thomensis,Cinderella Waxbill
AVIBASE-3163ED86,Branta leucopsis,Barnacle Goose
AVIBASE-319D044A,Anthus cervinus,Red-throated Pipit
AVIBASE-319F6754,Prinia somalica,Pale Prinia
AVIBASE-31C03CB8,Agapornis roseicollis,Rosy-faced Lovebird
AVIBASE-31CE00C7,Passerculus sandwichensis,Savannah Sparrow
AVIBASE-31E5F1E9,Eminia lepida,Grey-capped Warbler
AVIBASE-31F0678A,Heliodoxa schreibersii,Black-throated Brilliant
AVIBASE-31FB812A,Scepomycter winifredae,Mrs. Moreau's Warbler
AVIBASE-3222F80F,Glareola maldivarum,Oriental Pratincole
AVIBASE-32413666,Perdicula asiatica,Jungle Bush-Quail
AVIBASE-3244C204,Certhilauda chuana,Short-clawed Lark
AVIBASE-3255D987,Myioborus pictus,Painted Redstart
AVIBASE-32947D9C,Apalis ruddi,Rudd's Apalis
AVIBASE-329E7E89,Petroica traversi,Chatham Islands Robin
AVIBASE-32BF3F02,Ramphocaenus melanurus,Long-billed Gnatwren
AVIBASE-32C216E2,Corvus rhipidurus,Fan-tailed Raven
AVIBASE-32CE9C63,Sarothrura lugens,Chestnut-headed Flufftail
AVIBASE-32DCEC14,Podiceps nigricollis,Black-necked Grebe
AVIBASE-32E6DB03,Merops malimbicus,Rosy Bee-eater
AVIBASE-32F78ABD,Mirafra africana,Rufous-naped Lark
AVIBASE-330BEC7E,Eremomela pusilla,Senegal Eremomela
AVIBASE-332BC664,Apus pallidus,Pallid Swift
AVIBASE-335C2C80,Hemiphaga novaeseelandiae,New Zealand Pigeon
AVIBASE-33703E6F,Ixonotus guttatus,Spotted Greenbul
AVIBASE-33808812,Empidonax alnorum,Alder Flycatcher
AVIBASE-3395DCF1,Ardea purpurea,Purple Heron
AVIBASE-33F13BB1,Dendropicos abyssinicus,Abyssinian Woodpecker
AVIBASE-3402C9BB,Laniarius leucorhynchus,Sooty Boubou
AVIBASE-341298B9,Ploceus weynsi,Weyns's Weaver
AVIBASE-3429B283,Anthreptes rectirostris,Green Sunbird
AVIBASE-34457827,Chondrohierax uncinatus,Hook-billed Kite
AVIBASE-345658E9,Cichladusa guttata,Spotted Morning-Thrush
AVIBASE-34819139,Crateroscelis robusta,Mountain Mouse-warbler
AVIBASE-34ABFEB7,Gallinago nemoricola,Wood Snipe
AVIBASE-34D538E1,Corvus albus,Pied Crow
AVIBASE-34E27C2A,Acrocephalus scirpaceus,Eurasian Reed-Warbler
AVIBASE-35145A7E,Stactolaema anchietae,Anchieta's Barbet
AVIBASE-3534E4CE,Calcarius lapponicus,Lapland Longspur
AVIBASE-3558066B,Megaceryle alcyon,Belted Kingfisher
AVIBASE-356BAAED,Grallaria quitensis,Tawny Antpitta
AVIBASE-35810386,Myiopsitta monachus,Monk Parakeet
AVIBASE-359C16F5,Alauda razae,Razo Lark
AVIBASE-35C0145B,Eremomela usticollis,Burnt-neck Eremomela
AVIBASE-35C5E4AF,Achaetops pycnopygius,Damara Rock-jumper
AVIBASE-35D60F12,Guttera pucherani,Crested Guineafowl
AVIBASE-35EB45A0,Procellaria aequinoctialis,White-chinned Petrel
AVIBASE-35EC3BBF,Charadrius dubius,Little Ringed Plover
AVIBASE-36171C2B,Lanius ludovicianus,Loggerhead Shrike
AVIBASE-361B447A,Cyanocorax yncas,Green Jay
AVIBASE-3622BD28,Swynnertonia swynnertoni,Swynnerton's Robin
AVIBASE-3625DE61,Anthracothorax prevostii,Green-breasted Mango
AVIBASE-3647E146,Pooecetes gramineus,Vesper Sparrow
AVIBASE-365F5E97,Anthus trivialis,Tree Pipit
AVIBASE-36780791,Melanocorypha bimaculata,Bimaculated Lark
AVIBASE-36A21852,Gerygone tenebrosa,Dusky Gerygone
AVIBASE-36B3872D,Cathartes aura,Turkey Vulture
AVIBASE-36C0242E,Netta erythrophthalma,Southern Pochard
AVIBASE-36C24C3D,Ploceus pelzelni,Slender-billed Weaver
AVIBASE-36FEAD7A,Anthracothorax nigricollis,Black-throated Mango
AVIBASE-373286B2,Pitta angolensis,African Pitta
AVIBASE-373DCDF4,Cisticola hunteri,Hunter's Cisticola
AVIBASE-374253A6,Guttera plumifera,Plumed Guineafowl
AVIBASE-3749777E,Gallus gallus,Red Junglefowl
AVIBASE-374CF449,Himatione sanguinea,Apapane
AVIBASE-377525FA,Melanerpes uropygialis,Gila Woodpecker
AVIBASE-378EF7E4,Malurus elegans,Red-winged Fairywren
AVIBASE-37A12174,Strix aluco,Tawny Owl
AVIBASE-37B66CCF,Columba oliviae,Somali Pigeon
AVIBASE-37D0D696,Campephaga quiscalina,Purple-throated Cuckoo-shrike
AVIBASE-37D2AC51,Phalacrocorax neglectus,Bank Cormorant
AVIBASE-37DF1792,Oriolus flavocinctus,Green Oriole
AVIBASE-37E7828E,Plectorhyncha lanceolata,Striped Honeyeater
AVIBASE-37E9CCDA,Spizella passerina,Chipping Sparrow
AVIBASE-37F52281,Fringilla coelebs,Chaffinch
AVIBASE-3800DCCF,Trochocercus nitens,Blue-headed Crested-Flycatcher
AVIBASE-3805ACAD,Illadopsis fulvescens,Brown Illadopsis
AVIBASE-3817DA4A,Spermophaga haematina,Western Bluebill
AVIBASE-38193321,Agelastes niger,Black Guineafowl
AVIBASE-3846F8A8,Cossypha natalensis,Red-capped Robin-Chat
AVIBASE-38507A80,Merops bullockoides,White-fronted Bee-eater
AVIBASE-38652F17,Chlorocichla prigoginei,Prigogine's Greenbul
AVIBASE-388BABD6,Cisticola melanurus,Black-tailed Cisticola
AVIBASE-3893974C,Musophaga violacea,Violet Turaco
AVIBASE-389FFA09,Melierax canorus,Pale Chanting-Goshawk
AVIBASE-38AA824B,Columba eversmanni,Pale-backed Pigeon
AVIBASE-38B88F11,Gygis alba,Common White-Tern
AVIBASE-38D07CD0,Ploceus preussi,Preuss's Weaver
AVIBASE-38FA4FF0,Falco novaeseelandiae,New Zealand Falcon
AVIBASE-3900E731,Pipilo ocai,Collared Towhee
AVIBASE-39086887,Stercorarius parasiticus,Parasitic Jaeger
AVIBASE-390F1E35,Campethera punctuligera,Fine-spotted Woodpecker
AVIBASE-3931158F,Pomatostomus ruficeps,Chestnut-crowned Babbler
AVIBASE-393BDFD3,Tyto multipunctata,Lesser Sooty-Owl
AVIBASE-3948131B,Sarkidiornis melanotos,Comb Duck
AVIBASE-396E6311,Columba junoniae,Laurel Pigeon
AVIBASE-3981B194,Uropsalis segmentata,Swallow-tailed Nightjar
AVIBASE-39868903,Corvus splendens,House Crow
AVIBASE-3996ECD0,Prionops plumatus,White Helmetshrike
AVIBASE-39BD9FF2,Zonotrichia albicollis,White-throated Sparrow
AVIBASE-39DAF131,Agapornis taranta,Black-winged Lovebird
AVIBASE-39DD9DD7,Crypturellus soui,Little Tinamou
AVIBASE-39F29B55,Uria aalge,Common Murre
AVIBASE-3A712A25,Oenanthe finschii,Finsch's Wheatear
AVIBASE-3A713345,Carpodacus erythrinus,Common Rosefinch
AVIBASE-3A72B910,Anthochaera paradoxa,Yellow Wattlebird
AVIBASE-3A7D7B07,Turdus olivaceus,Olive Thrush
AVIBASE-3AACCDB1,Glossopsitta pusilla,Little Lorikeet
AVIBASE-3ADCF52E,Modulatrix stictigula,Spot-throat
AVIBASE-3B024163,Accipiter striatus,Sharp-shinned Hawk
AVIBASE-3B472CF5,Merops gularis,Black Bee-eater
AVIBASE-3B4B29E0,Spheniscus magellanicus,Magellanic Penguin
AVIBASE-3B52D2B8,Polihierax semitorquatus,Pygmy Falcon
AVIBASE-3B5C0E15,Pipra filicauda,Wire-tailed Manakin
AVIBASE-3B7E808C,Cisticola njombe,Churring Cisticola
AVIBASE-3B9B9B3E,Thamnophilus punctatus,Slaty Antshrike
AVIBASE-3BB5CBA6,Numenius arquata,Eurasian Curlew
AVIBASE-3BC778CE,Anthus vaalensis,Buffy Pipit
AVIBASE-3BCD9CB0,Tockus flavirostris,Eastern Yellow-billed Hornbill
AVIBASE-3C157679,Aythya novaeseelandiae,New Zealand Scaup
AVIBASE-3C3092F9,Crinifer piscator,Western Grey Plantain-eater
AVIBASE-3C3C23CA,Piranga bidentata,Flame-colored Tanager
AVIBASE-3C468678,Sitta europaea,Wood Nuthatch
AVIBASE-3C5F6124,Melidectes ochromelas,Cinnamon-browed Melidectes
AVIBASE-3C6D4915,Buteo buteo,Common Buzzard
AVIBASE-3C79F1AC,Cisticola aberdare,Aberdare Cisticola
AVIBASE-3CA06BE3,Oenanthe lugens,Mourning Wheatear
AVIBASE-3CAEB7CE,Himantopus himantopus,Black-winged Stilt
AVIBASE-3CB1B8E8,Neopsephotus bourkii,Bourke's Parrot
AVIBASE-3CD0F535,Bubo capensis,Cape Eagle-Owl
AVIBASE-3CE2F51F,Gymnorhina tibicen,Australian Magpie
AVIBASE-3D122849,Euplectes franciscanus,Orange Bishop
AVIBASE-3D55152D,Turdoides melanops,Black-lored Babbler
AVIBASE-3D57A982,Myiarchus tuberculifer,Dusky-capped Flycatcher
AVIBASE-3D67C56A,Clamator glandarius,Great Spotted Cuckoo
AVIBASE-3D6CB174,Apalis goslingi,Gosling's Apalis
AVIBASE-3DC4EBB8,Aethia cristatella,Crested Auklet
AVIBASE-3DE7F2AD,Psittacus erithacus,Grey Parrot
AVIBASE-3DF5C587,Phalacrocorax carbo,Great Cormorant
AVIBASE-3E04020B,Branta bernicla,Brent Goose
AVIBASE-3E2C25E8,Purpureicephalus spurius,Red-capped Parrot
AVIBASE-3E2D0C9B,Xanthocephalus xanthocephalus,Yellow-headed Blackbird
AVIBASE-3E2EFDA6,Passer motitensis,Southern Rufous-Sparrow
AVIBASE-3E389D03,Montifringilla nivalis,White-winged Snowfinch
AVIBASE-3E3AFB25,Tricholaema diademata,Red-fronted Barbet
AVIBASE-3E4513D9,Alaemon alaudipes,Greater Hoopoe-Lark
AVIBASE-3E4783BA,Sheppardia gunningi,East Coast Akalat
AVIBASE-3E6F686E,Jacana spinosa,Northern Jacana
AVIBASE-3E73B907,Sericornis frontalis,White-browed Scrubwren
AVIBASE-3EB54C47,Colonia colonus,Long-tailed Tyrant
AVIBASE-3EBFC893,Agapornis lilianae,Lilian's Lovebird
AVIBASE-3EC2CDA9,Netta rufina,Red-crested Pochard
AVIBASE-3EC888E4,Ptilinopus regina,Rose-crowned Fruit-Dove
AVIBASE-3EDF8B55,Merops ornatus,Rainbow Bee-eater
AVIBASE-3EEB66ED,Kaupifalco monogrammicus,Lizard Buzzard
AVIBASE-3F2BA4F7,Falco ardosiaceus,Grey Kestrel
AVIBASE-3F31B1D6,Lybius chaplini,Chaplin's Barbet
AVIBASE-3F444E5A,Anas laysanensis,Laysan Duck
AVIBASE-3F54E5FD,Dendrocopos syriacus,Syrian Woodpecker
AVIBASE-3F711542,Mirafra somalica,Somali Long-billed Lark
AVIBASE-3F907C52,Cacatua galerita,Sulphur-crested Cockatoo
AVIBASE-3F941452,Neocichla gutturalis,Babbling Starling
AVIBASE-3FC9BA60,Columba iriditorques,Western Bronze-naped Pigeon
AVIBASE-3FCE29E8,Haematopus finschi,South Island Oystercatcher
AVIBASE-3FFAFC07,Amazilia franciae,Andean Emerald
AVIBASE-400A83B9,Myrmecocichla formicivora,Southern Anteater-Chat
AVIBASE-400E032C,Motacilla alba,White Wagtail
AVIBASE-4023CC81,Eudyptes chrysocome,Rockhopper Penguin
AVIBASE-405CCAAE,Lamprotornis superbus,Superb Starling
AVIBASE-407E2CA8,Mergus merganser,Common Merganser
AVIBASE-408639E6,Lybius leucocephalus,White-headed Barbet
AVIBASE-4091A51E,Calandrella brachydactyla,Greater Short-toed Lark
AVIBASE-40A2405D,Turdus pelios,African Thrush
AVIBASE-40BC6550,Grallina cyanoleuca,Magpie-lark
AVIBASE-40EB82DA,Glaucidium brasilianum,Ferruginous Pygmy-Owl
AVIBASE-4112A42B,Geospiza fortis,Medium Ground-Finch
AVIBASE-4192DE77,Bucorvus leadbeateri,Southern Ground-Hornbill
AVIBASE-419AEB97,Spizocorys personata,Masked Lark
AVIBASE-41D76F4B,Monticola solitarius,Blue Rock-Thrush
AVIBASE-41E9F54B,Coccyzus erythropthalmus,Black-billed Cuckoo
AVIBASE-41ECD10E,Anthus richardi,Richard's Pipit
AVIBASE-41FCF199,Malurus pulcherrimus,Blue-breasted Fairywren
AVIBASE-420850D6,Accipiter gentilis,Northern Goshawk
AVIBASE-420A6ADC,Dendropicos elliotii,Elliot's Woodpecker
AVIBASE-42101632,Piranga olivacea,Scarlet Tanager
AVIBASE-42393721,Calypte anna,Anna's Hummingbird
AVIBASE-424B857C,Vidua fischeri,Straw-tailed Whydah
AVIBASE-4262DA5A,Thinocorus rumicivorus,Least Seedsnipe
AVIBASE-4270502F,Chloephaga hybrida,Kelp Goose
AVIBASE-42CF31E9,Picus vaillantii,Levaillant's Woodpecker
AVIBASE-42D29B35,Tregellasia capito,Pale-yellow Robin
AVIBASE-42D3918F,Vanellus lugubris,Senegal Lapwing
AVIBASE-42D62A12,Charadrius modestus,Rufous-chested Plover
AVIBASE-42D72AE1,Tinamus major,Great Tinamou
AVIBASE-42E93B64,Hirundo aethiopica,Ethiopian Swallow
AVIBASE-42F3647E,Ploceus bertrandi,Bertrand's Weaver
AVIBASE-4321596C,Oriolus chlorocephalus,Green-headed Oriole
AVIBASE-4359B503,Neochmia temporalis,Red-browed Firetail
AVIBASE-435AB47D,Baryphthengus martii,Rufous Motmot
AVIBASE-4373396F,Indicator willcocksi,Willcocks's Honeyguide
AVIBASE-438D0DFF,Bathmocercus rufus,Black-faced Rufous Warbler
AVIBASE-4396F4F1,Agapornis personatus,Yellow-collared Lovebird
AVIBASE-439AFD40,Ammoperdix griseogularis,See-see Partridge
AVIBASE-439C4BC9,Criniger olivaceus,Yellow-bearded Bulbul
AVIBASE-439F76D1,Campephaga phoenicea,Red-shouldered Cuckoo-shrike
AVIBASE-43CAAEE3,Chlidonias leucopterus,White-winged Tern
AVIBASE-43E56D2C,Corvus ossifragus,Fish Crow
AVIBASE-43E62467,Perisoreus infaustus,Siberian Jay
AVIBASE-43EF3EA7,Emberiza leucocephalos,Pine Bunting
AVIBASE-43F4D13C,Batis minima,Verreaux's Batis
AVIBASE-43FE4788,Lagonosticta rufopicta,Bar-breasted Firefinch
AVIBASE-4436DD6C,Ploceus spekeoides,Fox's Weaver
AVIBASE-44437074,Alectoris graeca,Rock Partridge
AVIBASE-4464B512,Melithreptus validirostris,Strong-billed Honeyeater
AVIBASE-447A1BA5,Vireo philadelphicus,Philadelphia Vireo
AVIBASE-448D91B7,Melanerpes erythrocephalus,Red-headed Woodpecker
AVIBASE-44A15B3E,Tanysiptera sylvia,Buff-breasted Paradise-Kingfisher
AVIBASE-44A20283,Empidonax difficilis,Pacific-slope Flycatcher
AVIBASE-44A7DA22,Sheppardia lowei,Iringa Akalat
AVIBASE-44AF29C0,Gymnobucco calvus,Naked-faced Barbet
AVIBASE-45059BE8,Emberiza cabanisi,Cabanis's Bunting
AVIBASE-4507ACD7,Dendrocopos leucotos,White-backed Woodpecker
AVIBASE-451D6FC8,Milvus milvus,Red Kite
AVIBASE-454B5CD5,Limosa limosa,Black-tailed Godwit
AVIBASE-4568006A,Smicrornis brevirostris,Weebill
AVIBASE-458C8CBE,Phylloscopus collybita,Common Chiffchaff
AVIBASE-45A1D850,Butastur rufipennis,Grasshopper Buzzard
AVIBASE-45B512E2,Pyrrhocorax graculus,Yellow-billed Chough
AVIBASE-45C1096F,Callonetta leucophrys,Ringed Teal
AVIBASE-45C905C5,Batis ituriensis,Ituri Batis
AVIBASE-45D3FD5A,Apus berliozi,Forbes-Watson's Swift
AVIBASE-45D829B3,Pipilo chlorurus,Green-tailed Towhee
AVIBASE-45E78660,Pica pica,Black-billed Magpie
AVIBASE-4602AC01,Chlorocichla laetissima,Joyful Greenbul
AVIBASE-460708F9,Porzana porzana,Spotted Crake
AVIBASE-461482EA,Pterocles quadricinctus,Four-banded Sandgrouse
AVIBASE-466E9077,Anser albifrons,Greater White-fronted Goose
AVIBASE-46847C50,Rhinopomastus minor,Abyssinian Scimitar-bill
AVIBASE-468816FA,Malurus lamberti,Variegated Fairywren
AVIBASE-468F5860,Lonchura castaneothorax,Chestnut-breasted Munia
AVIBASE-468F7841,Elanus scriptus,Letter-winged Kite
AVIBASE-4690E0C3,Icterus leucopteryx,Jamaican Oriole
AVIBASE-46924770,Campylopterus curvipennis,Wedge-tailed Sabrewing
AVIBASE-4695BA79,Melanocharis striativentris,Streaked Berrypecker
AVIBASE-469BC7B8,Crotophaga ani,Smooth-billed Ani
AVIBASE-469DCF57,Aquila heliaca,Imperial Eagle
AVIBASE-46A1FC77,Spermophaga ruficapilla,Red-headed Bluebill
AVIBASE-46B54DB1,Cygnus atratus,Black Swan
AVIBASE-46C90944,Treron waalia,Bruce's Green-Pigeon
AVIBASE-46DECAEE,Podica senegalensis,African Finfoot
AVIBASE-47053A35,Cisticola erythrops,Red-faced Cisticola
AVIBASE-47210561,Emberiza hortulana,Ortolan Bunting
AVIBASE-4744C788,Gerygone olivacea,White-throated Gerygone
AVIBASE-474AA2CF,Lampornis amethystinus,Amethyst-throated Hummingbird
AVIBASE-4761DFE7,Bradypterus grandis,Ja River Scrub-Warbler
AVIBASE-476A437E,Ploceus temporalis,Bocage's Weaver
AVIBASE-476F7031,Cinclosoma castaneothorax,Chestnut-breasted Quail-thrush
AVIBASE-478C48D0,Buteogallus aequinoctialis,Rufous Crab-Hawk
AVIBASE-47CB67FD,Amaurocichla bocagii,Bocage's Longbill
AVIBASE-47E71671,Halcyon senegalensis,Woodland Kingfisher
AVIBASE-4836E64E,Emberiza cia,Rock Bunting
AVIBASE-4849AA43,Cisticola chubbi,Chubb's Cisticola
AVIBASE-484BD738,Epthianura aurifrons,Orange Chat
AVIBASE-486265CF,Spizella pallida,Clay-colored Sparrow
AVIBASE-4880DC55,Rallus limicola,Virginia Rail
AVIBASE-488FDA28,Threnetes leucurus,Pale-tailed Barbthroat
AVIBASE-48C9549A,Metallura odomae,Neblina Metaltail
AVIBASE-48DBE76D,Vireo vicinior,Grey Vireo
AVIBASE-49305FE9,Aphelocephala pectoralis,Chestnut-breasted Whiteface
AVIBASE-49394DD2,Callocephalon fimbriatum,Gang-gang Cockatoo
AVIBASE-493C4CF8,Pterocles alchata,Pin-tailed Sandgrouse
AVIBASE-4976BF1D,Phoebetria fusca,Sooty Albatross
AVIBASE-4977903D,Paradisaea apoda,Greater Bird-of-paradise
AVIBASE-49802951,Sporopipes squamifrons,Scaly Weaver
AVIBASE-499B3C64,Indicator maculatus,Spotted Honeyguide
AVIBASE-499FFF98,Empidonax oberholseri,Dusky Flycatcher
AVIBASE-49EF9657,Vidua funerea,Variable Indigobird
AVIBASE-4A039821,Poicephalus cryptoxanthus,Brown-headed Parrot
AVIBASE-4A30C572,Vanellus indicus,Red-wattled Lapwing
AVIBASE-4A34E9CE,Merops breweri,Black-headed Bee-eater
AVIBASE-4A3B2CFF,Limnodromus griseus,Short-billed Dowitcher
AVIBASE-4A58452B,Euplectes afer,Yellow-crowned Bishop
AVIBASE-4A5B4883,Sturnella neglecta,Western Meadowlark
AVIBASE-4A699D18,Ptilorrhoa caerulescens,Blue Jewel-babbler
AVIBASE-4A80DFC5,Geopelia cuneata,Diamond Dove
AVIBASE-4A83155B,Centropus senegalensis,Senegal Coucal
AVIBASE-4A8F6276,Rhipidura atra,Black Fantail
AVIBASE-4A947BE7,Pygoscelis adeliae,Adelie Penguin
AVIBASE-4AA7817D,Acrocephalus gracilirostris,Lesser Swamp-Warbler
AVIBASE-4AC57370,Psalidoprocne pristoptera,Blue Sawwing
AVIBASE-4AED44E8,Anser anser,Greylag Goose
AVIBASE-4AF23A6F,Haematopus ater,Blackish Oystercatcher
AVIBASE-4B0E14DB,Trichoglossus chlorolepidotus,Scaly-breasted Lorikeet
AVIBASE-4B79BD9A,Telacanthura melanopygia,Black Spinetail
AVIBASE-4B8CC285,Hieraaetus pennatus,Booted Eagle
AVIBASE-4B94ECF0,Phyllastrephus lorenzi,Sassi's Greenbul
AVIBASE-4BAD0A39,Timeliopsis fulvigula,Olive Straightbill
AVIBASE-4BB4F257,Archilochus alexandri,Black-chinned Hummingbird
AVIBASE-4BEAE23B,Platycercus venustus,Northern Rosella
AVIBASE-4C35510F,Ptilostomus afer,Piapiac
AVIBASE-4C373DA1,Passer luteus,Sudan Golden-Sparrow
AVIBASE-4C3CF429,Locustella certhiola,Pallas's Grasshopper-Warbler
AVIBASE-4C6B515D,Corvus crassirostris,Thick-billed Raven
AVIBASE-4C7B3D81,Anthus caffer,Bush Pipit
AVIBASE-4C8BCEC2,Nothoprocta cinerascens,Brushland Tinamou
AVIBASE-4CAD4149,Contopus pertinax,Greater Pewee
AVIBASE-4CB38AE8,Neafrapus cassini,Cassin's Spinetail
AVIBASE-4CD353D2,Rhodostethia rosea,Ross's Gull
AVIBASE-4CDA27A3,Prinia maculosa,Karoo Prinia
AVIBASE-4D08EE7E,Protonotaria citrea,Prothonotary Warbler
AVIBASE-4D207AF6,Mniotilta varia,Black-and-white Warbler
AVIBASE-4D2FF6F1,Sterna hirundo,Common Tern
AVIBASE-4D3CD91A,Phaethornis subochraceus,Buff-bellied Hermit
AVIBASE-4D64891A,Acanthiza robustirostris,Slaty-backed Thornbill
AVIBASE-4D8C9B97,Diomedea epomophora,Royal Albatross
AVIBASE-4DC2B23C,Ploceus spekei,Speke's Weaver
AVIBASE-4DE518C6,Colluricincla megarhyncha,Little Shrike-thrush
AVIBASE-4E192262,Melospiza georgiana,Swamp Sparrow
AVIBASE-4E6EF3F9,Apus apus,Common Swift
AVIBASE-4E74AE22,Cardinalis cardinalis,Northern Cardinal
AVIBASE-4EA1090D,Coracina caeruleogrisea,Stout-billed Cuckooshrike
AVIBASE-4EB37F7A,Melidectes belfordi,Belford's Melidectes
AVIBASE-4EE509C8,Peltops blainvillii,Lowland Peltops
AVIBASE-4F01F416,Eurystomus glaucurus,Broad-billed Roller
AVIBASE-4F0E8694,Xanthotis flaviventer,Tawny-breasted Honeyeater
AVIBASE-4F2CC293,Motacilla capensis,Cape Wagtail
AVIBASE-4F4CA5E6,Calamanthus fuliginosus,Striated Calamanthus
AVIBASE-4F9D43DE,Tchagra australis,Brown-crowned Tchagra
AVIBASE-4FB248BA,Fulica americana,American Coot
AVIBASE-4FC41CA0,Ardeotis kori,Kori Bustard
AVIBASE-4FD242D0,Caprimulgus fossii,Square-tailed Nightjar
AVIBASE-4FDBC0CB,Neotis denhami,Stanley Bustard
AVIBASE-4FE76868,Apalis melanocephala,Black-headed Apalis
AVIBASE-4FF7DE80,Coragyps atratus,Black Vulture
AVIBASE-5011E123,Plocepasser donaldsoni,Donaldson-Smith's Sparrow-Weaver
AVIBASE-501B3D62,Eupodotis caerulescens,Blue Bustard
AVIBASE-50490520,Hypargos niveoguttatus,Peters's Twinspot
AVIBASE-504B0218,Chersophilus duponti,Dupont's Lark
AVIBASE-50566E50,Aythya affinis,Lesser Scaup
AVIBASE-50658B22,Francolinus francolinus,Black Francolin
AVIBASE-507F94D7,Lophorina superba,Superb Bird-of-paradise
AVIBASE-5086F50B,Apus barbatus,African Swift
AVIBASE-508D5CA2,Onychognathus morio,Red-winged Starling
AVIBASE-508E7E59,Pterodroma macroptera,Great-winged Petrel
AVIBASE-509940AF,Psarocolius decumanus,Crested Oropendola
AVIBASE-50BF77FB,Estrilda charmosyna,Red-rumped Waxbill
AVIBASE-50C8A5CF,Pezoporus wallicus,Ground Parrot
AVIBASE-50D17C91,Malimbus ballmanni,Ballmann's Malimbe
AVIBASE-51050D5A,Sericornis nouhuysi,Large Scrubwren
AVIBASE-510E9BFA,Egretta vinaceigula,Slaty Egret
AVIBASE-5110842F,Icterus galbula,Northern Oriole
AVIBASE-511C1E5A,Pinarocorys nigricans,Dusky Lark
AVIBASE-515353F2,Anthoscopus flavifrons,Forest Penduline-Tit
AVIBASE-517E978A,Petroica rodinogaster,Pink Robin
AVIBASE-5183B60E,Crypturellus boucardi,Slaty-breasted Tinamou
AVIBASE-51CF00C2,Amytornis woodwardi,White-throated Grasswren
AVIBASE-51DD2ADA,Sylvia leucomelaena,Red Sea Warbler
AVIBASE-51F7C361,Colibri coruscans,Sparkling Violet-ear
AVIBASE-5238FF10,Pogoniulus simplex,African Green-Tinkerbird
AVIBASE-523913AE,Bradypterus cinnamomeus,Cinnamon Bracken-Warbler
AVIBASE-523B438A,Prionops alberti,Yellow-crested Helmetshrike
AVIBASE-526A3692,Icterus cucullatus,Hooded Oriole
AVIBASE-527EE4D4,Spizocorys sclateri,Sclater's Lark
AVIBASE-5284C27B,Numenius americanus,Long-billed Curlew
AVIBASE-52E6406E,Caprimulgus natalensis,Swamp Nightjar
AVIBASE-52F63879,Sphyrapicus ruber,Red-breasted Sapsucker
AVIBASE-53235FDC,Fulica cristata,Red-knobbed Coot
AVIBASE-53288666,Porphyrio alleni,Allen's Gallinule
AVIBASE-5349255D,Gavia adamsii,Yellow-billed Loon
AVIBASE-534D524C,Sarothrura ayresi,White-winged Flufftail
AVIBASE-534FB490,Morus bassanus,Northern Gannet
AVIBASE-5351025C,Galerida theklae,Thekla Lark
AVIBASE-53518617,Thalassoica antarctica,Antarctic Petrel
AVIBASE-536A5157,Buteo jamaicensis,Red-tailed Hawk
AVIBASE-5370CAE1,Aglaeactis pamela,Black-hooded Sunbeam
AVIBASE-5382241A,Thaumastura cora,Peruvian Sheartail
AVIBASE-53C0293A,Spizocorys fringillaris,Botha's Lark
AVIBASE-53D94597,Cerorhinca monocerata,Rhinoceros Auklet
AVIBASE-53E61277,Cisticola eximius,Black-necked Cisticola
AVIBASE-53EABB81,Cossypha semirufa,Rueppell's Robin-Chat
AVIBASE-54042625,Philemon argenticeps,Silver-crowned Friarbird
AVIBASE-54059277,Pterocles bicinctus,Double-banded Sandgrouse
AVIBASE-5415A0C3,Sitta ledanti,Kabylie Nuthatch
AVIBASE-5419B5F2,Eriocnemis luciani,Sapphire-vented Puffleg
AVIBASE-54494BCE,Caprimulgus clarus,Slender-tailed Nightjar
AVIBASE-5459228D,Myadestes townsendi,Townsend's Solitaire
AVIBASE-546FA5F2,Trachyphonus vaillantii,Crested Barbet
AVIBASE-547163C2,Aegithalos caudatus,Long-tailed Tit
AVIBASE-547BFE9C,Melanodryas cucullata,Hooded Robin
AVIBASE-54C12F34,Pardalotus punctatus,Spotted Pardalote
AVIBASE-54C1FDE5,Epthianura albifrons,White-fronted Chat
AVIBASE-54EC5236,Myiopagis gaimardii,Forest Elaenia
AVIBASE-550DE745,Threskiornis aethiopicus,Sacred Ibis
AVIBASE-5516AEB3,Bubo bubo,Eurasian Eagle-Owl
AVIBASE-552E2BA9,Certhia brachydactyla,Short-toed Tree-Creeper
AVIBASE-55997100,Ploceus nigricollis,Black-necked Weaver
AVIBASE-559F03D2,Zosterops novaeguineae,New Guinea White-eye
AVIBASE-561780A5,Bradornis mariquensis,Mariqua Flycatcher
AVIBASE-561D77FF,Mergus squamatus,Scaly-sided Merganser
AVIBASE-56209052,Elminia longicauda,African Blue-Flycatcher
AVIBASE-562E17AB,Corvus capensis,Cape Crow
AVIBASE-565F83B3,Cuculus saturatus,Oriental Cuckoo
AVIBASE-566669CC,Monticola rufocinereus,Little Rock-Thrush
AVIBASE-56713D11,Lamprotornis caudatus,Long-tailed Glossy-Starling
AVIBASE-56C6CBA8,Anthreptes neglectus,Uluguru Violet-backed Sunbird
AVIBASE-56CB3F84,Anthus crenatus,Yellow-tufted Pipit
AVIBASE-56CCA717,Anas acuta,Northern Pintail
AVIBASE-56DDD096,Grantiella picta,Painted Honeyeater
AVIBASE-56E3016D,Tetrax tetrax,Little Bustard
AVIBASE-56F40883,Rhipidura albolimbata,Friendly Fantail
AVIBASE-56FB47C0,Emberiza citrinella,Yellowhammer
AVIBASE-570239AA,Irediparra gallinacea,Comb-crested Jacana
AVIBASE-570C1121,Trachyphonus erythrocephalus,Red-and-yellow Barbet
AVIBASE-5714C710,Chlamydotis undulata,Houbara Bustard
AVIBASE-572C4C7F,Phylloscopus sibilatrix,Wood Warbler
AVIBASE-573C3683,Pseudonigrita arnaudi,Grey-headed Social-Weaver
AVIBASE-575A3E3B,Larus occidentalis,Western Gull
AVIBASE-5788552B,Streptopelia turtur,European Turtle-Dove
AVIBASE-5792867A,Lanius collaris,Common Fiscal
AVIBASE-57B05159,Ptilopachus petrosus,Stone Partridge
AVIBASE-57B42328,Cyanoramphus auriceps,Yellow-fronted Parakeet
AVIBASE-57BBB7F1,Lamprotornis nitens,Red-shouldered Glossy-Starling
AVIBASE-57C93A74,Larus pipixcan,Franklin's Gull
AVIBASE-57DB5D4E,Monticola angolensis,Miombo Rock-Thrush
AVIBASE-57F532BB,Gymnobucco sladeni,Sladen's Barbet
AVIBASE-5811EC08,Struthidea cinerea,Apostlebird
AVIBASE-581FD9E8,Vanellus tricolor,Banded Lapwing
AVIBASE-585D688F,Manorina melanocephala,Noisy Miner
AVIBASE-58759895,Aglaeactis cupripennis,Shining Sunbeam
AVIBASE-58848B71,Aptenodytes forsteri,Emperor Penguin
AVIBASE-588549DA,Oreoica gutturalis,Crested Bellbird
AVIBASE-5889EE23,Rougetius rougetii,Rouget's Rail
AVIBASE-589694DD,Caprimulgus eximius,Golden Nightjar
AVIBASE-58AC300F,Empidonax fulvifrons,Buff-breasted Flycatcher
AVIBASE-58B576ED,Rissa brevirostris,Red-legged Kittiwake
AVIBASE-58BB1A14,Illadopsis cleaveri,Blackcap Illadopsis
AVIBASE-58C502EA,Hirundo rustica,Barn Swallow
AVIBASE-58F3D3E5,Sylvia nana,Desert Warbler
AVIBASE-59067C71,Patagona gigas,Giant Hummingbird
AVIBASE-59156D53,Capito niger,Black-spotted Barbet
AVIBASE-592E58CE,Spiza americana,Dickcissel
AVIBASE-59353A05,Carduelis carduelis,European Goldfinch
AVIBASE-5941F453,Larus hartlaubii,King Gull
AVIBASE-596BDE51,Illadopsis pyrrhoptera,Mountain Illadopsis
AVIBASE-5983D677,Motacilla flava,Yellow Wagtail
AVIBASE-598BC113,Centropus phasianinus,Pheasant Coucal
AVIBASE-59A5A24E,Apus unicolor,Plain Swift
AVIBASE-59C09710,Zosterops ficedulinus,Principe White-eye
AVIBASE-59E7ABE5,Euplectes hartlaubi,Marsh Widowbird
AVIBASE-5A126D27,Cyanerpes cyaneus,Red-legged Honeycreeper
AVIBASE-5A184029,Cisticola lateralis,Whistling Cisticola
AVIBASE-5A3D91D3,Haliaeetus albicilla,White-tailed Eagle
AVIBASE-5A58B69A,Batis soror,Pale Batis
AVIBASE-5A636137,Anthoscopus punctifrons,Sennar Penduline-Tit
AVIBASE-5A8E09A1,Passer hispaniolensis,Spanish Sparrow
AVIBASE-5A97BF27,Ictinia plumbea,Plumbeous Kite
AVIBASE-5AC3491A,Petrophassa albipennis,White-quilled Rock-Pigeon
AVIBASE-5ACD60F4,Heteronetta atricapilla,Black-headed Duck
AVIBASE-5ACF7FB3,Calidris temminckii,Temminck's Stint
AVIBASE-5AEDC002,Puffinus puffinus,Manx Shearwater
AVIBASE-5AF20251,Laniarius luehderi,Luehder's Bushshrike
AVIBASE-5B0295C1,Motacilla citreola,Citrine Wagtail
AVIBASE-5B08743F,Stiltia isabella,Australian Pratincole
AVIBASE-5B3BD7A0,Laniarius barbarus,Common Gonolek
AVIBASE-5B443EDE,Rallus caerulescens,Kaffir Rail
AVIBASE-5B74A911,Indicator meliphilus,Pallid Honeyguide
AVIBASE-5B8A3CD6,Lichmera indistincta,Brown Honeyeater
AVIBASE-5B9EA71C,Prionops retzii,Retz's Helmetshrike
AVIBASE-5BC4E0EF,Empidonax traillii,Willow Flycatcher
AVIBASE-5BD1E605,Cisticola woosnami,Trilling Cisticola
AVIBASE-5BFEFD9A,Buteo oreophilus,Mountain Buzzard
AVIBASE-5BFFE091,Ammodramus savannarum,Grasshopper Sparrow
AVIBASE-5C47DAE8,Phaethornis guy,Green Hermit
AVIBASE-5C543B0A,Malaconotus gladiator,Green-breasted Bushshrike
AVIBASE-5C629518,Stactolaema whytii,Whyte's Barbet
AVIBASE-5C84E2D2,Vireo brevipennis,Slaty Vireo
AVIBASE-5C9D20AA,Stipiturus malachurus,Southern Emuwren
AVIBASE-5C9DDB02,Batis perkeo,Pygmy Batis
AVIBASE-5CAE6778,Uraeginthus cyanocephalus,Blue-capped Cordonbleu
AVIBASE-5CBA3391,Quiscalus mexicanus,Great-tailed Grackle
AVIBASE-5CF4CE65,Ptilonorhynchus violaceus,Satin Bowerbird
AVIBASE-5D1987CE,Gyps fulvus,Eurasian Griffon
AVIBASE-5D1DFB96,Ardeotis australis,Australian Bustard
AVIBASE-5D864313,Aramus guarauna,Limpkin
AVIBASE-5D9428D8,Batis margaritae,Boulton's Batis
AVIBASE-5D970425,Buphagus africanus,Yellow-billed Oxpecker
AVIBASE-5DEB4565,Dicrurus modestus,Velvet-mantled Drongo
AVIBASE-5DEE6DC8,Lesbia nuna,Green-tailed Trainbearer
AVIBASE-5E0856C9,Lonchura spectabilis,Hooded Munia
AVIBASE-5E3BDB15,Fulica alai,Hawaiian Coot
AVIBASE-5E520F9D,Terpsiphone atrochalybeia,Sao Tome Paradise-Flycatcher
AVIBASE-5E574D70,Aquila audax,Wedge-tailed Eagle
AVIBASE-5E822C9C,Laniarius erythrogaster,Black-headed Gonolek
AVIBASE-5EAB32D3,Tadorna tadorna,Common Shelduck
AVIBASE-5EC21767,Sula leucogaster,Brown Booby
AVIBASE-5EC5BE3F,Falco femoralis,Aplomado Falcon
AVIBASE-5EFA0D83,Cacicus cela,Yellow-rumped Cacique
AVIBASE-5F33823D,Sylvia cantillans,Subalpine Warbler
AVIBASE-5F5A22B4,Parotia lawesii,Lawes's Parotia
AVIBASE-5F5EBCF5,Cacatua sanguinea,Little Corella
AVIBASE-5F671C06,Cyclopsitta diophthalma,Double-eyed Fig-Parrot
AVIBASE-5F77FED5,Euphagus carolinus,Rusty Blackbird
AVIBASE-5F8E7CA8,Aquila chrysaetos,Golden Eagle
AVIBASE-5FB7840A,Drymodes superciliaris,Northern Scrub-Robin
AVIBASE-5FBB9662,Cursorius rufus,Burchell's Courser
AVIBASE-603194D3,Thryomanes bewickii,Bewick's Wren
AVIBASE-6090278A,Pipilo erythrophthalmus,Rufous-sided Towhee
AVIBASE-60E6081E,Lophodytes cucullatus,Hooded Merganser
AVIBASE-60EFC383,Doryfera johannae,Blue-fronted Lancebill
AVIBASE-611C0D47,Metallura aeneocauda,Scaled Metaltail
AVIBASE-612B5C24,Phoenicurus ochruros,Black Redstart
AVIBASE-6141E8C8,Leptotila verreauxi,White-tipped Dove
AVIBASE-61CB98C0,Estrilda astrild,Common Waxbill
AVIBASE-61DC1C21,Ducula bicolor,Pied Imperial-Pigeon
AVIBASE-61F9065B,Sylvia atricapilla,Blackcap
AVIBASE-621F6E07,Lamprotornis hildebrandti,Hildebrandt's Starling
AVIBASE-6234824B,Pycnonotus capensis,Cape Bulbul
AVIBASE-623B61C4,Biziura lobata,Musk Duck
AVIBASE-624078BA,Melanitta perspicillata,Surf Scoter
AVIBASE-626D56E4,Caprimulgus nubicus,Nubian Nightjar
AVIBASE-629C5612,Anthochaera lunulata,Little Wattlebird
AVIBASE-62A22779,Platalea flavipes,Yellow-billed Spoonbill
AVIBASE-62AFA922,Amazilia amazilia,Amazilia Hummingbird
AVIBASE-62ED1974,Caprimulgus pectoralis,Fiery-necked Nightjar
AVIBASE-63180090,Tachyeres leucocephalus,Chubut Steamerduck
AVIBASE-631D27EF,Oenanthe phillipsi,Somali Wheatear
AVIBASE-631D64E0,Pachycephala inornata,Gilbert's Whistler
AVIBASE-63220C79,Camaroptera superciliaris,Yellow-browed Camaroptera
AVIBASE-634F5756,Vidua codringtoni,Twinspot Indigobird
AVIBASE-635B5E24,Riparia congica,Congo Martin
AVIBASE-6362936E,Marmaronetta angustirostris,Marbled Teal
AVIBASE-63A997EA,Ploceus alienus,Strange Weaver
AVIBASE-63B6412E,Circus pygargus,Montagu's Harrier
AVIBASE-63BE6621,Campethera notata,Knysna Woodpecker
AVIBASE-63F72CA7,Prinia subflava,Tawny-flanked Prinia
AVIBASE-63FB826E,Glaucidium gnoma,Mountain Pygmy-Owl
AVIBASE-64078193,Illadopsis rufipennis,Pale-breasted Illadopsis
AVIBASE-6409E246,Lichenostomus melanops,Yellow-tufted Honeyeater
AVIBASE-640EA208,Turnix velox,Little Buttonquail
AVIBASE-640FA04F,Illadopsis rufescens,Rufous-winged Illadopsis
AVIBASE-641068BB,Malaconotus blanchoti,Grey-headed Bushshrike
AVIBASE-6413CE1A,Nicator chloris,Yellow-spotted Nicator
AVIBASE-6429024D,Ardea cinerea,Grey Heron
AVIBASE-645134D3,Geronticus calvus,Bald Ibis
AVIBASE-645D0A23,Mino dumontii,Yellow-faced Myna
AVIBASE-64772F0F,Lanius dorsalis,Teita Fiscal
AVIBASE-648936C0,Aviceda cuculoides,African Baza
AVIBASE-649F85B5,Sula nebouxii,Blue-footed Booby
AVIBASE-64F4DD81,Alca torda,Razorbill
AVIBASE-64F67694,Sericulus chrysocephalus,Regent Bowerbird
AVIBASE-650D1F07,Melithreptus albogularis,White-throated Honeyeater
AVIBASE-651384DF,Phyllastrephus flavostriatus,Yellow-streaked Greenbul
AVIBASE-654D660C,Charadrius wilsonia,Wilson's Plover
AVIBASE-656474D9,Eutoxeres aquila,White-tipped Sicklebill
AVIBASE-65856D49,Pseudonigrita cabanisi,Black-capped Social-Weaver
AVIBASE-658EF0D7,Petroica australis,New Zealand Robin
AVIBASE-6590EFD4,Strix butleri,Hume's Owl
AVIBASE-659CF5C6,Onychorhynchus coronatus,Royal Flycatcher
AVIBASE-65C6355E,Sheppardia cyornithopsis,Lowland Akalat
AVIBASE-65FE8029,Streptopelia reichenowi,White-winged Collared-Dove
AVIBASE-6601168A,Acanthiza inornata,Western Thornbill
AVIBASE-66334097,Coracina papuensis,White-bellied Cuckooshrike
AVIBASE-6658BAC5,Streptopelia orientalis,Oriental Turtle-Dove
AVIBASE-66659A4B,Stipiturus ruficeps,Rufous-crowned Emuwren
AVIBASE-667C6969,Steganopus tricolor,Wilson's Phalarope
AVIBASE-6687AA29,Apalis chapini,Chapin's Apalis
AVIBASE-66931B3F,Cuculus gularis,African Cuckoo
AVIBASE-66AA3934,Merops apiaster,European Bee-eater
AVIBASE-66AA469C,Vireo gilvus,Eastern Warbling-Vireo
AVIBASE-66B40819,Batis senegalensis,Senegal Batis
AVIBASE-66CE8345,Campylopterus hemileucurus,Violet Sabrewing
AVIBASE-66DD7774,Falco newtoni,Madagascar Kestrel
AVIBASE-66F1256F,Zoonavena thomensis,Sao Tome Spinetail
AVIBASE-66F7EC4B,Ficedula hypoleuca,European Pied Flycatcher
AVIBASE-6711EB24,Stiphrornis erythrothorax,Forest Robin
AVIBASE-671B69FE,Charadrius melodus,Piping Plover
AVIBASE-67200E8E,Fregata andrewsi,Christmas Island Frigatebird
AVIBASE-672BA2DA,Oxyura australis,Blue-billed Duck
AVIBASE-673E66F0,Vidua macroura,Pin-tailed Whydah
AVIBASE-675EEA7F,Oxyura jamaicensis,Ruddy Duck
AVIBASE-67CEA1C1,Aythya fuligula,Tufted Duck
AVIBASE-67D43542,Larus hemprichii,Sooty Gull
AVIBASE-67E2FF53,Eupherusa eximia,Stripe-tailed Hummingbird
AVIBASE-67E74DD0,Elanus axillaris,Black-shouldered Kite
AVIBASE-67F06823,Anthreptes reichenowi,Plain-backed Sunbird
AVIBASE-67F96AAB,Mirafra cordofanica,Kordofan Lark
AVIBASE-680AC77F,Malurus coronatus,Purple-crowned Fairywren
AVIBASE-685CA6D9,Trachyphonus margaritatus,Yellow-breasted Barbet
AVIBASE-68A80086,Phoeniculus somaliensis,Black-billed Woodhoopoe
AVIBASE-68C54292,Cossypha dichroa,Chorister Robin-Chat
AVIBASE-68DA304C,Lonchura caniceps,Grey-headed Munia
AVIBASE-68DF5AB7,Carpodacus roseus,Pallas's Rosefinch
AVIBASE-68E4C0D1,Columba oenas,Stock Pigeon
AVIBASE-68E950E5,Apus pacificus,Fork-tailed Swift
AVIBASE-68EA281A,Bucephala clangula,Common Goldeneye
AVIBASE-68FB5B90,Dasyornis brachypterus,Eastern Bristlebird
AVIBASE-6904D83F,Circaetus cinereus,Brown Snake-Eagle
AVIBASE-694C127A,Cygnus olor,Mute Swan
AVIBASE-69544B59,Corvus brachyrhynchos,American Crow
AVIBASE-69661C7D,Poicephalus rufiventris,Red-bellied Parrot
AVIBASE-697B933E,Anas fulvigula,Mottled Duck
AVIBASE-697DE8A6,Sylvia layardi,Layard's Warbler
AVIBASE-69968F8E,Gymnobucco bonapartei,Grey-throated Barbet
AVIBASE-6996D540,Larus heermanni,Heermann's Gull
AVIBASE-69A6E32F,Perisoreus canadensis,Grey Jay
AVIBASE-69B4F44B,Ailuroedus buccoides,White-eared Catbird
AVIBASE-69D272A6,Dendrocygna arcuata,Wandering Whistling-Duck
AVIBASE-69F0C9FF,Platycercus eximius,Eastern Rosella
AVIBASE-69F7C030,Ardea pacifica,Pacific Heron
AVIBASE-69FC190B,Lanius schach,Long-tailed Shrike
AVIBASE-6A0BA87A,Lamprotornis purpureus,Purple Glossy-Starling
AVIBASE-6A110710,Criniger ndussumensis,White-bearded Bulbul
AVIBASE-6A1ED1C2,Pytilia afra,Orange-winged Pytilia
AVIBASE-6A394479,Ardeotis arabs,Arabian Bustard
AVIBASE-6A3CA06B,Ficedula parva,Red-breasted Flycatcher
AVIBASE-6A84BDB8,Ploceus taeniopterus,Northern Masked-Weaver
AVIBASE-6A8A9135,Bradypterus barratti,African Scrub-Warbler
AVIBASE-6A8D3C1E,Epthianura tricolor,Crimson Chat
AVIBASE-6AA879E6,Piranga flava,Hepatic Tanager
AVIBASE-6AA90803,Zosterops pallidus,Pale White-eye
AVIBASE-6ABDB635,Pycnonotus barbatus,Garden Bulbul
AVIBASE-6AD860B6,Philemon corniculatus,Noisy Friarbird
AVIBASE-6ADE606E,Monarcha melanopsis,Black-faced Monarch
AVIBASE-6B31D099,Loxioides bailleui,Palila
AVIBASE-6B5D78CE,Ploceus olivaceiceps,Olive-headed Weaver
AVIBASE-6B64558B,Cisticola cantans,Singing Cisticola
AVIBASE-6B6E52A1,Parmoptila rubrifrons,Jameson's Antpecker
AVIBASE-6B9529AE,Sylvietta isabellina,Somali Crombec
AVIBASE-6BA55EF0,Apteryx australis,Brown Kiwi
AVIBASE-6BD20F58,Alectura lathami,Australian Brush-turkey
AVIBASE-6BD534AC,Eopsaltria griseogularis,Grey-breasted Robin
AVIBASE-6BDADC9C,Picoides arcticus,Black-backed Woodpecker
AVIBASE-6C50988A,Gavia stellata,Red-throated Loon
AVIBASE-6C7BEEC6,Phedina borbonica,Mascarene Martin
AVIBASE-6C96E81B,Poicephalus crassus,Niam-niam Parrot
AVIBASE-6CB9F53A,Toxostoma longirostre,Long-billed Thrasher
AVIBASE-6CBD8724,Terathopius ecaudatus,Bateleur
AVIBASE-6CC3D04B,Caprimulgus ruficollis,Red-necked Nightjar
AVIBASE-6CC67AB9,Galerida magnirostris,Large-billed Lark
AVIBASE-6CCDAC53,Bubulcus ibis,Cattle Egret
AVIBASE-6CDC3C9C,Larus atricilla,Laughing Gull
AVIBASE-6D102D72,Emberiza impetuani,Lark-like Bunting
AVIBASE-6D2B5CDA,Bonasa umbellus,Ruffed Grouse
AVIBASE-6D3480A6,Neophron percnopterus,Egyptian Vulture
AVIBASE-6D4F72B1,Lonchura punctulata,Scaly-breasted Munia
AVIBASE-6D5FE7C8,Cotinga amabilis,Lovely Cotinga
AVIBASE-6D621EA2,Rhynchopsitta pachyrhyncha,Thick-billed Parrot
AVIBASE-6D92499B,Cercotrichas podobe,Black Scrub-Robin
AVIBASE-6DD8F10F,Estrilda rhodopyga,Crimson-rumped Waxbill
AVIBASE-6DF504ED,Toxostoma lecontei,Le Conte's Thrasher
AVIBASE-6E00B2C6,Ploceus badius,Cinnamon Weaver
AVIBASE-6E1206E4,Sylvia sarda,Marmora's Warbler
AVIBASE-6E20B613,Malimbus cassini,Black-throated Malimbe
AVIBASE-6E24D502,Mirafra apiata,Clapper Lark
AVIBASE-6E2957C6,Terpsiphone bedfordi,Bedford's Paradise-Flycatcher
AVIBASE-6E4430A8,Rostrhamus sociabilis,Snail Kite
AVIBASE-6E574A8D,Tyto novaehollandiae,Australian Masked-Owl
AVIBASE-6E902C60,Cracticus cassicus,Hooded Butcherbird
AVIBASE-6E95C4A9,Muscicapa adusta,Dusky Alseonax
AVIBASE-6EB497FA,Larus cirrocephalus,Grey-headed Gull
AVIBASE-6EB81C98,Tringa melanoleuca,Greater Yellowlegs
AVIBASE-6EBDD2D5,Turdoides plebejus,Brown Babbler
AVIBASE-6EC66752,Luscinia luscinia,Thrush Nightingale
AVIBASE-6EE45113,Merops persicus,Blue-cheeked Bee-eater
AVIBASE-6EF5884B,Campylopterus largipennis,Grey-breasted Sabrewing
AVIBASE-6EF64F69,Sarothrura pulchra,White-spotted Flufftail
AVIBASE-6F0C3A53,Dacelo leachii,Blue-winged Kookaburra
AVIBASE-6F2B75C0,Polytelis anthopeplus,Regent Parrot
AVIBASE-6F2C5E7B,Neophema pulchella,Turquoise Parrot
AVIBASE-6F4F7281,Mirafra ashi,Ash's Lark
AVIBASE-6F65F82B,Tyrannus forficatus,Scissor-tailed Flycatcher
AVIBASE-6F672FA3,Hydrophasianus chirurgus,Pheasant-tailed Jacana
AVIBASE-6F711277,Anaplectes rubriceps,Red-headed Weaver
AVIBASE-6F967270,Anthoscopus musculus,Mouse-colored Penduline-Tit
AVIBASE-6FD04659,Empidonax occidentalis,Cordilleran Flycatcher
AVIBASE-70129CB1,Macronyx ameliae,Rosy-throated Longclaw
AVIBASE-70170649,Campethera nubica,Nubian Woodpecker
AVIBASE-70312286,Ploceus bicolor,Forest Weaver
AVIBASE-7066D2F1,Nicator gularis,Eastern Nicator
AVIBASE-706FEEB4,Dryoscopus pringlii,Pringle's Puffback
AVIBASE-709BBA1D,Oncostoma olivaceum,Southern Bentbill
AVIBASE-70AFED2C,Pterocles decoratus,Black-faced Sandgrouse
AVIBASE-70BD722B,Streptopelia decipiens,Mourning Collared-Dove
AVIBASE-70CB00EC,Glaucidium perlatum,Pearl-spotted Owlet
AVIBASE-70F693B6,Xenocopsychus ansorgei,Angola Cave-Chat
AVIBASE-7157DFC1,Amytornis textilis,Thick-billed Grasswren
AVIBASE-715A8FDD,Amytornis dorotheae,Carpentarian Grasswren
AVIBASE-715C54AF,Coeligena violifer,Violet-throated Starfrontlet
AVIBASE-7187B6CF,Amytornis housei,Black Grasswren
AVIBASE-719334FB,Anarhynchus frontalis,Wrybill
AVIBASE-71A552DA,Corythaixoides personatus,Bare-faced Go-away-bird
AVIBASE-71F6A3F0,Cisticola cinereolus,Ashy Cisticola
AVIBASE-72386016,Emberiza poliopleura,Somali Golden-breasted Bunting
AVIBASE-72387112,Lanius mackinnoni,Mackinnon's Shrike
AVIBASE-72840F17,Poephila cincta,Black-throated Finch
AVIBASE-728CFC23,Eremomela gregalis,Yellow-rumped Eremomela
AVIBASE-72A4F8EB,Porphyrio martinicus,Purple Gallinule
AVIBASE-72B71F11,Turtur abyssinicus,Black-billed Wood-Dove
AVIBASE-72CAA64D,Merops muelleri,Blue-headed Bee-eater
AVIBASE-7308278F,Turtur tympanistria,Tambourine Dove
AVIBASE-7333ADB3,Nyctibius griseus,Grey Potoo
AVIBASE-73470BDF,Tricholaema frontata,Miombo Barbet
AVIBASE-734C73A9,Icteria virens,Yellow-breasted Chat
AVIBASE-7350FE4C,Turdoides sharpei,Sharpe's Pied-Babbler
AVIBASE-73651931,Megapodius reinwardt,Orange-footed Scrubfowl
AVIBASE-736D38E7,Monticola saxatilis,Rufous-tailed Rock-Thrush
AVIBASE-7379144B,Mionectes macconnelli,MacConnell's Flycatcher
AVIBASE-7387E828,Muscicapa gambagae,Gambaga Flycatcher
AVIBASE-7391E633,Eremopterix australis,Black-eared Sparrow-Lark
AVIBASE-739A97EE,Dendropicos poecilolaemus,Speckle-breasted Woodpecker
AVIBASE-73A0AA07,Anthornis melanura,New Zealand Bellbird
AVIBASE-73BD4B29,Irania gutturalis,White-throated Robin
AVIBASE-73BE9A87,Certhia familiaris,Eurasian Tree-Creeper
AVIBASE-73E1A69A,Laniarius poensis,Mountain Boubou
AVIBASE-74236837,Sterna dougallii,Roseate Tern
AVIBASE-742EC2F1,Lullula arborea,Wood Lark
AVIBASE-7451A628,Coracias garrulus,European Roller
AVIBASE-747B3A52,Motacilla clara,Mountain Wagtail
AVIBASE-747BFF64,Pardalotus striatus,Striated Pardalote
AVIBASE-74853F89,Egretta ardesiaca,Black Heron
AVIBASE-749E7B3C,Euplectes albonotatus,White-winged Widowbird
AVIBASE-74EDE3CA,Eudocimus albus,White Ibis
AVIBASE-74FC5DAB,Chloephaga picta,Upland Goose
AVIBASE-74FCC44D,Loxia scotica,Scottish Crossbill
AVIBASE-750FE708,Aythya baeri,Baer's Pochard
AVIBASE-7516E687,Rostratula benghalensis,Greater Painted-snipe
AVIBASE-75194A63,Otus ireneae,Sokoke Scops-Owl
AVIBASE-75600969,Colaptes auratus,Northern Flicker
AVIBASE-7574C0E5,Emberiza aureola,Yellow-breasted Bunting
AVIBASE-757ABA94,Columba sjostedti,Cameroon Olive-Pigeon
AVIBASE-75932535,Eremomela canescens,Green-backed Eremomela
AVIBASE-759AD1FB,Merops orientalis,Little Green Bee-eater
AVIBASE-759C5EB8,Anas poecilorhyncha,Spot-billed Duck
AVIBASE-75AAC17B,Terpsiphone viridis,African Paradise-Flycatcher
AVIBASE-75B19C28,Myzomela rosenbergii,Red-collared Myzomela
AVIBASE-75BAB34E,Lamprotornis mevesii,Meves's Glossy-Starling
AVIBASE-75DC49AD,Tachycineta thalassina,Violet-green Swallow
AVIBASE-75E0430B,Apalis rufogularis,Buff-throated Apalis
AVIBASE-75F9612E,Cyanoramphus novaezelandiae,Red-fronted Parakeet
AVIBASE-7609CE39,Laniocera rufescens,Speckled Mourner
AVIBASE-760F307A,Columba palumbus,Common Wood-Pigeon
AVIBASE-7621E1A6,Carpodacus rubicilla,Great Rosefinch
AVIBASE-7631D1A3,Myrmecocichla tholloni,Congo Moor-Chat
AVIBASE-76842795,Climacteris affinis,White-browed Treecreeper
AVIBASE-76AD04B7,Pachycephala monacha,Black-headed Whistler
AVIBASE-76B35118,Euschistospiza dybowskii,Dybowski's Twinspot
AVIBASE-76D9954B,Amazilia yucatanensis,Buff-bellied Hummingbird
AVIBASE-76DF73A9,Salpinctes obsoletus,Rock Wren
AVIBASE-76FAC9A5,Phoeniculus damarensis,Violet Woodhoopoe
AVIBASE-770308E9,Apalis sharpii,Sharpe's Apalis
AVIBASE-7739D5A5,Amazilia tzacatl,Rufous-tailed Hummingbird
AVIBASE-775E93D7,Morus capensis,Cape Gannet
AVIBASE-776CBB16,Artamus maximus,Great Woodswallow
AVIBASE-7784B060,Aimophila ruficeps,Rufous-crowned Sparrow
AVIBASE-7799DC8B,Philetairus socius,Sociable Weaver
AVIBASE-77A0EB9D,Cicinnurus regius,King Bird-of-paradise
AVIBASE-77B6BACB,Turdus ruficollis,Dark-throated Thrush
AVIBASE-77D82F60,Dendropicos namaquus,Bearded Woodpecker
AVIBASE-77F0C62C,Muscicapa aquatica,Swamp Alseonax
AVIBASE-77FE6CF2,Eremomela icteropygialis,Yellow-bellied Eremomela
AVIBASE-781FE53F,Acrocephalus agricola,Paddyfield Warbler
AVIBASE-78509A5D,Chondestes grammacus,Lark Sparrow
AVIBASE-78573BB2,Cisticola ayresii,Wing-snapping Cisticola
AVIBASE-78607A22,Vidua interjecta,Long-tailed Paradise-Whydah
AVIBASE-787E0536,Cistothorus palustris,Marsh Wren
AVIBASE-7884F0D6,Prodotiscus insignis,Cassin's Honeyguide
AVIBASE-788EBCAB,Fregata minor,Great Frigatebird
AVIBASE-78DA4BAF,Oriolus szalayi,Brown Oriole
AVIBASE-79107CE6,Psophodes olivaceus,Eastern Whipbird
AVIBASE-791DED18,Hippolais olivetorum,Olive-tree Warbler
AVIBASE-7927D0DD,Phyllastrephus albigularis,White-throated Greenbul
AVIBASE-79420720,Charadrius bicinctus,Double-banded Plover
AVIBASE-79574FC3,Muscicapa epulata,Little Grey Alseonax
AVIBASE-7970DC5F,Hypargos margaritatus,Pink-throated Twinspot
AVIBASE-798648B9,Pholidornis rushiae,Tit-hylia
AVIBASE-79A45DAF,Andropadus importunus,Sombre Greenbul
AVIBASE-79CC5B96,Heliodoxa gularis,Pink-throated Brilliant
AVIBASE-79E2AC7C,Glaucidium passerinum,Eurasian Pygmy-Owl
AVIBASE-79F3C681,Buteo platypterus,Broad-winged Hawk
AVIBASE-7A24F57F,Anser rossii,Ross's Goose
AVIBASE-7A35DE81,Numenius tenuirostris,Slender-billed Curlew
AVIBASE-7A841F83,Cursorius temminckii,Temminck's Courser
AVIBASE-7A8A8FCF,Apalis cinerea,Grey Apalis
AVIBASE-7A8D10C0,Phoenicurus moussieri,Moussier's Redstart
AVIBASE-7AB16C67,Tricholaema leucomelas,Pied Barbet
AVIBASE-7AB9D354,Turdoides gymnogenys,Bare-cheeked Babbler
AVIBASE-7AEDC014,Metallura tyrianthina,Tyrian Metaltail
AVIBASE-7B0669CB,Empidonax flaviventris,Yellow-bellied Flycatcher
AVIBASE-7B1144C8,Acanthiza reguloides,Buff-rumped Thornbill
AVIBASE-7B17318C,Malimbus coronatus,Red-crowned Malimbe
AVIBASE-7B414273,Euplectes hordeaceus,Black-winged Bishop
AVIBASE-7B865192,Entomyzon cyanotis,Blue-faced Honeyeater
AVIBASE-7BB02508,Ploceus angolensis,Bar-winged Weaver
AVIBASE-7BEB0003,Pogoniulus leucomystax,Moustached Green-Tinkerbird
AVIBASE-7BF0555A,Anthus novaeseelandiae,Australasian Pipit
AVIBASE-7C15B681,Chionis minor,Black-faced Sheathbill
AVIBASE-7C2108FD,Strix uralensis,Ural Owl
AVIBASE-7C2FCB13,Pheucticus ludovicianus,Rose-breasted Grosbeak
AVIBASE-7C3959D6,Caprimulgus inornatus,Plain Nightjar
AVIBASE-7C5AC300,Emberiza cineracea,Cinereous Bunting
AVIBASE-7C72CD00,Attagis gayi,Rufous-bellied Seedsnipe
AVIBASE-7C7F0DEE,Luscinia megarhynchos,Common Nightingale
AVIBASE-7C879D6D,Centropus monachus,Blue-headed Coucal
AVIBASE-7C975BC2,Tangara lavinia,Rufous-winged Tanager
AVIBASE-7CB5F8B8,Cisticola exilis,Golden-headed Cisticola
AVIBASE-7CB8F5B7,Stercorarius pomarinus,Pomarine Jaeger
AVIBASE-7CBD0D73,Anas bernieri,Bernier's Teal
AVIBASE-7CCB0FB6,Dicaeum hirundinaceum,Mistletoebird
AVIBASE-7CE29E0E,Phyllastrephus cerviniventris,Grey-olive Greenbul
AVIBASE-7CECD0FB,Phylloscopus herberti,Black-capped Woodland-Warbler
AVIBASE-7CF91527,Aythya nyroca,Ferruginous Pochard
AVIBASE-7D19D9ED,Passer moabiticus,Dead Sea Sparrow
AVIBASE-7D1A9D5C,Catharacta maccormicki,South Polar Skua
AVIBASE-7D340BF9,Eremomela turneri,Turner's Eremomela
AVIBASE-7D5425AD,Cinclosoma ajax,Painted Quail-thrush
AVIBASE-7D59F91D,Panurus biarmicus,Bearded Parrotbill
AVIBASE-7D5E37D9,Acanthisitta chloris,Rifleman
AVIBASE-7D629288,Calidris subminuta,Long-toed Stint
AVIBASE-7D8BF5CC,Somateria fischeri,Spectacled Eider
AVIBASE-7DB659EF,Heliomaster longirostris,Long-billed Starthroat
AVIBASE-7DDB347E,Lamprotornis chalybaeus,Greater Blue-eared Glossy-Starling
AVIBASE-7DE7F0ED,Dryoscopus gambensis,Northern Puffback
AVIBASE-7DE8EBBA,Lybius vieilloti,Vieillot's Barbet
AVIBASE-7DF5859A,Lanioturdus torquatus,Chatshrike
AVIBASE-7E022378,Gavia immer,Common Loon
AVIBASE-7E0CD776,Tyrannus caudifasciatus,Loggerhead Kingbird
AVIBASE-7E257242,Crex crex,Corn Crake
AVIBASE-7E327303,Melanerpes formicivorus,Acorn Woodpecker
AVIBASE-7E4EE12D,Formicarius analis,Black-faced Antthrush
AVIBASE-7E6D62E4,Manorina melanophrys,Bell Miner
AVIBASE-7E6DF5D5,Cryptospiza jacksoni,Dusky Crimson-wing
AVIBASE-7E70D490,Lanius senator,Woodchat Shrike
AVIBASE-7E82BA92,Formicarius nigricapillus,Black-headed Antthrush
AVIBASE-7EB3ECC4,Passer diffusus,Cape Sparrow
AVIBASE-7EF4C99C,Indicator variegatus,Scaly-throated Honeyguide
AVIBASE-7EFF698D,Mimus polyglottos,Northern Mockingbird
AVIBASE-7F64AD87,Anas undulata,Yellow-billed Duck
AVIBASE-7FB356E8,Neophema chrysogaster,Orange-bellied Parrot
AVIBASE-7FB66FEB,Cypseloides niger,Black Swift
AVIBASE-7FC3681F,Catharus aurantiirostris,Orange-billed Nightingale-Thrush
AVIBASE-7FCE8A43,Larus californicus,California Gull
AVIBASE-7FD1FB23,Sitta whiteheadi,Corsican Nuthatch
AVIBASE-7FED5700,Apaloderma narina,Narina Trogon
AVIBASE-8023D26D,Metallura williami,Viridian Metaltail
AVIBASE-80285D5C,Agelaius tricolor,Tricolored Blackbird
AVIBASE-804CCA3A,Larus modestus,Grey Gull
AVIBASE-807E1277,Sterna acuticauda,Black-bellied Tern
AVIBASE-80B649D4,Linurgus olivaceus,Oriole Finch
AVIBASE-80C297E6,Loxia leucoptera,White-winged Crossbill
AVIBASE-80CAC2CD,Meliphaga notata,Yellow-spotted Honeyeater
AVIBASE-80DA0464,Florisuga mellivora,White-necked Jacobin
AVIBASE-80FEE3DC,Neochmia modesta,Plum-headed Finch
AVIBASE-81167821,Astrapia stephaniae,Stephanie's Astrapia
AVIBASE-811762D2,Circus assimilis,Spotted Harrier
AVIBASE-811FC719,Melanocorypha yeltoniensis,Black Lark
AVIBASE-8153E1B0,Lagonosticta rubricata,African Firefinch
AVIBASE-8160D091,Bradypterus lopezi,Cameroon Scrub-Warbler
AVIBASE-81851E47,Cisticola rufus,Rufous Cisticola
AVIBASE-819AB823,Accipiter melanoleucus,Black Goshawk
AVIBASE-81D324D0,Selasphorus scintilla,Scintillant Hummingbird
AVIBASE-81DB7410,Gypaetus barbatus,Lammergeier
AVIBASE-8205077F,Ceryle rudis,Pied Kingfisher
AVIBASE-822E745E,Amazilia cyanocephala,Azure-crowned Hummingbird
AVIBASE-824361E5,Pheucticus melanocephalus,Black-headed Grosbeak
AVIBASE-824C89C3,Amazilia violiceps,Violet-crowned Hummingbird
AVIBASE-8257AE54,Accipiter fasciatus,Brown Goshawk
AVIBASE-826BF290,Heliodoxa jacula,Green-crowned Brilliant
AVIBASE-827A77C7,Aptenodytes patagonicus,King Penguin
AVIBASE-8288E54D,Columba thomensis,Sao Tome Olive-Pigeon
AVIBASE-8294655E,Charadrius placidus,Long-billed Plover
AVIBASE-82ABFD7F,Stagonopleura bella,Beautiful Firetail
AVIBASE-831FC147,Gallinago nigripennis,African Snipe
AVIBASE-8338F12F,Cisticola ruficeps,Red-pate Cisticola
AVIBASE-836EDA33,Lanius cabanisi,Long-tailed Fiscal
AVIBASE-8372FFBA,Circaetus gallicus,Short-toed Snake-Eagle
AVIBASE-8395D0B4,Ploceus batesi,Bates's Weaver
AVIBASE-83AC4DAD,Pinicola enucleator,Pine Grosbeak
AVIBASE-83D329B5,Poicephalus gulielmi,Red-fronted Parrot
AVIBASE-83D95620,Vanellus melanopterus,Black-winged Lapwing
AVIBASE-83DD8D4D,Trochocercus cyanomelas,African Crested-Flycatcher
AVIBASE-83E21A84,Asio capensis,Marsh Owl
AVIBASE-83E5801B,Sylvietta virens,Green Crombec
AVIBASE-83F326C8,Vermivora chrysoptera,Golden-winged Warbler
AVIBASE-83FCEF52,Pardalotus rubricatus,Red-browed Pardalote
AVIBASE-8413D9A5,Poicephalus flavifrons,Yellow-fronted Parrot
AVIBASE-842FF43C,Estrilda erythronotos,Black-cheeked Waxbill
AVIBASE-843FF082,Prinia molleri,Sao Tome Prinia
AVIBASE-844A290B,Cisticola troglodytes,Foxy Cisticola
AVIBASE-846E1C25,Micrastur ruficollis,Barred Forest-Falcon
AVIBASE-847717E2,Vireo olivaceus,Red-eyed Vireo
AVIBASE-847AE7B8,Erythrocercus holochlorus,Yellow Flycatcher
AVIBASE-84E1F114,Coccothraustes coccothraustes,Hawfinch
AVIBASE-84F096F7,Coccyzus minor,Mangrove Cuckoo
AVIBASE-8500F130,Podargus strigoides,Tawny Frogmouth
AVIBASE-853F2E95,Trichodere cockerelli,White-streaked Honeyeater
AVIBASE-85625D75,Anas platyrhynchos,Mallard
AVIBASE-85629EF4,Sylvia undata,Dartford Warbler
AVIBASE-8563ADE6,Manucodia jobiensis,Jobi Manucode
AVIBASE-857DCDD5,Anthreptes longuemarei,Western Violet-backed Sunbird
AVIBASE-85BA79C0,Plectrophenax hyperboreus,McKay's Bunting
AVIBASE-85BD24D1,Zenaida aurita,Zenaida Dove
AVIBASE-85C9C593,Mohoua novaeseelandiae,Pipipi
AVIBASE-85DF723B,Burhinus senegalensis,Senegal Thick-knee
AVIBASE-8601A467,Zonotrichia leucophrys,White-crowned Sparrow
AVIBASE-86182656,Xema sabini,Sabine's Gull
AVIBASE-861CBBDA,Tympanuchus phasianellus,Sharp-tailed Grouse
AVIBASE-862749B0,Indicator indicator,Greater Honeyguide
AVIBASE-862F6F04,Burhinus capensis,Spotted Thick-knee
AVIBASE-864D4A4F,Bubalornis albirostris,White-billed Buffalo-Weaver
AVIBASE-865C039E,Porphyrio porphyrio,Purple Swamphen
AVIBASE-866903B9,Pelecanus erythrorhynchos,American White Pelican
AVIBASE-868766DD,Lagonosticta larvata,Black-throated Firefinch
AVIBASE-869C978C,Hippolais icterina,Icterine Warbler
AVIBASE-86BEAFA6,Ploceus subaureus,African Golden-Weaver
AVIBASE-86C258A6,Pycnopygius cinereus,Marbled Honeyeater
AVIBASE-86E7578A,Campephilus principalis,Ivory-billed Woodpecker
AVIBASE-86E9D9F4,Mirafra passerina,Monotonous Lark
AVIBASE-86EA668E,Eremopterix verticalis,Grey-backed Sparrow-Lark
AVIBASE-87071086,Euplectes jacksoni,Jackson's Widowbird
AVIBASE-870E4DDA,Columba delegorguei,Eastern Bronze-naped Pigeon
AVIBASE-8710A7E5,Dasyornis longirostris,Western Bristlebird
AVIBASE-871F32D9,Lagonosticta rhodopareia,Jameson's Firefinch
AVIBASE-876C97F1,Melozone kieneri,Rusty-crowned Ground-Sparrow
AVIBASE-8770C6A7,Streptopelia lugens,Dusky Turtle-Dove
AVIBASE-87A54177,Electron platyrhynchum,Broad-billed Motmot
AVIBASE-87CBEBF7,Alectoris chukar,Chukar
AVIBASE-87E74BBF,Larus livens,Yellow-footed Gull
AVIBASE-87EA6535,Anisognathus igniventris,Scarlet-bellied Mountain-Tanager
AVIBASE-88151F23,Rynchops albicollis,Indian Skimmer
AVIBASE-881C954D,Vanellus superciliosus,Brown-chested Lapwing
AVIBASE-8852337B,Lanius minor,Lesser Grey Shrike
AVIBASE-888803D1,Geophaps smithii,Partridge Pigeon
AVIBASE-8899CF64,Anas eatoni,Eaton's Pintail
AVIBASE-88AAE3D3,Psalidoprocne albiceps,White-headed Sawwing
AVIBASE-88AB027C,Rynchops niger,Black Skimmer
AVIBASE-88BB4F2A,Turdus merula,Eurasian Blackbird
AVIBASE-88C719E5,Melanerpes aurifrons,Golden-fronted Woodpecker
AVIBASE-88F4B969,Phylloscopus trochilus,Willow Warbler
AVIBASE-891798D9,Piranga rubra,Summer Tanager
AVIBASE-891F222F,Campylorhynchus brunneicapillus,Cactus Wren
AVIBASE-892BF67B,Lanius newtoni,Newton's Fiscal
AVIBASE-89A3C105,Cisticola pipiens,Chirping Cisticola
AVIBASE-89C42590,Tichodroma muraria,Wallcreeper
AVIBASE-89C5B5C4,Schoutedenapus myoptilus,Scarce Swift
AVIBASE-89D5434B,Anseranas semipalmata,Magpie Goose
AVIBASE-89DA10B8,Geophaps plumifera,Spinifex Pigeon
AVIBASE-89DB7F74,Rallus longirostris,Clapper Rail
AVIBASE-89E5A8A0,Sericornis perspicillatus,Buff-faced Scrubwren
AVIBASE-89FCE277,Eremophila bilopha,Temminck's Lark
AVIBASE-8A05845F,Colluricincla woodwardi,Sandstone Shrike-thrush
AVIBASE-8A30D607,Toxorhamphus poliopterus,Grey-winged Longbill
AVIBASE-8A40716A,Pelecanoides urinatrix,Common Diving-Petrel
AVIBASE-8A475492,Gerygone mouki,Brown Gerygone
AVIBASE-8A4C4629,Charadrius mongolus,Mongolian Plover
AVIBASE-8A6C3156,Eurostopodus mystacalis,White-throated Eared-Nightjar
AVIBASE-8A6D655E,Aphelocoma ultramarina,Mexican Jay
AVIBASE-8A7C972F,Chalcostigma ruficeps,Rufous-capped Thornbill
AVIBASE-8A80DE66,Saltator maximus,Buff-throated Saltator
AVIBASE-8A8E833D,Notiomystis cincta,Stitchbird
AVIBASE-8A90BC6D,Criniger chloronotus,Green-backed Bulbul
AVIBASE-8A913C34,Alaemon hamertoni,Lesser Hoopoe-Lark
AVIBASE-8A9A7AAA,Melaenornis pammelaina,Southern Black-Flycatcher
AVIBASE-8AA3B42E,Fregata magnificens,Magnificent Frigatebird
AVIBASE-8AB4EAF6,Aegolius funereus,Boreal Owl
AVIBASE-8AC4DC43,Lagonosticta virata,Mali Firefinch
AVIBASE-8ACC245F,Telacanthura ussheri,Mottled Spinetail
AVIBASE-8AF3DD10,Tregellasia leucops,White-faced Robin
AVIBASE-8AFC47C9,Northiella haematogaster,Bluebonnet
AVIBASE-8B037156,Fraseria ocreata,African Forest-Flycatcher
AVIBASE-8B3DF118,Dendropicos gabonensis,Gabon Woodpecker
AVIBASE-8B6EA5FA,Pterocles gutturalis,Yellow-throated Sandgrouse
AVIBASE-8B6FB21F,Lewinia pectoralis,Lewin's Rail
AVIBASE-8B8AC14A,Rhodophoneus cruentus,Rosy-patched Bushshrike
AVIBASE-8BAFB01E,Pelecanus onocrotalus,Great White Pelican
AVIBASE-8BBB3255,Quiscalus quiscula,Common Grackle
AVIBASE-8C1821E7,Falco chicquera,Red-necked Falcon
AVIBASE-8C2C2D5B,Zosterops abyssinicus,White-breasted White-eye
AVIBASE-8C34DEDF,Ramsayornis modestus,Brown-backed Honeyeater
AVIBASE-8C357822,Eremopterix nigriceps,Black-crowned Sparrow-Lark
AVIBASE-8C4CE60F,Larus crassirostris,Black-tailed Gull
AVIBASE-8C506F22,Anthreptes rubritorques,Banded Sunbird
AVIBASE-8C50CB2D,Lybius torquatus,Black-collared Barbet
AVIBASE-8C7E0230,Hirundo tahitica,Pacific Swallow
AVIBASE-8CA1A851,Bradypterus carpalis,White-winged Scrub-Warbler
AVIBASE-8CA8B659,Psalidoprocne obscura,Fanti Sawwing
AVIBASE-8CB75D93,Petroica rosea,Rose Robin
AVIBASE-8D05A048,Vidua hypocherina,Steel-blue Whydah
AVIBASE-8D24E93C,Pelecanus rufescens,Pink-backed Pelican
AVIBASE-8D30DDA6,Phaps chalcoptera,Common Bronzewing
AVIBASE-8D322DD1,Melithreptus gularis,Black-chinned Honeyeater
AVIBASE-8D6D5F2B,Myiarchus crinitus,Great Crested Flycatcher
AVIBASE-8D6E495E,Himantornis haematopus,Nkulengu Rail
AVIBASE-8D83C373,Psophodes cristatus,Chirruping Wedgebill
AVIBASE-8DA07483,Boissonneaua flavescens,Buff-tailed Coronet
AVIBASE-8DA085FD,Pachycephala soror,Sclater's Whistler
AVIBASE-8DB3F1A2,Prodotiscus regulus,Wahlberg's Honeyguide
AVIBASE-8DB64266,Mergus serrator,Red-breasted Merganser
AVIBASE-8DE14046,Cairina moschata,Muscovy Duck
AVIBASE-8E5252EB,Ortygospiza atricollis,African Quailfinch
AVIBASE-8E612CF6,Mirafra albicauda,White-tailed Lark
AVIBASE-8E67DC5F,Tringa glareola,Wood Sandpiper
AVIBASE-8E841A61,Gallinago paraguaiae,South American Snipe
AVIBASE-8E989334,Dendropicos pyrrhogaster,Fire-bellied Woodpecker
AVIBASE-8EB0C1FA,Recurvirostra americana,American Avocet
AVIBASE-8EDC9B24,Bathmocercus cerviniventris,Black-capped Rufous Warbler
AVIBASE-8EE724E4,Sphenoeacus afer,Cape Grass-Warbler
AVIBASE-8F123A11,Asio flammeus,Short-eared Owl
AVIBASE-8F268682,Anthus rubescens,American Pipit
AVIBASE-8F2DCF5D,Melignomon eisentrauti,Yellow-footed Honeyguide
AVIBASE-8F36D663,Carpodacus synoicus,Pale Rosefinch
AVIBASE-8F3CF81A,Columba leucomela,White-headed Pigeon
AVIBASE-8F52076C,Ploceus bannermani,Bannerman's Weaver
AVIBASE-8F6876AC,Anas erythrorhyncha,Red-billed Duck
AVIBASE-8F6C8E9E,Acanthiza pusilla,Brown Thornbill
AVIBASE-8F6E114E,Amazilia viridicauda,Green-and-white Hummingbird
AVIBASE-8F82FF8C,Gallinula chloropus,Common Moorhen
AVIBASE-8FBB6521,Amazilia tobaci,Copper-rumped Hummingbird
AVIBASE-8FFDE282,Eurystomus gularis,Blue-throated Roller
AVIBASE-900B219B,Mionectes rufiventris,Grey-hooded Flycatcher
AVIBASE-900C590B,Eurypyga helias,Sunbittern
AVIBASE-90194DA5,Pterocles coronatus,Crowned Sandgrouse
AVIBASE-90373466,Pogoniulus atroflavus,Red-rumped Tinkerbird
AVIBASE-9057992B,Procellaria westlandica,Westland Petrel
AVIBASE-90680520,Cepphus carbo,Spectacled Guillemot
AVIBASE-907B1140,Rynchops flavirostris,African Skimmer
AVIBASE-907B59B7,Rhipidura hyperythra,Chestnut-bellied Fantail
AVIBASE-90AAE188,Nettapus coromandelianus,Cotton Pygmy-goose
AVIBASE-90B13ACF,Buteo lagopus,Rough-legged Hawk
AVIBASE-90D0D245,Batis minor,Black-headed Batis
AVIBASE-90FDC4CC,Neocossyphus rufus,Red-tailed Ant-Thrush
AVIBASE-910E6D86,Merops hirundineus,Swallow-tailed Bee-eater
AVIBASE-91187A52,Tauraco erythrolophus,Red-crested Turaco
AVIBASE-911FAD1A,Oriolus crassirostris,Sao Tome Oriole
AVIBASE-91429F78,Tachymarptis aequatorialis,Mottled Swift
AVIBASE-9151E0BA,Gallinago gallinago,Common Snipe
AVIBASE-915DABE2,Tricholaema hirsuta,Hairy-breasted Barbet
AVIBASE-9164F314,Eremopterix leucotis,Chestnut-backed Sparrow-Lark
AVIBASE-9187C7FC,Hyliota violacea,Violet-backed Hyliota
AVIBASE-91C3A5E9,Geopelia striata,Zebra Dove
AVIBASE-91CCBC71,Colinus virginianus,Northern Bobwhite
AVIBASE-91D71187,Pitta iris,Rainbow Pitta
AVIBASE-91FF8A0A,Coeligena iris,Rainbow Starfrontlet
AVIBASE-922DE9C1,Micronisus gabar,Gabar Goshawk
AVIBASE-924BAB9C,Eurystomus orientalis,Dollarbird
AVIBASE-927299E4,Turdus olivaceofuscus,Olivaceous Thrush
AVIBASE-92757910,Gymnobucco peli,Bristle-nosed Barbet
AVIBASE-92A2CCFC,Papasula abbotti,Abbott's Booby
AVIBASE-92A772BB,Oriolus oriolus,Eurasian Golden-Oriole
AVIBASE-92A779D7,Calamanthus campestris,Rufous Calamanthus
AVIBASE-92AA62A0,Eugerygone rubra,Garnet Robin
AVIBASE-92C1E596,Anas aucklandica,Brown Teal
AVIBASE-93013964,Limosa haemastica,Hudsonian Godwit
AVIBASE-931B81D9,Macrosphenus flavicans,Yellow Longbill
AVIBASE-93694BB5,Ardea herodias,Great Blue Heron
AVIBASE-936EA207,Eulacestoma nigropectus,Wattled Ploughbill
AVIBASE-9387DC41,Quelea cardinalis,Cardinal Quelea
AVIBASE-938C5572,Calamospiza melanocorys,Lark Bunting
AVIBASE-93A17734,Lophura leucomelanos,Kalij Pheasant
AVIBASE-93CA037F,Larus cachinnans,Yellow-legged Gull
AVIBASE-93D7EC56,Trigonoceps occipitalis,White-headed Vulture
AVIBASE-93DAA1B3,Chlamydera cerviniventris,Fawn-breasted Bowerbird
AVIBASE-93EC5E12,Jynx ruficollis,Rufous-necked Wryneck
AVIBASE-94214F1C,Tauraco hartlaubi,Hartlaub's Turaco
AVIBASE-942BC618,Pterocles senegallus,Spotted Sandgrouse
AVIBASE-9437D635,Bombycilla cedrorum,Cedar Waxwing
AVIBASE-94383EEF,Haliaeetus leucogaster,White-bellied Fish-Eagle
AVIBASE-943E36CA,Phylloscopus proregulus,Lemon-rumped Warbler
AVIBASE-9456DEDF,Bucephala islandica,Barrow's Goldeneye
AVIBASE-948ED65C,Bucorvus abyssinicus,Abyssinian Ground-Hornbill
AVIBASE-94A1C447,Riparia riparia,Sand Martin
AVIBASE-94A44032,Sturnus vulgaris,Common Starling
AVIBASE-94A446EA,Lanius souzae,Souza's Shrike
AVIBASE-94AF4A47,Dacelo novaeguineae,Laughing Kookaburra
AVIBASE-94C17280,Myzomela obscura,Dusky Myzomela
AVIBASE-94C71DF6,Plocepasser mahali,White-browed Sparrow-Weaver
AVIBASE-94CB63F7,Colibri thalassinus,Green Violet-ear
AVIBASE-94E23F51,Sylvia melanothorax,Cyprus Warbler
AVIBASE-9505E03D,Alcedo atthis,Common Kingfisher
AVIBASE-9526D2F3,Ploceus capensis,Cape Weaver
AVIBASE-952F5682,Menura novaehollandiae,Superb Lyrebird
AVIBASE-95594E16,Serinus syriacus,Syrian Serin
AVIBASE-9560088E,Phaps histrionica,Flock Bronzewing
AVIBASE-9569D117,Ploceus grandis,Giant Weaver
AVIBASE-95820ED1,Glareola nuchalis,Rock Pratincole
AVIBASE-95A02709,Campephaga petiti,Petit's Cuckoo-shrike
AVIBASE-95A2F6E7,Oriolus percivali,Black-tailed Oriole
AVIBASE-95A724BE,Euplectes diadematus,Fire-fronted Bishop
AVIBASE-95B77F08,Dumetella carolinensis,Grey Catbird
AVIBASE-95CAE4C3,Phaethornis longuemareus,Little Hermit
AVIBASE-95DB0943,Vireo solitarius,Blue-headed Vireo
AVIBASE-95E28A57,Charadrius semipalmatus,Semipalmated Plover
AVIBASE-95E7E0E5,Sylvia hortensis,Orphean Warbler
AVIBASE-95F08BC3,Euplectes orix,Red Bishop
AVIBASE-960B56F2,Malimbus rubricollis,Red-headed Malimbe
AVIBASE-9616C96E,Cossypha cyanocampter,Blue-shouldered Robin-Chat
AVIBASE-9655118F,Tangara chilensis,Paradise Tanager
AVIBASE-967545BC,Nilaus afer,Brubru
AVIBASE-96819591,Phylloscopus fuscatus,Dusky Warbler
AVIBASE-9689E669,Glossopsitta porphyrocephala,Purple-crowned Lorikeet
AVIBASE-9690689D,Chordeiles acutipennis,Lesser Nighthawk
AVIBASE-96CCAFEE,Burhinus vermiculatus,Water Thick-knee
AVIBASE-97166F72,Lanius isabellinus,Rufous-tailed Shrike
AVIBASE-9723DB2C,Stipiturus mallee,Mallee Emuwren
AVIBASE-975D0D5D,Onychognathus nabouroup,Pale-winged Starling
AVIBASE-9787BE57,Emberiza spodocephala,Black-faced Bunting
AVIBASE-97A73D9F,Euplectes capensis,Yellow Bishop
AVIBASE-97B870B4,Sialia currucoides,Mountain Bluebird
AVIBASE-97C47F3E,Elanus caeruleus,Black-winged Kite
AVIBASE-97D31AA6,Coeligena coeligena,Bronzy Inca
AVIBASE-97D7865F,Eremopterix leucopareia,Fischer's Sparrow-Lark
AVIBASE-97FB2BC9,Lampornis clemenciae,Blue-throated Hummingbird
AVIBASE-97FDBB06,Buteogallus anthracinus,Common Black-Hawk
AVIBASE-981CE782,Haematopus palliatus,American Oystercatcher
AVIBASE-982303AD,Lonchura tristissima,Streak-headed Munia
AVIBASE-982B2C3A,Batis pririt,Pririt Batis
AVIBASE-982C918E,Sylvia boehmi,Banded Warbler
AVIBASE-984EC0A0,Burhinus bistriatus,Double-striped Thick-knee
AVIBASE-9888B3AE,Streptopelia semitorquata,Red-eyed Dove
AVIBASE-9890A5DC,Gallinago stricklandii,Fuegian Snipe
AVIBASE-9891BF73,Contopus virens,Eastern Wood-Pewee
AVIBASE-98984CAD,Coturnix pectoralis,Stubble Quail
AVIBASE-989B57D8,Chamaea fasciata,Wrentit
AVIBASE-989FE32C,Amblyornis macgregoriae,Macgregor's Bowerbird
AVIBASE-98A83626,Melanocharis nigra,Black Berrypecker
AVIBASE-98B15EE7,Cryptospiza salvadorii,Abyssinian Crimson-wing
AVIBASE-98B261C6,Amazilia amabilis,Blue-chested Hummingbird
AVIBASE-98B9C10B,Charadrius leschenaultii,Greater Sand Plover
AVIBASE-98BA31AA,Hylia prasina,Green Hylia
AVIBASE-98D10978,Sylvietta ruficapilla,Red-capped Crombec
AVIBASE-9900ACA9,Tyto tenebricosa,Greater Sooty-Owl
AVIBASE-991885F0,Otus hartlaubi,Sao Tome Scops-Owl
AVIBASE-9936FF4A,Calidris minuta,Little Stint
AVIBASE-99453701,Nesocharis ansorgei,White-collared Oliveback
AVIBASE-99536A00,Daphoenositta chrysoptera,Varied Sittella
AVIBASE-995975D1,Lagonosticta nitidula,Brown Firefinch
AVIBASE-99625377,Chlorostilbon mellisugus,Blue-tailed Emerald
AVIBASE-996AF595,Lamprotornis australis,Burchell's Glossy-Starling
AVIBASE-9971C83E,Legatus leucophaius,Piratic Flycatcher
AVIBASE-997A9437,Falco vespertinus,Red-footed Falcon
AVIBASE-99A702C3,Pseudonestor xanthophrys,Maui Parrotbill
AVIBASE-99B8841E,Grus grus,Common Crane
AVIBASE-99CF4A04,Parus major,Great Tit
AVIBASE-99F75999,Zoothera dauma,Scaly Thrush
AVIBASE-9A164FA0,Lampornis viridipallens,Green-throated Mountain-gem
AVIBASE-9A536399,Phylloscopus schwarzi,Radde's Warbler
AVIBASE-9A60617E,Dendrocygna bicolor,Fulvous Whistling-Duck
AVIBASE-9A684C99,Limosa lapponica,Bar-tailed Godwit
AVIBASE-9A6974DC,Rhipidura leucothorax,White-bellied Thicket-Fantail
AVIBASE-9A7B268C,Athene noctua,Little Owl
AVIBASE-9A90A865,Cladorhynchus leucocephalus,Banded Stilt
AVIBASE-9AA3E5C2,Anas luzonica,Philippine Duck
AVIBASE-9AAB8C21,Emberiza cirlus,Cirl Bunting
AVIBASE-9ABE8154,Melanocharis longicauda,Lemon-breasted Berrypecker
AVIBASE-9AC8AEA8,Melamprosops phaeosoma,Poo-uli
AVIBASE-9AD060AA,Onychognathus frater,Socotra Starling
AVIBASE-9ADB6BA5,Ramphocoris clotbey,Thick-billed Lark
AVIBASE-9AEEFA09,Cisticola lais,Wailing Cisticola
AVIBASE-9B073071,Ardea sumatrana,Great-billed Heron
AVIBASE-9B183BDD,Spheniscus demersus,Jackass Penguin
AVIBASE-9B26D30B,Strix occidentalis,Spotted Owl
AVIBASE-9B33F957,Laniarius atrococcineus,Crimson-breasted Gonolek
AVIBASE-9B35BE95,Sheppardia sharpei,Sharpe's Akalat
AVIBASE-9BA03AF9,Anas melleri,Meller's Duck
AVIBASE-9BE54916,Ispidina lecontei,Dwarf Kingfisher
AVIBASE-9BE68BD3,Sphyrapicus varius,Yellow-bellied Sapsucker
AVIBASE-9BEA5037,Chersomanes albofasciata,Spike-heeled Lark
AVIBASE-9BEBC025,Plectrophenax nivalis,Snow Bunting
AVIBASE-9C320DCB,Cisticola nigriloris,Black-lored Cisticola
AVIBASE-9C464D6F,Glaucidium sjostedti,Sjostedt's Owlet
AVIBASE-9C5ED06A,Meleagris gallopavo,Wild Turkey
AVIBASE-9C69D0FD,Rhinopomastus aterrimus,Black Scimitar-bill
AVIBASE-9C883C7B,Pitangus sulphuratus,Great Kiskadee
AVIBASE-9CBAFD8F,Anas gracilis,Grey Teal
AVIBASE-9CD0C8FE,Otus icterorhynchus,Sandy Scops-Owl
AVIBASE-9CD4E6BB,Cracticus torquatus,Grey Butcherbird
AVIBASE-9CE4FC4C,Cisticola angusticauda,Tabora Cisticola
AVIBASE-9D10537C,Petrophassa rufipennis,Chestnut-quilled Rock-Pigeon
AVIBASE-9D6704AC,Sterna sumatrana,Black-naped Tern
AVIBASE-9D80E72A,Accipiter castanilius,Chestnut-flanked Sparrowhawk
AVIBASE-9D945327,Peucedramus taeniatus,Olive Warbler
AVIBASE-9D95139B,Creatophora cinerea,Wattled Starling
AVIBASE-9DBB70D5,Myiodynastes luteiventris,Sulphur-bellied Flycatcher
AVIBASE-9DC4CC54,Anthus gustavi,Pechora Pipit
AVIBASE-9DF07165,Megadyptes antipodes,Yellow-eyed Penguin
AVIBASE-9DF85999,Manacus candei,White-collared Manakin
AVIBASE-9E66B47A,Gallinago megala,Swinhoe's Snipe
AVIBASE-9E8F1FEB,Neophema elegans,Elegant Parrot
AVIBASE-9EA1F12D,Falco eleonorae,Eleonora's Falcon
AVIBASE-9EA74ADA,Pogoniulus bilineatus,Yellow-rumped Tinkerbird
AVIBASE-9EB06C93,Charadrius sanctaehelenae,St. Helena Plover
AVIBASE-9EB53638,Bubalornis niger,Red-billed Buffalo-Weaver
AVIBASE-9EB7EBA9,Erythrocercus mccallii,Chestnut-capped Flycatcher
AVIBASE-9ECA2AFB,Lafresnaya lafresnayi,Mountain Velvetbreast
AVIBASE-9EDE54C8,Philemon buceroides,Helmeted Friarbird
AVIBASE-9EE216F9,Smithornis capensis,African Broadbill
AVIBASE-9EE6D524,Icterus parisorum,Scott's Oriole
AVIBASE-9EF3E079,Pycnonotus nigricans,Black-fronted Bulbul
AVIBASE-9F2611E8,Tarsiger cyanurus,Orange-flanked Bush-Robin
AVIBASE-9F281377,Cisticola dambo,Cloud-scraping Cisticola
AVIBASE-9F5AA09D,Falco berigora,Brown Falcon
AVIBASE-9F65782F,Anthus godlewskii,Blyth's Pipit
AVIBASE-9F67F3AF,Passerina amoena,Lazuli Bunting
AVIBASE-9F7489D0,Ploceus galbula,Rueppell's Weaver
AVIBASE-9F784AB1,Corvus dauuricus,Daurian Jackdaw
AVIBASE-9F79E839,Onychognathus blythii,Somali Starling
AVIBASE-9FC505EA,Coeligena torquata,Collared Inca
AVIBASE-9FC806EE,Psophodes occidentalis,Chiming Wedgebill
AVIBASE-9FCF19F5,Apaloderma aequatoriale,Bare-cheeked Trogon
AVIBASE-9FF4EDB5,Dendropicos obsoletus,Brown-backed Woodpecker
AVIBASE-A0015FD7,Polioptila californica,California Gnatcatcher
AVIBASE-A01014FF,Picus viridis,Eurasian Green Woodpecker
AVIBASE-A04DA8F1,Amazilia fimbriata,Glittering-throated Emerald
AVIBASE-A070171E,Anous stolidus,Brown Noddy
AVIBASE-A0A3B03D,Cichladusa arquata,Collared Palm-Thrush
AVIBASE-A0A584C1,Platalea leucorodia,Eurasian Spoonbill
AVIBASE-A0A67A81,Calidris acuminata,Sharp-tailed Sandpiper
AVIBASE-A0CB9C06,Centropus leucogaster,Black-throated Coucal
AVIBASE-A0DC8E87,Turdus tephronotus,Bare-eyed Thrush
AVIBASE-A0EDAEA2,Saxicola rubetra,Whinchat
AVIBASE-A0F29F1E,Amphispiza bilineata,Black-throated Sparrow
AVIBASE-A10F06E5,Haplophaedia aureliae,Greenish Puffleg
AVIBASE-A10F5F87,Phylloscopus laurae,Laura's Woodland-Warbler
AVIBASE-A117BD8B,Mohoua albicilla,Whitehead
AVIBASE-A143FB33,Eudyptes pachyrhynchus,Fiordland Penguin
AVIBASE-A15C5071,Polioptila caerulea,Blue-grey Gnatcatcher
AVIBASE-A1709D2B,Ploceus sanctithomae,Sao Tome Weaver
AVIBASE-A19B0CF4,Haliaeetus vocifer,African Fish-Eagle
AVIBASE-A1B9BB88,Columba albinucha,White-naped Pigeon
AVIBASE-A1C41A3F,Myadestes obscurus,Omao
AVIBASE-A1CA4EB2,Malcorus pectoralis,Rufous-eared Warbler
AVIBASE-A1DD797F,Pycnonotus leucogenys,Himalayan Bulbul
AVIBASE-A1FD40E8,Vireo pallens,Mangrove Vireo
AVIBASE-A20D777F,Monticola brevipes,Short-toed Rock-Thrush
AVIBASE-A20EA34D,Caprimulgus climacurus,Long-tailed Nightjar
AVIBASE-A2234987,Bubo africanus,Spotted Eagle-Owl
AVIBASE-A23369E3,Ploceus reichardi,Tanzania Masked-Weaver
AVIBASE-A24ED820,Pyrenestes minor,Lesser Seedcracker
AVIBASE-A2510EF4,Tyrannus savana,Fork-tailed Flycatcher
AVIBASE-A251CB8F,Ducula spilorrhoa,Torresian Imperial-Pigeon
AVIBASE-A25AFBEA,Estrilda poliopareia,Anambra Waxbill
AVIBASE-A27D752A,Cichladusa ruficauda,Rufous-tailed Palm-Thrush
AVIBASE-A28D8D38,Diomedea exulans,Wandering Albatross
AVIBASE-A2C88219,Cisticola aridulus,Desert Cisticola
AVIBASE-A2D30980,Manorina flavigula,Yellow-throated Miner
AVIBASE-A31278C7,Dendrocincla fuliginosa,Plain-brown Woodcreeper
AVIBASE-A31AC101,Euplectes nigroventris,Zanzibar Bishop
AVIBASE-A3265EBB,Calamonastes fasciolatus,Barred Wren-Warbler
AVIBASE-A334276B,Malurus splendens,Splendid Fairywren
AVIBASE-A338CC4F,Fringilla teydea,Teydefinch
AVIBASE-A358D6BF,Erythrogonys cinctus,Red-kneed Dotterel
AVIBASE-A35FBC5E,Ashbyia lovensis,Gibberbird
AVIBASE-A36C5049,Ploceus velatus,Southern Masked-Weaver
AVIBASE-A376DE65,Alcedo quadribrachys,Shining Blue Kingfisher
AVIBASE-A381417F,Troglodytes aedon,House Wren
AVIBASE-A39F91F0,Geopelia humeralis,Bar-shouldered Dove
AVIBASE-A3A0E8FE,Coscoroba coscoroba,Coscoroba Swan
AVIBASE-A3E077E6,Mirafra gilletti,Gillett's Lark
AVIBASE-A41AEDC9,Malimbus erythrogaster,Red-bellied Malimbe
AVIBASE-A41CD4E7,Circus maurus,Black Harrier
AVIBASE-A4427701,Chrysococcyx flavigularis,Yellow-throated Cuckoo
AVIBASE-A457E9DB,Vireo magister,Yucatan Vireo
AVIBASE-A4623B67,Poecilodryas hypoleuca,Black-sided Robin
AVIBASE-A467AD00,Dendrocygna eytoni,Plumed Whistling-Duck
AVIBASE-A47B0BD4,Calidris minutilla,Least Sandpiper
AVIBASE-A480FDDF,Vanellus leucurus,White-tailed Lapwing
AVIBASE-A4CF3B9E,Pogoniulus pusillus,Red-fronted Tinkerbird
AVIBASE-A534AFEA,Dendrocygna viduata,White-faced Whistling-Duck
AVIBASE-A542D690,Acanthorhynchus tenuirostris,Eastern Spinebill
AVIBASE-A55D83A9,Dendragapus obscurus,Blue Grouse
AVIBASE-A575254C,Falco cenchroides,Australian Kestrel
AVIBASE-A59FA446,Larus hyperboreus,Glaucous Gull
AVIBASE-A5AA0BEC,Sicalis flaveola,Saffron Finch
AVIBASE-A5CF883E,Paradisaea minor,Lesser Bird-of-paradise
AVIBASE-A5EC8BF5,Cinclus mexicanus,American Dipper
AVIBASE-A5EFA84D,Auriparus flaviceps,Verdin
AVIBASE-A5F09E05,Melospiza melodia,Song Sparrow
AVIBASE-A6275491,Eremomela atricollis,Black-necked Eremomela
AVIBASE-A630DB2C,Bradypterus alfredi,Bamboo Scrub-Warbler
AVIBASE-A632F945,Rhinoptilus bitorquatus,Jerdon's Courser
AVIBASE-A635F565,Aquila nipalensis,Steppe Eagle
AVIBASE-A643D860,Palmeria dolei,Akohekohe
AVIBASE-A64A1FA2,Saxicola caprata,Pied Bushchat
AVIBASE-A6717C60,Ramphocelus passerinii,Scarlet-rumped Tanager
AVIBASE-A6905B3C,Gymnorhinus cyanocephalus,Pinyon Jay
AVIBASE-A6A4FC63,Sylvia borin,Garden Warbler
AVIBASE-A6DFFC15,Batis orientalis,Grey-headed Batis
AVIBASE-A6E44BBF,Pachycephala lanioides,White-breasted Whistler
AVIBASE-A6EA9F02,Columba guinea,Speckled Pigeon
AVIBASE-A70DE4FC,Petroica goodenovii,Red-capped Robin
AVIBASE-A7280FF0,Zonotrichia capensis,Rufous-collared Sparrow
AVIBASE-A738F49A,Orthonyx spaldingii,Chowchilla
AVIBASE-A75DF142,Phylloscopus laetus,Red-faced Woodland-Warbler
AVIBASE-A7667D10,Microcerculus marginatus,Southern Nightingale-Wren
AVIBASE-A76C26A1,Colibri delphinae,Brown Violet-ear
AVIBASE-A7746907,Colius castanotus,Red-backed Mousebird
AVIBASE-A783468F,Prunella collaris,Alpine Accentor
AVIBASE-A7B17EFC,Tringa ochropus,Green Sandpiper
AVIBASE-A7BEC2BF,Myiarchus sagrae,La Sagra's Flycatcher
AVIBASE-A7E4E1E5,Prionops gabela,Angola Helmetshrike
AVIBASE-A7EA21CA,Lamprotornis ornatus,Principe Glossy-Starling
AVIBASE-A7F240E3,Larus leucophthalmus,White-eyed Gull
AVIBASE-A7F3E6AE,Emberiza caesia,Cretzschmar's Bunting
AVIBASE-A8347C7D,Sialia sialis,Eastern Bluebird
AVIBASE-A860A9AA,Amytornis striatus,Striated Grasswren
AVIBASE-A874F334,Sterna aurantia,River Tern
AVIBASE-A8A2AE86,Philemon citreogularis,Little Friarbird
AVIBASE-A8A85BCF,Turdus iliacus,Redwing
AVIBASE-A8B48179,Melilestes megarhynchus,Long-billed Honeyeater
AVIBASE-A8F0BE19,Leucosticte atrata,Black Rosy-Finch
AVIBASE-A9003A7B,Podargus ocellatus,Marbled Frogmouth
AVIBASE-A902336F,Oreoscopus gutturalis,Fernwren
AVIBASE-A9030503,Sylvietta whytii,Red-faced Crombec
AVIBASE-A90C512F,Merops variegatus,Blue-breasted Bee-eater
AVIBASE-A920880B,Melaenornis annamarulae,West African Black-Flycatcher
AVIBASE-A956C6B5,Vanellus miles,Masked Lapwing
AVIBASE-A95B43F1,Turdus viscivorus,Mistle Thrush
AVIBASE-A962CA14,Muscicapa cassini,Cassin's Alseonax
AVIBASE-A96692E0,Aythya ferina,Common Pochard
AVIBASE-A977348D,Ammomanes deserti,Desert Lark
AVIBASE-A99D6174,Campylopterus villaviscensio,Napo Sabrewing
AVIBASE-A9ADB78D,Oenanthe moesta,Red-rumped Wheatear
AVIBASE-A9D5F566,Monarcha frater,Black-winged Monarch
AVIBASE-A9F8C658,Chalcostigma stanleyi,Blue-mantled Thornbill
AVIBASE-A9FC6BC0,Salvadorina waigiuensis,Salvadori's Teal
AVIBASE-AA027706,Sylvia mystacea,Menetries's Warbler
AVIBASE-AA0BCF4A,Stagonopleura oculata,Red-eared Firetail
AVIBASE-AA127B89,Pitta moluccensis,Blue-winged Pitta
AVIBASE-AA4385A2,Charadrius alexandrinus,Kentish Plover
AVIBASE-AA48D853,Sylvietta denti,Lemon-bellied Crombec
AVIBASE-AA779804,Molothrus bonariensis,Shiny Cowbird
AVIBASE-AA7901D8,Egretta thula,Snowy Egret
AVIBASE-AAABFBE8,Acrocephalus brevipennis,Cape Verde Swamp-Warbler
AVIBASE-AAC25028,Astrapia splendidissima,Splendid Astrapia
AVIBASE-AAC2D613,Daption capense,Cape Petrel
AVIBASE-AAEA810D,Aphelocephala leucopsis,Southern Whiteface
AVIBASE-AAEF597A,Pterocles namaqua,Namaqua Sandgrouse
AVIBASE-AB031597,Oenanthe oenanthe,Northern Wheatear
AVIBASE-AB08B1DE,Pachycephala olivacea,Olive Whistler
AVIBASE-AB08E5C4,Tadorna variegata,Paradise Shelduck
AVIBASE-AB1A85BF,Urocolius indicus,Red-faced Mousebird
AVIBASE-AB4EA9A7,Ninox boobook,Southern Boobook
AVIBASE-AB507233,Mirafra cheniana,Latakoo Lark
AVIBASE-AB51824B,Halcyon chelicuti,Striped Kingfisher
AVIBASE-AB658C2D,Calothorax lucifer,Lucifer Hummingbird
AVIBASE-AB937AEB,Streptopelia capicola,Ring-necked Dove
AVIBASE-ABEF107C,Aythya australis,Hardhead
AVIBASE-AC0F25BB,Glareola ocularis,Madagascar Pratincole
AVIBASE-AC1DDE03,Epthianura crocea,Yellow Chat
AVIBASE-AC24B6B5,Basileuterus rufifrons,Rufous-capped Warbler
AVIBASE-AC269ED8,Catharus ustulatus,Swainson's Thrush
AVIBASE-AC2B812A,Sialia mexicana,Western Bluebird
AVIBASE-AC2EDFEE,Psittirostra psittacea,Ou
AVIBASE-AC4A332A,Metallura eupogon,Fire-throated Metaltail
AVIBASE-AC56BC49,Cyphorhinus phaeocephalus,Song Wren
AVIBASE-AC5FC9B9,Myrmecocichla arnotti,White-headed Black-Chat
AVIBASE-AC89B8FF,Merops superciliosus,Madagascar Bee-eater
AVIBASE-ACA4FEFE,Synthliboramphus antiquus,Ancient Murrelet
AVIBASE-ACB9D1C6,Progne subis,Purple Martin
AVIBASE-ACC50DCF,Leucippus chlorocercus,Olive-spotted Hummingbird
AVIBASE-ACC99F35,Calidris melanotos,Pectoral Sandpiper
AVIBASE-ACCAFEAD,Microeca flavigaster,Lemon-bellied Flyrobin
AVIBASE-ACCDFD22,Phaethornis philippii,Needle-billed Hermit
AVIBASE-ACD8630F,Rhipidura fuliginosa,Grey Fantail
AVIBASE-ACDC8DEE,Telophorus viridis,Perrin's Bushshrike
AVIBASE-ACDCF3CC,Emberiza rutila,Chestnut Bunting
AVIBASE-ACE8EADE,Fregetta tropica,Black-bellied Storm-Petrel
AVIBASE-ACF0F1A2,Vidua paradisaea,Eastern Paradise-Whydah
AVIBASE-ACFC8EB6,Ictinia mississippiensis,Mississippi Kite
AVIBASE-AD086862,Larus novaehollandiae,Silver Gull
AVIBASE-AD1CBF5A,Nigrita bicolor,Chestnut-breasted Negrofinch
AVIBASE-AD4D85BB,Colluricincla harmonica,Grey Shrike-thrush
AVIBASE-AD61E929,Lamprolaima rhami,Garnet-throated Hummingbird
AVIBASE-AD62DDA5,Geophaps scripta,Squatter Pigeon
AVIBASE-AD7B6E81,Kupeornis gilberti,White-throated Mountain-Babbler
AVIBASE-AD7BD37A,Melignomon zenkeri,Zenker's Honeyguide
AVIBASE-AD7F307B,Sitta pusilla,Brown-headed Nuthatch
AVIBASE-ADC0F261,Probosciger aterrimus,Palm Cockatoo
AVIBASE-ADD11A5F,Columbina talpacoti,Ruddy Ground-Dove
AVIBASE-ADDB3611,Colius leucocephalus,White-headed Mousebird
AVIBASE-ADFACA26,Malaconotus lagdeni,Lagden's Bushshrike
AVIBASE-AE073221,Motacilla cinerea,Grey Wagtail
AVIBASE-AE1533FC,Campethera maculosa,Little Green Woodpecker
AVIBASE-AE186136,Pterodroma nigripennis,Black-winged Petrel
AVIBASE-AE37ED4D,Psaltriparus minimus,Bushtit
AVIBASE-AE459A9B,Vanellus chilensis,Southern Lapwing
AVIBASE-AE4727FB,Nigrita luteifrons,Pale-fronted Negrofinch
AVIBASE-AE61BF48,Phalacrocorax capensis,Cape Cormorant
AVIBASE-AEA614AF,Vireo crassirostris,Thick-billed Vireo
AVIBASE-AEAD40DD,Spermophaga poliogenys,Grant's Bluebill
AVIBASE-AEB2DA9B,Ardeola rufiventris,Rufous-bellied Heron
AVIBASE-AEC1B69C,Poeoptera stuhlmanni,Stuhlmann's Starling
AVIBASE-AEE09552,Promerops cafer,Cape Sugarbird
AVIBASE-AEE2063F,Cisticola juncidis,Zitting Cisticola
AVIBASE-AEEED5D0,Lamprotornis chalcurus,Bronze-tailed Glossy-Starling
AVIBASE-AEF821EC,Bombycilla garrulus,Bohemian Waxwing
AVIBASE-AF0C7BDE,Clangula hyemalis,Long-tailed Duck
AVIBASE-AF31F966,Canirallus oculeus,Grey-throated Rail
AVIBASE-AF49F890,Melospiza lincolnii,Lincoln's Sparrow
AVIBASE-AF700208,Troglodytes troglodytes,Winter Wren
AVIBASE-AF91A813,Boissonneaua matthewsii,Chestnut-breasted Coronet
AVIBASE-AFA39D5A,Merops revoilii,Somali Bee-eater
AVIBASE-AFA7EE74,Anser brachyrhynchus,Pink-footed Goose
AVIBASE-AFAD2F60,Pyrrholaemus brunneus,Redthroat
AVIBASE-AFBB3FB7,Pterocles personatus,Madagascar Sandgrouse
AVIBASE-AFBD5A5F,Selasphorus platycercus,Broad-tailed Hummingbird
AVIBASE-AFD19C47,Accipiter erythropus,Red-thighed Sparrowhawk
AVIBASE-AFE5B0C4,Dryoscopus senegalensis,Red-eyed Puffback
AVIBASE-AFEB17B8,Telespiza cantans,Laysan Finch
AVIBASE-AFF21113,Bubo shelleyi,Shelley's Eagle-Owl
AVIBASE-B01E8BD4,Catharus guttatus,Hermit Thrush
AVIBASE-B05E0721,Terpsiphone rufocinerea,Rufous-vented Paradise-Flycatcher
AVIBASE-B08FF959,Euplectes axillaris,Fan-tailed Widowbird
AVIBASE-B0902BCC,Gerygone palpebrosa,Fairy Gerygone
AVIBASE-B0932D89,Alle alle,Dovekie
AVIBASE-B0D09483,Sylvia melanocephala,Sardinian Warbler
AVIBASE-B0D81671,Sturnus unicolor,Spotless Starling
AVIBASE-B0DD1318,Rhinopomastus cyanomelas,Common Scimitar-bill
AVIBASE-B10AD127,Hippolais languida,Upcher's Warbler
AVIBASE-B1400E68,Parophasma galinieri,Abyssinian Catbird
AVIBASE-B148FE32,Neophema petrophila,Rock Parrot
AVIBASE-B150BF7F,Leucosticte arctoa,Asian Rosy-Finch
AVIBASE-B1595124,Amazona viridigenalis,Red-crowned Parrot
AVIBASE-B175F364,Cossypha heinrichi,White-headed Robin-Chat
AVIBASE-B17CFF22,Anthus berthelotii,Berthelot's Pipit
AVIBASE-B182DED2,Sayornis nigricans,Black Phoebe
AVIBASE-B18D3F08,Cardellina rubrifrons,Red-faced Warbler
AVIBASE-B1A3AF6C,Cinnyricinclus leucogaster,Violet-backed Starling
AVIBASE-B1A5B22C,Carpospiza brachydactyla,Pale Rock-Finch
AVIBASE-B1B0E343,Acanthiza chrysorrhoa,Yellow-rumped Thornbill
AVIBASE-B1EF3E4F,Prionops caniceps,Chestnut-bellied Helmetshrike
AVIBASE-B20CDCE3,Prodotiscus zambesiae,Green-backed Honeyguide
AVIBASE-B20FECE2,Geronticus eremita,Waldrapp
AVIBASE-B21A37E7,Tyto capensis,African Grass-Owl
AVIBASE-B22EAFC8,Acrocephalus dumetorum,Blyth's Reed-Warbler
AVIBASE-B24A13C7,Lamprotornis shelleyi,Shelley's Starling
AVIBASE-B256B785,Coracina longicauda,Hooded Cuckooshrike
AVIBASE-B2725161,Buthraupis montana,Hooded Mountain-Tanager
AVIBASE-B283E332,Acrocephalus arundinaceus,Great Reed-Warbler
AVIBASE-B285E2B0,Apalis thoracica,Bar-throated Apalis
AVIBASE-B2CD184B,Ramphomicron microrhynchum,Purple-backed Thornbill
AVIBASE-B2E6AB9F,Jynx torquilla,Eurasian Wryneck
AVIBASE-B337C841,Turdus grayi,Clay-colored Thrush
AVIBASE-B3461BEC,Onychognathus albirostris,White-billed Starling
AVIBASE-B35771C7,Aulacorhynchus prasinus,Emerald Toucanet
AVIBASE-B38CE692,Ploceus melanogaster,Black-billed Weaver
AVIBASE-B3912692,Emberiza pallasi,Pallas's Bunting
AVIBASE-B3CBAA5C,Climacteris picumnus,Brown Treecreeper
AVIBASE-B3D2C3C5,Cuculus canorus,Common Cuckoo
AVIBASE-B3F9BB06,Tachyeres patachonicus,Flying Steamerduck
AVIBASE-B401C2DD,Aeronautes saxatalis,White-throated Swift
AVIBASE-B4037E8F,Passer simplex,Desert Sparrow
AVIBASE-B40A6BCD,Uraeginthus angolensis,Blue-breasted Cordonbleu
AVIBASE-B418B155,Hirundo angolensis,Angola Swallow
AVIBASE-B41D547B,Charadrius obscurus,Red-breasted Plover
AVIBASE-B42BCB40,Brotogeris versicolurus,Canary-winged Parakeet
AVIBASE-B4A4E4BF,Lagonosticta senegala,Red-billed Firefinch
AVIBASE-B4FFDAC9,Sericornis spilodera,Pale-billed Scrubwren
AVIBASE-B55BADC1,Myrmecocichla nigra,Sooty Chat
AVIBASE-B55D5658,Bubo leucostictus,Akun Eagle-Owl
AVIBASE-B569CB1E,Calothorax pulcher,Beautiful Hummingbird
AVIBASE-B59E1863,Branta canadensis,Canada Goose
AVIBASE-B5AA5952,Cepphus grylle,Black Guillemot
AVIBASE-B5B6EC7B,Cercotrichas leucophrys,Red-backed Scrub-Robin
AVIBASE-B5CE8FAD,Calidris canutus,Red Knot
AVIBASE-B605A049,Ortyxelos meiffrenii,Lark Buttonquail
AVIBASE-B606EC46,Polytelis alexandrae,Alexandra's Parrot
AVIBASE-B60B1166,Regulus calendula,Ruby-crowned Kinglet
AVIBASE-B6353CFD,Nestor meridionalis,New Zealand Kaka
AVIBASE-B6416BD3,Lopholaimus antarcticus,Topknot Pigeon
AVIBASE-B64C1B1D,Calcarius ornatus,Chestnut-collared Longspur
AVIBASE-B655AA73,Elaenia flavogaster,Yellow-bellied Elaenia
AVIBASE-B675E006,Acrocephalus palustris,Marsh Warbler
AVIBASE-B682B2A9,Fulica atra,Common Coot
AVIBASE-B68BD0D2,Cercotrichas galactotes,Rufous-tailed Scrub-Robin
AVIBASE-B690DF97,Loxops coccineus,Akepa
AVIBASE-B6BCAD32,Oriolus monacha,Dark-headed Oriole
AVIBASE-B6EA8FA2,Phyllastrephus poensis,Cameroon Olive-Greenbul
AVIBASE-B6FE975F,Toxorhamphus novaeguineae,Green-crowned Longbill
AVIBASE-B70B5840,Uria lomvia,Thick-billed Murre
AVIBASE-B7159EF0,Anser indicus,Bar-headed Goose
AVIBASE-B720B375,Sporophila torqueola,White-collared Seedeater
AVIBASE-B72DDBE4,Falco longipennis,Australian Hobby
AVIBASE-B731E469,Cracticus nigrogularis,Pied Butcherbird
AVIBASE-B77377EE,Somateria mollissima,Common Eider
AVIBASE-B783AA95,Pomatostomus temporalis,Grey-crowned Babbler
AVIBASE-B78F2D6F,Coereba flaveola,Bananaquit
AVIBASE-B79D6B3D,Hirundo smithii,Wire-tailed Swallow
AVIBASE-B7D7EF23,Gavia pacifica,Pacific Loon
AVIBASE-B7E467E2,Centrocercus urophasianus,Sage Grouse
AVIBASE-B7E68EC8,Limnodromus semipalmatus,Asian Dowitcher
AVIBASE-B7F05102,Neolestes torquatus,Black-collared Bulbul
AVIBASE-B829AC03,Pterodroma inexpectata,Mottled Petrel
AVIBASE-B855F1E4,Anthus hoeschi,Mountain Pipit
AVIBASE-B85B93BB,Merops oreobates,Cinnamon-chested Bee-eater
AVIBASE-B86C504C,Cygnus buccinator,Trumpeter Swan
AVIBASE-B87D744D,Grus americana,Whooping Crane
AVIBASE-B8AE6DAF,Pseudocalyptomena graueri,Grauer's Broadbill
AVIBASE-B8B882AE,Plocepasser rufoscapulatus,Chestnut-backed Sparrow-Weaver
AVIBASE-B8BAD214,Batis diops,Ruwenzori Batis
AVIBASE-B8CA2EEB,Bonasa bonasia,Hazel Grouse
AVIBASE-B8CF5A97,Haematopus unicolor,Variable Oystercatcher
AVIBASE-B8D42059,Cercococcyx montanus,Barred Long-tailed Cuckoo
AVIBASE-B904BB22,Catharus minimus,Grey-cheeked Thrush
AVIBASE-B90C04E9,Stelgidopteryx serripennis,Northern Rough-winged Swallow
AVIBASE-B9104F62,Tmetothylacus tenellus,Golden Pipit
AVIBASE-B92C3566,Lamprotornis pulcher,Chestnut-bellied Starling
AVIBASE-B940CCD5,Anas georgica,Yellow-billed Pintail
AVIBASE-B9669030,Batis fratrum,Zululand Batis
AVIBASE-B9AD5428,Chalybura buffonii,White-vented Plumeleteer
AVIBASE-B9B272F4,Corvus corax,Common Raven
AVIBASE-BA01A793,Vidua chalybeata,Village Indigobird
AVIBASE-BA07D016,Polysticta stelleri,Steller's Eider
AVIBASE-BA12CD7F,Sylvietta rufescens,Cape Crombec
AVIBASE-BA1D64E2,Podargus papuensis,Papuan Frogmouth
AVIBASE-BA33DDD5,Milvago chimachima,Yellow-headed Caracara
AVIBASE-BA3865DD,Cinclosoma cinnamomeum,Cinnamon Quail-thrush
AVIBASE-BA4C8A02,Geothlypis trichas,Common Yellowthroat
AVIBASE-BA6FDF30,Emberizoides herbicola,Wedge-tailed Grass-Finch
AVIBASE-BA8A14D2,Crax rubra,Great Curassow
AVIBASE-BA9191BC,Buteo regalis,Ferruginous Hawk
AVIBASE-BA9F2935,Campylopterus rufus,Rufous Sabrewing
AVIBASE-BAA762A5,Buteogallus meridionalis,Savanna Hawk
AVIBASE-BAA83B0C,Mirafra hypermetra,Red-winged Lark
AVIBASE-BAAC66AF,Columba trocaz,Trocaz Pigeon
AVIBASE-BAAFB1BC,Hirundo megaensis,White-tailed Swallow
AVIBASE-BAC33609,Certhia americana,American Tree-Creeper
AVIBASE-BAE91683,Accipiter ovampensis,Ovampo Sparrowhawk
AVIBASE-BAF44E36,Melanitta fusca,White-winged Scoter
AVIBASE-BB041C6E,Catharacta skua,Great Skua
AVIBASE-BB05D1FC,Cossypha niveicapilla,Snowy-crowned Robin-Chat
AVIBASE-BB11EE7F,Emberiza affinis,Brown-rumped Bunting
AVIBASE-BB1F4BB8,Aprosmictus erythropterus,Red-winged Parrot
AVIBASE-BB29610F,Chloephaga melanoptera,Andean Goose
AVIBASE-BB6B236F,Tyrannus melancholicus,Tropical Kingbird
AVIBASE-BB999943,Pagodroma nivea,Snow Petrel
AVIBASE-BBA263C2,Columba livia,Rock Pigeon
AVIBASE-BBA2F9DF,Tachycineta bicolor,Tree Swallow
AVIBASE-BBA56D2E,Selasphorus flammula,Volcano Hummingbird
AVIBASE-BBDF2F1B,Calidris ruficollis,Rufous-necked Stint
AVIBASE-BC0E4C9F,Locustella naevia,Common Grasshopper-Warbler
AVIBASE-BC5DF5FA,Haematopus leucopodus,Magellanic Oystercatcher
AVIBASE-BC678304,Heliodoxa branickii,Rufous-webbed Brilliant
AVIBASE-BC75EA9A,Estrilda perreini,Black-tailed Waxbill
AVIBASE-BCBD2EAE,Histrionicus histrionicus,Harlequin Duck
AVIBASE-BCCD5840,Gallinago media,Great Snipe
AVIBASE-BCF9A19A,Charadrius vociferus,Killdeer
AVIBASE-BD0914CB,Sitta pygmaea,Pygmy Nuthatch
AVIBASE-BD094FE6,Paradisaea raggiana,Raggiana Bird-of-paradise
AVIBASE-BD2BC35C,Centropus superciliosus,White-browed Coucal
AVIBASE-BD366A8F,Halcyon badia,Chocolate-backed Kingfisher
AVIBASE-BD445FFB,Pharomachrus auriceps,Golden-headed Quetzal
AVIBASE-BD61BDEC,Zonotrichia atricapilla,Golden-crowned Sparrow
AVIBASE-BD7558AD,Clytospiza monteiri,Brown Twinspot
AVIBASE-BD929CBC,Phainopepla nitens,Phainopepla
AVIBASE-BD9A8EF4,Nesocharis shelleyi,Fernando Po Oliveback
AVIBASE-BDBB04D5,Strix varia,Barred Owl
AVIBASE-BDC24A8A,Melanocorypha calandra,Calandra Lark
AVIBASE-BDC5CF80,Sterna paradisaea,Arctic Tern
AVIBASE-BDCB55F1,Syrrhaptes paradoxus,Pallas's Sandgrouse
AVIBASE-BDDB5670,Cygnus cygnus,Whooper Swan
AVIBASE-BDF442F2,Turtur chalcospilos,Emerald-spotted Wood-Dove
AVIBASE-BDFF6CEB,Phlogophilus harterti,Peruvian Piedtail
AVIBASE-BE193EC5,Rhynchostruthus socotranus,Golden-winged Grosbeak
AVIBASE-BE1FE156,Ploceus baglafecht,Baglafecht Weaver
AVIBASE-BE39F927,Glossopsitta concinna,Musk Lorikeet
AVIBASE-BE56C141,Ficedula semitorquata,Semicollared Flycatcher
AVIBASE-BE62734A,Oriolus larvatus,African Black-headed Oriole
AVIBASE-BE7FA465,Leipoa ocellata,Malleefowl
AVIBASE-BE85C81E,Ploceus tricolor,Yellow-mantled Weaver
AVIBASE-BEC2F8B6,Certhilauda curvirostris,Long-billed Lark
AVIBASE-BECA271F,Falco naumanni,Lesser Kestrel
AVIBASE-BED38F50,Setophaga ruticilla,American Redstart
AVIBASE-BED7D8CC,Atlapetes albinucha,White-naped Brush-Finch
AVIBASE-BF1DA86E,Bartramia longicauda,Upland Sandpiper
AVIBASE-BF380B5D,Anthus spragueii,Sprague's Pipit
AVIBASE-BFB1C22E,Acanthagenys rufogularis,Spiny-cheeked Honeyeater
AVIBASE-BFB6CAFA,Basileuterus belli,Golden-browed Warbler
AVIBASE-BFBC73AF,Zenaida asiatica,White-winged Dove
AVIBASE-BFE14290,Scolopax rusticola,Eurasian Woodcock
AVIBASE-BFE74235,Columbina inca,Inca Dove
AVIBASE-BFECF5F8,Sylvia conspicillata,Spectacled Warbler
AVIBASE-BFF3AA65,Indicator exilis,Least Honeyguide
AVIBASE-C00674ED,Phylloscopus bonelli,Bonelli's Warbler
AVIBASE-C00E1EB8,Numenius minutus,Little Curlew
AVIBASE-C013A20E,Perdix perdix,Grey Partridge
AVIBASE-C01A22D6,Dendrocygna autumnalis,Black-bellied Whistling-Duck
AVIBASE-C05BF908,Ceratogymna atrata,Black-casqued Hornbill
AVIBASE-C05CE29C,Polioptila melanura,Black-tailed Gnatcatcher
AVIBASE-C078081E,Haematopus moquini,African Oystercatcher
AVIBASE-C08157E7,Larus pacificus,Pacific Gull
AVIBASE-C08493AF,Cisticola haesitatus,Island Cisticola
AVIBASE-C0998BB9,Ispidina picta,African Pygmy-Kingfisher
AVIBASE-C0A68CA0,Merops pusillus,Little Bee-eater
AVIBASE-C1068510,Merganetta armata,Torrent Duck
AVIBASE-C13861D6,Anthreptes gabonicus,Mouse-brown Sunbird
AVIBASE-C14098B2,Chalcostigma herrani,Rainbow-bearded Thornbill
AVIBASE-C15141A6,Acrocephalus paludicola,Aquatic Warbler
AVIBASE-C1706A8B,Macronectes giganteus,Antarctic Giant-Petrel
AVIBASE-C18EB75E,Psitteuteles versicolor,Varied Lorikeet
AVIBASE-C1A42CCA,Vidua obtusa,Broad-tailed Paradise-Whydah
AVIBASE-C1B352F1,Stactolaema leucotis,White-eared Barbet
AVIBASE-C1DC658F,Peltohyas australis,Inland Dotterel
AVIBASE-C1ED9F86,Callipepla gambelii,Gambel's Quail
AVIBASE-C1EF6940,Cercotrichas paena,Kalahari Scrub-Robin
AVIBASE-C1F82F7A,Porzana fluminea,Australian Crake
AVIBASE-C2018A5D,Surnia ulula,Northern Hawk Owl
AVIBASE-C22FBF8D,Passer montanus,Eurasian Tree Sparrow
AVIBASE-C2521D3C,Emberiza capensis,Cape Bunting
AVIBASE-C25794D5,Selasphorus sasin,Allen's Hummingbird
AVIBASE-C2591EC1,Origma solitaria,Origma
AVIBASE-C25A248F,Melaenornis ardesiacus,Yellow-eyed Black-Flycatcher
AVIBASE-C25F57BD,Sheppardia aequatorialis,Equatorial Akalat
AVIBASE-C26304D6,Himantopus novaezelandiae,Black Stilt
AVIBASE-C29BA985,Cynanthus latirostris,Broad-billed Hummingbird
AVIBASE-C2B68BD8,Melichneutes robustus,Lyre-tailed Honeyguide
AVIBASE-C2E0717C,Cuculus rochii,Madagascar Cuckoo
AVIBASE-C3168495,Vireo bellii,Bell's Vireo
AVIBASE-C3221EE2,Tetrao urogallus,Western Capercaillie
AVIBASE-C3227709,Serinus serinus,European Serin
AVIBASE-C343ED67,Platycercus elegans,Crimson Rosella
AVIBASE-C34E4EF3,Ploceus dorsomaculatus,Yellow-capped Weaver
AVIBASE-C3631CAD,Sericornis keri,Atherton Scrubwren
AVIBASE-C37C527F,Sitta neumayer,Western Rock-Nuthatch
AVIBASE-C38DEB1A,Estrilda kandti,Kandt's Waxbill
AVIBASE-C3AD1AFF,Chaetura pelagica,Chimney Swift
AVIBASE-C3B16DBB,Apalis bamendae,Bamenda Apalis
AVIBASE-C3D7DC15,Gerygone igata,Grey Gerygone
AVIBASE-C3E33FEB,Dromas ardeola,Crab Plover
AVIBASE-C412CD62,Phaethon rubricauda,Red-tailed Tropicbird
AVIBASE-C43C7532,Pitta reichenowi,Green-breasted Pitta
AVIBASE-C46EEE59,Callipepla squamata,Scaled Quail
AVIBASE-C477BEB1,Lybius rubrifacies,Red-faced Barbet
AVIBASE-C49FA9A8,Mirafra rufocinnamomea,Flappet Lark
AVIBASE-C4C9F313,Claravis pretiosa,Blue Ground-Dove
AVIBASE-C4EC6263,Vanellus albiceps,White-headed Lapwing
AVIBASE-C505EA72,Polyboroides typus,African Harrier-Hawk
AVIBASE-C52EFB11,Myadestes lanaiensis,Olomao
AVIBASE-C53C2B2E,Crateroscelis murina,Rusty Mouse-warbler
AVIBASE-C54D2FEE,Prinia bairdii,Banded Prinia
AVIBASE-C5971E25,Calidris ptilocnemis,Rock Sandpiper
AVIBASE-C59DFD44,Laniarius ruficeps,Red-naped Bushshrike
AVIBASE-C5A5486E,Microeca fascinans,Jacky-winter
AVIBASE-C5ACCD75,Acanthorhynchus superciliosus,Western Spinebill
AVIBASE-C5B014E3,Cyrtonyx montezumae,Montezuma Quail
AVIBASE-C5B34740,Crotophaga sulcirostris,Groove-billed Ani
AVIBASE-C5BEA9D9,Trogon elegans,Elegant Trogon
AVIBASE-C5C38D98,Batis molitor,Chinspot Batis
AVIBASE-C5D3CB2A,Halcyon albiventris,Brown-hooded Kingfisher
AVIBASE-C5DF08E7,Laterallus jamaicensis,Black Rail
AVIBASE-C61A821B,Burhinus grallarius,Bush Thick-knee
AVIBASE-C649EA57,Ploceus insignis,Brown-capped Weaver
AVIBASE-C67DCF31,Anous minutus,Black Noddy
AVIBASE-C6833BA9,Baeopogon clamans,White-tailed Greenbul
AVIBASE-C68A31C1,Prunella atrogularis,Black-throated Accentor
AVIBASE-C69E0E28,Anthus lineiventris,Striped Pipit
AVIBASE-C6B5497C,Hesperiphona vespertina,Evening Grosbeak
AVIBASE-C6BB3E17,Orthonyx temminckii,Logrunner
AVIBASE-C6E1197B,Aechmophorus occidentalis,Western Grebe
AVIBASE-C6F33176,Otis tarda,Great Bustard
AVIBASE-C6F9E5EE,Dendropicos elachus,Little Grey Woodpecker
AVIBASE-C732CB10,Anas rubripes,American Black Duck
AVIBASE-C73ED2F5,Recurvirostra avosetta,Pied Avocet
AVIBASE-C76146F3,Vanellus melanocephalus,Spot-breasted Lapwing
AVIBASE-C7708C70,Amblyospiza albifrons,Grosbeak Weaver
AVIBASE-C780C198,Psalidoprocne nitens,Square-tailed Sawwing
AVIBASE-C7888A15,Ardea goliath,Goliath Heron
AVIBASE-C7891867,Pytilia phoenicoptera,Red-winged Pytilia
AVIBASE-C79F1BF8,Egretta sacra,Pacific Reef-Egret
AVIBASE-C7DB323E,Burhinus oedicnemus,Eurasian Thick-knee
AVIBASE-C7F446FC,Cnemophilus loriae,Loria's Bird-of-paradise
AVIBASE-C7FB4E76,Hymenolaimus malacorhynchos,Blue Duck
AVIBASE-C809B2B9,Erithacus rubecula,European Robin
AVIBASE-C86D078E,Agelaius phoeniceus,Red-winged Blackbird
AVIBASE-C8857CC8,Acrocephalus rufescens,Greater Swamp-Warbler
AVIBASE-C8898E88,Tockus monteiri,Monteiro's Hornbill
AVIBASE-C8F9F2D0,Toxostoma rufum,Brown Thrasher
AVIBASE-C90890A3,Sporopipes frontalis,Speckle-fronted Weaver
AVIBASE-C9754B38,Oreopholus ruficollis,Tawny-throated Dotterel
AVIBASE-C976BB55,Melithreptus affinis,Black-headed Honeyeater
AVIBASE-C97A5C39,Anomalospiza imberbis,Parasitic Weaver
AVIBASE-C9A1C773,Tauraco schuettii,Black-billed Turaco
AVIBASE-C9B114BE,Myiodynastes maculatus,Streaked Flycatcher
AVIBASE-C9B244E1,Picathartes oreas,Grey-necked Rockfowl
AVIBASE-C9B4E3D5,Gallinago hardwickii,Latham's Snipe
AVIBASE-C9DFE942,Indicator pumilio,Dwarf Honeyguide
AVIBASE-C9FE7134,Sericornis humilis,Brown Scrubwren
AVIBASE-CA07B8DE,Mirafra angolensis,Angola Lark
AVIBASE-CA0C901A,Anhinga melanogaster,Oriental Darter
AVIBASE-CA34C05A,Falco dickinsoni,Dickinson's Kestrel
AVIBASE-CA4839B2,Ploceus ocularis,Spectacled Weaver
AVIBASE-CA49E4FB,Glycichaera fallax,Green-backed Honeyeater
AVIBASE-CA4D268D,Calonectris diomedea,Cory's Shearwater
AVIBASE-CA5852BE,Gavia arctica,Arctic Loon
AVIBASE-CA742F9D,Macronyx capensis,Cape Longclaw
AVIBASE-CA875F31,Cereopsis novaehollandiae,Cape Barren Goose
AVIBASE-CA9DB79D,Dasyornis broadbenti,Rufous Bristlebird
AVIBASE-CA9E354B,Serinus alario,Black-headed Canary
AVIBASE-CAA5E106,Elanus leucurus,White-tailed Kite
AVIBASE-CAAD3E23,Loxia pytyopsittacus,Parrot Crossbill
AVIBASE-CAFA98EE,Oenanthe leucopyga,White-tailed Wheatear
AVIBASE-CAFBA217,Bostrychia hagedash,Hadada Ibis
AVIBASE-CAFE345D,Coturnix coturnix,Common Quail
AVIBASE-CB10D093,Phalacrocorax punctatus,Spotted Shag
AVIBASE-CB2CE584,Oreonympha nobilis,Bearded Mountaineer
AVIBASE-CB343E43,Limnodromus scolopaceus,Long-billed Dowitcher
AVIBASE-CB4C1514,Cistothorus platensis,Sedge Wren
AVIBASE-CB5469E1,Thryothorus ludovicianus,Carolina Wren
AVIBASE-CB7FB32A,Hirundo atrocaerulea,Blue Swallow
AVIBASE-CB874866,Catharus gracilirostris,Black-billed Nightingale-Thrush
AVIBASE-CB8A9437,Myioborus miniatus,Slate-throated Redstart
AVIBASE-CB8FBD65,Cercococcyx olivinus,Olive Long-tailed Cuckoo
AVIBASE-CBB94183,Oenanthe hispanica,Black-eared Wheatear
AVIBASE-CBC236C2,Ceratogymna elata,Yellow-casqued Hornbill
AVIBASE-CC3C088D,Petroica multicolor,Scarlet Robin
AVIBASE-CC65921F,Buteo rufinus,Long-legged Buzzard
AVIBASE-CC7862AF,Euplectes gierowii,Black Bishop
AVIBASE-CCA7AB2D,Caprimulgus batesi,Bates's Nightjar
AVIBASE-CCC257D0,Monticola explorator,Sentinel Rock-Thrush
AVIBASE-CCCF40F2,Myiagra rubecula,Leaden Flycatcher
AVIBASE-CD18635A,Accipiter tachiro,African Goshawk
AVIBASE-CD2F7C98,Campethera abingoni,Golden-tailed Woodpecker
AVIBASE-CD38DC4D,Metallura theresiae,Coppery Metaltail
AVIBASE-CD65BECB,Turdoides hartlaubii,Angola Babbler
AVIBASE-CD83E49E,Ammoperdix heyi,Sand Partridge
AVIBASE-CD8CB4D4,Melipotes fumigatus,Smoky Honeyeater
AVIBASE-CDBA9E0C,Margarornis squamiger,Pearled Treerunner
AVIBASE-CDC8A3E6,Batis mixta,Short-tailed Batis
AVIBASE-CDDA63E0,Amadina fasciata,Cut-throat
AVIBASE-CDF4A106,Emberiza striolata,House Bunting
AVIBASE-CE04A51B,Macrosphenus kempi,Kemp's Longbill
AVIBASE-CE1CF6FD,Accipiter minullus,Little Sparrowhawk
AVIBASE-CE626FAD,Myiagra alecto,Shining Flycatcher
AVIBASE-CE71B4FF,Turdus torquatus,Ring Ouzel
AVIBASE-CE73EBD7,Ardeola ralloides,Squacco Heron
AVIBASE-CE7D41A6,Motacilla aguimp,African Pied Wagtail
AVIBASE-CE884D49,Caprimulgus stellatus,Star-spotted Nightjar
AVIBASE-CE89BE6D,Metopidius indicus,Bronze-winged Jacana
AVIBASE-CEB500D2,Artamus minor,Little Woodswallow
AVIBASE-CEE16E70,Myzomela erythrocephala,Red-headed Myzomela
AVIBASE-CEEE7367,Caprimulgus poliocephalus,Montane Nightjar
AVIBASE-CEF31CF5,Platycercus adscitus,Pale-headed Rosella
AVIBASE-CF255B3F,Polytelis swainsonii,Superb Parrot
AVIBASE-CF5C013D,Sterna repressa,White-cheeked Tern
AVIBASE-CF70007E,Emberiza buchanani,Grey-necked Bunting
AVIBASE-CF7D71B0,Taeniopygia guttata,Zebra Finch
AVIBASE-CF872D1D,Galbula albirostris,Yellow-billed Jacamar
AVIBASE-CFA062CB,Klais guimeti,Violet-headed Hummingbird
AVIBASE-CFAA6365,Vireo nelsoni,Dwarf Vireo
AVIBASE-CFB9E213,Accipiter novaehollandiae,Grey Goshawk
AVIBASE-CFC74E20,Ploceus princeps,Principe Golden-Weaver
AVIBASE-CFDC57C6,Colius colius,White-backed Mousebird
AVIBASE-CFFD1491,Tympanuchus pallidicinctus,Lesser Prairie-chicken
AVIBASE-D0203B65,Malimbus malimbicus,Crested Malimbe
AVIBASE-D029B521,Apalis karamojae,Karamoja Apalis
AVIBASE-D040868F,Nettapus pulchellus,Green Pygmy-goose
AVIBASE-D05FFEF7,Aechmophorus clarkii,Clark's Grebe
AVIBASE-D06D4369,Conopophila rufogularis,Rufous-throated Honeyeater
AVIBASE-D08193E0,Hypocolius ampelinus,Grey Hypocolius
AVIBASE-D083BB3F,Chlorocichla flaviventris,Yellow-bellied Greenbul
AVIBASE-D083C7B8,Poliolais lopezi,White-tailed Warbler
AVIBASE-D083CE58,Zavattariornis stresemanni,Stresemann's Bush-Crow
AVIBASE-D090A8A4,Calyptorhynchus lathami,Glossy Black-Cockatoo
AVIBASE-D0A0845A,Acanthiza lineata,Striated Thornbill
AVIBASE-D0EAD8A3,Mirafra collaris,Collared Lark
AVIBASE-D0FA8EBE,Vanellus coronatus,Crowned Lapwing
AVIBASE-D1069C26,Falco punctatus,Mauritius Kestrel
AVIBASE-D10CAC5D,Balearica regulorum,Grey Crowned-Crane
AVIBASE-D120D5A0,Turdus pilaris,Fieldfare
AVIBASE-D13C5D60,Heliangelus exortis,Tourmaline Sunangel
AVIBASE-D15675EE,Myiagra inquieta,Restless Flycatcher
AVIBASE-D16D486D,Actophilornis africanus,African Jacana
AVIBASE-D17D101A,Melopsittacus undulatus,Budgerigar
AVIBASE-D194C523,Telophorus zeylonus,Bokmakierie Bushshrike
AVIBASE-D1B9D410,Geocolaptes olivaceus,Ground Woodpecker
AVIBASE-D1C1A026,Emberiza flaviventris,African Golden-breasted Bunting
AVIBASE-D1D9B619,Caprimulgus donaldsoni,Donaldson-Smith's Nightjar
AVIBASE-D1EF4402,Sylvia deserticola,Tristram's Warbler
AVIBASE-D1F738F4,Dendropicos stierlingi,Stierling's Woodpecker
AVIBASE-D1FC2D6B,Nucifraga columbiana,Clark's Nutcracker
AVIBASE-D1FFB474,Phoeniculus bollei,White-headed Woodhoopoe
AVIBASE-D209A90C,Apus affinis,Little Swift
AVIBASE-D2459CC0,Basileuterus melanogenys,Black-cheeked Warbler
AVIBASE-D24C5470,Ailuroedus crassirostris,Green Catbird
AVIBASE-D2718676,Campethera tullbergi,Tullberg's Woodpecker
AVIBASE-D2854489,Riparia paludicola,Plain Martin
AVIBASE-D295D249,Oceanites oceanicus,Wilson's Storm-Petrel
AVIBASE-D2AFD39B,Melierax metabates,Dark Chanting-Goshawk
AVIBASE-D2CAA18B,Falco alopex,Fox Kestrel
AVIBASE-D2E2AE57,Nestor notabilis,Kea
AVIBASE-D2E8BF1B,Arcanator orostruthus,Dapple-throat
AVIBASE-D2EDC42A,Lagonosticta umbrinodorsalis,Reichenow's Firefinch
AVIBASE-D2F157E4,Lichenostomus cratitius,Purple-gaped Honeyeater
AVIBASE-D2F97D13,Anas bahamensis,White-cheeked Pintail
AVIBASE-D307C9A0,Calcarius pictus,Smith's Longspur
AVIBASE-D30DC715,Estrilda troglodytes,Black-rumped Waxbill
AVIBASE-D3220040,Prunella montanella,Siberian Accentor
AVIBASE-D324ED7D,Jacana jacana,Wattled Jacana
AVIBASE-D3390C6C,Speculipastor bicolor,Magpie Starling
AVIBASE-D348C2D6,Vanellus gregarius,Sociable Lapwing
AVIBASE-D3624203,Limnothlypis swainsonii,Swainson's Warbler
AVIBASE-D370EC58,Pterophanes cyanopterus,Great Sapphirewing
AVIBASE-D3766504,Petroica phoenicea,Flame Robin
AVIBASE-D3A260BC,Anser caerulescens,Snow Goose
AVIBASE-D3A5B317,Atrichornis clamosus,Noisy Scrub-bird
AVIBASE-D3AA7BB0,Rhodopis vesper,Oasis Hummingbird
AVIBASE-D3B1A98B,Cisticola robustus,Stout Cisticola
AVIBASE-D3D367E9,Ducula concinna,Elegant Imperial-Pigeon
AVIBASE-D3D4D1B7,Chlorocichla simplex,Simple Greenbul
AVIBASE-D3ECED63,Ocreatus underwoodii,Booted Racket-tail
AVIBASE-D41EDD2E,Buteo augur,Augur Buzzard
AVIBASE-D4263C69,Anas flavirostris,Speckled Teal
AVIBASE-D44B2846,Alectoris barbara,Barbary Partridge
AVIBASE-D44EE47D,Agapornis swindernianus,Black-collared Lovebird
AVIBASE-D4540F88,Plegadis falcinellus,Glossy Ibis
AVIBASE-D46EE5F8,Eremomela flavicrissalis,Yellow-vented Eremomela
AVIBASE-D4866EAE,Oriolus auratus,African Golden-Oriole
AVIBASE-D4A066EA,Sarothrura affinis,Striped Flufftail
AVIBASE-D4A73324,Tringa solitaria,Solitary Sandpiper
AVIBASE-D4C32F8E,Corvus monedula,Eurasian Jackdaw
AVIBASE-D4F0437E,Bradypterus sylvaticus,Knysna Scrub-Warbler
AVIBASE-D4F9B273,Nectarinia kilimensis,Bronze Sunbird
AVIBASE-D50BD34B,Psephotus haematonotus,Red-rumped Parrot
AVIBASE-D514DE80,Platycercus icterotis,Western Rosella
AVIBASE-D51A7B9A,Sericornis citreogularis,Yellow-throated Scrubwren
AVIBASE-D531B5D3,Vanellus tectus,Black-headed Lapwing
AVIBASE-D552A818,Junco phaeonotus,Yellow-eyed Junco
AVIBASE-D56ABB4E,Glareola pratincola,Collared Pratincole
AVIBASE-D5703E7A,Lamprotornis acuticaudus,Sharp-tailed Glossy-Starling
AVIBASE-D57E208D,Psophodes nigrogularis,Western Whipbird
AVIBASE-D5846D2A,Tauraco fischeri,Fischer's Turaco
AVIBASE-D5A35997,Phyllastrephus baumanni,Baumann's Olive-Greenbul
AVIBASE-D5BF7D2F,Turdoides reinwardtii,Blackcap Babbler
AVIBASE-D6040531,Amazilia candida,White-bellied Emerald
AVIBASE-D621FFC6,Phalaenoptilus nuttallii,Common Poorwill
AVIBASE-D666062A,Phaethornis bourcieri,Straight-billed Hermit
AVIBASE-D6ACB361,Acanthiza iredalei,Slender-billed Thornbill
AVIBASE-D6B9FCEC,Pachycephala melanura,Black-tailed Whistler
AVIBASE-D6BFC73A,Tringa totanus,Common Redshank
AVIBASE-D6C2BFD2,Apalis alticola,Brown-headed Apalis
AVIBASE-D6C393EC,Certhionyx variegatus,Pied Honeyeater
AVIBASE-D6C5E52E,Cincloramphus mathewsi,Rufous Songlark
AVIBASE-D6D77AFA,Acanthiza nana,Yellow Thornbill
AVIBASE-D6F5D224,Stenostira scita,Fairy Warbler
AVIBASE-D74437DE,Cisticola galactotes,Winding Cisticola
AVIBASE-D74BA965,Micrathene whitneyi,Elf Owl
AVIBASE-D754DB85,Dendrocopos major,Great Spotted Woodpecker
AVIBASE-D76AC221,Brachycope anomala,Bob-tailed Weaver
AVIBASE-D77E4B41,Turdus migratorius,American Robin
AVIBASE-D78D24B9,Aphelocoma coerulescens,Florida Jay
AVIBASE-D78E94DF,Polytmus guainumbi,White-tailed Goldenthroat
AVIBASE-D793DF5A,Acrocephalus stentoreus,Clamorous Reed-Warbler
AVIBASE-D7A55FB3,Spizocorys obbiensis,Obbia Lark
AVIBASE-D7F9C6B5,Poicephalus senegalus,Senegal Parrot
AVIBASE-D828B84D,Haematopus longirostris,Pied Oystercatcher
AVIBASE-D86848D4,Cacomantis flabelliformis,Fan-tailed Cuckoo
AVIBASE-D86EAD92,Hemitesia neumanni,Neumann's Warbler
AVIBASE-D89E4A2C,Haematopus fuliginosus,Sooty Oystercatcher
AVIBASE-D8A24A3E,Egretta rufescens,Reddish Egret
AVIBASE-D8A51184,Anthus melindae,Malindi Pipit
AVIBASE-D8B8C2B9,Icterus pectoralis,Spot-breasted Oriole
AVIBASE-D8BFA987,Macrosphenus kretschmeri,Kretschmer's Longbill
AVIBASE-D8E67602,Ploceus heuglini,Heuglin's Masked-Weaver
AVIBASE-D8F2F78B,Passer eminibey,Chestnut Sparrow
AVIBASE-D91BCC1B,Nectarinia johnstoni,Red-tufted Sunbird
AVIBASE-D929EB21,Turdus philomelos,Song Thrush
AVIBASE-D93548A7,Diomedea amsterdamensis,Amsterdam Island Albatross
AVIBASE-D94752EA,Paroreomyza montana,Maui Creeper
AVIBASE-D9638667,Scythrops novaehollandiae,Channel-billed Cuckoo
AVIBASE-D97F93CC,Vireo griseus,White-eyed Vireo
AVIBASE-D9B001DF,Nucifraga caryocatactes,Spotted Nutcracker
AVIBASE-D9B11F63,Peneothello cyanus,Blue-grey Robin
AVIBASE-D9BAB142,Eclectus roratus,Eclectus Parrot
AVIBASE-D9DEA77E,Tadorna cana,South African Shelduck
AVIBASE-D9E58EA7,Grafisia torquata,White-collared Starling
AVIBASE-D9EBF49B,Heliangelus amethysticollis,Amethyst-throated Sunangel
AVIBASE-DA2072A7,Apalis nigriceps,Black-capped Apalis
AVIBASE-DA29B24C,Galerida malabarica,Malabar Lark
AVIBASE-DA2B7379,Batis capensis,Cape Batis
AVIBASE-DA3AD600,Oreopsar bolivianus,Bolivian Blackbird
AVIBASE-DA492C3A,Conopophila whitei,Grey Honeyeater
AVIBASE-DA51102A,Phalacrocorax sulcirostris,Little Black Cormorant
AVIBASE-DA66F809,Mirafra rufa,Rusty Lark
AVIBASE-DA9746CE,Emberiza rustica,Rustic Bunting
AVIBASE-DAC72D07,Malurus cyaneus,Superb Fairywren
AVIBASE-DACF7A98,Empidonax wrightii,Grey Flycatcher
AVIBASE-DAE4C523,Macheiramphus alcinus,Bat Hawk
AVIBASE-DAF8F22B,Numenius madagascariensis,Far Eastern Curlew
AVIBASE-DB09507D,Centropus grillii,Black Coucal
AVIBASE-DB2501EE,Lanius excubitor,Northern Shrike
AVIBASE-DB376A66,Accipiter nisus,Eurasian Sparrowhawk
AVIBASE-DB422AD0,Telespiza ultima,Nihoa Finch
AVIBASE-DB4998D1,Passer gongonensis,Parrot-billed Sparrow
AVIBASE-DB59BA9E,Oenanthe bottae,Botta's Wheatear
AVIBASE-DB5D1D17,Elminia albicauda,White-tailed Blue-Flycatcher
AVIBASE-DB5DABCF,Geococcyx californianus,Greater Roadrunner
AVIBASE-DB67DB1F,Procellaria parkinsoni,Black Petrel
AVIBASE-DB6DC76D,Cyanocorax sanblasianus,San Blas Jay
AVIBASE-DB9CC87F,Trichoglossus haematodus,Rainbow Lorikeet
AVIBASE-DBAB527C,Passer rufocinctus,Kenya Rufous-Sparrow
AVIBASE-DBBB162B,Oriolus nigripennis,Black-winged Oriole
AVIBASE-DBCC8B86,Colluricincla boweri,Bower's Shrike-thrush
AVIBASE-DBF66606,Anas castanea,Chestnut Teal
AVIBASE-DBF8D184,Emberiza bruniceps,Red-headed Bunting
AVIBASE-DC00AA16,Climacteris erythrops,Red-browed Treecreeper
AVIBASE-DC3050A9,Arenaria interpres,Ruddy Turnstone
AVIBASE-DC456636,Camaroptera brachyura,Green-backed Camaroptera
AVIBASE-DC65FCE7,Dendrocygna arborea,West Indian Whistling-Duck
AVIBASE-DCBCCEB8,Sagittarius serpentarius,Secretarybird
AVIBASE-DCC3878A,Platycercus caledonicus,Green Rosella
AVIBASE-DCDD1BCA,Hippolais polyglotta,Melodious Warbler
AVIBASE-DD4B0562,Artamus cinereus,Black-faced Woodswallow
AVIBASE-DD741082,Phyllastrephus icterinus,Icterine Greenbul
AVIBASE-DD7B1DD7,Centropus cupreicaudus,Coppery-tailed Coucal
AVIBASE-DD7C4C78,Columba albitorques,White-collared Pigeon
AVIBASE-DDAF0666,Zonotrichia querula,Harris's Sparrow
AVIBASE-DDC2CC92,Oena capensis,Namaqua Dove
AVIBASE-DDC4CBBB,Ducula whartoni,Christmas Island Imperial-Pigeon
AVIBASE-DDCF894E,Threnetes ruckeri,Band-tailed Barbthroat
AVIBASE-DDD6C145,Vireo carmioli,Yellow-winged Vireo
AVIBASE-DDE5A01E,Vanellus duvaucelii,River Lapwing
AVIBASE-DDE78CC9,Hemignathus wilsoni,Akiapolaau
AVIBASE-DDEF7228,Streptopelia vinacea,Vinaceous Dove
AVIBASE-DDFB54DB,Recurvirostra novaehollandiae,Red-necked Avocet
AVIBASE-DDFC6B2B,Amazonetta brasiliensis,Brazilian Teal
AVIBASE-DE0A72A7,Cursorius cursor,Cream-colored Courser
AVIBASE-DE127941,Turnix melanogaster,Black-breasted Buttonquail
AVIBASE-DE1D2DF4,Rallus aquaticus,Water Rail
AVIBASE-DE21A6BE,Cardinalis sinuatus,Pyrrhuloxia
AVIBASE-DE36D3BD,Tockus deckeni,Von der Decken's Hornbill
AVIBASE-DE3D9993,Melanocharis versteri,Fan-tailed Berrypecker
AVIBASE-DE473F42,Buteo swainsoni,Swainson's Hawk
AVIBASE-DE78C792,Corvus mellori,Little Raven
AVIBASE-DE849BDB,Cinclus leucocephalus,White-capped Dipper
AVIBASE-DEAF523A,Platalea regia,Royal Spoonbill
AVIBASE-DEBCA587,Corythaixoides concolor,Grey Go-away-bird
AVIBASE-DEC3D8D0,Archilochus colubris,Ruby-throated Hummingbird
AVIBASE-DEE6CC4D,Dryoscopus sabini,Large-billed Puffback
AVIBASE-DEE88DF6,Passer melanurus,Mossie
AVIBASE-DEEC38A7,Neophema chrysostoma,Blue-winged Parrot
AVIBASE-DEF58D26,Amytornis goyderi,Eyrean Grasswren
AVIBASE-DF0759C0,Ploceus jacksoni,Golden-backed Weaver
AVIBASE-DF32B1F9,Egretta gularis,Western Reef-Egret
AVIBASE-DF425A48,Amytornis barbatus,Grey Grasswren
AVIBASE-DF9A1A25,Phylidonyris novaehollandiae,New Holland Honeyeater
AVIBASE-DFC5A27D,Phyllolais pulchella,Buff-bellied Warbler
AVIBASE-DFCFAB2A,Vidua orientalis,Northern Paradise-Whydah
AVIBASE-DFD1EAF6,Lalage tricolor,White-winged Triller
AVIBASE-DFF4AD06,Myiarchus nugator,Grenada Flycatcher
AVIBASE-E025D440,Chordeiles gundlachii,Antillean Nighthawk
AVIBASE-E034D9D9,Cryptospiza reichenovii,Red-faced Crimson-wing
AVIBASE-E05608A4,Macronyx grimwoodi,Grimwood's Longclaw
AVIBASE-E05A96F3,Glaucidium tephronotum,Red-chested Owlet
AVIBASE-E069A0BB,Ploceus intermedius,Lesser Masked Weaver
AVIBASE-E09F7223,Myrmecocichla aethiops,Northern Anteater-Chat
AVIBASE-E0A04985,Myiarchus cinerascens,Ash-throated Flycatcher
AVIBASE-E0BC6A2E,Ortalis motmot,Little Chachalaca
AVIBASE-E0D3E4C1,Scotopelia bouvieri,Vermiculated Fishing-Owl
AVIBASE-E0D521B7,Ceuthmochares aereus,Yellowbill
AVIBASE-E0DEB0E7,Chloephaga poliocephala,Ashy-headed Goose
AVIBASE-E0ED3A27,Lybius undatus,Banded Barbet
AVIBASE-E0EE1B89,Agelastes meleagrides,White-breasted Guineafowl
AVIBASE-E10D0809,Passer griseus,Grey-headed Sparrow
AVIBASE-E11D6D66,Onychognathus walleri,Waller's Starling
AVIBASE-E15225F1,Platysteira cyanea,Brown-throated Wattle-eye
AVIBASE-E1559C49,Acrocephalus melanopogon,Moustached Warbler
AVIBASE-E16B2C03,Fringilla montifringilla,Brambling
AVIBASE-E1714A09,Aix galericulata,Mandarin Duck
AVIBASE-E1936846,Drymocichla incana,Red-winged Grey Warbler
AVIBASE-E1CBB1C2,Anthus petrosus,Rock Pipit
AVIBASE-E1EE00F7,Agapornis fischeri,Fischer's Lovebird
AVIBASE-E1F0E4B5,Tauraco leucotis,White-cheeked Turaco
AVIBASE-E1F6A875,Glareola nordmanni,Black-winged Pratincole
AVIBASE-E1F9123B,Sterna striata,White-fronted Tern
AVIBASE-E2014696,Icterus spurius,Orchard Oriole
AVIBASE-E211621B,Serinus nigriceps,Abyssinian Siskin
AVIBASE-E22B8495,Phylloscopus umbrovirens,Brown Woodland-Warbler
AVIBASE-E23F6DE0,Spizella pusilla,Field Sparrow
AVIBASE-E251911A,Sephanoides fernandensis,Juan Fernandez Firecrown
AVIBASE-E26391B5,Neophema splendida,Scarlet-chested Parrot
AVIBASE-E274D1BF,Syma torotoro,Yellow-billed Kingfisher
AVIBASE-E27AFD14,Malimbus nitens,Gray's Malimbe
AVIBASE-E27EEDC5,Prionops scopifrons,Chestnut-fronted Helmetshrike
AVIBASE-E2817DAE,Ciconia nigra,Black Stork
AVIBASE-E281D783,Bradornis microrhynchus,Large Flycatcher
AVIBASE-E294BEED,Laniarius turatii,Turati's Boubou
AVIBASE-E29D7FB9,Sitta krueperi,Krueper's Nuthatch
AVIBASE-E2A19474,Circus aeruginosus,Western Marsh-Harrier
AVIBASE-E2D2CB88,Emberiza melanocephala,Black-headed Bunting
AVIBASE-E2E3F3F4,Passer insularis,Socotra Sparrow
AVIBASE-E2E76345,Sericornis beccarii,Beccari's Scrubwren
AVIBASE-E2FB8C49,Poeoptera lugubris,Narrow-tailed Starling
AVIBASE-E359D080,Zosterops vaughani,Pemba White-eye
AVIBASE-E37F25F7,Poicephalus rueppellii,Rueppell's Parrot
AVIBASE-E386D2EB,Nicator vireo,Yellow-throated Nicator
AVIBASE-E3893615,Aethia pygmaea,Whiskered Auklet
AVIBASE-E39FD99C,Cacatua leadbeateri,Pink Cockatoo
AVIBASE-E3C780D6,Caprimulgus tristigma,Freckled Nightjar
AVIBASE-E43CCCA6,Forpus passerinus,Green-rumped Parrotlet
AVIBASE-E44FAD6F,Corvinella corvina,Yellow-billed Shrike
AVIBASE-E45D9EB2,Urocolius macrourus,Blue-naped Mousebird
AVIBASE-E4968582,Lanius cristatus,Brown Shrike
AVIBASE-E4A62726,Cincloramphus cruralis,Brown Songlark
AVIBASE-E4C4AC31,Melithreptus lunatus,White-naped Honeyeater
AVIBASE-E4EE9AC4,Corvus corone,Carrion Crow
AVIBASE-E548C5FC,Pachycephala schlegelii,Regent Whistler
AVIBASE-E565F8E6,Guira guira,Guira Cuckoo
AVIBASE-E57A8704,Vireo modestus,Jamaican Vireo
AVIBASE-E58A7C97,Turnix pyrrhothorax,Red-chested Buttonquail
AVIBASE-E5CA98CA,Macrosphenus concolor,Grey Longbill
AVIBASE-E5DF48FC,Dendropicos goertae,Grey Woodpecker
AVIBASE-E5FAABD0,Phalacrocorax varius,Pied Cormorant
AVIBASE-E60E9E28,Acanthiza katherina,Mountain Thornbill
AVIBASE-E60F7093,Vidua togoensis,Togo Paradise-Whydah
AVIBASE-E617A8C3,Pyrenestes sanguineus,Crimson Seedcracker
AVIBASE-E6239363,Anthoscopus minutus,Southern Penduline-Tit
AVIBASE-E627D25F,Penelopina nigra,Highland Guan
AVIBASE-E6393B15,Columba malherbii,Sao Tome Bronze-naped Pigeon
AVIBASE-E6536E4E,Larus dominicanus,Kelp Gull
AVIBASE-E6576A8D,Turdoides jardineii,Arrow-marked Babbler
AVIBASE-E6629C69,Anthus brachyurus,Short-tailed Pipit
AVIBASE-E6A0D208,Baeopogon indicator,Honeyguide Greenbul
AVIBASE-E6BD3258,Oenanthe pileata,Capped Wheatear
AVIBASE-E6C3FA67,Serinus canicollis,Cape Canary
AVIBASE-E6C6F746,Oenanthe isabellina,Isabelline Wheatear
AVIBASE-E6D08CA4,Philemon meyeri,Meyer's Friarbird
AVIBASE-E6D52EF7,Trachyphonus darnaudii,D'Arnaud's Barbet
AVIBASE-E6DC5DA1,Merops bulocki,Red-throated Bee-eater
AVIBASE-E6E4F15D,Ploceus albinucha,Maxwell's Black Weaver
AVIBASE-E6F3BA54,Phalaropus lobatus,Red-necked Phalarope
AVIBASE-E72166BD,Ploceus xanthopterus,Southern Brown-throated Weaver
AVIBASE-E75BA92C,Sarothrura elegans,Buff-spotted Flufftail
AVIBASE-E75ECF62,Eremalauda dunni,Dunn's Lark
AVIBASE-E7755BD1,Hirundo albigularis,White-throated Swallow
AVIBASE-E78D263C,Muscicapa sethsmithi,Yellow-footed Alseonax
AVIBASE-E7C9A1F5,Melanerpes lewis,Lewis's Woodpecker
AVIBASE-E7FB486F,Ninox connivens,Barking Owl
AVIBASE-E826E9F3,Larus marinus,Great Black-backed Gull
AVIBASE-E83D45A6,Dicrurus ludwigii,Square-tailed Drongo
AVIBASE-E866F8FA,Toxostoma bendirei,Bendire's Thrasher
AVIBASE-E8A10389,Platysteira albifrons,White-fronted Wattle-eye
AVIBASE-E8AA9E1C,Ploceus cucullatus,Village Weaver
AVIBASE-E8DEABBD,Onychognathus salvadorii,Bristle-crowned Starling
AVIBASE-E8E9C26D,Ninox novaeseelandiae,Morepork
AVIBASE-E8F03B18,Apalis porphyrolaema,Chestnut-throated Apalis
AVIBASE-E90CC64A,Lanius nubicus,Masked Shrike
AVIBASE-E90F598E,Lesbia victoriae,Black-tailed Trainbearer
AVIBASE-E9125492,Afropavo congensis,Congo Peafowl
AVIBASE-E91C72D9,Leucosarcia melanoleuca,Wonga Pigeon
AVIBASE-E91E287A,Falco subbuteo,Eurasian Hobby
AVIBASE-E92F543E,Toxostoma guttatum,Cozumel Thrasher
AVIBASE-E93960AB,Stictonetta naevosa,Freckled Duck
AVIBASE-E93A0F33,Caprimulgus fraenatus,Sombre Nightjar
AVIBASE-E988F1D5,Alauda gulgula,Oriental Skylark
AVIBASE-E9C20F6C,Heliangelus viola,Purple-throated Sunangel
AVIBASE-E9C26F0E,Peltops montanus,Mountain Peltops
AVIBASE-E9DF118E,Pelagodroma marina,White-faced Storm-Petrel
AVIBASE-EA151AD8,Zosterops lateralis,Silvereye
AVIBASE-EA26AF30,Malimbus racheliae,Rachel's Malimbe
AVIBASE-EA283BA8,Laniarius fuelleborni,Fuelleborn's Boubou
AVIBASE-EA2C460A,Ardeola idae,Madagascar Pond-Heron
AVIBASE-EA326EA2,Corvus albicollis,White-necked Raven
AVIBASE-EA348366,Polyonymus caroli,Bronze-tailed Comet
AVIBASE-EA4D6C0B,Buteo lineatus,Red-shouldered Hawk
AVIBASE-EA4FB522,Spizaetus ornatus,Ornate Hawk-Eagle
AVIBASE-EA55CA27,Hirundapus caudacutus,White-throated Needletail
AVIBASE-EA5E858A,Euphagus cyanocephalus,Brewer's Blackbird
AVIBASE-EA749CEC,Fraseria cinerascens,White-browed Forest-Flycatcher
AVIBASE-EA9FC4C7,Atrichornis rufescens,Rufous Scrub-bird
AVIBASE-EAB686DF,Pardalotus quadragintus,Forty-spotted Pardalote
AVIBASE-EAD14427,Catherpes mexicanus,Canyon Wren
AVIBASE-EADB2314,Apalis flavida,Yellow-breasted Apalis
AVIBASE-EAE77D96,Uraeginthus bengalus,Red-cheeked Cordonbleu
AVIBASE-EAE93DF4,Pomatostomus halli,Hall's Babbler
AVIBASE-EAEEA093,Molothrus aeneus,Bronzed Cowbird
AVIBASE-EB01B24C,Plectropterus gambensis,Spur-winged Goose
AVIBASE-EB0CD5DC,Vireo cassinii,Cassin's Vireo
AVIBASE-EB1D2D33,Phaethornis koepckeae,Koepcke's Hermit
AVIBASE-EB2CB5F5,Laniarius amboimensis,Gabela Bushshrike
AVIBASE-EB8F11B5,Thalurania furcata,Fork-tailed Woodnymph
AVIBASE-EB98812F,Accipiter cooperii,Cooper's Hawk
AVIBASE-EB9A19BE,Rhipidura rufiventris,Northern Fantail
AVIBASE-EB9B653A,Tersina viridis,Swallow Tanager
AVIBASE-EBA9F2C4,Sarothrura boehmi,Streaky-breasted Flufftail
AVIBASE-EBACA7A4,Coracina novaehollandiae,Black-faced Cuckooshrike
AVIBASE-EBD3129B,Bubo lacteus,Verreaux's Eagle-Owl
AVIBASE-EBD8C251,Rallina tricolor,Red-necked Crake
AVIBASE-EBE56736,Thescelocichla leucopleura,Swamp Greenbul
AVIBASE-EC0E680F,Accipiter rufiventris,Rufous-chested Sparrowhawk
AVIBASE-EC514143,Eulabeornis castaneoventris,Chestnut Rail
AVIBASE-EC7C1618,Nettapus auritus,African Pygmy-goose
AVIBASE-EC92E98D,Anas gibberifrons,Sunda Teal
AVIBASE-EC9D7A78,Myiobius barbatus,Sulphur-rumped Flycatcher
AVIBASE-ECA64B18,Progne chalybea,Grey-breasted Martin
AVIBASE-ECC32BD0,Spizella atrogularis,Black-chinned Sparrow
AVIBASE-ECC3F122,Anthus leucophrys,Plain-backed Pipit
AVIBASE-ECC40D44,Amandava subflava,Zebra Waxbill
AVIBASE-ECCFBEB5,Pinarornis plumosus,Boulder Chat
AVIBASE-ECD1267B,Passer iagoensis,Iago Sparrow
AVIBASE-ECD2AB67,Alethe diademata,White-tailed Alethe
AVIBASE-ECDD6FE6,Leucippus baeri,Tumbes Hummingbird
AVIBASE-ECDFEAF6,Ploceus nicolli,Usambara Weaver
AVIBASE-ECFC7E6C,Phylloscopus borealis,Arctic Warbler
AVIBASE-ECFF22D2,Anthus similis,Long-billed Pipit
AVIBASE-ED1DDABB,Pachyptila turtur,Fairy Prion
AVIBASE-ED259007,Tyto alba,Barn Owl
AVIBASE-ED2AC04E,Alauda arvensis,Eurasian Skylark
AVIBASE-ED5A7E8F,Pernis apivorus,European Honey-buzzard
AVIBASE-ED663165,Haematopus ostralegus,Eurasian Oystercatcher
AVIBASE-ED7D6741,Chloroceryle americana,Green Kingfisher
AVIBASE-ED9EE880,Bradypterus baboecala,African Bush-Warbler
AVIBASE-EDA37B7C,Charadrius hiaticula,Common Ringed Plover
AVIBASE-EDB18078,Branta sandvicensis,Nene
AVIBASE-EDB4BBA6,Dryocopus martius,Black Woodpecker
AVIBASE-EDB84334,Cuculus clamosus,Black Cuckoo
AVIBASE-EDCAC4EA,Amazilia beryllina,Berylline Hummingbird
AVIBASE-EDE3A983,Laniarius brauni,Orange-breasted Bushshrike
AVIBASE-EDEE3E5C,Promerops gurneyi,Gurney's Sugarbird
AVIBASE-EE344F3D,Chaetops frenatus,Rufous Rock-jumper
AVIBASE-EE61E2CA,Gallinago stenura,Pintail Snipe
AVIBASE-EE68233F,Smithornis sharpei,Grey-headed Broadbill
AVIBASE-EE8206E7,Muscicapa striata,Spotted Flycatcher
AVIBASE-EEA161A8,Pogoniulus scolopaceus,Speckled Tinkerbird
AVIBASE-EEC520B0,Tauraco macrorhynchus,Yellow-billed Turaco
AVIBASE-EECB2AB2,Gerygone modesta,Norfolk Island Gerygone
AVIBASE-EEDB8253,Columba arquatrix,African Olive-Pigeon
AVIBASE-EF18C1EC,Arremonops rufivirgatus,Olive Sparrow
AVIBASE-EF23B33C,Pezopetes capitalis,Large-footed Finch
AVIBASE-EF2F3A05,Phalacrocorax capillatus,Japanese Cormorant
AVIBASE-EF47E15D,Quiscalus major,Boat-tailed Grackle
AVIBASE-EF534053,Rhipidura threnothorax,Sooty Thicket-Fantail
AVIBASE-EF5ED87B,Ploceus katangae,Katanga Masked-Weaver
AVIBASE-EF930CDC,Larus ichthyaetus,Great Black-headed Gull
AVIBASE-EF9568DE,Falco rufigularis,Bat Falcon
AVIBASE-EFA53F7D,Catharus occidentalis,Russet Nightingale-Thrush
AVIBASE-F002188E,Larus argentatus,Herring Gull
AVIBASE-F0258298,Cynanthus sordidus,Dusky Hummingbird
AVIBASE-F029489A,Vanellus vanellus,Northern Lapwing
AVIBASE-F03BE6C3,Tricholaema melanocephala,Black-throated Barbet
AVIBASE-F07B8BD1,Scotopelia ussheri,Rufous Fishing-Owl
AVIBASE-F09720C2,Leucippus taczanowskii,Spot-throated Hummingbird
AVIBASE-F0C6A985,Pseudochelidon eurystomina,African River-Martin
AVIBASE-F16E99A0,Pycnoptilus floccosus,Pilotbird
AVIBASE-F188F8C8,Melaenornis edolioides,Northern Black-Flycatcher
AVIBASE-F1A4B955,Bias musicus,Black-and-white Shrike-flycatcher
AVIBASE-F1CCA0AA,Tricholaema lacrymosa,Spot-flanked Barbet
AVIBASE-F1F52036,Mergellus albellus,Smew
AVIBASE-F2024545,Corvus ruficollis,Brown-necked Raven
AVIBASE-F219499B,Myiopagis viridicata,Greenish Elaenia
AVIBASE-F21DB41D,Pomatostomus superciliosus,White-browed Babbler
AVIBASE-F22CCF78,Mirafra pulpa,Friedmann's Lark
AVIBASE-F22D0759,Amazilia lactea,Sapphire-spangled Emerald
AVIBASE-F231A8EA,Phlogophilus hemileucurus,Ecuadorian Piedtail
AVIBASE-F234B7E3,Campethera cailliautii,Green-backed Woodpecker
AVIBASE-F23A2F38,Acridotheres tristis,Common Myna
AVIBASE-F254EE2D,Batis minulla,Angola Batis
AVIBASE-F2858F9F,Egretta garzetta,Little Egret
AVIBASE-F28E3EB8,Pteronetta hartlaubii,Hartlaub's Duck
AVIBASE-F2A2FB6A,Cacatua tenuirostris,Long-billed Corella
AVIBASE-F2B3BF2A,Pygoscelis papua,Gentoo Penguin
AVIBASE-F2B72743,Conopophila albogularis,Rufous-banded Honeyeater
AVIBASE-F2C7AA06,Onychognathus tenuirostris,Slender-billed Starling
AVIBASE-F2CB69EC,Nyctidromus albicollis,Pauraque
AVIBASE-F2CEFD1A,Lanius collurio,Red-backed Shrike
AVIBASE-F2D16DB6,Zosterops minor,Black-fronted White-eye
AVIBASE-F30FC757,Amandava amandava,Red Avadavat
AVIBASE-F32AC037,Vireo latimeri,Puerto Rican Vireo
AVIBASE-F35821AA,Calidris pusilla,Semipalmated Sandpiper
AVIBASE-F3715F7B,Pterocles lichtensteinii,Lichtenstein's Sandgrouse
AVIBASE-F375B25B,Passer swainsonii,Swainson's Sparrow
AVIBASE-F385D521,Lalage atrovirens,Black-browed Triller
AVIBASE-F3B84E07,Corvus cryptoleucus,Chihuahuan Raven
AVIBASE-F3BFBAD7,Glaucidium capense,African Barred Owlet
AVIBASE-F3CCFC18,Haliaeetus leucoryphus,Pallas's Sea-Eagle
AVIBASE-F3D1150D,Apalis chirindensis,Chirinda Apalis
AVIBASE-F3D74914,Somateria spectabilis,King Eider
AVIBASE-F3DA111C,Falco columbarius,Merlin
AVIBASE-F3E41C51,Myzomela sanguinolenta,Scarlet Myzomela
AVIBASE-F3E9CE95,Cettia cetti,Cetti's Warbler
AVIBASE-F3FC656C,Melanodryas vittata,Dusky Robin
AVIBASE-F40197D6,Ploceus bojeri,Golden Palm Weaver
AVIBASE-F401ECCF,Hirundo lucida,Red-chested Swallow
AVIBASE-F44BD4BE,Anthoscopus caroli,African Penduline-Tit
AVIBASE-F4829920,Scolopax minor,American Woodcock
AVIBASE-F4A5EA23,Chiroxiphia linearis,Long-tailed Manakin
AVIBASE-F4EE41F5,Toxostoma crissale,Crissal Thrasher
AVIBASE-F4F49CCB,Ortalis vetula,Plain Chachalaca
AVIBASE-F500EA53,Nectarinia bocagii,Bocage's Sunbird
AVIBASE-F504C8DE,Macronectes halli,Hall's Giant-Petrel
AVIBASE-F5145338,Rhinoptilus chalcopterus,Bronze-winged Courser
AVIBASE-F51C1C4A,Megaceryle maxima,Giant Kingfisher
AVIBASE-F5388B5E,Tyrannus dominicensis,Grey Kingbird
AVIBASE-F550D7D6,Cisticola bulliens,Bubbling Cisticola
AVIBASE-F558C7F9,Circus cyaneus,Northern Harrier
AVIBASE-F56A73BF,Falco cuvierii,African Hobby
AVIBASE-F57ECDC5,Vireo altiloquus,Black-whiskered Vireo
AVIBASE-F5837054,Empidonax minimus,Least Flycatcher
AVIBASE-F58AF0FB,Camaroptera chloronota,Olive-green Camaroptera
AVIBASE-F59448B7,Tympanuchus cupido,Greater Prairie-chicken
AVIBASE-F59AB6B3,Pelecanus occidentalis,Brown Pelican
AVIBASE-F5C74C92,Garrodia nereis,Grey-backed Storm-Petrel
AVIBASE-F5D22166,Charadrius tricollaris,Three-banded Plover
AVIBASE-F5DE9155,Pterocles exustus,Chestnut-bellied Sandgrouse
AVIBASE-F5E8A0CE,Lathamus discolor,Swift Parrot
AVIBASE-F5E92B22,Vanellus spinosus,Spur-winged Lapwing
AVIBASE-F6555990,Amalocichla incerta,Lesser Ground-robin
AVIBASE-F65B55BD,Rhipidura leucophrys,Willie-wagtail
AVIBASE-F69C1AC7,Petroica macrocephala,Tomtit
AVIBASE-F6B72EAF,Gallinago solitaria,Solitary Snipe
AVIBASE-F6C75582,Eupherusa cyanophrys,Blue-capped Hummingbird
AVIBASE-F6CA75F0,Contopus sordidulus,Western Wood-Pewee
AVIBASE-F6D547B2,Aquila rapax,Tawny Eagle
AVIBASE-F6DBAE37,Erythrocercus livingstonei,Livingstone's Flycatcher
AVIBASE-F6DF700B,Oreoscoptes montanus,Sage Thrasher
AVIBASE-F6E72DBC,Sheppardia montana,Usambara Akalat
AVIBASE-F71E0BE6,Alectoris rufa,Red-legged Partridge
AVIBASE-F729393B,Euschistospiza cinereovinacea,Dusky Twinspot
AVIBASE-F755440B,Aphelocephala nigricincta,Banded Whiteface
AVIBASE-F774B577,Macronyx aurantiigula,Pangani Longclaw
AVIBASE-F7932185,Lanius somalicus,Somali Fiscal
AVIBASE-F7937349,Fratercula cirrhata,Tufted Puffin
AVIBASE-F7A3FA35,Acryllium vulturinum,Vulturine Guineafowl
AVIBASE-F7B9355E,Larus audouinii,Audouin's Gull
AVIBASE-F7D5320E,Vanellus crassirostris,Long-toed Lapwing
AVIBASE-F7D5C201,Cisticola rufilatus,Grey Cisticola
AVIBASE-F8041931,Quelea erythrops,Red-headed Quelea
AVIBASE-F8104BC1,Criniger calurus,Red-tailed Bulbul
AVIBASE-F81EB049,Remiz pendulinus,Eurasian Penduline-Tit
AVIBASE-F840409E,Hyliota australis,Southern Hyliota
AVIBASE-F845062F,Dolichonyx oryzivorus,Bobolink
AVIBASE-F8469E3F,Cisticola bodessa,Boran Cisticola
AVIBASE-F84E1C1E,Mohoua ochrocephala,Yellowhead
AVIBASE-F85BEEB4,Gyps coprotheres,Cape Griffon
AVIBASE-F8748F12,Petronia petronia,Rock Sparrow
AVIBASE-F8885790,Prinia gracilis,Graceful Prinia
AVIBASE-F8ADA760,Dicrurus hottentottus,Hair-crested Drongo
AVIBASE-F8B6EC31,Thamnolaea cinnamomeiventris,Mocking Cliff-Chat
AVIBASE-F8C0016A,Anthochaera carunculata,Red Wattlebird
AVIBASE-F8DDF6A6,Vireo flavifrons,Yellow-throated Vireo
AVIBASE-F8E58273,Phaethornis syrmatophorus,Tawny-bellied Hermit
AVIBASE-F8F6B795,Hirundo neoxena,Welcome Swallow
AVIBASE-F9031A09,Campephaga flava,Black Cuckoo-shrike
AVIBASE-F9305BAA,Numenius phaeopus,Whimbrel
AVIBASE-F936B680,Cisticola tinniens,Tinkling Cisticola
AVIBASE-F93AC929,Callipepla californica,California Quail
AVIBASE-F945FBE3,Melidectes torquatus,Ornate Melidectes
AVIBASE-F9541556,Cracticus mentalis,Black-backed Butcherbird
AVIBASE-F9A59545,Tauraco ruspolii,Ruspoli's Turaco
AVIBASE-F9AED548,Columbina passerina,Common Ground-Dove
AVIBASE-F9BBBC1F,Gallinago andina,Puna Snipe
AVIBASE-F9CEDB91,Chiroxiphia pareola,Blue-backed Manakin
AVIBASE-F9E192E8,Psalidoprocne fuliginosa,Mountain Sawwing
AVIBASE-F9E46CF4,Sephanoides sephaniodes,Green-backed Firecrown
AVIBASE-F9F5CAB0,Alcedo semitorquata,Half-collared Kingfisher
AVIBASE-F9FA8D6B,Cisticola textrix,Tink-tink Cisticola
AVIBASE-F9FB0226,Ploceus castanops,Northern Brown-throated Weaver
AVIBASE-FA137697,Phyllastrephus debilis,Tiny Greenbul
AVIBASE-FA1CAD29,Tachymarptis melba,Alpine Swift
AVIBASE-FA2F9125,Upupa epops,Eurasian Hoopoe
AVIBASE-FA36ABE5,Strix nebulosa,Great Grey Owl
AVIBASE-FA5A25B2,Neochen jubata,Orinoco Goose
AVIBASE-FA7A6D02,Tchagra jamesi,Three-streaked Tchagra
AVIBASE-FA91B53C,Crateroscelis nigrorufa,Bicolored Mouse-warbler
AVIBASE-FA9F6019,Apus caffer,White-rumped Swift
AVIBASE-FAFA576B,Nectarinia tacazze,Tacazze Sunbird
AVIBASE-FB02DD96,Larus ridibundus,Common Black-headed Gull
AVIBASE-FB1C44D5,Serinus pusillus,Fire-fronted Serin
AVIBASE-FB313820,Eopsaltria australis,Yellow Robin
AVIBASE-FB47A4AE,Atlapetes pileatus,Rufous-capped Brush-Finch
AVIBASE-FB4D08F0,Rissa tridactyla,Black-legged Kittiwake
AVIBASE-FB4FCB27,Larus glaucoides,Iceland Gull
AVIBASE-FB5103C9,Pluvianellus socialis,Magellanic Plover
AVIBASE-FB719320,Oenanthe xanthoprymna,Rufous-tailed Wheatear
AVIBASE-FB738385,Bucephala albeola,Bufflehead
AVIBASE-FB740D14,Cisticola natalensis,Croaking Cisticola
AVIBASE-FB9305DB,Numenius borealis,Eskimo Curlew
AVIBASE-FBDAE86A,Anhinga anhinga,Anhinga
AVIBASE-FBDCA962,Cisticola brachypterus,Siffling Cisticola
AVIBASE-FBED1927,Parabuteo unicinctus,Harris's Hawk
AVIBASE-FBF86EEA,Taphrospilus hypostictus,Many-spotted Hummingbird
AVIBASE-FC0A1D95,Eremophila alpestris,Horned Lark
AVIBASE-FC1BE879,Kakamega poliothorax,Grey-chested Illadopsis
AVIBASE-FC366114,Bubo virginianus,Great Horned Owl
AVIBASE-FC3D07C6,Lagopus lagopus,Willow Ptarmigan
AVIBASE-FC4D40D2,Asio otus,Long-eared Owl
AVIBASE-FC54497E,Neochmia ruficauda,Star Finch
AVIBASE-FC6C191F,Ploceus vitellinus,Vitelline Masked-Weaver
AVIBASE-FC79EB47,Galerida cristata,Crested Lark
AVIBASE-FC8137F0,Hylopezus perspicillatus,Spectacled Antpitta
AVIBASE-FC9E06A0,Myiarchus tyrannulus,Brown-crested Flycatcher
AVIBASE-FCA9F934,Chlorocichla falkensteini,Yellow-necked Greenbul
AVIBASE-FCDA4F09,Calandrella cinerea,Red-capped Lark
AVIBASE-FCF07F05,Scotocerca inquieta,Streaked Scrub-Warbler
AVIBASE-FCF63BDD,Myiarchus antillarum,Puerto Rican Flycatcher
AVIBASE-FD2456D5,Dromaius novaehollandiae,Emu
AVIBASE-FD2B0309,Plegadis chihi,White-faced Ibis
AVIBASE-FD2FEFFD,Histurgops ruficauda,Rufous-tailed Weaver
AVIBASE-FD3EA943,Campethera bennettii,Bennett's Woodpecker
AVIBASE-FD516092,Macropygia amboinensis,Slender-billed Cuckoo-Dove
AVIBASE-FD5DACEE,Camptostoma imberbe,Northern Beardless-Tyrannulet
AVIBASE-FDA2E4A3,Polemaetus bellicosus,Martial Eagle
AVIBASE-FDA8873B,Turnix suscitator,Barred Buttonquail
AVIBASE-FDAEA60A,Nymphicus hollandicus,Cockatiel
AVIBASE-FDECE3B9,Cinclus cinclus,White-throated Dipper
AVIBASE-FE03DD1E,Malacorhynchus membranaceus,Pink-eared Duck
AVIBASE-FEA56E91,Saxicola dacotiae,Canary Islands Chat
AVIBASE-FEB566B5,Dicrurus bracteatus,Spangled Drongo
AVIBASE-FED3756C,Haliaeetus leucocephalus,Bald Eagle
AVIBASE-FED5AED5,Acrocephalus schoenobaenus,Sedge Warbler
AVIBASE-FED91A1F,Pagophila eburnea,Ivory Gull
AVIBASE-FEDDD1F2,Haliastur sphenurus,Whistling Kite
AVIBASE-FF1439E4,Tadorna tadornoides,Australian Shelduck
AVIBASE-FF2AF138,Tauraco leucolophus,White-crested Turaco
AVIBASE-FF34508D,Chlorostilbon canivetii,Fork-tailed Emerald
AVIBASE-FF41B79F,Cuculus poliocephalus,Lesser Cuckoo
AVIBASE-FF6C3B9C,Larosterna inca,Inca Tern
AVIBASE-FF79A533,Apus horus,Horus Swift
AVIBASE-FFBDC7E3,Gerygone chrysogaster,Yellow-bellied Gerygone
AVIBASE-00635FF9,Dryocopus pileatus,Pileated Woodpecker
AVIBASE-02BE4F8A,Eupodotis ruficrista,Red-crested Bustard
AVIBASE-031AC7C9,Neocossyphus fraseri,Rufous Flycatcher-Thrush
AVIBASE-03E74ADD,Lybius minor,Black-backed Barbet
AVIBASE-0405CA69,Pachyphantes superciliosus,Compact Weaver
AVIBASE-05793C3E,Artamus leucorynchus,White-breasted Woodswallow
AVIBASE-058A126E,Phaeochroa cuvierii,Scaly-breasted Hummingbird
AVIBASE-06D9A2C8,Milvus migrans,Black Kite
AVIBASE-087C279E,Chrysococcyx osculans,Black-eared Cuckoo
AVIBASE-0AC6CF82,Indicator conirostris,Thick-billed Honeyguide
AVIBASE-0B136C63,Aphelocoma insularis,Santa Cruz Jay
AVIBASE-118ACEB7,Phedina brazzae,Brazza's Martin
AVIBASE-19268395,Chrysococcyx lucidus,Shining Bronze-Cuckoo
AVIBASE-199B6280,Eupodotis vigorsii,Karoo Bustard
AVIBASE-1A279952,Ptilinopus magnificus,Wompoo Fruit-Dove
AVIBASE-1BF89BB6,Eupodotis humilis,Little Brown Bustard
AVIBASE-1E1E7878,Chrysuronia oenone,Golden-tailed Sapphire
AVIBASE-231FD09E,Cercotrichas signata,Brown Scrub-Robin
AVIBASE-25C26AB9,Cossypha polioptera,Grey-winged Robin-Chat
AVIBASE-2AA4BC58,Corythaixoides leucogaster,White-bellied Go-away-bird
AVIBASE-2D806122,Calyptorhynchus baudinii,White-tailed Black-Cockatoo
AVIBASE-34E27C2A,Acrocephalus baeticatus,African Reed-Warbler
AVIBASE-3703187C,Telophorus multicolor,Many-colored Bushshrike
AVIBASE-3AB36AF8,Platysteira concreta,Yellow-bellied Wattle-eye
AVIBASE-409B6E6A,Pachycephala simplex,Brown Whistler
AVIBASE-413503AF,Microeca griseoceps,Yellow-legged Flyrobin
AVIBASE-439FE608,Lybius bidentatus,Double-toothed Barbet
AVIBASE-4568986F,Stactolaema olivacea,Green Barbet
AVIBASE-4746C823,Microeca papuana,Canary Flyrobin
AVIBASE-4EF0FE4A,Paradisaea rudolphi,Blue Bird-of-paradise
AVIBASE-5369EE11,Platysteira blissetti,Red-cheeked Wattle-eye
AVIBASE-538A9CA7,Pica nuttalli,Yellow-billed Magpie
AVIBASE-549BEA0C,Padda oryzivora,Java Sparrow
AVIBASE-56790B57,Buccanodon duchaillui,Yellow-spotted Barbet
AVIBASE-5A358E52,Aplonis metallica,Metallic Starling
AVIBASE-5CE2F0DC,Telophorus nigrifrons,Black-fronted Bushshrike
AVIBASE-60FE17E8,Trachyphonus purpuratus,Yellow-billed Barbet
AVIBASE-61C34487,Hylacola pyrrhopygia,Chestnut-rumped Hylacola
AVIBASE-63CF0D74,Cossypha anomala,Olive-flanked Robin-Chat
AVIBASE-67E55116,Thraupis sayaca,Sayaca Tanager
AVIBASE-6A984F97,Thamnolaea semirufa,White-winged Cliff-Chat
AVIBASE-6AEC3F15,Cracticus quoyi,Black Butcherbird
AVIBASE-6B089785,Mirafra cantillans,Singing Lark
AVIBASE-6B1CFC3C,Psittacula krameri,Rose-ringed Parakeet
AVIBASE-6E682612,Coracina pectoralis,White-breasted Cuckooshrike
AVIBASE-712C7EA0,Cercotrichas leucosticta,Forest Scrub-Robin
AVIBASE-724266B4,Lybius melanopterus,Brown-breasted Barbet
AVIBASE-732D08C3,Gallirallus philippensis,Buff-banded Rail
AVIBASE-77FE6CF2,Eremomela salvadorii,Salvadori's Eremomela
AVIBASE-7A3818D8,Lybius rolleti,Black-breasted Barbet
AVIBASE-89A9E67C,Telophorus olivaceus,Olive Bushshrike
AVIBASE-8C461E3F,Threskiornis molucca,Australian Ibis
AVIBASE-8CC7216A,Phoeniculus castaneiceps,Forest Woodhoopoe
AVIBASE-8CFA2604,Cercotrichas barbata,Miombo Scrub-Robin
AVIBASE-8D562259,Platysteira castanea,Chestnut Wattle-eye
AVIBASE-8F3D1E6F,Eupodotis savilei,Savile's Bustard
AVIBASE-91248B47,Chrysococcyx basalis,Horsfield's Bronze-Cuckoo
AVIBASE-92908926,Cercotrichas quadrivirgata,Bearded Scrub-Robin
AVIBASE-946E4517,Anser cygnoides,Swan Goose
AVIBASE-94932CDC,Cossypha humeralis,White-throated Robin-Chat
AVIBASE-9551D3F3,Psephotus chrysopterygius,Golden-shouldered Parrot
AVIBASE-968D57F9,Eupodotis gindiana,Buff-crested Bustard
AVIBASE-96D9A285,Cossypha archeri,Archer's Robin-Chat
AVIBASE-9C8CCBA3,Chrysococcyx minutillus,Little Bronze-Cuckoo
AVIBASE-A2D6E35A,Gallirallus sylvestris,Lord Howe Rail
AVIBASE-A38BABE1,Cossypha caffra,Cape Robin-Chat
AVIBASE-AB8E1D95,Caprimulgus nigriscapularis,Black-shouldered Nightjar
AVIBASE-AD6BFD7E,Psilorhinus morio,Brown Jay
AVIBASE-AEF9E7D3,Streptopelia chinensis,Spotted Dove
AVIBASE-AFD6FD81,Luscinia svecica,Bluethroat
AVIBASE-B1AABA96,Philodice bryantae,Magenta-throated Woodstar
AVIBASE-B2D6AB06,Streptopelia senegalensis,Laughing Dove
AVIBASE-B3031527,Lybius dubius,Bearded Barbet
AVIBASE-B507381B,Hylocharis chrysura,Gilded Hummingbird
AVIBASE-B933D557,Calyptorhynchus latirostris,Slender-billed Black-Cockatoo
AVIBASE-BBC51216,Caprimulgus binotatus,Brown Nightjar
AVIBASE-BC6C3CCE,Anas crecca,Common Teal
AVIBASE-BD49DB46,Haematopus bachmani,Black Oystercatcher
AVIBASE-C7B05F46,Coracina caesia,Grey Cuckooshrike
AVIBASE-C84BD649,Eupodotis afra,Black Bustard
AVIBASE-CEEE7367,Caprimulgus ruwenzorii,Ruwenzori Nightjar
AVIBASE-D3B4EDA8,Ptiloris magnificus,Magnificent Riflebird
AVIBASE-D543132B,Himantopus mexicanus,Black-necked Stilt
AVIBASE-D64491E4,Cercococcyx mechowi,Dusky Long-tailed Cuckoo
AVIBASE-D6485237,Caprimulgus europaeus,Eurasian Nightjar
AVIBASE-D8D10F2C,Garrulus glandarius,Eurasian Jay
AVIBASE-DA3F921A,Platysteira tonsa,White-spotted Wattle-eye
AVIBASE-DB856F78,Cossypha isabellae,Mountain Robin-Chat
AVIBASE-E12284B8,Psephotus dissimilis,Hooded Parrot
AVIBASE-E3EDF6CC,Psephotus varius,Mulga Parrot
AVIBASE-E6DFA707,Calyptorhynchus funereus,Yellow-tailed Black-Cockatoo
AVIBASE-E781F61C,Phyllastrephus scandens,Leaf-love
AVIBASE-EE40DDB6,Columba larvata,Lemon Dove
AVIBASE-EF5EDE6D,Telophorus bocagei,Grey-green Bushshrike
AVIBASE-EFCDB0EC,Thraupis episcopus,Blue-grey Tanager
AVIBASE-F3DCCA8F,Telophorus sulfureopectus,Sulphur-breasted Bushshrike
AVIBASE-F5B2C19F,Eopsaltria georgiana,White-breasted Robin
AVIBASE-F87556C7,Eopsaltria pulverulenta,Mangrove Robin
AVIBASE-FC943B05,Vanellus cayanus,Pied Lapwing
AVIBASE-FD1036BD,Microeca flavovirescens,Olive Flyrobin
AVIBASE-0059A2E0,Nectarinia senegalensis,Scarlet-chested Sunbird
AVIBASE-015542ED,Lioptilus nigricapillus,Blackcap Mountain-Babbler
AVIBASE-02B06535,Nectarinia violacea,Orange-breasted Sunbird
AVIBASE-02D73B4A,Francolinus harwoodi,Harwood's Francolin
AVIBASE-03561EAE,Parula gutturalis,Flame-throated Warbler
AVIBASE-03C0F97C,Leptoptilos crumeniferus,Marabou Stork
AVIBASE-04B43245,Oceanodroma homochroa,Ashy Storm-Petrel
AVIBASE-05336066,Hylophilus aurantiifrons,Golden-fronted Greenlet
AVIBASE-0595E528,Amazilia saucerrottei,Steely-vented Hummingbird
AVIBASE-05A3EE36,Francolinus castaneicollis,Chestnut-naped Francolin
AVIBASE-05BC1F90,Zoothera oberlaenderi,Oberlaender's Ground-Thrush
AVIBASE-05DDE8C1,Phalacrocorax urile,Red-faced Cormorant
AVIBASE-0759A4FB,Alcedo cristata,Malachite Kingfisher
AVIBASE-07A42F4E,Francolinus nahani,Nahan's Francolin
AVIBASE-0802ADF1,Andropadus montanus,Cameroon Greenbul
AVIBASE-0866195D,Phalacrocorax ranfurlyi,Bounty Islands Shag
AVIBASE-09A0F2EB,Crecopsis egregia,African Crake
AVIBASE-0A14882F,Limicola falcinellus,Broad-billed Sandpiper
AVIBASE-0B325B7F,Andropadus curvirostris,Plain Greenbul
AVIBASE-0B397CB0,Carduelis flammea,Common Redpoll
AVIBASE-0B4F3AA2,Anthreptes pallidigaster,Amani Sunbird
AVIBASE-0B5B5E28,Serinus totta,Cape Siskin
AVIBASE-0B8AF41F,Anas sibilatrix,Chiloe Wigeon
AVIBASE-0B9E1A38,Salpornis spilonotus,Spotted Tree-Creeper
AVIBASE-0BFCAE79,Picoides borealis,Red-cockaded Woodpecker
AVIBASE-0C6603A9,Meliphaga montana,Forest Honeyeater
AVIBASE-0CB2A17A,Coturnix ypsilophora,Brown Quail
AVIBASE-0CCD664D,Tockus nasutus,African Grey Hornbill
AVIBASE-0CEB2DA6,Serinus donaldsoni,Abyssinian Grosbeak-Canary
AVIBASE-0E599E6C,Anas cyanoptera,Cinnamon Teal
AVIBASE-0EA1D390,Francolinus albogularis,White-throated Francolin
AVIBASE-0EA5F2E1,Andropadus ansorgei,Ansorge's Greenbul
AVIBASE-0EB07C12,Dendroica occidentalis,Hermit Warbler
AVIBASE-0F6A5DD6,Oceanodroma castro,Band-rumped Storm-Petrel
AVIBASE-0F81304F,Ammodramus maritimus,Seaside Sparrow
AVIBASE-10C601D3,Dendroica castanea,Bay-breasted Warbler
AVIBASE-10E5B18E,Cercomela melanura,Blackstart
AVIBASE-115CB3F4,Serinus gularis,Streaky-headed Seedeater
AVIBASE-11CF8C9A,Aphriza virgata,Surfbird
AVIBASE-123A0473,Thraupis bonariensis,Blue-and-yellow Tanager
AVIBASE-1350773F,Cinnyricinclus femoralis,Abbott's Starling
AVIBASE-136451CF,Dendroica dominica,Yellow-throated Warbler
AVIBASE-13967506,Aenigmatolimnas marginalis,Striped Crake
AVIBASE-13B373F3,Tadorna radjah,Radjah Shelduck
AVIBASE-142E4CB7,Lonchura cucullata,Bronze Munia
AVIBASE-148F0B01,Amaurornis flavirostra,Black Crake
AVIBASE-149499C6,Oceanodroma melania,Black Storm-Petrel
AVIBASE-14CFB78A,Macronyx fuellebornii,Fuelleborn's Longclaw
AVIBASE-1529CCF1,Parula pitiayumi,Tropical Parula
AVIBASE-15EB3000,Wilsonia citrina,Hooded Warbler
AVIBASE-15EE0D36,Anas penelope,Eurasian Wigeon
AVIBASE-1611F295,Anthreptes collaris,Collared Sunbird
AVIBASE-166CD440,Parus ater,Coal Tit
AVIBASE-167C67BA,Dioptrornis brunneus,Angola Slaty-Flycatcher
AVIBASE-169B483C,Serinus mozambicus,Yellow-fronted Canary
AVIBASE-17310BF0,Sterna albifrons,Little Tern
AVIBASE-174BFAB6,Estrilda caerulescens,Lavender Waxbill
AVIBASE-17DEACED,Cercomela tractrac,Tractrac Chat
AVIBASE-183E5F90,Vermivora ruficapilla,Nashville Warbler
AVIBASE-184A6A8E,Parus cyanus,Azure Tit
AVIBASE-192FC14D,Strix virgata,Mottled Owl
AVIBASE-1939B2C8,Hylocharis eliciae,Blue-throated Goldentail
AVIBASE-1A0096F2,Oporornis philadelphia,Mourning Warbler
AVIBASE-1A09655B,Caprimulgus vociferus,Whip-poor-will
AVIBASE-1A289D90,Parus leuconotus,White-backed Tit
AVIBASE-1A6C6F17,Hippolais caligata,Booted Warbler
AVIBASE-1A941EF8,Phalacrocorax atriceps,Imperial Shag
AVIBASE-1AC599C5,Coracina tenuirostris,Slender-billed Cicadabird
AVIBASE-1AED683B,Riparia cincta,Banded Martin
AVIBASE-1AF3034A,Pseudalaemon fremantlii,Short-tailed Lark
AVIBASE-1B11690B,Francolinus squamatus,Scaly Francolin
AVIBASE-1B29AD28,Nectarinia seimundi,Little Green Sunbird
AVIBASE-1B2A6386,Picoides pubescens,Downy Woodpecker
AVIBASE-1BE5E2E3,Pitta erythrogaster,Red-bellied Pitta
AVIBASE-1BF907B6,Otus flammeolus,Flammulated Owl
AVIBASE-1C525B4A,Xanthomyza phrygia,Regent Honeyeater
AVIBASE-1C713394,Pipra erythrocephala,Golden-headed Manakin
AVIBASE-1C941B1C,Dendroica pharetra,Arrowhead Warbler
AVIBASE-1CA37CDE,Parus rufiventris,Rufous-bellied Tit
AVIBASE-1CBC2DDE,Serinus whytii,Yellow-browed Seedeater
AVIBASE-1D1BD2CA,Horizorhinus dohrni,Dohrn's Flycatcher
AVIBASE-1DEA5DEA,Nectarinia thomensis,Sao Tome Sunbird
AVIBASE-1E82CE1E,Dendroica magnolia,Magnolia Warbler
AVIBASE-1EA575E0,Phalacrocorax magellanicus,Rock Shag
AVIBASE-1F09CCCC,Wilsonia pusilla,Wilson's Warbler
AVIBASE-1F21FFE9,Nectarinia cuprea,Copper Sunbird
AVIBASE-1FDA0172,Tockus alboterminatus,Crowned Hornbill
AVIBASE-20C06F73,Francolinus ochropectus,Ochre-breasted Francolin
AVIBASE-213C212A,Acrocephalus aedon,Thick-billed Warbler
AVIBASE-214FC464,Certhilauda erythrochlamys,Dune Lark
AVIBASE-21616639,Francolinus africanus,Grey-winged Francolin
AVIBASE-216207A9,Heteromirafra sidamoensis,Sidamo Lark
AVIBASE-21E0ADE5,Hirundo fuligula,Rock Martin
AVIBASE-235F0000,Tockus pallidirostris,Pale-billed Hornbill
AVIBASE-238953D9,Serinus citrinipectus,Lemon-breasted Seedeater
AVIBASE-23BEFB19,Nectarinia fuliginosa,Carmelite Sunbird
AVIBASE-23FEF54E,Tockus hartlaubi,Black Dwarf Hornbill
AVIBASE-24208346,Sturnus roseus,Rosy Starling
AVIBASE-2624054E,Coracias naevia,Rufous-crowned Roller
AVIBASE-294A70CC,Serinus albogularis,White-throated Canary
AVIBASE-297C0D49,Megalurus gramineus,Little Grassbird
AVIBASE-2A5C6788,Hylocharis xantusii,Xantus's Hummingbird
AVIBASE-2A86F9C9,Spizella arborea,American Tree Sparrow
AVIBASE-2B543348,Manucodia keraudrenii,Trumpet Manucode
AVIBASE-2BC547FD,Parula superciliosa,Crescent-chested Warbler
AVIBASE-2C9B6D93,Pipilo aberti,Abert's Towhee
AVIBASE-2CE418F2,Picoides scalaris,Ladder-backed Woodpecker
AVIBASE-2D0ED462,Ardea picata,Pied Heron
AVIBASE-2D0ED462,Ardea picata,Pied Heron
AVIBASE-2D822644,Pogoniulus coryphaeus,Western Green-Tinkerbird
AVIBASE-2D827450,Cyanocompsa cyanoides,Blue-black Grosbeak
AVIBASE-2DABF98F,Philomachus pugnax,Ruff
AVIBASE-2E2DE0B6,Nectarinia rubescens,Green-throated Sunbird
AVIBASE-2F6AB5CF,Speirops melanocephalus,Cameroon Speirops
AVIBASE-2FC5C397,Sturnus sturninus,Purple-backed Starling
AVIBASE-30384990,Serinus tristriatus,Brown-rumped Seedeater
AVIBASE-303DD648,Eupodotis rueppellii,Rueppell's Bustard
AVIBASE-30785911,Mesophoyx intermedia,Intermediate Egret
AVIBASE-3160A924,Hirundo cucullata,Greater Striped-Swallow
AVIBASE-32635892,Carduelis cannabina,Eurasian Linnet
AVIBASE-336CB959,Tockus bradfieldi,Bradfield's Hornbill
AVIBASE-3413C42C,Andropadus virens,Little Greenbul
AVIBASE-34CC9FA8,Lichenostomus fuscus,Fuscous Honeyeater
AVIBASE-34D5B04D,Porzana pusilla,Baillon's Crake
AVIBASE-352A5391,Eremalauda starki,Stark's Lark
AVIBASE-35BD0745,Nectarinia ludovicensis,Montane Double-collared Sunbird
AVIBASE-361AC269,Grus paradisea,Blue Crane
AVIBASE-36A24C79,Nectarinia cyanolaema,Blue-throated Brown Sunbird
AVIBASE-36C7BFDE,Falco araea,Seychelles Kestrel
AVIBASE-36D2C0CD,Nectarinia habessinica,Shining Sunbird
AVIBASE-373E54E6,Dioptrornis chocolatinus,Abyssinian Slaty-Flycatcher
AVIBASE-375BAF53,Nectarinia pulchella,Beautiful Sunbird
AVIBASE-3809131C,Dioptrornis fischeri,White-eyed Slaty-Flycatcher
AVIBASE-3814F5D0,Parus afer,Grey Tit
AVIBASE-38963CAC,Grus carunculatus,Wattled Crane
AVIBASE-3A3C62BC,Tryngites subruficollis,Buff-breasted Sandpiper
AVIBASE-3A5FE639,Francolinus swierstrai,Swierstra's Francolin
AVIBASE-3AC46C54,Phalacrocorax auritus,Double-crested Cormorant
AVIBASE-3B26A7B2,Oenanthe monticola,Mountain Wheatear
AVIBASE-3B3A6911,Muscicapa caerulescens,Ashy Alseonax
AVIBASE-3B3C39F1,Calyptocichla serina,Golden Greenbul
AVIBASE-3BD58F08,Eudynamys taitensis,Long-tailed Koel
AVIBASE-3C570F2E,Lichenostomus versicolor,Varied Honeyeater
AVIBASE-3C8E84A6,Chlorocichla flavicollis,Yellow-throated Greenbul
AVIBASE-3D25568A,Francolinus psilolaemus,Moorland Francolin
AVIBASE-3D3EF8AC,Nectarinia johannae,Johanna's Sunbird
AVIBASE-3E7F825D,Sterna fuscata,Sooty Tern
AVIBASE-3E8BDBBA,Carduelis johannis,Warsangli Linnet
AVIBASE-3EAF578D,Francolinus icterorhynchus,Heuglin's Francolin
AVIBASE-3F9E1C51,Sterna elegans,Elegant Tern
AVIBASE-3FC8CA50,Eurynorhynchus pygmeus,Spoonbill Sandpiper
AVIBASE-400B3679,Melanocorypha leucoptera,White-winged Lark
AVIBASE-402E7401,Eupodotis hartlaubii,Hartlaub's Bustard
AVIBASE-40781028,Lamprotornis corruscus,Black-bellied Glossy-Starling
AVIBASE-41062654,Parula americana,Northern Parula
AVIBASE-4168AF09,Dendroica fusca,Blackburnian Warbler
AVIBASE-418C7CCB,Oriolus brachyrhynchus,Western Black-headed Oriole
AVIBASE-419003AD,Coracina montana,Black-bellied Cuckooshrike
AVIBASE-42478D2D,Parus cinerascens,Ashy Tit
AVIBASE-427683B4,Nectarinia fusca,Dusky Sunbird
AVIBASE-430D8437,Meliphaga gracilis,Graceful Honeyeater
AVIBASE-43F4D735,Dendroica adelaidae,Adelaide's Warbler
AVIBASE-446E8F9D,Phalacrocorax coronatus,Crowned Cormorant
AVIBASE-45411DD0,Prinia leontica,Sierra Leone Prinia
AVIBASE-456CEEC0,Peneothello sigillatus,White-winged Robin
AVIBASE-45C55FDE,Zoothera gurneyi,Orange Ground-Thrush
AVIBASE-4670CF43,Anas smithii,Cape Shoveler
AVIBASE-4745E8A7,Zoothera crossleyi,Crossley's Ground-Thrush
AVIBASE-4746346C,Serinus flaviventris,Yellow Canary
AVIBASE-479EEC16,Lichenostomus flavescens,Yellow-tinted Honeyeater
AVIBASE-4834AB04,Nectarinia hartlaubii,Principe Sunbird
AVIBASE-483FA17D,Phalacrocorax chalconotus,Bronzed Shag
AVIBASE-486103D7,Andropadus gracilis,Grey Greenbul
AVIBASE-48EC6C78,Nectarinia coccinigaster,Splendid Sunbird
AVIBASE-498A4369,Porzana cinerea,White-browed Crake
AVIBASE-4996833A,Andropadus milanjensis,Stripe-cheeked Greenbul
AVIBASE-49D9148A,Casmerodius albus,Great Egret
AVIBASE-4AAEF549,Dendroica palmarum,Palm Warbler
AVIBASE-4ACA4C5C,Alethe fuelleborni,White-chested Alethe
AVIBASE-4ACE5613,Tetrao mlokosiewiczi,Caucasian Grouse
AVIBASE-4ADF31A6,Collocalia vanikorensis,Uniform Swiftlet
AVIBASE-4B21F4D8,Sterna saundersi,Saunders's Tern
AVIBASE-4B8F7AF5,Tockus fasciatus,African Pied Hornbill
AVIBASE-4C428439,Nectarinia erythrocerca,Red-chested Sunbird
AVIBASE-4CF76CCF,Gallinula mortierii,Tasmanian Native-hen
AVIBASE-4E7287C8,Nectarinia manoensis,Miombo Double-collared Sunbird
AVIBASE-4F94B89C,Alcedo leucogaster,White-bellied Kingfisher
AVIBASE-4FF4CAF8,Spreo fischeri,Fischer's Starling
AVIBASE-504B2FD4,Dendrocopos medius,Middle Spotted Woodpecker
AVIBASE-50C1E978,Pitohui nigrescens,Black Pitohui
AVIBASE-5108E1D3,Serinus frontalis,Western Citril
AVIBASE-523763E5,Parus palustris,Marsh Tit
AVIBASE-52387582,Meliphaga analoga,Mimic Honeyeater
AVIBASE-524C7116,Dendroica coronata,Yellow-rumped Warbler
AVIBASE-526978C4,Sterna bergii,Great Crested-Tern
AVIBASE-535F3C99,Aquila wahlbergi,Wahlberg's Eagle
AVIBASE-53A5E91F,Serinus sulphuratus,Brimstone Canary
AVIBASE-53D72911,Tockus camurus,Red-billed Dwarf Hornbill
AVIBASE-544A5E6B,Dendroica striata,Blackpoll Warbler
AVIBASE-54F7D0B2,Hylophilus ochraceiceps,Tawny-crowned Greenlet
AVIBASE-55572EBE,Amphispiza belli,Sage Sparrow
AVIBASE-5574D3D5,Dendroica vitellina,Vitelline Warbler
AVIBASE-55BCBFAF,Megalurus timoriensis,Tawny Grassbird
AVIBASE-56036504,Phalacrocorax brasilianus,Neotropic Cormorant
AVIBASE-562F4456,Eupodotis melanogaster,Black-bellied Bustard
AVIBASE-565AF493,Lichenostomus frenatus,Bridled Honeyeater
AVIBASE-56FA0FE6,Francolinus hartlaubi,Hartlaub's Francolin
AVIBASE-5784EE2F,Speirops brunneus,Fernando Po Speirops
AVIBASE-57C44300,Parus fasciiventer,Stripe-breasted Tit
AVIBASE-580A93C2,Serinus striolatus,Streaky Seedeater
AVIBASE-5816834E,Stellula calliope,Calliope Hummingbird
AVIBASE-58312873,Zoothera naevia,Varied Thrush
AVIBASE-585E1D52,Rostratula semicollaris,American Painted-snipe
AVIBASE-59EE3B94,Nectarinia adelberti,Buff-throated Sunbird
AVIBASE-5AC9F737,Nectarinia mariquensis,Mariqua Sunbird
AVIBASE-5ACC908D,Hirundo abyssinica,Lesser Striped-Swallow
AVIBASE-5B115F6C,Francolinus streptophorus,Ring-necked Francolin
AVIBASE-5C54F8C9,Parus funereus,Dusky Tit
AVIBASE-5C70AA7D,Parus leucomelas,White-winged Tit
AVIBASE-5D12DEA5,Turdus libonyanus,Kurrichane Thrush
AVIBASE-5D82C13B,Andropadus gracilirostris,Slender-billed Greenbul
AVIBASE-5D8A4ACA,Nectarinia afra,Greater Double-collared Sunbird
AVIBASE-5E08EF73,Sturnella militaris,Pampas Meadowlark
AVIBASE-5E456730,Serinus koliensis,Papyrus Canary
AVIBASE-5EA2B90C,Myioparus plumbeus,Grey Tit-Flycatcher
AVIBASE-5FA94F66,Francolinus afer,Red-necked Spurfowl
AVIBASE-60825BF6,Puffinus tenuirostris,Short-tailed Shearwater
AVIBASE-60A39CF9,Zoothera guttata,Spotted Ground-Thrush
AVIBASE-60B48D34,Lamprotornis cupreocauda,Copper-tailed Glossy-Starling
AVIBASE-610FFD8E,Parus thruppi,Somali Tit
AVIBASE-61CECCA7,Calandrella somalica,Rufous Short-toed Lark
AVIBASE-61E5A0E3,Calcarius mccownii,McCown's Longspur
AVIBASE-6283E61E,Dendroica pinus,Pine Warbler
AVIBASE-63EABB42,Anas formosa,Baikal Teal
AVIBASE-6405CD29,Francolinus capensis,Cape Francolin
AVIBASE-64829846,Lichenostomus flavus,Yellow Honeyeater
AVIBASE-64DDD14D,Grus virgo,Demoiselle Crane
AVIBASE-64E386FE,Lonchura fringilloides,Magpie Munia
AVIBASE-65BD2033,Carduelis chloris,European Greenfinch
AVIBASE-66F7D229,Sappho sparganura,Red-tailed Comet
AVIBASE-67504FA2,Parus cinctus,Siberian Tit
AVIBASE-6778547A,Monarcha chrysomela,Golden Monarch
AVIBASE-6781CD7F,Nectarinia ursulae,Ursula's Sunbird
AVIBASE-679F9748,Nectarinia chalybea,Southern Double-collared Sunbird
AVIBASE-67B455A7,Dendroica caerulescens,Black-throated Blue Warbler
AVIBASE-67D8B0BA,Sterna nereis,Fairy Tern
AVIBASE-67EFC061,Ammodramus bairdii,Baird's Sparrow
AVIBASE-68352820,Nectarinia shelleyi,Shelley's Sunbird
AVIBASE-68887DE7,Parus hudsonicus,Boreal Chickadee
AVIBASE-6897E78D,Lichenostomus leucotis,White-eared Honeyeater
AVIBASE-68B8466C,Alethe choloensis,Cholo Alethe
AVIBASE-693FC6FD,Nectarinia bouvieri,Orange-tufted Sunbird
AVIBASE-699EC869,Lichenostomus plumulus,Grey-fronted Honeyeater
AVIBASE-69EB514A,Serinus xanthopygius,Abyssinian Yellow-rumped Seedeater
AVIBASE-6A0D9212,Muscicapa tessmanni,Tessmann's Flycatcher
AVIBASE-6A9FC674,Nectarinia congensis,Congo Sunbird
AVIBASE-6B7A93C5,Dendroica nigrescens,Black-throated Grey Warbler
AVIBASE-6BFEA7BE,Cosmopsarus unicolor,Ashy Starling
AVIBASE-6C4A6597,Francolinus erckelii,Erckel's Francolin
AVIBASE-6C74415D,Picoides albolarvatus,White-headed Woodpecker
AVIBASE-6CD4E38E,Carduelis flavirostris,Twite
AVIBASE-6D72B23C,Tockus hemprichii,Hemprich's Hornbill
AVIBASE-6DE16262,Nectarinia verticalis,Green-headed Sunbird
AVIBASE-6E8F3B30,Bradornis infuscatus,Chat Flycatcher
AVIBASE-6EB4D5DE,Francolinus clappertoni,Clapperton's Francolin
AVIBASE-6EF0803B,Parus niger,Black Tit
AVIBASE-6F2AF9D0,Hirundo rupestris,Eurasian Crag-Martin
AVIBASE-6F3E5C98,Nectarinia minulla,Tiny Sunbird
AVIBASE-6FC4B715,Oceanodroma leucorhoa,Leach's Storm-Petrel
AVIBASE-6FC57210,Andropadus masukuensis,Shelley's Greenbul
AVIBASE-70419673,Cettia annae,Palau Bush-Warbler
AVIBASE-7064BD02,Cercomacra tyrannina,Dusky Antbird
AVIBASE-709AF716,Seiurus noveboracensis,Northern Waterthrush
AVIBASE-71C72002,Nectarinia bifasciata,Purple-banded Sunbird
AVIBASE-71F12B23,Anthus chloris,Yellow-breasted Pipit
AVIBASE-721FFBD4,Francolinus swainsonii,Swainson's Spurfowl
AVIBASE-728B225E,Andropadus latirostris,Yellow-whiskered Greenbul
AVIBASE-7471E71D,Buphagus erythrorhynchus,Red-billed Oxpecker
AVIBASE-74D67BDB,Anthreptes aurantium,Violet-tailed Sunbird
AVIBASE-76B512B1,Gyps rueppellii,Rueppell's Griffon
AVIBASE-772E19B8,Certhionyx niger,Black Honeyeater
AVIBASE-77845DAD,Grus leucogeranus,Siberian Crane
AVIBASE-77CBF484,Petronia xanthocollis,Chestnut-shouldered Petronia
AVIBASE-783E492C,Nectarinia osea,Palestine Sunbird
AVIBASE-786B0F98,Luscinia calliope,Siberian Rubythroat
AVIBASE-79993B33,Muscicapa ussheri,Ussher's Flycatcher
AVIBASE-79C9C8C4,Ammodramus caudacutus,Sharp-tailed Sparrow
AVIBASE-7A8E73BF,Francolinus griseostriatus,Grey-striped Francolin
AVIBASE-7AB0F3A4,Seiurus motacilla,Louisiana Waterthrush
AVIBASE-7AB1229B,Dendroica pensylvanica,Chestnut-sided Warbler
AVIBASE-7B669DE9,Campephaga lobata,Ghana Cuckoo-shrike
AVIBASE-7C822074,Nectarinia nectarinioides,Black-bellied Sunbird
AVIBASE-7C8BC7CF,Nectarinia superba,Superb Sunbird
AVIBASE-7CB6CE7B,Estrilda melanotis,Swee Waxbill
AVIBASE-7D1AE743,Hirundo spilodera,South African Swallow
AVIBASE-7D6F12FE,Lonchura griseicapilla,Grey-headed Silverbill
AVIBASE-7F7470DA,Hirundo daurica,Red-rumped Swallow
AVIBASE-8004C7E5,Francolinus sephaena,Crested Francolin
AVIBASE-809D08A6,Muscicapa olivascens,Olivaceous Alseonax
AVIBASE-81881027,Dendragapus canadensis,Spruce Grouse
AVIBASE-82F8890F,Vermivora crissalis,Colima Warbler
AVIBASE-8333D907,Anthreptes metallicus,Nile Valley Sunbird
AVIBASE-83F51B60,Serinus rufobrunneus,Principe Seedeater
AVIBASE-83F9C058,Puffinus bulleri,Buller's Shearwater
AVIBASE-8427E71F,Nectarinia pembae,Violet-breasted Sunbird
AVIBASE-84E4178E,Muscicapa lendu,Chapin's Alseonax
AVIBASE-85106518,Oporornis tolmiei,MacGillivray's Warbler
AVIBASE-8564ACE3,Hylocharis cyanus,White-chinned Sapphire
AVIBASE-85666B49,Nectarinia loveridgei,Loveridge's Sunbird
AVIBASE-864723FD,Francolinus finschi,Finsch's Francolin
AVIBASE-866D07A0,Eurocephalus rueppelli,White-rumped Shrike
AVIBASE-86BC7EC3,Coccycolius iris,Iris Glossy-Starling
AVIBASE-874C8B3C,Ptyrticus turdinus,Thrush Babbler
AVIBASE-875794B9,Serinus symonsi,Drakensberg Siskin
AVIBASE-89431E9F,Carpodacus mexicanus,House Finch
AVIBASE-8A35BFD6,Dendroica chrysoparia,Golden-cheeked Warbler
AVIBASE-8B7A6FE9,Alethe poliocephala,Brown-chested Alethe
AVIBASE-8C105C3C,Oporornis formosus,Kentucky Warbler
AVIBASE-8C954D4E,Aimophila quinquestriata,Five-striped Sparrow
AVIBASE-8D3818DB,Nectarinia talatala,White-breasted Sunbird
AVIBASE-8D3E8871,Caprimulgus carolinensis,Chuck-will's-widow
AVIBASE-8D891DB7,Grus antigone,Sarus Crane
AVIBASE-8E833C63,Francolinus levaillantoides,OrangeRiver Francolin
AVIBASE-8E8B3DB9,Serinus burtoni,Thick-billed Seedeater
AVIBASE-8E9E45B5,Nectarinia venusta,Variable Sunbird
AVIBASE-8EB0AB41,Cercomela sordida,Moorland Chat
AVIBASE-8F052626,Nectarinia hunteri,Hunter's Sunbird
AVIBASE-8FCA9FAC,Arses telescophthalmus,Frilled Monarch
AVIBASE-90AFDF9E,Francolinus leucoscepus,Yellow-necked Spurfowl
AVIBASE-90C937E4,Serinus dorsostriatus,White-bellied Canary
AVIBASE-90E2543E,Anas discors,Blue-winged Teal
AVIBASE-9106EBE6,Porzana parva,Little Crake
AVIBASE-9185D29D,Hirundo senegalensis,Mosque Swallow
AVIBASE-91BD7FA4,Hirundo fuliginosa,Forest Swallow
AVIBASE-92FDBAF0,Parus fringillinus,Red-throated Tit
AVIBASE-946DCF53,Dendroica graciae,Grace's Warbler
AVIBASE-958F4A5E,Hirundo semirufa,Rufous-chested Swallow
AVIBASE-95B6C7C5,Prinia leucopogon,White-chinned Prinia
AVIBASE-969A369C,Petronia dentata,Bush Petronia
AVIBASE-978D4485,Anas falcata,Falcated Duck
AVIBASE-97F0A2DF,Picoides stricklandi,Strickland's Woodpecker
AVIBASE-9820CECA,Carduelis spinus,Eurasian Siskin
AVIBASE-987A703D,Phalacrocorax penicillatus,Brandt's Cormorant
AVIBASE-987C8F6E,Turdoides aylmeri,Scaly Chatterer
AVIBASE-98E4ABFF,Nectarinia balfouri,Socotra Sunbird
AVIBASE-994D87C2,Serinus scotops,Forest Canary
AVIBASE-99F447AD,Mirafra poecilosterna,Pink-breasted Lark
AVIBASE-99F5D09F,Basileuterus coronatus,Russet-crowned Warbler
AVIBASE-9A08376E,Speirops leucophoeus,Principe Speirops
AVIBASE-9A1A058C,Speirops lugubris,Black-capped Speirops
AVIBASE-9A418C45,Hieraaetus spilogaster,African Hawk-Eagle
AVIBASE-9A87EBB0,Miliaria calandra,Corn Bunting
AVIBASE-9B953393,Nectarinia reichenbachii,Reichenbach's Sunbird
AVIBASE-9BE53D34,Parus caeruleus,Blue Tit
AVIBASE-9D06AF89,Picoides villosus,Hairy Woodpecker
AVIBASE-9E0E6D4E,Ammomanes grayi,Gray's Lark
AVIBASE-9E356E43,Francolinus adspersus,Red-billed Francolin
AVIBASE-9F840FEA,Alcedo pusilla,Little Kingfisher
AVIBASE-9F9A13D8,Sterna balaenarum,Damara Tern
AVIBASE-9FFEDE99,Dendroica virens,Black-throated Green Warbler
AVIBASE-A15F6836,Francolinus shelleyi,Shelley's Francolin
AVIBASE-A1B09A86,Sylvia rueppelli,Rueppell's Warbler
AVIBASE-A21E7645,Anas rhynchotis,Australian Shoveler
AVIBASE-A25D8384,Serinus melanochrous,Kipengere Seedeater
AVIBASE-A2F32028,Lichenostomus hindwoodi,Eungella Honeyeater
AVIBASE-A429B5B8,Phalacrocorax pelagicus,Pelagic Cormorant
AVIBASE-A4480D02,Grus rubicunda,Brolga
AVIBASE-A526534E,Macrodipteryx vexillarius,Pennant-winged Nightjar
AVIBASE-A6083057,Nectarinia preussi,Northern Double-collared Sunbird
AVIBASE-A68B1787,Chthonicola sagittatus,Speckled Warbler
AVIBASE-A6C0C4A9,Dendroica petechia,Yellow Warbler
AVIBASE-A7002FF6,Francolinus natalensis,Natal Francolin
AVIBASE-A71C0CB7,Vestiaria coccinea,Iiwi
AVIBASE-A77D4A77,Spreo albicapillus,White-crowned Starling
AVIBASE-A7E59764,Francolinus jacksoni,Jackson's Francolin
AVIBASE-A8242804,Hippolais rama,Sykes's Warbler
AVIBASE-A8AA7E19,Luscinia cyane,Siberian Blue Robin
AVIBASE-A8BD788E,Lamprotornis purpureiceps,Purple-headed Glossy-Starling
AVIBASE-A927C1AE,Gallinula angulata,Lesser Moorhen
AVIBASE-A97F14D0,Vermivora virginiae,Virginia's Warbler
AVIBASE-A9B288AF,Basileuterus bivittatus,Two-banded Warbler
AVIBASE-AB0B75D8,Pipra mentalis,Red-capped Manakin
AVIBASE-AB2F4BC0,Dendrocopos minor,Lesser Spotted Woodpecker
AVIBASE-AB38EDFD,Empidornis semipartitus,Silverbird
AVIBASE-ABCF8D10,Meliphaga albilineata,White-lined Honeyeater
AVIBASE-AC11EBBB,Hirundo preussi,Preuss's Swallow
AVIBASE-AC1E519F,Carpodacus cassinii,Cassin's Finch
AVIBASE-AC4118FA,Alcedo azurea,Azure Kingfisher
AVIBASE-AD945C6E,Phylidonyris melanops,Tawny-crowned Honeyeater
AVIBASE-AD9EBAC2,Muscicapa infuscata,Sooty Flycatcher
AVIBASE-ADD8E888,Monarcha axillaris,Black Monarch
AVIBASE-ADF91F60,Lichenostomus virescens,Singing Honeyeater
AVIBASE-AE0035FF,Nectarinia alinae,Blue-headed Sunbird
AVIBASE-B022292C,Nectarinia amethystina,Amethyst Sunbird
AVIBASE-B0A6B924,Gallinula ventralis,Black-tailed Native-hen
AVIBASE-B0E7740F,Anthreptes platurus,Pygmy Sunbird
AVIBASE-B0FE07C2,Monarcha trivirgatus,Spectacled Monarch
AVIBASE-B14CE06F,Mirafra africanoides,Fawn-colored Lark
AVIBASE-B1F0CC82,Parus atricapillus,Black-capped Chickadee
AVIBASE-B48335B1,Carduelis pinus,Pine Siskin
AVIBASE-B49935ED,Francolinus levaillantii,Red-winged Francolin
AVIBASE-B4EE123D,Carpodacus purpureus,Purple Finch
AVIBASE-B58AFD6E,Aimophila cassinii,Cassin's Sparrow
AVIBASE-B617FE7D,Vermivora pinus,Blue-winged Warbler
AVIBASE-B656B15D,Ammodramus leconteii,Le Conte's Sparrow
AVIBASE-B6F1F3D3,Epimachus albertisi,Black-billed Sicklebill
AVIBASE-B745D852,Pipilo crissalis,California Towhee
AVIBASE-B76E3DA1,Nectarinia oritis,Cameroon Sunbird
AVIBASE-B929416B,Nectarinia moreaui,Moreau's Sunbird
AVIBASE-B9A2B7CC,Dendroica kirtlandii,Kirtland's Warbler
AVIBASE-B9BE800C,Estrilda quartinia,Yellow-bellied Waxbill
AVIBASE-B9D5E209,Nectarinia jugularis,Olive-backed Sunbird
AVIBASE-BAC4CA22,Aquila clanga,Greater Spotted Eagle
AVIBASE-BAE527A2,Hippolais pallida,Olivaceous Warbler
AVIBASE-BC06BC0D,Sterna caspia,Caspian Tern
AVIBASE-BCF9128E,Gerygone cinerea,Mountain Gerygone
AVIBASE-BE78E765,Sterna antillarum,Least Tern
AVIBASE-BEA249CC,Lichenostomus keartlandi,Grey-headed Honeyeater
AVIBASE-BEE4F34A,Sterna aleutica,Aleutian Tern
AVIBASE-BF0859C5,Cercomela sinuata,Sicklewing Chat
AVIBASE-BF29E8B6,Cisticola nanus,Tiny Cisticola
AVIBASE-BFA9B759,Nectarinia newtonii,Newton's Sunbird
AVIBASE-C0F335B7,Caprimulgus ridgwayi,Buff-collared Nightjar
AVIBASE-C130193B,Rhinoptilus africanus,Double-banded Courser
AVIBASE-C15FF1EB,Porzana tabuensis,Spotless Crake
AVIBASE-C1CBA33A,Nectarinia veroxii,Mouse-colored Sunbird
AVIBASE-C235A4D7,Anas strepera,Gadwall
AVIBASE-C244BE28,Spreo bicolor,African Pied Starling
AVIBASE-C2565B65,Aquila pomarina,Lesser Spotted Eagle
AVIBASE-C2579CCB,Coturnix chinensis,Blue-breasted Quail
AVIBASE-C27D9E26,Carduelis lawrencei,Lawrence's Goldfinch
AVIBASE-C3670DBE,Parus lugubris,Sombre Tit
AVIBASE-C39CC0F2,Buteo magnirostris,Roadside Hawk
AVIBASE-C4DFB5E3,Sasia africana,African Piculet
AVIBASE-C54DCA26,Zoothera piaggiae,Abyssinian Ground-Thrush
AVIBASE-C6170551,Lichenostomus chrysops,Yellow-faced Honeyeater
AVIBASE-C86D00F0,Certhionyx pectoralis,Banded Honeyeater
AVIBASE-C887C3FC,Serinus leucopygius,White-rumped Seedeater
AVIBASE-C8880D28,Parus albiventris,White-bellied Tit
AVIBASE-C8F1E992,Anas versicolor,Silver Teal
AVIBASE-C978ABCC,Serinus hypostictus,East African Citril
AVIBASE-C9ABA616,Carduelis tristis,American Goldfinch
AVIBASE-CA53B18D,Francolinus ahantensis,Ahanta Francolin
AVIBASE-CAD27557,Lichenostomus flavicollis,Yellow-throated Honeyeater
AVIBASE-CB1E8753,Zoothera princei,Grey Ground-Thrush
AVIBASE-CB79F02F,Chloropeta gracilirostris,Thin-billed Flycatcher-Warbler
AVIBASE-CBA39A29,Nectarinia mediocris,Eastern Double-collared Sunbird
AVIBASE-CC1DF030,Parus griseiventris,Miombo Tit
AVIBASE-CC3B0B59,Myrmecocichla albifrons,White-fronted Black-Chat
AVIBASE-CD5C21CA,Carduelis psaltria,Lesser Goldfinch
AVIBASE-CD8DEBE3,Cercomela familiaris,Familiar Chat
AVIBASE-CDA2F827,Ammodramus henslowii,Henslow's Sparrow
AVIBASE-CE6D7D2F,Francolinus schlegelii,Schlegel's Francolin
AVIBASE-CE7BDFB9,Lichenostomus penicillatus,White-plumed Honeyeater
AVIBASE-CECC7B26,Phalacrocorax aristotelis,European Shag
AVIBASE-CEFACC86,Anas platalea,Red Shoveler
AVIBASE-CF1BEA6B,Hirundo nigricans,Tree Martin
AVIBASE-D00EC2C9,Dendroica cerulea,Cerulean Warbler
AVIBASE-D12CDD0F,Serinus atrogularis,Southern Yellow-rumped Seedeater
AVIBASE-D134B7F0,Hirundo rufigula,Red-throated Swallow
AVIBASE-D17B7DA0,Namibornis herero,Herero Chat
AVIBASE-D1C0ED04,Phylidonyris albifrons,White-fronted Honeyeater
AVIBASE-D201EB72,Anas americana,American Wigeon
AVIBASE-D204A930,Vermivora peregrina,Tennessee Warbler
AVIBASE-D2B15B3F,Nectarinia chloropygia,Fire-tailed Myzornis
AVIBASE-D2B68684,Cuculus pallidus,Pallid Cuckoo
AVIBASE-D33D2F6D,Nectarinia reichenowi,Golden-winged Sunbird
AVIBASE-D34970F5,Anthreptes fraseri,Scarlet-tufted Sunbird
AVIBASE-D36F4D98,Macrodipteryx longipennis,Standard-winged Nightjar
AVIBASE-D403BDAF,Serinus leucopterus,White-winged Seedeater
AVIBASE-D40CAF0C,Francolinus camerunensis,Cameroon Francolin
AVIBASE-D419E3A5,Serinus citrinelloides,African Citril
AVIBASE-D4441CD6,Tetrao tetrix,Black Grouse
AVIBASE-D4920C92,Hylocharis grayi,Blue-headed Sapphire
AVIBASE-D49E0B95,Hylocharis leucotis,White-eared Hummingbird
AVIBASE-D5454426,Serinus mennelli,Black-eared Seedeater
AVIBASE-D5629ECA,Muscicapa boehmi,Boehm's Flycatcher
AVIBASE-D6F2837E,Cinnyricinclus sharpii,Sharpe's Starling
AVIBASE-D75CBDFB,Campephaga oriolina,Oriole Cuckoo-shrike
AVIBASE-D8267ADE,Francolinus bicalcaratus,Double-spurred Francolin
AVIBASE-D88A2E02,Nectarinia rockefelleri,Rockefeller's Sunbird
AVIBASE-D8AF3430,Monarcha leucotis,White-eared Monarch
AVIBASE-DA399CC6,Andropadus tephrolaemus,Grey-throated Greenbul
AVIBASE-DA3F40DB,Cercomela scotocerca,Brown-tailed Chat
AVIBASE-DA7CA265,Francolinus nobilis,Handsome Francolin
AVIBASE-DAD22BB6,Aimophila aestivalis,Bachman's Sparrow
AVIBASE-DB20CB6B,Dendroica tigrina,Cape May Warbler
AVIBASE-DB3EB527,Francolinus rufopictus,Grey-breasted Spurfowl
AVIBASE-DC38D1DA,Mirafra sabota,Sabota Lark
AVIBASE-DCFBF7FD,Coracina azurea,Blue Cuckooshrike
AVIBASE-DD180188,Nectarinia batesi,Bates's Sunbird
AVIBASE-DD338581,Certhilauda albescens,Karoo Lark
AVIBASE-DD814006,Oceanodroma furcata,Fork-tailed Storm-Petrel
AVIBASE-DDA62908,Grallina bruijni,Torrent-lark
AVIBASE-DE0971C1,Parus gambeli,Mountain Chickadee
AVIBASE-DE689967,Uraeginthus ianthinogaster,Purple Grenadier
AVIBASE-DE9A742B,Serinus reichardi,Reichard's Seedeater
AVIBASE-DF8F84C3,Phalacrocorax melanoleucos,Little Pied Cormorant
AVIBASE-E0270E9E,Parus sclateri,Mexican Chickadee
AVIBASE-E03A81FF,Lichenostomus ornatus,Yellow-plumed Honeyeater
AVIBASE-E0C82A32,Nectarinia stuhlmanni,Stuhlmann's Double-collared Sunbird
AVIBASE-E11585DB,Francolinus lathami,Forest Francolin
AVIBASE-E16846C3,Serinus capistratus,Black-faced Canary
AVIBASE-E196D6F9,Grus canadensis,Sandhill Crane
AVIBASE-E255DCE1,Phalacrocorax africanus,Long-tailed Cormorant
AVIBASE-E323BF95,Petronia superciliaris,Yellow-throated Petronia
AVIBASE-E358EC8A,Lonchura bicolor,Black-and-white Munia
AVIBASE-E36325FA,Dendroica discolor,Prairie Warbler
AVIBASE-E3B9A841,Nectarinia rufipennis,Rufous-winged Sunbird
AVIBASE-E3C55435,Bradypterus victorini,Victorin's Scrub-Warbler
AVIBASE-E5531933,Parus cristatus,Crested Tit
AVIBASE-E561A180,Otus leucotis,White-faced Scops-Owl
AVIBASE-E591A2D7,Certhilauda burra,Ferruginous Lark
AVIBASE-E6518B9D,Sterna anaethetus,Bridled Tern
AVIBASE-E7163B81,Zoothera sibirica,Siberian Thrush
AVIBASE-E7A14E91,Catoptrophorus semipalmatus,Willet
AVIBASE-E8EB3C96,Vermivora luciae,Lucy's Warbler
AVIBASE-E94A7272,Puffinus pacificus,Wedge-tailed Shearwater
AVIBASE-E97657AA,Thraupis cyanocephala,Blue-capped Tanager
AVIBASE-E999FD2D,Chloropeta similis,Mountain Flycatcher-Warbler
AVIBASE-E99FE2FE,Turdoides squamiceps,Arabian Babbler
AVIBASE-EA459C8C,Cercomela schlegelii,Karoo Chat
AVIBASE-EBBD09CA,Chloropeta natalensis,Yellow Flycatcher-Warbler
AVIBASE-EC322B71,Lichenostomus unicolor,White-gaped Honeyeater
AVIBASE-ECD7C1D8,Francolinus coqui,Coqui Francolin
AVIBASE-ED4CE8E7,Anas clypeata,Northern Shoveler
AVIBASE-ED6CD9D5,Nectarinia bannermani,Bannerman's Sunbird
AVIBASE-EDF95934,Oceanodroma tristrami,Tristram's Storm-Petrel
AVIBASE-EE23F0DC,Monarcha manadensis,Hooded Monarch
AVIBASE-EE674721,Cosmopsarus regius,Golden-breasted Starling
AVIBASE-EE79A5EF,Nectarinia olivacea,Olive Sunbird
AVIBASE-EEC32D82,Lichenostomus fasciogularis,Mangrove Honeyeater
AVIBASE-EF6293B7,Ortygospiza locustella,Locustfinch
AVIBASE-F21A8321,Muscicapa comitata,Dusky-blue Flycatcher
AVIBASE-F2C131F9,Nectarinia oustaleti,Oustalet's Sunbird
AVIBASE-F2D675AF,Wilsonia canadensis,Canada Warbler
AVIBASE-F3618305,Serinus buchanani,Kenya Grosbeak-Canary
AVIBASE-F422B222,Serinus ankoberensis,Ankober Serin
AVIBASE-F4C9CD76,Aimophila botterii,Botteri's Sparrow
AVIBASE-F563FE97,Myioparus griseigularis,Grey-throated Tit-Flycatcher
AVIBASE-F577BA0F,Anas querquedula,Garganey
AVIBASE-F5A73AAA,Francolinus hildebrandti,Hildebrandt's Francolin
AVIBASE-F630DE1F,Dendroica plumbea,Plumbeous Warbler
AVIBASE-F6C6C3F7,Dendroica townsendi,Townsend's Warbler
AVIBASE-F71CDDC8,Alethe poliophrys,Red-throated Alethe
AVIBASE-F730C44E,Damophila julie,Violet-bellied Hummingbird
AVIBASE-F7504353,Sterna sandvicensis,Sandwich Tern
AVIBASE-F7C77F74,Euplectes psammocromius,Buff-shouldered Widowbird
AVIBASE-F87BD3E7,Parus montanus,Willow Tit
AVIBASE-F89FD6E3,Larus minutus,Little Gull
AVIBASE-F941AAD3,Parus carolinensis,Carolina Chickadee
AVIBASE-F995313F,Nectarinia regia,Regal Sunbird
AVIBASE-F9C6A653,Aglaiocercus kingi,Long-tailed Sylph
AVIBASE-FA03A965,Bradornis pallidus,Pale Flycatcher
AVIBASE-FA087E52,Picoides nuttallii,Nuttall's Woodpecker
AVIBASE-FA3C53B8,Cossypha albicapilla,White-crowned Robin-Chat
AVIBASE-FA831F65,Anas hottentota,Hottentot Teal
AVIBASE-FC6A9CD0,Lonchura cantans,African Silverbill
AVIBASE-FC84F301,Aimophila carpalis,Rufous-winged Sparrow
AVIBASE-FCD72CEE,Petronia pyrgita,Yellow-spotted Petronia
AVIBASE-FD391374,Sigelus silens,Fiscal Flycatcher
AVIBASE-FDB6503B,Cairina scutulata,White-winged Duck
AVIBASE-FE13475E,Turdoides altirostris,Iraq Babbler
AVIBASE-FE1FE185,Calandrella rufescens,Lesser Short-toed Lark
AVIBASE-FE69A9C4,Pipilo fuscus,Canyon Towhee
AVIBASE-FF592882,Parus rufescens,Chestnut-backed Chickadee
AVIBASE-FF953F55,Pitohui ferrugineus,Rusty Pitohui
AVIBASE-FFF61080,Vermivora celata,Orange-crowned Warbler
