avibase_id,male_mass,male_mass_sample_size,female_mass,female_mass_sample_size,male_wing_length,male_wing_sample_size,female_wing_length,female_wing_sample_size,male_tarsus_length,male_tarsus_sample_size,female_tarsus_length,female_tarsus_sample_size,male_bill_length,male_bill_sample_size,female_bill_length,female_bill_sample_size,male_tail_length,male_tail_sample_size,female_tail_length,female_tail_sample_size,clutch_size,egg_mass
AVIBASE-2247CB05,115000.00000,,100000.00000,,,,,,,,,,,,,,,,,,,1500.00000
AVIBASE-FD2456D5,32700.00000,,38300.00000,,200.00000,10.00000,203.00000,10.00000,426.00000,11.00000,441.00000,11.00000,59.10000,11.00000,61.90000,11.00000,,,,,8.98000,581.20000
AVIBASE-6BA55EF0,2208.00000,11.00000,2535.00000,26.00000,,,,,69.90000,11.00000,73.30000,15.00000,98.20000,11.00000,129.90000,15.00000,,,,,2.00000,443.00000
AVIBASE-187706CF,1135.00000,51.00000,1351.00000,41.00000,,,,,74.10000,56.00000,79.70000,46.00000,72.00000,27.00000,87.10000,17.00000,,,,,1.00000,285.00000
AVIBASE-0D8B9E40,2610.00000,12.00000,3270.00000,7.00000,,,,,84.90000,7.00000,88.40000,13.00000,96.00000,7.00000,125.80000,13.00000,,,,,1.00000,425.00000
AVIBASE-42D72AE1,1059.00000,,991.00000,,,,,,,,,,,,,,,,,,,61.00000
AVIBASE-39DD9DD7,198.00000,6.00000,235.00000,7.00000,,,,,,,,,,,,,,,,,,20.00000
AVIBASE-5183B60E,418.00000,22.00000,468.00000,18.00000,,,,,,,,,,,,,,,,,,
AVIBASE-4C8BCEC2,475.00000,,577.00000,,,,,,,,,,,,,,,,,,,34.00000
AVIBASE-F4F49CCB,584.00000,106.00000,542.00000,102.00000,210.00000,106.00000,200.00000,102.00000,59.30000,106.00000,56.60000,102.00000,23.30000,106.00000,21.70000,102.00000,233.80000,15.00000,223.10000,13.00000,2.88000,55.00000
AVIBASE-E0BC6A2E,423.00000,,385.00000,,,,,,,,,,,,,,,,,,,63.00000
AVIBASE-E627D25F,,,,,,,,,,,,,,,,,,,,,,
AVIBASE-BA8A14D2,4200.00000,,3685.00000,,,,,,,,,,,,,,,,,,,218.00000
AVIBASE-6BD20F58,2450.00000,27.00000,2210.00000,13.00000,320.70000,35.00000,307.00000,23.00000,123.30000,34.00000,111.20000,23.00000,39.30000,36.00000,36.20000,23.00000,270.20000,6.00000,261.70000,3.00000,14.78000,190.00000
AVIBASE-73651931,1098.00000,5.00000,888.00000,6.00000,269.00000,9.00000,265.00000,6.00000,76.10000,9.00000,73.40000,6.00000,,,,,108.00000,9.00000,111.00000,6.00000,5.50000,129.00000
AVIBASE-BE7FA465,2040.00000,2.00000,1830.00000,4.00000,337.88000,6.00000,325.50000,4.00000,74.80000,5.00000,71.00000,4.00000,27.60000,5.00000,28.20000,4.00000,,,,,18.60000,175.00000
AVIBASE-439AFD40,205.00000,3.00000,183.70000,3.00000,136.00000,8.00000,130.00000,8.00000,34.40000,8.00000,31.60000,8.00000,11.90000,8.00000,11.10000,8.00000,55.50000,8.00000,56.00000,8.00000,10.00000,12.30000
AVIBASE-CD83E49E,,,,,131.00000,12.00000,128.00000,11.00000,33.90000,12.00000,32.30000,10.00000,12.30000,12.00000,11.40000,10.00000,92.30000,12.00000,88.30000,7.00000,10.00000,13.80000
AVIBASE-039BF484,2684.50000,,2343.80000,,303.00000,3.00000,288.00000,3.00000,67.00000,3.00000,61.80000,3.00000,,,,,188.00000,3.00000,176.00000,2.00000,7.50000,75.00000
AVIBASE-44437074,700.00000,,575.00000,,171.00000,8.00000,162.00000,13.00000,46.90000,9.00000,44.50000,13.00000,15.20000,8.00000,13.70000,12.00000,,,,,11.00000,19.70000
AVIBASE-87CBEBF7,536.00000,5.00000,501.00000,4.00000,168.00000,5.00000,154.00000,12.00000,46.80000,5.00000,44.10000,12.00000,15.20000,5.00000,14.30000,12.00000,82.30000,5.00000,78.90000,12.00000,11.50000,22.50000
AVIBASE-D44B2846,,,,,166.00000,15.00000,156.00000,8.00000,45.10000,13.00000,43.10000,8.00000,15.40000,10.00000,14.50000,7.00000,95.10000,13.00000,83.60000,8.00000,12.00000,19.60000
AVIBASE-F71E0BE6,516.00000,7.00000,439.00000,8.00000,165.00000,14.00000,157.00000,9.00000,44.50000,15.00000,41.40000,13.00000,13.90000,11.00000,13.30000,9.00000,93.20000,13.00000,84.40000,13.00000,13.00000,20.10000
AVIBASE-50658B22,487.50000,,425.00000,,177.00000,12.00000,167.00000,7.00000,57.00000,12.00000,52.40000,7.00000,28.60000,12.00000,26.60000,7.00000,92.30000,12.00000,88.30000,7.00000,10.00000,23.50000
AVIBASE-ECD7C1D8,283.50000,2.00000,238.50000,4.00000,134.00000,221.00000,131.00000,139.00000,37.80000,221.00000,37.10000,139.00000,,,,,75.20000,221.00000,75.40000,139.00000,4.50000,16.10000
AVIBASE-0EA1D390,,,,,135.00000,4.00000,127.00000,4.00000,39.80000,4.00000,38.10000,4.00000,,,,,68.50000,4.00000,64.50000,4.00000,6.00000,14.00000
AVIBASE-CE6D7D2F,,,,,128.00000,10.00000,123.00000,8.00000,37.20000,10.00000,34.40000,8.00000,,,,,66.70000,10.00000,65.10000,8.00000,3.50000,
AVIBASE-E11585DB,254.00000,1.00000,284.00000,1.00000,136.00000,24.00000,134.00000,39.00000,41.40000,24.00000,40.60000,39.00000,,,,,73.30000,24.00000,72.50000,39.00000,2.00000,17.50000
AVIBASE-8004C7E5,368.00000,17.00000,315.00000,9.00000,154.00000,44.00000,145.00000,55.00000,45.80000,44.00000,42.70000,55.00000,,,,,98.50000,44.00000,95.70000,55.00000,6.00000,19.50000
AVIBASE-5B115F6C,385.00000,2.00000,,,150.00000,16.00000,152.00000,9.00000,40.60000,16.00000,42.50000,9.00000,,,,,73.90000,16.00000,77.70000,9.00000,4.50000,
AVIBASE-864723FD,,,,,167.00000,4.00000,166.00000,9.00000,48.90000,4.00000,45.00000,9.00000,,,,,88.10000,4.00000,84.70000,9.00000,5.00000,
AVIBASE-21616639,456.00000,6.00000,397.50000,4.00000,157.00000,27.00000,153.00000,20.00000,42.70000,27.00000,41.70000,20.00000,,,,,84.50000,27.00000,81.10000,20.00000,5.00000,17.80000
AVIBASE-B49935ED,495.00000,1.00000,515.00000,1.00000,162.00000,23.00000,158.00000,17.00000,,,,,,,,,80.90000,23.00000,77.40000,17.00000,5.00000,21.00000
AVIBASE-3D25568A,520.00000,2.00000,440.00000,2.00000,164.00000,17.00000,159.00000,11.00000,44.80000,17.00000,44.40000,11.00000,,,,,85.80000,17.00000,87.40000,11.00000,3.00000,
AVIBASE-A15F6836,450.00000,4.00000,426.00000,3.00000,162.00000,76.00000,157.00000,57.00000,41.80000,76.00000,40.50000,57.00000,,,,,86.30000,76.00000,82.90000,57.00000,4.50000,
AVIBASE-8E833C63,454.00000,6.00000,414.50000,6.00000,163.00000,52.00000,160.00000,34.00000,43.10000,52.00000,41.20000,34.00000,,,,,87.20000,52.00000,86.80000,34.00000,6.50000,
AVIBASE-07A42F4E,310.00000,2.00000,247.00000,3.00000,135.00000,9.00000,135.00000,13.00000,37.10000,9.00000,36.70000,13.00000,,,,,79.50000,9.00000,79.00000,13.00000,4.00000,
AVIBASE-56FA0FE6,,,,,143.00000,27.00000,135.00000,19.00000,37.80000,27.00000,34.80000,19.00000,,,,,,,,,,
AVIBASE-D8267ADE,,,,,177.50000,16.00000,169.00000,10.00000,56.50000,16.00000,56.50000,10.00000,28.00000,16.00000,24.50000,10.00000,70.00000,16.00000,60.50000,10.00000,6.00000,26.50000
AVIBASE-6EB4D5DE,604.00000,12.00000,463.00000,10.00000,180.00000,24.00000,166.00000,18.00000,63.60000,24.00000,56.30000,18.00000,,,,,87.70000,24.00000,81.70000,18.00000,,23.00000
AVIBASE-3EAF578D,571.00000,7.00000,441.00000,3.00000,169.00000,33.00000,157.00000,19.00000,56.80000,33.00000,48.40000,19.00000,,,,,85.20000,33.00000,77.00000,19.00000,7.00000,
AVIBASE-02D73B4A,545.00000,1.00000,446.00000,1.00000,181.00000,5.00000,163.50000,2.00000,56.00000,5.00000,46.50000,2.00000,,,,,81.60000,5.00000,70.50000,2.00000,,
AVIBASE-9E356E43,461.00000,17.00000,394.00000,26.00000,177.00000,106.00000,163.00000,111.00000,54.20000,106.00000,46.70000,111.00000,,,,,103.00000,106.00000,94.80000,111.00000,6.70000,26.80000
AVIBASE-6405CD29,757.50000,6.00000,547.00000,4.00000,212.00000,12.00000,196.00000,20.00000,67.80000,12.00000,61.50000,20.00000,,,,,119.00000,12.00000,111.00000,20.00000,7.40000,33.00000
AVIBASE-F5A73AAA,622.50000,2.00000,455.00000,2.00000,174.00000,30.00000,162.00000,29.00000,50.30000,30.00000,45.80000,29.00000,,,,,105.00000,30.00000,97.20000,29.00000,6.00000,26.30000
AVIBASE-A7002FF6,532.50000,6.00000,385.00000,3.00000,168.00000,38.00000,156.00000,28.00000,49.30000,38.00000,45.20000,28.00000,,,,,101.00000,38.00000,95.20000,28.00000,5.00000,
AVIBASE-CA53B18D,,,,,172.00000,13.00000,164.00000,14.00000,56.40000,13.00000,50.20000,14.00000,,,,,98.00000,13.00000,92.50000,14.00000,5.00000,
AVIBASE-1B11690B,510.00000,14.00000,440.00000,17.00000,175.00000,47.00000,163.00000,60.00000,53.90000,47.00000,49.10000,60.00000,,,,,97.40000,47.00000,89.20000,60.00000,6.00000,
AVIBASE-7A8E73BF,,,,,153.00000,5.00000,148.00000,8.00000,48.00000,5.00000,42.40000,8.00000,,,,,95.00000,5.00000,91.00000,8.00000,,
AVIBASE-90AFDF9E,753.00000,173.00000,545.00000,223.00000,200.00000,54.00000,187.00000,38.00000,64.40000,54.00000,57.80000,38.00000,,,,,102.00000,54.00000,91.20000,38.00000,5.00000,30.80000
AVIBASE-DB3EB527,848.00000,18.00000,588.00000,24.00000,213.00000,18.00000,190.00000,24.00000,68.00000,18.00000,58.00000,24.00000,,,,,95.00000,18.00000,86.00000,24.00000,4.50000,28.40000
AVIBASE-5FA94F66,532.50000,3.00000,,,192.00000,13.00000,182.00000,8.00000,60.00000,13.00000,56.00000,8.00000,,,,,102.00000,13.00000,96.00000,8.00000,6.00000,33.00000
AVIBASE-721FFBD4,732.00000,41.00000,510.00000,63.00000,191.00000,58.00000,174.00000,26.00000,60.50000,58.00000,52.10000,26.00000,,,,,90.10000,58.00000,81.70000,26.00000,5.50000,29.10000
AVIBASE-6C4A6597,1263.30000,3.00000,1136.00000,1.00000,216.00000,13.00000,185.00000,11.00000,66.20000,13.00000,55.70000,11.00000,,,,,130.00000,13.00000,112.00000,11.00000,7.00000,33.00000
AVIBASE-20C06F73,,,,,204.50000,3.00000,176.00000,1.00000,62.50000,3.00000,47.20000,1.00000,,,,,127.00000,3.00000,110.00000,1.00000,,
AVIBASE-05A3EE36,1057.50000,6.00000,600.00000,4.00000,210.00000,31.00000,186.00000,30.00000,67.00000,31.00000,56.00000,30.00000,,,,,133.00000,31.00000,114.00000,30.00000,5.50000,
AVIBASE-DA7CA265,878.50000,2.00000,639.30000,3.00000,198.00000,11.00000,178.00000,13.00000,64.60000,11.00000,55.10000,13.00000,,,,,106.00000,11.00000,100.00000,13.00000,,
AVIBASE-A7E59764,1064.00000,1.00000,,,218.00000,13.00000,200.00000,8.00000,74.70000,13.00000,66.00000,8.00000,,,,,129.00000,13.00000,116.00000,8.00000,,
AVIBASE-D40CAF0C,,,,,171.00000,3.00000,164.00000,7.00000,59.00000,3.00000,59.00000,7.00000,,,,,82.00000,3.00000,81.00000,7.00000,,
AVIBASE-3A5FE639,,,,,171.00000,7.00000,167.00000,1.00000,53.00000,7.00000,43.00000,1.00000,,,,,98.00000,7.00000,,,,
AVIBASE-C013A20E,378.00000,10.00000,386.00000,4.00000,159.00000,9.00000,154.00000,9.00000,42.50000,21.00000,41.40000,22.00000,12.90000,21.00000,12.40000,22.00000,78.20000,9.00000,72.30000,13.00000,15.00000,14.10000
AVIBASE-CAFE345D,94.50000,20.00000,103.00000,11.00000,111.00000,45.00000,113.00000,20.00000,26.00000,23.00000,26.60000,18.00000,8.90000,22.00000,9.00000,17.00000,36.50000,32.00000,39.00000,15.00000,10.50000,8.20000
AVIBASE-98984CAD,97.90000,30.00000,106.00000,28.00000,102.10000,9.00000,104.30000,12.00000,23.10000,10.00000,24.60000,12.00000,11.50000,10.00000,12.20000,12.00000,33.00000,8.00000,34.30000,7.00000,7.60000,8.60000
AVIBASE-0CA903BB,72.40000,11.00000,78.50000,16.00000,96.00000,35.00000,100.00000,30.00000,,,,,,,,,,,,,6.00000,7.50000
AVIBASE-0CB2A17A,98.00000,13.00000,103.00000,12.00000,98.30000,16.00000,100.30000,17.00000,22.60000,16.00000,22.60000,15.00000,13.20000,15.00000,13.20000,17.00000,45.50000,17.00000,47.00000,4.00000,7.90000,11.20000
AVIBASE-C2579CCB,41.00000,6.00000,35.60000,5.00000,72.10000,17.00000,72.20000,6.00000,19.00000,17.00000,18.70000,5.00000,9.70000,17.00000,10.20000,5.00000,,,,,6.50000,4.80000
AVIBASE-32413666,,,,,,,,,,,,,,,,,,,,,,5.60000
AVIBASE-57B05159,190.00000,2.00000,,,123.00000,12.00000,122.00000,13.00000,,,,,,,,,,,,,5.00000,11.90000
AVIBASE-3749777E,844.00000,,500.00000,,,,,,,,,,,,,,,,,,,
AVIBASE-93A17734,995.00000,,794.00000,,,,,,,,,,,,,,,,,,,
AVIBASE-2FA39DCD,1186.00000,12.00000,989.00000,12.00000,245.00000,10.00000,215.00000,,,,,,,,,,466.00000,10.00000,300.00000,2.00000,11.50000,31.50000
AVIBASE-093AC1FC,875.00000,,,,195.00000,10.00000,187.00000,5.00000,70.60000,10.00000,63.90000,5.00000,29.80000,10.00000,28.80000,5.00000,678.00000,7.00000,355.00000,9.00000,8.50000,26.70000
AVIBASE-E9125492,,,,,318.00000,32.00000,286.00000,14.00000,99.00000,33.00000,86.00000,15.00000,,,,,221.00000,30.00000,190.00000,14.00000,3.00000,70.00000
AVIBASE-81881027,492.00000,,424.00000,,182.00000,16.00000,180.50000,15.00000,38.20000,16.00000,37.80000,15.00000,10.50000,16.00000,10.50000,15.00000,,,,,,
AVIBASE-A55D83A9,1273.00000,482.00000,839.00000,223.00000,229.00000,263.00000,208.00000,358.00000,96.00000,87.00000,88.00000,99.00000,20.00000,115.00000,18.00000,108.00000,169.00000,119.00000,138.00000,114.00000,7.10000,32.50000
AVIBASE-FC3D07C6,635.00000,,555.00000,,208.00000,21.00000,195.00000,14.00000,40.00000,14.00000,36.20000,12.00000,11.50000,22.00000,11.10000,13.00000,122.60000,366.00000,110.70000,157.00000,7.50000,21.50000
AVIBASE-D4441CD6,1290.00000,23.00000,988.00000,14.00000,257.00000,15.00000,226.00000,18.00000,49.70000,14.00000,44.80000,15.00000,14.60000,16.00000,13.40000,20.00000,193.00000,14.00000,123.00000,16.00000,8.50000,35.50000
AVIBASE-4ACE5613,865.00000,12.00000,766.00000,5.00000,206.00000,12.00000,200.00000,,50.00000,12.00000,48.00000,,13.60000,12.00000,12.50000,,210.00000,12.00000,147.00000,1.00000,6.00000,32.50000
AVIBASE-C3221EE2,4240.00000,32.00000,1985.00000,31.00000,390.00000,9.00000,300.00000,10.00000,70.60000,9.00000,53.30000,6.00000,31.40000,12.00000,20.40000,10.00000,312.00000,9.00000,184.00000,8.00000,8.00000,53.00000
AVIBASE-B8CA2EEB,369.00000,39.00000,370.00000,25.00000,168.00000,15.00000,165.00000,9.00000,33.60000,9.00000,33.80000,4.00000,10.50000,17.00000,10.30000,8.00000,,,,,9.00000,19.00000
AVIBASE-6D2B5CDA,585.00000,3.00000,472.00000,5.00000,,,,,43.60000,306.00000,41.70000,151.00000,26.90000,306.00000,26.20000,151.00000,184.00000,295.00000,147.50000,217.00000,11.03000,18.00000
AVIBASE-B7E467E2,3200.00000,465.00000,1700.00000,221.00000,340.00000,50.00000,284.00000,35.00000,74.00000,50.00000,,,41.00000,50.00000,,,,,,,7.35000,43.00000
AVIBASE-861CBBDA,953.00000,,817.00000,,,,,,,,,,,,,,,,,,11.78000,24.00000
AVIBASE-F59448B7,933.00000,393.00000,795.00000,318.00000,229.00000,5.00000,226.00000,5.00000,48.00000,42.00000,48.50000,33.00000,,,,,104.70000,10.00000,98.30000,10.00000,10.55000,24.50000
AVIBASE-CFFD1491,743.00000,37.00000,628.00000,18.00000,210.40000,65.00000,202.80000,11.00000,96.40000,12.00000,97.80000,9.00000,,,,,,,,,11.42000,
AVIBASE-9C5ED06A,7400.00000,,4222.00000,,511.00000,17.00000,417.00000,7.00000,136.80000,6.00000,130.60000,7.00000,34.80000,18.00000,31.30000,6.00000,372.50000,2.00000,316.40000,5.00000,10.52000,78.80000
AVIBASE-E0EE1B89,,,,,209.00000,7.00000,201.00000,4.00000,84.00000,7.00000,79.00000,4.00000,,,,,152.50000,7.00000,138.50000,4.00000,,29.20000
AVIBASE-38193321,,,,,209.00000,22.00000,197.00000,17.00000,82.00000,21.00000,74.00000,16.00000,,,,,156.00000,21.00000,148.00000,17.00000,,29.50000
AVIBASE-1044B438,1597.00000,,1578.00000,,269.00000,198.00000,259.00000,113.00000,84.00000,198.00000,79.00000,103.00000,,,,,172.00000,198.00000,170.00000,110.00000,8.00000,39.40000
AVIBASE-374253A6,,,,,228.00000,15.00000,222.00000,11.00000,83.00000,14.00000,77.00000,11.00000,,,,,131.00000,15.00000,124.00000,11.00000,9.50000,38.50000
AVIBASE-35D60F12,1149.00000,,,,268.00000,42.00000,257.00000,22.00000,93.00000,38.00000,86.00000,20.00000,,,,,151.00000,40.00000,144.00000,21.00000,4.50000,48.60000
AVIBASE-F7A3FA35,1335.50000,2.00000,1329.00000,2.00000,298.00000,31.00000,290.00000,20.00000,109.00000,30.00000,99.00000,20.00000,,,,,272.00000,23.00000,260.00000,20.00000,,49.00000
AVIBASE-171E91FF,244.70000,45.00000,233.70000,24.00000,133.70000,49.00000,133.10000,19.00000,36.90000,53.00000,35.80000,29.00000,15.30000,52.00000,15.30000,28.00000,86.10000,28.00000,82.70000,28.00000,10.90000,10.41000
AVIBASE-C46EEE59,191.00000,143.00000,177.00000,132.00000,,,,,33.00000,,32.30000,,14.00000,,13.50000,,,,,,,10.30000
AVIBASE-F93AC929,186.40000,166.00000,162.00000,102.00000,,,,,31.05000,10.00000,30.20000,10.00000,,,,,,,,,,10.00000
AVIBASE-C1ED9F86,171.10000,108.00000,167.40000,77.00000,,,,,,,,,,,,,,,,,,9.50000
AVIBASE-91CCBC71,173.00000,899.00000,170.00000,692.00000,,,,,,,,,,,,,146.00000,1.00000,156.30000,3.00000,6.50000,8.90000
AVIBASE-C5B014E3,191.70000,46.00000,179.40000,23.00000,123.30000,54.00000,119.30000,30.00000,26.62000,55.00000,25.55000,28.00000,8.62000,54.00000,8.34000,30.00000,58.00000,51.00000,58.50000,26.00000,10.60000,10.10000
AVIBASE-89D5434B,2766.00000,,2071.00000,,419.00000,165.00000,389.00000,177.00000,106.00000,42.00000,93.00000,43.00000,80.00000,74.00000,73.00000,56.00000,,,,,9.05000,128.00000
AVIBASE-1AAB20B0,,,800.00000,,,,,,,,,,,,,,,,,,,50.00000
AVIBASE-A467AD00,788.00000,,792.00000,,232.00000,59.00000,228.00000,57.00000,59.50000,8.00000,54.50000,9.00000,40.00000,65.00000,43.00000,65.00000,69.20000,7.00000,70.60000,8.00000,11.00000,40.00000
AVIBASE-9A60617E,675.00000,,690.00000,,216.00000,12.00000,217.00000,15.00000,54.20000,12.00000,54.00000,15.00000,46.20000,12.00000,46.10000,15.00000,51.50000,135.00000,49.30000,148.00000,13.34000,51.00000
AVIBASE-69D272A6,866.00000,,732.00000,,214.00000,82.00000,214.00000,86.00000,52.00000,12.00000,51.90000,8.00000,48.00000,24.00000,47.00000,47.00000,54.50000,12.00000,54.30000,6.00000,10.50000,40.00000
AVIBASE-A534AFEA,686.00000,,662.00000,,219.00000,6.00000,223.30000,6.00000,52.60000,6.00000,52.90000,6.00000,47.70000,6.00000,47.40000,6.00000,55.40000,6.00000,56.30000,6.00000,7.25000,36.00000
AVIBASE-DC65FCE7,,,1150.00000,,,,,,,,,,,,,,,,,,,54.00000
AVIBASE-C01A22D6,813.00000,,849.00000,,,,,,,,,,,,,,,,,,13.40000,44.00000
AVIBASE-2EEDACD5,720.00000,,695.00000,,,,,,,,,,,,,,,,,,6.75000,84.00000
AVIBASE-675EEA7F,590.00000,,499.00000,,,,,,,,,,,,,,68.80000,5.00000,68.20000,6.00000,8.10000,73.00000
AVIBASE-2E40EF2C,737.00000,,593.00000,,162.00000,10.00000,159.00000,6.00000,35.90000,16.00000,34.90000,,45.50000,17.00000,44.50000,16.00000,92.40000,9.00000,85.50000,6.00000,7.50000,96.00000
AVIBASE-1C2F4E80,820.00000,,554.00000,,169.00000,2.00000,155.00000,1.00000,34.00000,2.00000,31.00000,1.00000,41.00000,2.00000,36.00000,1.00000,72.50000,2.00000,66.00000,1.00000,5.90000,96.00000
AVIBASE-079A8245,690.00000,,590.00000,,,,,,,,,,,,,,,,,,,86.00000
AVIBASE-672BA2DA,812.00000,,852.00000,,160.00000,222.00000,153.00000,121.00000,37.30000,16.00000,37.10000,8.00000,40.30000,17.00000,40.40000,8.00000,66.50000,13.00000,64.60000,7.00000,5.50000,90.00000
AVIBASE-623B61C4,2398.00000,,1551.00000,,223.00000,219.00000,185.00000,248.00000,52.60000,7.00000,44.80000,5.00000,41.00000,240.00000,35.00000,289.00000,113.50000,4.00000,103.20000,4.00000,2.80000,128.00000
AVIBASE-5ACD60F4,460.00000,,605.00000,,,,,,,,,,,,,,,,,,,
AVIBASE-E93960AB,969.00000,,842.00000,,234.00000,97.00000,222.00000,82.00000,47.80000,97.00000,44.60000,83.00000,56.60000,97.00000,51.30000,83.00000,68.80000,13.00000,66.30000,12.00000,6.00000,66.00000
AVIBASE-694C127A,11800.00000,,9670.00000,,606.00000,,562.00000,,,,,,,,,,224.00000,6.00000,211.00000,10.00000,5.30000,340.00000
AVIBASE-46B54DB1,6200.00000,,5100.00000,,511.70000,,487.50000,,100.30000,111.00000,93.40000,76.00000,70.80000,111.00000,65.30000,76.00000,105.50000,111.00000,104.90000,76.00000,4.55000,258.00000
AVIBASE-BDDB5670,14000.00000,,8750.00000,,,,,,,,,,,,,,169.00000,16.00000,167.00000,15.00000,4.40000,331.00000
AVIBASE-B86C504C,11400.00000,,10300.00000,,,,,,,,,,,,,,,,,,,324.00000
AVIBASE-0BCBA6B9,7258.00000,,6305.00000,,531.00000,,510.00000,,,,,,,,,,151.00000,9.00000,152.00000,15.00000,4.00000,280.00000
AVIBASE-A3A0E8FE,4600.00000,,3800.00000,,,,,,,,,,,,,,,,,,,185.00000
AVIBASE-946E4517,3500.00000,,3150.00000,,,,,,,,,,,,,,,,,,,145.00000
AVIBASE-AFA7EE74,2770.00000,,2520.00000,,443.00000,,420.00000,,,,,,,,,,135.00000,14.00000,127.00000,11.00000,4.40000,120.00000
AVIBASE-2FEEA78C,3198.00000,,2843.00000,,,,,,,,,,,,,,132.00000,5.00000,132.00000,2.00000,5.00000,146.00000
AVIBASE-466E9077,2853.00000,,2508.00000,,428.00000,,404.00000,,,,,,,,,,119.00000,15.00000,113.00000,12.00000,5.50000,125.00000
AVIBASE-184D2329,1870.00000,,1725.00000,,,,,,,,,,,,,,139.00000,14.00000,129.00000,10.00000,5.83000,100.00000
AVIBASE-4AED44E8,3692.00000,,3237.00000,,,,,,,,,,,,,,139.00000,14.00000,129.00000,10.00000,,160.00000
AVIBASE-B7159EF0,2505.00000,,2230.00000,,,,,,,,,,,,,,,,,,,141.00000
AVIBASE-D3A260BC,2744.00000,,2517.00000,,423.90000,,415.70000,,,,,,,,,,,,,,,127.00000
AVIBASE-7A24F57F,1679.00000,,1500.00000,,,,,,,,,,,,,,,,,,,92.00000
AVIBASE-EDB18078,2010.00000,,1930.00000,,,,,,,,,,,,,,,,,,3.13000,131.00000
AVIBASE-B59E1863,3814.00000,,3314.00000,,506.00000,,481.00000,,,,,,,,,,150.00000,2.00000,148.00000,3.00000,5.00000,163.00000
AVIBASE-3163ED86,1788.00000,,1586.00000,,410.00000,,392.00000,,,,,,,,,,126.00000,22.00000,119.00000,18.00000,,107.00000
AVIBASE-3E04020B,1370.00000,,1230.00000,,340.00000,,324.00000,,,,,,,,,,94.60000,17.00000,90.80000,14.00000,4.00000,91.00000
AVIBASE-0D280B3F,1375.00000,,1094.00000,,,,,,,,,,,,,,109.00000,8.00000,102.00000,8.00000,,90.00000
AVIBASE-CA875F31,5290.00000,,3770.00000,,470.00000,14.00000,,,111.20000,,106.10000,,50.50000,14.00000,,,169.00000,,155.00000,,4.24000,137.00000
AVIBASE-BB29610F,2730.00000,,3640.00000,,,,,,,,,,,,,,,,,,,113.00000
AVIBASE-74FC5DAB,3170.00000,,2690.00000,,,,,,,,,,,,,,,,,,,
AVIBASE-4270502F,2611.00000,,2043.00000,,,,,,,,,,,,,,,,,,,139.00000
AVIBASE-E0DEB0E7,2267.00000,,2200.00000,,,,,,,,,,,,,,,,,,,89.00000
AVIBASE-164A10EA,1750.00000,,1400.00000,,,,,,,,,,,,,,,,,,,
AVIBASE-FA5A25B2,,,1250.00000,,,,,,,,,,,,,,,,,,,63.00000
AVIBASE-1F9D883E,1360.00000,,1100.00000,,,,,,,,,,,,,,125.00000,8.00000,118.00000,6.00000,8.50000,83.00000
AVIBASE-D9DEA77E,1758.00000,,1417.00000,,355.80000,5.00000,326.20000,5.00000,58.00000,5.00000,56.00000,5.00000,45.20000,5.00000,42.40000,2.00000,125.90000,,124.50000,,10.00000,83.00000
AVIBASE-FF1439E4,1559.00000,,1291.00000,,358.00000,50.00000,331.00000,144.00000,65.40000,4.00000,58.50000,4.00000,46.00000,68.00000,42.00000,184.00000,113.00000,4.00000,109.50000,4.00000,9.33000,93.00000
AVIBASE-AB08E5C4,1712.00000,,1387.00000,,374.50000,14.00000,347.30000,10.00000,67.10000,25.00000,61.00000,8.00000,43.70000,25.00000,40.00000,10.00000,128.20000,21.00000,116.30000,10.00000,9.40000,91.00000
AVIBASE-5EAB32D3,1261.00000,,1043.00000,,334.00000,,303.00000,,,,,,,,,,108.00000,27.00000,96.90000,27.00000,10.58000,78.00000
AVIBASE-13B373F3,934.00000,,839.00000,,282.00000,4.00000,279.20000,4.00000,54.90000,5.00000,55.50000,6.00000,46.00000,47.00000,48.00000,49.00000,106.20000,4.00000,100.30000,3.00000,,59.00000
AVIBASE-1891E2C4,5394.00000,,4228.00000,,,,,,,,,,,,,,,,,,,166.50000
AVIBASE-63180090,3808.00000,,3013.00000,,,,,,,,,,,,,,,,,,,
AVIBASE-13CF7E44,4200.00000,,3450.00000,,,,,,,,,,,,,,,,,,,147.00000
AVIBASE-B3F9BB06,2958.00000,,2346.00000,,,,,,,,,,,,,,,,,,,115.00000
AVIBASE-EB01B24C,6100.00000,,4700.00000,,,,,,,,,,,,,,,,,,6.50000,140.00000
AVIBASE-8DE14046,3000.00000,,1250.00000,,,,,,,,,,,,,,,,,,,74.00000
AVIBASE-FDB6503B,3400.00000,,2600.00000,,,,,,,,,,,,,,,,,,,72.30000
AVIBASE-F28E3EB8,976.00000,4.00000,788.00000,2.00000,,,,,,,,,,,,,,,,,9.00000,
AVIBASE-3948131B,1455.00000,,1777.00000,,359.00000,,286.00000,,59.80000,,47.00000,,51.00000,,44.00000,,137.70000,,110.00000,,8.50000,66.00000
AVIBASE-D040868F,310.00000,,304.00000,,173.80000,19.00000,172.10000,15.00000,26.90000,20.00000,26.80000,21.00000,24.60000,20.00000,24.80000,20.00000,66.70000,20.00000,67.60000,20.00000,,30.00000
AVIBASE-90AAE188,282.00000,,220.00000,,186.50000,6.00000,180.33000,3.00000,28.40000,5.00000,27.43000,3.00000,23.00000,6.00000,23.60000,3.00000,67.00000,5.00000,68.30000,3.00000,,27.00000
AVIBASE-EC7C1618,285.00000,2.00000,260.00000,1.00000,,,,,,,,,,,,,,,,,9.00000,23.00000
AVIBASE-45C1096F,423.00000,,321.00000,,,,,,,,,,,,,,,,,,,
AVIBASE-27B2749A,680.00000,,671.00000,,,,,,,,,,,,,,,,,,10.95000,44.00000
AVIBASE-E1714A09,628.00000,,512.00000,,,,,,,,,,,,,,101.00000,13.00000,99.30000,8.00000,11.50000,41.00000
AVIBASE-149A8E7E,815.00000,,800.00000,,277.00000,16.00000,277.00000,8.00000,51.20000,16.00000,50.40000,8.00000,27.90000,16.00000,27.60000,8.00000,95.70000,16.00000,98.30000,8.00000,,54.00000
AVIBASE-DDFC6B2B,430.00000,,370.00000,,,,,,,,,,,,,,,,,,,
AVIBASE-C1068510,440.00000,,327.00000,,,,,,,,,,,,,,,,,,,
AVIBASE-C7FB4E76,897.00000,,768.00000,,233.00000,4.00000,217.00000,3.00000,49.80000,4.00000,47.00000,4.00000,44.00000,4.00000,40.80000,6.00000,107.00000,5.00000,97.50000,15.00000,6.50000,
AVIBASE-A9FC6BC0,462.00000,,469.00000,,,,,,,,,,,,,,,,,,,
AVIBASE-25DA0F41,419.00000,,380.00000,,,,,,,,,,,,,,,,,,8.09000,50.00000
AVIBASE-C235A4D7,990.00000,,849.00000,,269.00000,,252.00000,,,,,,,,,,86.00000,13.00000,80.20000,9.00000,9.96000,44.00000
AVIBASE-978D4485,713.00000,,585.00000,,,,,,,,,,,,,,,,,,,49.00000
AVIBASE-15EE0D36,819.00000,,724.00000,,,,,,,,,,,,,,106.00000,19.00000,90.70000,13.00000,9.00000,44.00000
AVIBASE-D201EB72,821.00000,,766.00000,,263.00000,,246.80000,,,,,,,,,,116.00000,6.00000,96.30000,3.00000,8.48000,43.00000
AVIBASE-0B8AF41F,939.00000,,828.00000,,,,,,,,,,,,,,,,,,,53.00000
AVIBASE-1EAFAD9F,1086.00000,,914.00000,,,,,,43.00000,22.00000,40.00000,20.00000,47.00000,22.00000,44.00000,20.00000,110.00000,22.00000,93.00000,20.00000,,71.70000
AVIBASE-C732CB10,1252.00000,,1111.00000,,285.00000,,268.70000,,,,,,,,,,,,,,9.33000,63.00000
AVIBASE-697B933E,1030.00000,,968.00000,,259.00000,,243.00000,,,,,,,,,,,,,,9.40000,55.50000
AVIBASE-85625D75,1210.00000,,1113.00000,,279.00000,,265.00000,,,,,,,,,,85.80000,14.00000,84.50000,12.00000,10.53000,54.00000
AVIBASE-250EA983,644.00000,,585.00000,,,,,,,,,,,,,,,,,,8.30000,
AVIBASE-3F444E5A,463.00000,,427.00000,,,,,,,,,,,,,,74.50000,11.00000,75.70000,17.00000,3.80000,
AVIBASE-759C5EB8,1365.00000,,1025.00000,,,,,,,,,,,,,,,,,,,57.00000
AVIBASE-9AA3E5C2,906.00000,,779.00000,,,,,,,,,,,,,,,,,,,
AVIBASE-07479AD9,1059.00000,,1013.00000,,261.00000,97.00000,248.00000,121.00000,46.00000,99.00000,44.00000,120.00000,52.00000,101.00000,50.00000,120.00000,88.00000,39.00000,85.80000,46.00000,11.00000,63.00000
AVIBASE-7F64AD87,954.00000,,817.00000,,583.00000,100.00000,535.00000,100.00000,45.00000,100.00000,43.00000,100.00000,52.00000,100.00000,49.00000,100.00000,100.00000,100.00000,97.00000,100.00000,7.80000,55.00000
AVIBASE-9BA03AF9,1010.00000,,911.00000,,,,,,,,,,,,,,,,,,,45.00000
AVIBASE-90E2543E,478.00000,,451.00000,,182.90000,,174.30000,,,,,,,,,,65.00000,33.00000,63.90000,18.00000,10.10000,29.00000
AVIBASE-0E599E6C,408.00000,,363.00000,,,,,,,,,,,,,,71.00000,6.00000,74.00000,16.00000,9.13000,32.00000
AVIBASE-4670CF43,688.00000,,597.00000,,238.10000,32.00000,226.40000,26.00000,41.10000,32.00000,38.00000,26.00000,60.60000,32.00000,56.50000,26.00000,76.40000,32.00000,69.90000,26.00000,9.36000,
AVIBASE-CEFACC86,608.00000,,523.00000,,,,,,,,,,,,,,,,,,,46.00000
AVIBASE-A21E7645,667.00000,76.00000,665.00000,70.00000,248.00000,14.00000,231.00000,9.00000,37.60000,16.00000,35.40000,8.00000,61.90000,16.00000,58.50000,8.00000,78.60000,15.00000,76.20000,9.00000,10.00000,43.20000
AVIBASE-ED4CE8E7,636.00000,,590.00000,,,,,,,,,,,,,,81.70000,26.00000,75.80000,15.00000,9.20000,40.00000
AVIBASE-7CBD0D73,380.00000,,344.00000,,,,,,,,,,,,,,,,,,,36.00000
AVIBASE-EC92E98D,508.00000,,469.00000,,,,,,,,,,,,,,,,,,,35.00000
AVIBASE-9CBAFD8F,508.00000,,469.00000,,208.50000,10.00000,197.10000,7.00000,36.00000,10.00000,34.40000,7.00000,38.20000,10.00000,35.70000,7.00000,88.20000,8.00000,81.80000,6.00000,8.30000,
AVIBASE-DBF66606,683.00000,,593.00000,,217.60000,9.00000,203.20000,4.00000,38.10000,9.00000,36.10000,4.00000,40.80000,9.00000,38.30000,4.00000,91.30000,6.00000,,,9.50000,40.00000
AVIBASE-92C1E596,521.00000,,410.00000,,139.00000,1.00000,120.00000,2.00000,33.00000,4.00000,31.10000,3.00000,38.60000,4.00000,36.50000,3.00000,90.00000,,74.00000,3.00000,3.50000,
AVIBASE-D2F97D13,503.00000,,569.00000,,,,,,,,,,,,,,,,,,,34.00000
AVIBASE-8F6876AC,617.00000,,566.00000,,223.80000,6.00000,211.50000,6.00000,36.00000,6.00000,33.40000,6.00000,44.30000,6.00000,43.50000,6.00000,81.30000,6.00000,76.30000,6.00000,10.00000,39.00000
AVIBASE-D4263C69,429.00000,,394.00000,,,,,,,,,,,,,,,,,,,39.00000
AVIBASE-56CCA717,1025.00000,,866.00000,,275.00000,,260.00000,,,,,,,,,,179.00000,8.00000,104.00000,7.00000,8.30000,45.00000
AVIBASE-8899CF64,497.00000,,441.00000,,229.40000,9.00000,213.30000,3.00000,33.50000,9.00000,33.10000,3.00000,36.60000,9.00000,32.10000,3.00000,103.10000,9.00000,89.30000,3.00000,4.11000,37.00000
AVIBASE-B940CCD5,632.00000,,535.00000,,217.00000,8.00000,201.00000,4.00000,37.00000,8.00000,36.00000,4.00000,34.00000,8.00000,33.00000,4.00000,100.00000,8.00000,89.00000,4.00000,,37.00000
AVIBASE-F577BA0F,342.00000,,310.00000,,,,,,,,,,,,,,66.10000,28.00000,62.60000,17.00000,8.50000,27.00000
AVIBASE-63EABB42,437.00000,,431.00000,,,,,,,,,,,,,,,,,,,31.00000
AVIBASE-BC6C3CCE,322.00000,,308.00000,,187.00000,,180.00000,,,,,,,,,,66.90000,14.00000,64.70000,10.00000,9.50000,26.50000
AVIBASE-C8F1E992,442.00000,,373.00000,,,,,,,,,,,,,,,,,,,34.00000
AVIBASE-FA831F65,,,240.00000,,,,,,,,,,,,,,,,,,7.10000,
AVIBASE-FE03DD1E,404.00000,,344.00000,,197.00000,46.00000,188.00000,67.00000,34.40000,12.00000,33.00000,14.00000,67.00000,82.00000,61.00000,83.00000,60.80000,7.00000,61.40000,5.00000,7.24000,
AVIBASE-6362936E,562.00000,,492.00000,,207.00000,9.00000,198.00000,10.00000,,,,,44.20000,9.00000,37.40000,11.00000,69.80000,4.00000,67.70000,3.00000,10.50000,
AVIBASE-3EC2CDA9,1130.00000,,1100.00000,,,,,,,,,,,,,,70.60000,15.00000,68.40000,15.00000,9.00000,56.00000
AVIBASE-03A3B616,1181.00000,,1004.00000,,,,,,,,,,,,,,,,,,,
AVIBASE-36C0242E,788.00000,,766.00000,,217.50000,24.00000,208.90000,23.00000,39.60000,32.00000,39.60000,32.00000,44.00000,32.00000,43.30000,32.00000,59.00000,28.00000,56.50000,31.00000,6.70000,59.00000
AVIBASE-A96692E0,849.00000,,807.00000,,,,,,,,,,,,,,54.20000,19.00000,53.00000,23.00000,8.54000,66.00000
AVIBASE-1929E1E1,1252.00000,,1156.00000,,,,,,,,,,,,,,57.10000,12.00000,57.90000,12.00000,8.10000,68.00000
AVIBASE-3072CC16,1100.00000,,990.00000,,,,,,,,,,,,,,,,,,,65.00000
AVIBASE-0783A7EA,744.00000,,671.00000,,206.00000,,196.00000,,,,,,,,,,,,,,8.84000,51.00000
AVIBASE-7CF91527,583.00000,,520.00000,,,,,,,,,,,,,,54.00000,31.00000,52.70000,8.00000,9.00000,43.00000
AVIBASE-750FE708,880.00000,,680.00000,,,,,,,,,,,,,,,,,,,43.00000
AVIBASE-ABEF107C,902.00000,,838.00000,,218.90000,14.00000,215.30000,12.00000,39.90000,13.00000,38.50000,12.00000,44.80000,14.00000,42.20000,12.00000,,,,,11.00000,60.00000
AVIBASE-67CEA1C1,723.00000,,680.00000,,,,,,,,,,,,,,53.70000,44.00000,52.70000,39.00000,9.50000,56.00000
AVIBASE-3C157679,677.00000,,687.00000,,187.70000,23.00000,185.20000,4.00000,35.40000,23.00000,34.40000,4.00000,38.70000,23.00000,37.90000,4.00000,56.20000,20.00000,57.20000,4.00000,7.39000,63.00000
AVIBASE-25C94A8F,1052.00000,,975.00000,,227.00000,,217.00000,,,,,,,,,,56.30000,45.00000,55.70000,34.00000,9.50000,67.00000
AVIBASE-50566E50,825.00000,,748.00000,,,,,,,,,,,,,,52.30000,131.00000,52.30000,70.00000,9.91000,51.00000
AVIBASE-B77377EE,2218.00000,,1915.00000,,,,,,,,,,,,,,96.00000,17.00000,94.70000,21.00000,3.06000,110.00000
AVIBASE-F3D74914,1668.00000,,1567.00000,,,,,,,,,,,,,,82.80000,12.00000,79.20000,7.00000,4.50000,73.00000
AVIBASE-7D8BF5CC,1432.00000,,1304.00000,,,,,,,,,,,,,,,,,,,73.00000
AVIBASE-BA07D016,773.00000,,842.00000,,,,,,,,,,,,,,,,,,7.00000,58.00000
AVIBASE-BCBD2EAE,653.00000,,553.00000,,205.00000,,196.00000,,,,,,,,,,93.00000,12.00000,79.00000,4.00000,5.70000,53.00000
AVIBASE-AF0C7BDE,661.00000,,636.00000,,,,,,,,,,,,,,215.00000,43.00000,70.40000,17.00000,7.50000,43.00000
AVIBASE-24698199,1100.00000,,800.00000,,,,,,,,,,,,,,92.30000,39.00000,74.70000,24.00000,6.80000,72.00000
AVIBASE-624078BA,1000.00000,,900.00000,,,,,,,,,,,,,,,,,,,62.00000
AVIBASE-BAF44E36,1794.00000,,1730.00000,,,,,,,,,,,,,,81.20000,26.00000,73.40000,7.00000,8.43000,92.00000
AVIBASE-68EA281A,1000.00000,,800.00000,,,,,,,,,,,,,,84.60000,20.00000,77.50000,25.00000,9.30000,57.00000
AVIBASE-9456DEDF,1090.00000,,730.00000,,,,,,,,,,,,,,88.90000,8.00000,85.00000,5.00000,9.50000,70.00000
AVIBASE-FB738385,481.00000,,367.00000,,,,,,,,,,,,,,67.50000,16.00000,74.50000,16.00000,,37.00000
AVIBASE-F1F52036,652.00000,,568.00000,,,,,,,,,,,,,,74.80000,24.00000,69.70000,10.00000,8.00000,42.00000
AVIBASE-60E6081E,680.00000,,540.00000,,,,,,,,,,,,,,,,,,,60.00000
AVIBASE-8DB64266,1135.00000,,908.00000,,,,,,,,,,,,,,81.20000,34.00000,76.40000,14.00000,9.20000,72.00000
AVIBASE-561D77FF,1232.00000,,956.00000,,,,,,,,,,,,,,,,,,,
AVIBASE-407E2CA8,1709.00000,,1232.00000,,,,,,,,,,,,,,105.00000,24.00000,100.00000,23.00000,9.40000,82.00000
AVIBASE-FDA8873B,44.00000,,58.00000,,,,,,,,,,,,,,,,,,,
AVIBASE-DE127941,65.30000,4.00000,100.50000,4.00000,108.20000,6.00000,117.70000,6.00000,24.00000,5.00000,26.10000,7.00000,13.70000,5.00000,15.50000,7.00000,,,,,3.50000,7.50000
AVIBASE-0D9258BF,,,,,101.00000,1.00000,112.33000,3.00000,22.80000,1.00000,25.50000,3.00000,15.10000,1.00000,17.90000,3.00000,41.00000,1.00000,45.00000,3.00000,3.00000,
AVIBASE-E58A7C97,37.10000,13.00000,56.20000,17.00000,78.40000,17.00000,85.30000,31.00000,18.20000,17.00000,19.50000,30.00000,10.60000,17.00000,11.90000,30.00000,,,,,4.00000,4.40000
AVIBASE-640EA208,37.00000,25.00000,53.00000,19.00000,78.10000,20.00000,85.30000,22.00000,17.40000,21.00000,18.30000,23.00000,10.10000,21.00000,11.50000,24.00000,30.00000,15.00000,35.60000,18.00000,3.66000,4.20000
AVIBASE-B605A049,17.60000,2.00000,,,73.00000,4.00000,77.80000,4.00000,18.00000,4.00000,19.00000,4.00000,,,,,30.30000,4.00000,34.80000,4.00000,2.00000,2.00000
AVIBASE-499B3C64,50.60000,16.00000,46.40000,17.00000,102.00000,15.00000,98.60000,5.00000,15.80000,,15.50000,,12.70000,,11.30000,,66.20000,,60.80000,,2.00000,
AVIBASE-7EF4C99C,48.50000,24.00000,47.80000,15.00000,109.00000,51.00000,106.00000,46.00000,15.60000,20.00000,15.90000,20.00000,12.40000,20.00000,12.00000,20.00000,69.90000,46.00000,66.80000,43.00000,2.00000,
AVIBASE-862749B0,48.90000,18.00000,46.80000,14.00000,111.00000,80.00000,106.00000,59.00000,16.00000,44.00000,15.70000,38.00000,13.60000,47.00000,12.60000,40.00000,73.60000,78.00000,68.00000,57.00000,4.00000,
AVIBASE-0AC6CF82,27.50000,21.00000,25.60000,18.00000,89.20000,78.00000,86.30000,50.00000,14.00000,31.00000,13.90000,,10.60000,28.00000,10.00000,22.00000,56.70000,70.00000,53.10000,48.00000,,
AVIBASE-0AC6CF82,29.00000,2.00000,31.60000,2.00000,90.60000,14.00000,86.20000,17.00000,15.10000,,14.60000,15.00000,11.00000,15.00000,10.30000,,57.30000,13.00000,53.30000,,,
AVIBASE-4373396F,20.00000,2.00000,16.00000,7.00000,76.20000,12.00000,69.30000,18.00000,13.30000,4.00000,12.90000,,8.40000,5.00000,7.70000,5.00000,49.30000,9.00000,41.30000,15.00000,,
AVIBASE-BFF3AA65,18.80000,4.00000,17.80000,3.00000,73.50000,12.00000,67.60000,7.00000,12.70000,8.00000,12.30000,7.00000,8.80000,8.00000,8.00000,7.00000,46.80000,11.00000,42.70000,7.00000,,
AVIBASE-C9DFE942,14.30000,2.00000,12.80000,3.00000,72.90000,5.00000,65.70000,5.00000,11.80000,3.00000,11.85000,3.00000,7.80000,4.00000,7.15000,3.00000,48.90000,5.00000,42.30000,5.00000,,
AVIBASE-5B74A911,16.00000,5.00000,11.80000,2.00000,75.10000,16.00000,73.30000,12.00000,12.80000,11.00000,12.70000,7.00000,7.70000,11.00000,7.40000,7.00000,47.90000,16.00000,45.90000,12.00000,,
AVIBASE-C2B68BD8,56.90000,4.00000,52.00000,4.00000,96.00000,6.00000,93.60000,5.00000,14.70000,5.00000,13.97000,3.00000,13.40000,5.00000,12.60000,4.00000,58.40000,5.00000,55.80000,5.00000,,
AVIBASE-8F2DCF5D,25.50000,6.00000,23.10000,7.00000,83.20000,6.00000,79.50000,7.00000,16.00000,6.00000,15.80000,7.00000,12.80000,6.00000,12.30000,7.00000,49.80000,6.00000,47.60000,7.00000,,
AVIBASE-AD7BD37A,,,24.50000,2.00000,82.60000,14.00000,75.00000,11.00000,15.90000,14.00000,14.80000,11.00000,11.35000,,10.80000,,53.80000,12.00000,51.00000,8.00000,,
AVIBASE-7884F0D6,11.50000,2.00000,10.70000,4.00000,66.00000,5.00000,66.80000,13.00000,10.80000,3.00000,11.00000,3.00000,8.50000,3.00000,8.60000,12.00000,44.60000,5.00000,45.50000,12.00000,,
AVIBASE-B20CDCE3,9.70000,4.00000,10.70000,3.00000,74.20000,10.00000,72.90000,12.00000,11.10000,,11.30000,6.00000,8.90000,,8.70000,,47.40000,6.00000,47.40000,7.00000,2.00000,
AVIBASE-8DB3F1A2,14.10000,4.00000,14.40000,4.00000,77.50000,32.00000,75.70000,16.00000,11.70000,20.00000,11.30000,,11.50000,10.00000,10.20000,9.00000,50.50000,29.00000,48.50000,13.00000,5.50000,
AVIBASE-B2E6AB9F,38.80000,,35.90000,,89.60000,45.00000,89.00000,23.00000,19.50000,18.00000,19.20000,10.00000,16.10000,21.00000,15.80000,12.00000,58.50000,6.00000,56.20000,5.00000,7.50000,2.70000
AVIBASE-93EC5E12,54.10000,7.00000,50.30000,5.00000,93.90000,13.00000,91.10000,14.00000,20.80000,,20.00000,,,,,,71.20000,,71.60000,,3.10000,3.50000
AVIBASE-C4DFB5E3,,,,,47.60000,8.00000,49.70000,7.00000,11.04000,7.00000,11.20000,6.00000,,,,,18.20000,6.00000,18.60000,7.00000,2.00000,1.08000
AVIBASE-E7C9A1F5,106.30000,6.00000,97.70000,7.00000,168.20000,47.00000,161.80000,31.00000,25.60000,52.00000,24.50000,38.00000,24.20000,51.00000,22.30000,38.00000,100.40000,39.00000,97.30000,30.00000,5.88000,5.60000
AVIBASE-21DB707D,,,,,,,,,,,,,,,,,,,,,,
AVIBASE-448D91B7,,,,,139.50000,32.00000,136.50000,21.00000,23.00000,32.00000,21.90000,21.00000,27.30000,32.00000,26.60000,21.00000,75.30000,32.00000,74.10000,21.00000,4.74000,5.10000
AVIBASE-7E327303,80.90000,706.00000,77.20000,646.00000,143.80000,674.00000,142.80000,605.00000,,,,,31.70000,642.00000,29.60000,579.00000,79.70000,413.00000,80.00000,338.00000,5.06000,5.10000
AVIBASE-377525FA,72.90000,4.00000,64.40000,5.00000,132.30000,200.00000,127.10000,200.00000,,,,,29.80000,200.00000,25.50000,200.00000,85.00000,200.00000,81.40000,200.00000,3.74000,
AVIBASE-078557F2,77.30000,,63.60000,,130.50000,100.00000,150.50000,71.00000,,,,,30.55000,41.00000,27.65000,40.00000,78.50000,41.00000,76.00000,40.00000,4.24000,4.60000
AVIBASE-88C719E5,85.40000,29.00000,76.40000,41.00000,130.50000,46.00000,127.70000,21.00000,22.70000,45.00000,22.20000,22.00000,33.15000,46.00000,30.09000,23.00000,78.70000,43.00000,76.20000,19.00000,4.75000,5.30000
AVIBASE-9BE68BD3,,,,,124.10000,10.00000,124.30000,10.00000,20.30000,10.00000,19.40000,10.00000,23.40000,10.00000,22.70000,10.00000,72.50000,10.00000,71.70000,10.00000,4.79000,3.40000
AVIBASE-20F4B01D,50.50000,48.00000,49.20000,49.00000,126.00000,27.00000,128.00000,26.00000,21.40000,25.00000,21.20000,26.00000,22.50000,50.00000,22.60000,51.00000,74.50000,24.00000,76.70000,11.00000,4.80000,3.80000
AVIBASE-52F63879,58.30000,23.00000,57.70000,22.00000,131.00000,20.00000,131.00000,21.00000,21.60000,14.00000,21.50000,18.00000,25.10000,20.00000,23.70000,21.00000,78.90000,10.00000,81.50000,10.00000,4.69000,3.90000
AVIBASE-28A4DA76,47.60000,20.00000,47.60000,17.00000,136.80000,20.00000,136.20000,17.00000,21.50000,20.00000,21.00000,17.00000,25.60000,20.00000,24.20000,17.00000,83.20000,20.00000,84.10000,17.00000,4.77000,3.70000
AVIBASE-390F1E35,67.00000,1.00000,72.50000,2.00000,114.00000,7.00000,116.00000,12.00000,20.50000,5.00000,21.20000,8.00000,,,,,62.30000,5.00000,64.70000,7.00000,2.50000,4.10000
AVIBASE-70170649,63.10000,14.00000,60.10000,8.00000,108.00000,29.00000,107.00000,28.00000,20.80000,7.00000,21.00000,5.00000,,,,,63.80000,25.00000,64.30000,26.00000,3.50000,4.60000
AVIBASE-FD3EA943,68.40000,5.00000,67.00000,8.00000,118.00000,8.00000,118.00000,13.00000,22.40000,6.00000,21.40000,5.00000,,,,,68.70000,6.00000,67.80000,5.00000,3.00000,4.70000
AVIBASE-CD2F7C98,67.00000,3.00000,70.00000,3.00000,121.00000,5.00000,116.00000,6.00000,20.20000,4.00000,20.20000,5.00000,,,,,64.00000,3.00000,65.50000,3.00000,2.50000,4.00000
AVIBASE-63BE6621,,,,,107.00000,23.00000,105.00000,16.00000,21.60000,18.00000,20.90000,15.00000,,,,,71.20000,,71.30000,,2.00000,3.90000
AVIBASE-AE1533FC,,,,,101.00000,15.00000,103.00000,12.00000,17.15000,2.00000,17.40000,2.00000,,,,,59.90000,12.00000,60.90000,9.00000,,
AVIBASE-F234B7E3,49.00000,1.00000,43.00000,1.00000,96.10000,14.00000,95.70000,14.00000,16.70000,5.00000,16.70000,3.00000,,,,,60.00000,5.00000,58.50000,3.00000,2.50000,4.40000
AVIBASE-D2718676,54.70000,6.00000,50.40000,5.00000,108.00000,16.00000,107.00000,8.00000,19.00000,5.00000,18.60000,3.00000,,,,,69.00000,,69.90000,,,
AVIBASE-02E56D98,34.70000,16.00000,34.50000,15.00000,82.00000,11.00000,84.30000,8.00000,,,,,,,,,42.80000,,44.40000,9.00000,2.00000,3.40000
AVIBASE-01C9752D,58.50000,4.00000,56.50000,5.00000,101.00000,16.00000,101.00000,13.00000,18.10000,10.00000,17.90000,10.00000,,,,,56.60000,12.00000,56.00000,9.00000,2.00000,4.90000
AVIBASE-D1B9D410,,,,,128.00000,8.00000,127.00000,5.00000,,,,,,,,,92.00000,,89.20000,,3.00000,7.30000
AVIBASE-C6F9E5EE,19.00000,3.00000,,,76.30000,12.00000,77.00000,6.00000,13.70000,4.00000,13.50000,4.00000,,,,,36.20000,11.00000,38.30000,,,
AVIBASE-739A97EE,27.00000,1.00000,29.20000,1.00000,85.40000,19.00000,84.90000,19.00000,15.60000,11.00000,15.20000,11.00000,,,,,45.60000,7.00000,46.20000,6.00000,,
AVIBASE-33F13BB1,,,,,94.30000,7.00000,93.20000,6.00000,14.90000,10.00000,14.90000,8.00000,,,,,45.50000,6.00000,47.70000,6.00000,,
AVIBASE-0A241B83,33.00000,3.00000,29.50000,2.00000,93.00000,67.00000,92.20000,54.00000,16.30000,61.00000,16.20000,54.00000,,,,,47.40000,50.00000,47.90000,47.00000,2.50000,2.90000
AVIBASE-8B3DF118,,,,,78.70000,10.00000,79.80000,6.00000,14.30000,5.00000,14.40000,2.00000,,,,,39.00000,3.00000,37.00000,2.00000,,
AVIBASE-D1F738F4,,,,,102.50000,8.00000,99.00000,4.00000,,,,,,,,,49.60000,7.00000,47.00000,4.00000,,
AVIBASE-77D82F60,,,,,133.00000,21.00000,131.00000,15.00000,21.20000,5.00000,20.60000,5.00000,,,,,66.30000,18.00000,64.30000,14.00000,3.00000,4.90000
AVIBASE-8E989334,70.00000,3.00000,67.00000,3.00000,115.00000,15.00000,112.00000,10.00000,21.40000,8.00000,20.90000,10.00000,,,,,69.80000,8.00000,71.80000,6.00000,,
AVIBASE-2700C97D,,,,,116.00000,38.00000,112.00000,36.00000,21.00000,4.00000,21.20000,5.00000,,,,,71.00000,12.00000,70.00000,9.00000,,
AVIBASE-420A6ADC,,,,,92.00000,5.00000,91.00000,2.00000,,,,,,,,,66.30000,7.00000,65.70000,4.00000,,3.90000
AVIBASE-E5DF48FC,48.50000,4.00000,43.00000,1.00000,107.00000,16.00000,106.00000,9.00000,19.60000,8.00000,19.05000,3.00000,,,,,57.40000,8.00000,60.70000,6.00000,3.00000,4.90000
AVIBASE-02E004AD,44.00000,10.00000,38.00000,6.00000,110.00000,20.00000,109.00000,8.00000,19.40000,12.00000,18.80000,8.00000,,,,,67.60000,15.00000,67.10000,8.00000,3.00000,3.80000
AVIBASE-9FF4EDB5,18.60000,1.00000,18.60000,1.00000,79.30000,34.00000,78.80000,35.00000,14.50000,5.00000,14.00000,8.00000,,,,,,,,,,
AVIBASE-AB2F4BC0,21.00000,2.00000,22.00000,1.00000,89.90000,22.00000,90.50000,13.00000,14.30000,16.00000,14.40000,10.00000,17.40000,22.00000,17.20000,12.00000,51.60000,23.00000,52.40000,13.00000,5.00000,2.20000
AVIBASE-504B2FD4,59.20000,17.00000,58.80000,14.00000,130.00000,9.00000,129.00000,10.00000,20.50000,9.00000,20.40000,15.00000,26.20000,9.00000,24.80000,9.00000,79.00000,6.00000,78.70000,12.00000,5.64000,4.30000
AVIBASE-4507ACD7,108.50000,,105.50000,2.00000,148.00000,10.00000,146.00000,10.00000,25.30000,10.00000,24.90000,7.00000,39.20000,7.00000,36.70000,8.00000,88.60000,9.00000,86.50000,6.00000,4.00000,6.70000
AVIBASE-D754DB85,89.70000,7.00000,89.60000,,142.00000,17.00000,141.00000,10.00000,24.20000,15.00000,24.00000,9.00000,28.90000,18.00000,27.40000,10.00000,87.70000,17.00000,85.70000,9.00000,5.50000,5.70000
AVIBASE-3F54E5FD,79.50000,9.00000,74.00000,11.00000,132.00000,19.00000,130.00000,11.00000,23.30000,7.00000,22.70000,6.00000,31.70000,9.00000,29.80000,2.00000,77.60000,7.00000,75.60000,5.00000,5.10000,5.10000
AVIBASE-FA087E52,39.30000,3.00000,36.40000,4.00000,101.50000,54.00000,101.50000,46.00000,,,,,13.80000,51.00000,12.60000,45.00000,65.20000,48.00000,65.80000,45.00000,4.47000,3.10000
AVIBASE-2CE418F2,,,,,104.00000,80.00000,100.80000,61.00000,17.90000,54.00000,17.20000,55.00000,,,,,104.00000,80.00000,100.80000,61.00000,4.00000,2.90000
AVIBASE-1B2A6386,27.80000,40.00000,28.60000,40.00000,96.73000,22.00000,97.33000,15.00000,16.30000,23.00000,16.20000,15.00000,16.02000,23.00000,15.70000,15.00000,55.10000,46.00000,57.10000,45.00000,4.79000,2.50000
AVIBASE-0BFCAE79,48.50000,26.00000,46.90000,16.00000,,,,,,,,,22.60000,266.00000,21.80000,164.00000,,,,,3.26000,4.30000
AVIBASE-97F0A2DF,49.40000,11.00000,44.10000,5.00000,115.00000,100.00000,111.50000,77.00000,,,19.00000,,22.45000,100.00000,19.25000,79.00000,,,,,,
AVIBASE-9D06AF89,69.80000,52.00000,61.20000,40.00000,122.82000,35.00000,120.63000,28.00000,21.63000,35.00000,20.54000,28.00000,34.33000,33.00000,30.46000,26.00000,77.40000,33.00000,76.90000,27.00000,3.93000,4.30000
AVIBASE-6C74415D,63.00000,18.00000,59.20000,17.00000,127.00000,9.00000,126.10000,15.00000,22.10000,17.00000,21.40000,10.00000,27.80000,100.00000,25.30000,70.00000,83.70000,7.00000,85.30000,10.00000,4.23000,4.40000
AVIBASE-05B8A4F1,70.10000,10.00000,61.20000,5.00000,125.00000,13.00000,123.00000,8.00000,21.10000,8.00000,20.40000,6.00000,33.10000,12.00000,30.30000,8.00000,80.20000,8.00000,77.80000,6.00000,3.40000,4.60000
AVIBASE-6BDADC9C,78.00000,1.00000,68.00000,1.00000,129.50000,39.00000,126.80000,34.00000,22.90000,39.00000,22.00000,34.00000,33.00000,39.00000,30.70000,34.00000,77.90000,39.00000,78.80000,34.00000,3.82000,4.80000
AVIBASE-75600969,139.60000,17.00000,131.80000,20.00000,151.06000,17.00000,151.15000,20.00000,28.33000,17.00000,27.82000,20.00000,26.02000,15.00000,26.43000,19.00000,107.00000,25.00000,104.60000,26.00000,6.66000,7.30000
AVIBASE-00635FF9,324.80000,18.00000,280.70000,20.00000,240.80000,17.00000,231.90000,16.00000,,,,,,,,,171.00000,6.00000,170.00000,4.00000,3.83000,11.00000
AVIBASE-EDB4BBA6,291.30000,3.00000,255.00000,1.00000,234.00000,11.00000,234.00000,16.00000,36.30000,13.00000,35.80000,18.00000,62.60000,9.00000,58.50000,15.00000,162.00000,10.00000,164.00000,15.00000,4.80000,11.80000
AVIBASE-86E7578A,,,,,254.49000,39.00000,253.21000,42.00000,42.50000,28.00000,41.19000,34.00000,,,,,152.00000,38.00000,155.70000,40.00000,2.90000,13.00000
AVIBASE-A01014FF,189.00000,12.00000,198.00000,6.00000,164.00000,23.00000,164.00000,23.00000,29.70000,15.00000,29.90000,16.00000,45.50000,24.00000,45.50000,22.00000,103.00000,15.00000,103.00000,13.00000,6.00000,8.90000
AVIBASE-42CF31E9,166.00000,1.00000,,,164.00000,9.00000,162.00000,7.00000,28.70000,9.00000,28.10000,7.00000,40.60000,7.00000,38.90000,7.00000,98.90000,21.00000,100.00000,19.00000,6.10000,8.60000
AVIBASE-132636AC,137.00000,18.00000,136.00000,10.00000,147.00000,23.00000,148.00000,7.00000,26.00000,20.00000,26.10000,9.00000,27.20000,23.00000,25.90000,7.00000,98.90000,16.00000,98.60000,8.00000,8.00000,6.50000
AVIBASE-44AF29C0,,,,,88.30000,10.00000,89.50000,7.00000,20.50000,10.00000,20.70000,7.00000,19.90000,10.00000,20.40000,7.00000,47.00000,10.00000,48.00000,7.00000,3.00000,4.80000
AVIBASE-92757910,,,51.60000,1.00000,82.70000,10.00000,83.20000,8.00000,19.10000,9.00000,19.10000,8.00000,20.00000,9.00000,19.00000,8.00000,44.40000,9.00000,44.80000,8.00000,,
AVIBASE-57F532BB,,,,,82.20000,9.00000,85.00000,9.00000,19.60000,10.00000,20.10000,9.00000,19.90000,10.00000,19.80000,9.00000,45.00000,9.00000,45.80000,9.00000,,
AVIBASE-69968F8E,56.60000,6.00000,68.50000,4.00000,,,,,,,,,,,,,42.30000,23.00000,41.70000,22.00000,4.00000,3.50000
AVIBASE-C1B352F1,,,63.00000,1.00000,91.10000,10.00000,91.10000,13.00000,22.40000,8.00000,21.10000,7.00000,19.10000,8.00000,19.20000,7.00000,52.10000,10.00000,52.60000,13.00000,4.00000,4.10000
AVIBASE-35145A7E,43.40000,1.00000,48.00000,1.00000,93.00000,14.00000,91.80000,10.00000,20.50000,10.00000,20.15000,10.00000,18.60000,10.00000,17.40000,10.00000,50.80000,14.00000,51.10000,10.00000,4.50000,
AVIBASE-5C629518,53.30000,2.00000,55.70000,8.00000,93.20000,16.00000,93.50000,20.00000,19.90000,9.00000,20.90000,15.00000,18.80000,9.00000,18.80000,15.00000,55.00000,10.00000,54.40000,18.00000,,4.20000
AVIBASE-4568986F,49.00000,17.00000,50.10000,9.00000,87.90000,22.00000,87.10000,18.00000,22.00000,,22.00000,,18.20000,11.00000,17.90000,13.00000,47.20000,2.00000,47.20000,17.00000,4.50000,3.90000
AVIBASE-EEA161A8,16.80000,2.00000,,,53.20000,16.00000,53.20000,15.00000,15.30000,,15.20000,,14.60000,10.00000,15.10000,13.00000,30.90000,15.00000,30.70000,,3.00000,1.80000
AVIBASE-2D822644,,,,,50.60000,23.00000,50.30000,19.00000,12.80000,19.00000,13.10000,15.00000,9.80000,22.00000,9.70000,17.00000,25.90000,22.00000,25.80000,19.00000,3.00000,1.40000
AVIBASE-7BEB0003,11.00000,2.00000,10.00000,2.00000,54.60000,27.00000,53.60000,16.00000,14.60000,14.00000,14.70000,10.00000,9.80000,17.00000,9.90000,14.00000,29.30000,20.00000,28.60000,16.00000,2.00000,3.50000
AVIBASE-5238FF10,8.50000,4.00000,8.90000,2.00000,50.80000,15.00000,49.60000,10.00000,13.40000,11.00000,13.30000,9.00000,10.30000,8.00000,10.15000,3.00000,26.10000,12.00000,25.90000,,,1.30000
AVIBASE-90373466,18.10000,6.00000,17.70000,9.00000,60.30000,16.00000,61.50000,6.00000,14.70000,10.00000,15.10000,,13.60000,9.00000,14.30000,8.00000,29.50000,12.00000,28.90000,,2.50000,2.20000
AVIBASE-9EA74ADA,12.70000,22.00000,12.40000,9.00000,55.60000,69.00000,55.00000,33.00000,15.50000,,15.50000,24.00000,12.40000,35.00000,11.70000,23.00000,31.70000,61.00000,30.60000,30.00000,2.50000,1.90000
AVIBASE-2F467821,12.70000,10.00000,13.00000,4.00000,58.30000,36.00000,57.10000,14.00000,14.10000,11.00000,14.10000,12.00000,11.90000,12.00000,11.50000,12.00000,31.30000,35.00000,30.20000,,2.50000,1.50000
AVIBASE-A4CF3B9E,,,,,60.40000,25.00000,59.80000,8.00000,15.80000,17.00000,15.90000,6.00000,12.60000,12.00000,12.55000,3.00000,34.60000,25.00000,33.90000,8.00000,3.00000,2.10000
AVIBASE-56790B57,42.10000,9.00000,41.50000,12.00000,78.70000,31.00000,78.30000,30.00000,19.90000,,20.90000,20.00000,15.70000,20.00000,15.50000,19.00000,43.90000,30.00000,43.60000,28.00000,,
AVIBASE-915DABE2,52.50000,6.00000,48.00000,2.00000,88.00000,38.00000,86.90000,28.00000,20.90000,20.00000,20.70000,10.00000,22.10000,21.00000,22.10000,11.00000,47.10000,34.00000,47.40000,25.00000,,
AVIBASE-3E3AFB25,30.50000,2.00000,29.70000,6.00000,77.70000,20.00000,77.50000,15.00000,20.30000,10.00000,19.80000,10.00000,18.40000,10.00000,17.90000,10.00000,45.80000,20.00000,46.80000,13.00000,3.50000,2.90000
AVIBASE-73470BDF,25.50000,1.00000,,,78.00000,9.00000,77.00000,11.00000,18.80000,9.00000,17.90000,11.00000,17.30000,9.00000,15.90000,11.00000,48.10000,9.00000,45.70000,11.00000,2.50000,
AVIBASE-7AB16C67,32.90000,7.00000,29.80000,5.00000,77.50000,26.00000,77.90000,19.00000,20.40000,11.00000,19.60000,14.00000,18.50000,11.00000,17.90000,10.00000,46.20000,24.00000,45.60000,,2.50000,3.00000
AVIBASE-F1CCA0AA,23.10000,12.00000,24.50000,6.00000,69.50000,40.00000,68.60000,29.00000,18.30000,20.00000,18.10000,20.00000,17.40000,20.00000,17.20000,20.00000,42.00000,36.00000,41.40000,26.00000,2.50000,2.80000
AVIBASE-F03BE6C3,22.10000,9.00000,18.20000,5.00000,65.60000,38.00000,64.40000,25.00000,18.60000,20.00000,18.90000,10.00000,16.30000,20.00000,16.60000,10.00000,37.80000,33.00000,36.50000,25.00000,,
AVIBASE-E0ED3A27,24.20000,3.00000,38.00000,1.00000,78.10000,22.00000,78.90000,16.00000,19.30000,13.00000,19.20000,12.00000,18.40000,13.00000,17.90000,12.00000,45.40000,22.00000,45.60000,16.00000,,
AVIBASE-7DE8EBBA,,,,,77.20000,6.00000,80.20000,5.00000,19.40000,10.00000,19.30000,10.00000,19.40000,10.00000,19.40000,10.00000,42.40000,5.00000,44.00000,5.00000,2.50000,5.80000
AVIBASE-408639E6,63.80000,12.00000,61.80000,11.00000,92.50000,14.00000,91.10000,15.00000,,,,,,,,,52.80000,19.00000,53.40000,23.00000,2.00000,5.40000
AVIBASE-3F31B1D6,,,,,92.50000,3.00000,93.60000,9.00000,24.00000,3.00000,24.10000,9.00000,23.65000,3.00000,23.50000,9.00000,55.00000,3.00000,57.90000,8.00000,3.00000,
AVIBASE-C477BEB1,,,,,87.50000,8.00000,88.50000,4.00000,21.30000,8.00000,21.40000,4.00000,21.40000,8.00000,20.80000,4.00000,51.80000,7.00000,53.50000,4.00000,,
AVIBASE-0D419595,41.50000,7.00000,41.70000,3.00000,84.60000,49.00000,84.10000,39.00000,20.60000,21.00000,20.50000,20.00000,20.70000,22.00000,20.40000,20.00000,48.50000,31.00000,48.30000,26.00000,3.00000,2.60000
AVIBASE-8C50CB2D,,,,,92.20000,22.00000,90.70000,24.00000,22.60000,14.00000,22.30000,18.00000,23.10000,11.00000,22.60000,18.00000,57.20000,22.00000,56.30000,18.00000,3.50000,4.20000
AVIBASE-724266B4,41.00000,1.00000,,,90.70000,18.00000,91.20000,19.00000,21.70000,15.00000,22.20000,14.00000,23.00000,15.00000,22.40000,14.00000,63.30000,17.00000,64.10000,19.00000,,
AVIBASE-03E74ADD,57.00000,1.00000,,,90.90000,16.00000,91.80000,12.00000,22.50000,12.00000,21.80000,8.00000,22.00000,11.00000,21.90000,8.00000,69.70000,16.00000,71.30000,11.00000,4.00000,
AVIBASE-439FE608,,,80.50000,1.00000,101.00000,17.00000,100.00000,13.00000,25.30000,19.00000,25.00000,13.00000,30.80000,19.00000,29.80000,13.00000,77.60000,18.00000,76.80000,13.00000,3.00000,
AVIBASE-B3031527,92.00000,8.00000,87.60000,5.00000,111.00000,13.00000,111.00000,16.00000,27.00000,13.00000,27.00000,12.00000,34.10000,13.00000,32.80000,12.00000,84.00000,13.00000,84.80000,16.00000,2.00000,
AVIBASE-7A3818D8,,,,,113.50000,3.00000,112.50000,4.00000,26.20000,3.00000,26.25000,4.00000,40.05000,3.00000,38.40000,4.00000,81.50000,3.00000,81.50000,4.00000,,
AVIBASE-60FE17E8,86.30000,2.00000,89.00000,1.00000,107.00000,20.00000,103.00000,10.00000,28.00000,15.00000,27.50000,10.00000,23.50000,14.00000,22.90000,10.00000,95.90000,19.00000,94.80000,9.00000,3.00000,
AVIBASE-546FA5F2,69.00000,2.00000,65.00000,2.00000,100.00000,32.00000,98.30000,20.00000,,,,,,,,,86.00000,16.00000,88.20000,7.00000,3.50000,6.10000
AVIBASE-685CA6D9,,,46.20000,1.00000,91.50000,20.00000,89.90000,30.00000,26.60000,15.00000,25.50000,17.00000,24.30000,15.00000,23.70000,17.00000,84.70000,20.00000,84.00000,30.00000,5.00000,4.40000
AVIBASE-570C1121,72.50000,1.00000,,,98.40000,22.00000,95.60000,22.00000,27.40000,18.00000,27.10000,20.00000,26.50000,17.00000,24.70000,20.00000,87.80000,22.00000,84.70000,20.00000,4.50000,4.70000
AVIBASE-E6D52EF7,45.80000,10.00000,46.40000,5.00000,83.20000,34.00000,82.70000,28.00000,,,,,,,,,73.10000,21.00000,74.40000,19.00000,3.00000,
AVIBASE-59156D53,70.00000,,63.00000,,,,,,,,,,,,,,,,,,,
AVIBASE-B35771C7,180.00000,,170.00000,,,,,,,,,,,,,,,,,,,
AVIBASE-CF872D1D,22.00000,,21.00000,,,,,,,,,,,,,,,,,,,
AVIBASE-19CE1F0F,120.00000,,125.00000,,,,,,,,,,,,,,,,,,,
AVIBASE-23FEF54E,107.00000,5.00000,83.00000,2.00000,154.00000,24.00000,141.00000,13.00000,24.00000,18.00000,22.00000,8.00000,63.00000,19.00000,50.00000,11.00000,160.00000,18.00000,142.00000,10.00000,4.00000,
AVIBASE-53D72911,111.00000,8.00000,97.00000,7.00000,157.00000,40.00000,150.00000,21.00000,31.00000,24.00000,30.00000,11.00000,66.00000,24.00000,59.00000,14.00000,148.00000,20.00000,142.00000,10.00000,,
AVIBASE-C8898E88,,,,,215.00000,28.00000,194.00000,10.00000,47.00000,17.00000,44.00000,6.00000,115.00000,23.00000,95.00000,11.00000,231.00000,19.00000,207.00000,8.00000,4.00000,16.00000
AVIBASE-1A34CC23,177.00000,4.00000,129.00000,6.00000,182.00000,78.00000,167.00000,62.00000,39.00000,50.00000,36.00000,57.00000,83.00000,60.00000,67.00000,58.00000,199.00000,53.00000,180.00000,55.00000,3.00000,12.00000
AVIBASE-3BCD9CB0,258.00000,3.00000,182.00000,3.00000,200.00000,28.00000,183.00000,27.00000,40.00000,16.00000,38.00000,13.00000,89.00000,22.00000,74.00000,19.00000,221.00000,22.00000,194.00000,19.00000,2.50000,14.70000
AVIBASE-21A15CDE,211.00000,75.00000,168.00000,75.00000,205.00000,25.00000,191.00000,16.00000,43.00000,13.00000,40.00000,12.00000,90.00000,,74.00000,15.00000,219.00000,18.00000,201.00000,14.00000,3.70000,
AVIBASE-DE36D3BD,194.00000,7.00000,145.00000,5.00000,183.00000,50.00000,167.00000,46.00000,40.00000,20.00000,36.00000,19.00000,84.00000,42.00000,69.00000,38.00000,218.00000,44.00000,196.00000,39.00000,2.00000,
AVIBASE-1FDA0172,244.00000,31.00000,205.00000,13.00000,255.00000,115.00000,234.00000,56.00000,34.00000,29.00000,33.00000,14.00000,95.00000,95.00000,82.00000,26.00000,229.00000,24.00000,220.00000,11.00000,3.50000,17.40000
AVIBASE-336CB959,200.00000,1.00000,193.00000,4.00000,259.00000,17.00000,237.00000,12.00000,39.00000,11.00000,37.00000,8.00000,99.00000,17.00000,86.00000,12.00000,219.00000,17.00000,200.00000,12.00000,,14.50000
AVIBASE-4B8F7AF5,278.00000,15.00000,241.00000,7.00000,265.00000,39.00000,243.00000,34.00000,35.00000,41.00000,32.00000,32.00000,98.00000,43.00000,85.00000,32.00000,236.00000,39.00000,211.00000,30.00000,,17.70000
AVIBASE-6D72B23C,297.00000,1.00000,,,289.00000,20.00000,262.00000,7.00000,40.00000,14.00000,39.00000,5.00000,121.00000,19.00000,102.00000,6.00000,255.00000,18.00000,227.00000,5.00000,3.00000,
AVIBASE-0CCD664D,233.00000,5.00000,183.00000,4.00000,225.00000,137.00000,206.00000,47.00000,38.00000,67.00000,35.00000,35.00000,99.00000,68.00000,78.00000,40.00000,201.00000,61.00000,183.00000,36.00000,4.20000,13.10000
AVIBASE-235F0000,256.00000,3.00000,211.50000,2.00000,247.00000,18.00000,233.00000,15.00000,39.00000,10.00000,37.00000,5.00000,83.00000,14.00000,74.00000,6.00000,224.00000,9.00000,215.00000,4.00000,,18.40000
AVIBASE-C05BF908,1264.00000,3.00000,1059.00000,3.00000,395.00000,27.00000,354.00000,34.00000,53.00000,22.00000,47.00000,34.00000,186.00000,22.00000,145.00000,30.00000,306.00000,23.00000,270.00000,30.00000,1.50000,44.70000
AVIBASE-CBC236C2,2100.00000,1.00000,1750.00000,2.00000,402.00000,22.00000,362.00000,22.00000,56.00000,20.00000,50.00000,18.00000,212.00000,18.00000,165.00000,17.00000,309.00000,19.00000,272.00000,21.00000,,
AVIBASE-948ED65C,4000.00000,1.00000,,,560.00000,19.00000,512.00000,17.00000,151.00000,18.00000,135.00000,15.00000,264.00000,14.00000,222.00000,13.00000,348.00000,16.00000,318.00000,15.00000,1.50000,95.30000
AVIBASE-4192DE77,4358.00000,5.00000,3324.00000,7.00000,560.00000,33.00000,528.00000,10.00000,143.00000,21.00000,135.00000,7.00000,207.00000,30.00000,192.00000,10.00000,,,,,,100.50000
AVIBASE-FA2F9125,66.90000,9.00000,65.50000,6.00000,151.00000,23.00000,146.00000,12.00000,23.30000,16.00000,21.70000,13.00000,50.20000,46.00000,45.10000,39.00000,103.00000,14.00000,101.00000,10.00000,4.40000,4.40000
AVIBASE-28CACA8F,77.30000,71.00000,64.00000,67.00000,147.00000,18.00000,138.00000,23.00000,22.50000,18.00000,20.80000,23.00000,54.10000,17.00000,42.50000,24.00000,216.00000,16.00000,207.00000,18.00000,3.20000,4.00000
AVIBASE-76FAC9A5,96.00000,1.00000,74.50000,2.00000,158.00000,11.00000,148.00000,8.00000,23.70000,3.00000,21.60000,4.00000,54.00000,2.00000,45.60000,4.00000,250.00000,2.00000,209.00000,4.00000,3.00000,
AVIBASE-68A80086,,,,,150.00000,14.00000,143.00000,9.00000,22.20000,15.00000,20.80000,9.00000,57.30000,12.00000,46.30000,9.00000,223.00000,13.00000,211.00000,9.00000,4.00000,
AVIBASE-D1FFB474,62.50000,7.00000,50.80000,5.00000,133.00000,12.00000,130.00000,11.00000,23.00000,12.00000,22.60000,13.00000,40.50000,11.00000,34.20000,11.00000,196.00000,11.00000,193.00000,8.00000,2.00000,6.90000
AVIBASE-8CC7216A,26.00000,5.00000,23.00000,2.00000,101.00000,4.00000,98.80000,4.00000,,,15.30000,4.00000,,,,,167.00000,7.00000,149.00000,1.00000,,
AVIBASE-9C69D0FD,22.80000,1.00000,,,102.00000,18.00000,96.30000,9.00000,19.70000,18.00000,18.10000,10.00000,31.80000,19.00000,27.90000,10.00000,,,,,,
AVIBASE-B0DD1318,35.00000,3.00000,30.30000,4.00000,112.00000,18.00000,103.00000,7.00000,19.00000,18.00000,18.10000,7.00000,44.30000,18.00000,37.90000,7.00000,,,,,,3.20000
AVIBASE-46847C50,28.00000,2.00000,,,93.80000,18.00000,87.00000,15.00000,17.50000,21.00000,16.40000,15.00000,33.30000,19.00000,27.80000,13.00000,,,,,,2.60000
AVIBASE-7FED5700,61.60000,8.00000,60.40000,7.00000,132.00000,17.00000,132.00000,12.00000,,,,,19.50000,17.00000,19.00000,12.00000,158.00000,17.00000,161.00000,12.00000,2.60000,7.50000
AVIBASE-9FCF19F5,,,,,120.50000,33.00000,120.50000,9.00000,15.00000,6.00000,15.00000,2.00000,17.00000,6.00000,16.50000,2.00000,142.50000,33.00000,145.50000,9.00000,2.00000,7.70000
AVIBASE-2F2CB724,53.80000,8.00000,56.80000,3.00000,119.00000,5.00000,122.00000,2.00000,,,,,,,,,157.00000,4.00000,158.00000,5.00000,2.50000,
AVIBASE-BD445FFB,177.00000,,151.00000,,,,,,,,,,,,,,,,,,,
AVIBASE-2CC8DFAA,112.00000,,,,,,,,,,,,,,,,,,,,,
AVIBASE-C5BEA9D9,,,,,131.30000,6.00000,134.30000,6.00000,15.10000,6.00000,15.10000,6.00000,17.70000,6.00000,16.90000,6.00000,167.70000,6.00000,178.80000,6.00000,2.95000,8.30000
AVIBASE-7451A628,146.00000,13.00000,148.00000,4.00000,203.00000,10.00000,203.00000,6.00000,24.40000,18.00000,24.00000,18.00000,42.50000,14.00000,42.50000,11.00000,119.00000,15.00000,117.00000,11.00000,4.50000,15.50000
AVIBASE-2624054E,168.00000,7.00000,168.00000,4.00000,184.00000,7.00000,178.00000,7.00000,23.40000,7.00000,23.10000,7.00000,44.20000,7.00000,42.20000,7.00000,132.00000,7.00000,129.00000,7.00000,3.00000,15.50000
AVIBASE-306C892E,142.00000,14.00000,142.00000,8.00000,183.00000,14.00000,177.00000,8.00000,,,,,42.40000,5.00000,38.00000,7.00000,113.00000,5.00000,105.00000,6.00000,,12.30000
AVIBASE-4F01F416,106.00000,19.00000,102.00000,16.00000,174.00000,16.00000,171.00000,13.00000,,,,,,,,,100.00000,6.00000,95.00000,3.00000,2.50000,15.00000
AVIBASE-8FFDE282,92.20000,12.00000,98.10000,8.00000,157.00000,18.00000,152.00000,13.00000,,,,,26.40000,5.00000,26.00000,5.00000,95.00000,5.00000,93.00000,5.00000,2.50000,12.20000
AVIBASE-924BAB9C,126.40000,14.00000,135.50000,5.00000,192.50000,36.00000,193.50000,13.00000,19.60000,37.00000,19.80000,12.00000,32.40000,37.00000,32.80000,9.00000,94.30000,37.00000,95.80000,12.00000,3.50000,15.30000
AVIBASE-87A54177,62.00000,,62.00000,,,,,,,,,,,,,,,,,,,
AVIBASE-435AB47D,159.20000,,155.70000,,,,,,,,,,,,,,,,,,,
AVIBASE-9505E03D,40.90000,41.00000,43.80000,38.00000,78.30000,51.00000,78.20000,63.00000,10.20000,12.00000,10.20000,23.00000,44.60000,24.00000,42.90000,33.00000,36.20000,18.00000,37.40000,18.00000,6.50000,4.30000
AVIBASE-F9F5CAB0,40.20000,1.00000,35.00000,1.00000,82.30000,25.00000,83.40000,20.00000,11.30000,25.00000,11.10000,20.00000,48.60000,25.00000,47.80000,20.00000,39.80000,25.00000,40.20000,20.00000,3.50000,4.80000
AVIBASE-A376DE65,34.30000,6.00000,36.80000,4.00000,79.10000,15.00000,79.60000,8.00000,10.50000,15.00000,10.40000,8.00000,48.30000,15.00000,47.20000,8.00000,35.50000,15.00000,36.60000,8.00000,5.50000,4.40000
AVIBASE-AC4118FA,33.40000,21.00000,34.30000,13.00000,76.50000,30.00000,76.60000,17.00000,10.50000,24.00000,10.60000,17.00000,50.20000,29.00000,46.90000,18.00000,36.10000,30.00000,36.20000,18.00000,5.60000,4.40000
AVIBASE-0759A4FB,,,,,55.70000,22.00000,56.40000,18.00000,9.00000,22.00000,9.10000,18.00000,33.50000,22.00000,33.20000,18.00000,,,,,,2.40000
AVIBASE-4F94B89C,14.50000,12.00000,14.70000,14.00000,,,,,,,,,29.60000,12.00000,32.20000,14.00000,,,,,,
AVIBASE-9F840FEA,15.00000,,14.00000,,54.60000,5.00000,54.00000,2.00000,8.90000,5.00000,8.85000,2.00000,31.20000,5.00000,32.45000,2.00000,23.80000,5.00000,24.50000,2.00000,4.50000,
AVIBASE-C0998BB9,,,,,53.80000,15.00000,54.50000,17.00000,8.40000,15.00000,8.50000,17.00000,26.70000,15.00000,26.60000,17.00000,,,,,,2.00000
AVIBASE-9BE54916,10.00000,24.00000,10.60000,10.00000,47.60000,20.00000,48.80000,16.00000,8.10000,20.00000,8.40000,16.00000,27.50000,20.00000,27.40000,16.00000,,,,,,
AVIBASE-94AF4A47,307.20000,30.00000,352.10000,22.00000,212.70000,44.00000,218.70000,31.00000,26.80000,44.00000,27.50000,32.00000,68.50000,43.00000,69.20000,32.00000,158.00000,51.00000,159.00000,35.00000,2.92000,30.40000
AVIBASE-6F0C3A53,283.90000,21.00000,334.50000,13.00000,194.10000,46.00000,198.90000,41.00000,26.90000,49.00000,28.20000,41.00000,77.40000,48.00000,81.10000,40.00000,124.00000,22.00000,123.00000,10.00000,2.58000,33.00000
AVIBASE-BD366A8F,58.00000,5.00000,57.90000,8.00000,,,,,,,,,,,,,,,,,2.50000,9.40000
AVIBASE-178B6892,41.70000,20.00000,46.00000,6.00000,,,,,,,,,,,,,59.80000,12.00000,59.60000,10.00000,3.80000,6.10000
AVIBASE-47E71671,53.10000,15.00000,59.70000,3.00000,105.00000,20.00000,105.00000,10.00000,14.40000,20.00000,14.70000,10.00000,46.00000,20.00000,44.80000,10.00000,64.50000,20.00000,63.70000,10.00000,3.00000,8.40000
AVIBASE-1F360691,61.00000,3.00000,63.00000,2.00000,103.00000,20.00000,104.00000,11.00000,,,,,,,,,60.30000,20.00000,61.50000,11.00000,3.00000,
AVIBASE-0D8BDD35,82.80000,26.00000,83.40000,16.00000,115.00000,26.00000,116.00000,17.00000,,,,,53.30000,26.00000,54.60000,17.00000,75.90000,26.00000,75.60000,17.00000,3.00000,11.10000
AVIBASE-C5D3CB2A,63.80000,5.00000,65.00000,8.00000,106.50000,16.00000,107.00000,11.00000,16.50000,16.00000,16.60000,11.00000,50.20000,16.00000,48.40000,11.00000,66.20000,16.00000,66.00000,11.00000,4.20000,9.20000
AVIBASE-AB51824B,36.00000,13.00000,39.60000,8.00000,79.50000,,79.90000,,,,,,33.40000,,33.00000,,41.80000,,41.70000,,4.00000,5.70000
AVIBASE-E274D1BF,42.50000,1.00000,38.80000,2.00000,78.60000,13.00000,77.20000,13.00000,14.50000,13.00000,14.80000,13.00000,39.10000,13.00000,39.50000,13.00000,59.80000,13.00000,60.50000,12.00000,3.50000,
AVIBASE-44A15B3E,49.40000,13.00000,50.30000,5.00000,98.50000,52.00000,98.10000,33.00000,15.80000,51.00000,15.40000,34.00000,35.90000,51.00000,35.00000,32.00000,203.20000,5.00000,147.50000,6.00000,2.99000,
AVIBASE-F51C1C4A,350.00000,48.00000,377.00000,58.00000,205.00000,47.00000,207.00000,51.00000,,,,,90.00000,15.00000,93.00000,32.00000,115.00000,9.00000,90.00000,15.00000,3.50000,30.60000
AVIBASE-3558066B,143.60000,8.00000,151.60000,6.00000,156.30000,19.00000,158.60000,28.00000,11.90000,19.00000,11.80000,11.00000,51.80000,36.00000,53.00000,21.00000,,,,,,13.50000
AVIBASE-8205077F,82.40000,,86.40000,,140.00000,,141.00000,,,,,,,,,,70.00000,10.00000,74.00000,10.00000,5.00000,8.10000
AVIBASE-ED7D6741,30.30000,8.00000,33.80000,5.00000,80.10000,24.00000,82.90000,20.00000,9.90000,24.00000,10.30000,20.00000,48.30000,24.00000,47.90000,20.00000,55.70000,24.00000,57.40000,20.00000,5.00000,4.30000
AVIBASE-3B472CF5,31.20000,13.00000,30.00000,3.00000,92.60000,21.00000,91.30000,15.00000,,,,,,,,,67.70000,21.00000,69.80000,15.00000,2.00000,4.66000
AVIBASE-72CAA64D,22.40000,17.00000,22.90000,7.00000,,,,,,,,,,,,,,,,,2.00000,
AVIBASE-E6DC5DA1,26.00000,23.00000,28.00000,16.00000,,,,,,,,,,,,,,,,,3.00000,3.15000
AVIBASE-38507A80,35.80000,5.00000,33.60000,8.00000,,,,,,,,,,,,,,,,,3.00000,4.37000
AVIBASE-C0A68CA0,,,,,,,,,,,,,29.00000,10.00000,28.60000,10.00000,,,,,4.40000,2.57000
AVIBASE-A90C512F,21.50000,4.00000,21.00000,3.00000,88.20000,20.00000,85.00000,10.00000,,,,,33.50000,10.00000,32.80000,10.00000,,,,,3.00000,4.30000
AVIBASE-B85B93BB,26.10000,16.00000,22.00000,6.00000,,,,,,,,,45.20000,5.00000,44.20000,5.00000,,,,,2.00000,
AVIBASE-910E6D86,20.40000,17.00000,19.80000,9.00000,,,,,,,,,,,,,102.50000,10.00000,101.50000,10.00000,3.00000,3.55000
AVIBASE-4A34E9CE,54.00000,1.00000,,,,,,,,,,,,,,,,,,,2.50000,7.60000
AVIBASE-AFA39D5A,,,,,,,,,,,,,,,,,,,,,,
AVIBASE-03C4A0C9,,,,,100.00000,15.00000,94.00000,15.00000,,,,,33.00000,15.00000,31.30000,15.00000,73.60000,15.00000,68.90000,15.00000,6.00000,
AVIBASE-759AD1FB,,,,,93.60000,20.00000,91.40000,22.00000,,,,,,,,,71.20000,19.00000,70.40000,24.00000,5.00000,3.11000
AVIBASE-30238523,,,,,80.80000,21.00000,79.30000,17.00000,,,,,31.00000,17.00000,30.70000,14.00000,,,,,3.00000,2.30000
AVIBASE-6EE45113,,,,,155.00000,20.00000,148.00000,20.00000,,,,,46.20000,20.00000,45.70000,20.00000,88.20000,,86.50000,,6.00000,
AVIBASE-AC89B8FF,,,,,135.00000,10.00000,130.00000,10.00000,,,,,47.10000,10.00000,45.20000,10.00000,82.00000,10.00000,80.50000,10.00000,2.50000,6.20000
AVIBASE-3EDF8B55,29.80000,11.00000,26.10000,5.00000,111.30000,78.00000,108.40000,46.00000,11.40000,73.00000,11.50000,42.00000,38.70000,76.00000,36.70000,44.00000,79.70000,11.00000,78.90000,14.00000,4.66000,4.10000
AVIBASE-66AA3934,55.80000,93.00000,54.40000,97.00000,152.00000,30.00000,146.00000,18.00000,12.80000,25.00000,12.60000,15.00000,43.10000,26.00000,41.20000,17.00000,89.40000,10.00000,84.70000,10.00000,5.70000,6.50000
AVIBASE-32E6DB03,,,,,137.00000,10.00000,132.00000,8.00000,,,,,43.00000,10.00000,42.30000,8.00000,78.00000,10.00000,77.50000,8.00000,2.00000,6.00000
AVIBASE-2125426A,,,,,149.00000,25.00000,144.00000,25.00000,,,,,41.90000,15.00000,39.90000,,98.00000,25.00000,95.50000,25.00000,3.50000,5.80000
AVIBASE-1FDDABDB,54.00000,113.00000,55.50000,92.00000,93.00000,86.00000,94.00000,53.00000,,,,,,,,,199.00000,39.00000,195.00000,28.00000,2.60000,3.40000
AVIBASE-ADDB3611,37.80000,8.00000,34.00000,4.00000,87.20000,27.00000,86.30000,19.00000,20.75000,22.00000,20.25000,19.00000,,,,,213.50000,25.00000,198.00000,19.00000,,
AVIBASE-A7746907,,,,,99.30000,34.00000,99.10000,35.00000,23.00000,22.00000,22.80000,19.00000,,,,,223.00000,30.00000,220.00000,30.00000,,
AVIBASE-CFDC57C6,,,,,,,,,,,,,,,,,,,,,3.10000,2.70000
AVIBASE-E45D9EB2,50.90000,9.00000,48.90000,7.00000,91.00000,110.00000,89.50000,70.00000,,,,,,,,,246.50000,,226.00000,,2.50000,
AVIBASE-AB1A85BF,,,,,94.90000,13.00000,92.00000,5.00000,20.20000,10.00000,20.10000,5.00000,,,,,215.00000,10.00000,203.00000,5.00000,2.60000,
AVIBASE-3D67C56A,169.00000,6.00000,138.00000,,209.00000,8.00000,199.00000,6.00000,35.40000,14.00000,33.80000,10.00000,30.90000,17.00000,30.30000,17.00000,206.00000,14.00000,193.00000,13.00000,4.80000,9.85000
AVIBASE-2AD52363,92.00000,1.00000,115.00000,4.00000,225.00000,33.00000,224.00000,18.00000,,,,,28.80000,18.00000,28.70000,10.00000,183.00000,30.00000,180.00000,19.00000,1.10000,2.20000
AVIBASE-26A34DA5,75.30000,15.00000,71.60000,5.00000,177.00000,25.00000,176.00000,13.00000,,,,,,,,,148.00000,24.00000,148.00000,12.00000,,3.22000
AVIBASE-EDB84334,85.00000,9.00000,87.40000,6.00000,173.00000,34.00000,174.00000,13.00000,,,,,23.00000,30.00000,22.80000,12.00000,145.00000,29.00000,146.00000,13.00000,,4.10000
AVIBASE-B3D2C3C5,117.00000,84.00000,106.00000,52.00000,221.00000,52.00000,210.00000,35.00000,,,,,27.70000,44.00000,26.80000,32.00000,177.00000,48.00000,167.00000,33.00000,9.20000,3.22000
AVIBASE-66931B3F,104.00000,6.00000,97.50000,2.00000,213.00000,15.00000,210.00000,10.00000,,,,,,,,,160.00000,15.00000,155.00000,10.00000,,3.30000
AVIBASE-565F83B3,116.00000,11.00000,77.00000,6.00000,210.00000,19.00000,198.00000,7.00000,20.70000,17.00000,20.30000,12.00000,27.70000,27.00000,26.30000,26.00000,159.80000,11.00000,149.70000,11.00000,,2.20000
AVIBASE-FF41B79F,54.20000,3.00000,40.00000,1.00000,,,,,,,,,,,,,,,,,,2.75000
AVIBASE-C2E0717C,64.50000,2.00000,,,,,,,,,,,,,,,,,,,,
AVIBASE-D2B68684,89.50000,22.00000,85.60000,18.00000,193.00000,69.00000,191.50000,48.00000,21.90000,24.00000,22.20000,21.00000,26.90000,61.00000,26.80000,47.00000,163.40000,69.00000,160.60000,45.00000,1.00000,3.90000
AVIBASE-D64491E4,57.00000,7.00000,56.00000,8.00000,137.00000,22.00000,135.00000,10.00000,,,,,,,,,175.00000,21.00000,164.00000,10.00000,,
AVIBASE-CB8FBD65,65.00000,2.00000,,,145.00000,24.00000,139.00000,6.00000,18.00000,3.00000,,,,,,,161.00000,25.00000,153.00000,6.00000,,3.38000
AVIBASE-B8D42059,60.00000,9.00000,61.00000,3.00000,147.00000,12.00000,147.00000,4.00000,,,,,,,,,159.00000,11.00000,169.00000,4.00000,,2.50000
AVIBASE-05824D50,33.70000,22.00000,32.10000,7.00000,128.30000,35.00000,123.70000,6.00000,17.00000,33.00000,17.20000,7.00000,21.30000,32.00000,21.20000,7.00000,,,,,1.00000,2.00000
AVIBASE-26360764,30.00000,4.00000,32.00000,1.00000,110.20000,9.00000,112.50000,2.00000,18.00000,9.00000,16.65000,2.00000,21.60000,8.00000,20.80000,2.00000,,,,,,2.14000
AVIBASE-D86848D4,49.80000,32.00000,49.90000,7.00000,144.40000,42.00000,140.60000,18.00000,19.70000,31.00000,19.60000,13.00000,21.50000,41.00000,21.40000,15.00000,140.50000,45.00000,135.40000,17.00000,1.00000,
AVIBASE-9C8CCBA3,15.30000,5.00000,16.50000,3.00000,95.10000,17.00000,93.00000,4.00000,15.70000,15.00000,16.00000,4.00000,17.10000,16.00000,17.70000,4.00000,62.10000,17.00000,58.80000,5.00000,1.00000,
AVIBASE-19268395,23.30000,38.00000,24.50000,30.00000,104.90000,24.00000,105.30000,23.00000,17.00000,15.00000,17.30000,16.00000,18.10000,23.00000,18.20000,22.00000,68.70000,39.00000,68.80000,36.00000,1.00000,1.73000
AVIBASE-91248B47,22.00000,22.00000,24.30000,16.00000,102.70000,78.00000,100.70000,32.00000,18.00000,63.00000,17.90000,30.00000,16.70000,71.00000,17.20000,30.00000,70.90000,66.00000,69.30000,32.00000,1.00000,1.55000
AVIBASE-087C279E,29.40000,9.00000,32.20000,5.00000,118.40000,26.00000,116.90000,16.00000,19.20000,26.00000,19.40000,16.00000,19.50000,24.00000,19.50000,15.00000,88.20000,26.00000,87.30000,16.00000,1.00000,
AVIBASE-A4427701,29.30000,7.00000,30.00000,1.00000,97.00000,7.00000,96.00000,3.00000,,,,,,,,,68.00000,7.00000,,,,
AVIBASE-1FACD210,25.60000,15.00000,30.20000,10.00000,103.00000,42.00000,102.00000,18.00000,,,,,,,,,73.00000,40.00000,73.00000,16.00000,3.50000,1.65000
AVIBASE-1B309CB5,38.30000,20.00000,36.70000,12.00000,114.00000,21.00000,112.00000,6.00000,,,,,,,,,90.00000,22.00000,,,,
AVIBASE-0482FA7E,28.60000,6.00000,35.90000,4.00000,114.00000,15.00000,119.00000,7.00000,17.20000,13.00000,17.50000,7.00000,20.40000,15.00000,20.50000,8.00000,79.00000,40.00000,80.00000,30.00000,,2.55000
AVIBASE-3BD58F08,110.40000,9.00000,124.20000,10.00000,189.00000,23.00000,185.50000,25.00000,34.90000,23.00000,34.70000,24.00000,33.40000,17.00000,33.50000,23.00000,226.80000,21.00000,220.20000,23.00000,1.00000,13.70000
AVIBASE-D9638667,708.20000,12.00000,660.00000,12.00000,353.90000,21.00000,346.80000,9.00000,45.80000,21.00000,44.00000,13.00000,86.40000,20.00000,74.50000,13.00000,266.50000,21.00000,262.80000,12.00000,2.08000,18.20000
AVIBASE-E0D521B7,67.60000,9.00000,64.20000,6.00000,,,,,,,,,,,,,,,,,,8.60000
AVIBASE-598BC113,302.10000,16.00000,444.90000,22.00000,225.60000,23.00000,249.30000,31.00000,50.50000,23.00000,53.20000,32.00000,35.50000,21.00000,38.60000,31.00000,310.20000,13.00000,337.10000,12.00000,3.40000,18.00000
AVIBASE-DB09507D,100.00000,6.00000,151.00000,1.00000,148.00000,7.00000,175.00000,9.00000,,,,,22.80000,7.00000,25.20000,9.00000,151.00000,7.00000,176.00000,9.00000,4.00000,9.00000
AVIBASE-A0CB9C06,293.00000,1.00000,336.50000,2.00000,189.00000,8.00000,198.00000,6.00000,,,,,,,,,253.00000,8.00000,289.00000,5.00000,2.00000,
AVIBASE-120AEEC0,,,,,188.00000,10.00000,197.00000,12.00000,,,,,,,,,262.00000,11.00000,285.00000,12.00000,,
AVIBASE-7C879D6D,171.00000,5.00000,237.00000,3.00000,177.00000,12.00000,189.00000,10.00000,,,,,,,,,192.00000,12.00000,205.00000,10.00000,,13.30000
AVIBASE-DD7B1DD7,272.00000,6.00000,299.00000,5.00000,211.00000,25.00000,223.00000,23.00000,49.00000,25.00000,50.00000,24.00000,36.00000,25.00000,38.00000,24.00000,,,,,,
AVIBASE-4A83155B,169.00000,4.00000,171.00000,5.00000,169.00000,32.00000,176.00000,32.00000,37.60000,32.00000,38.60000,32.00000,27.50000,32.00000,28.90000,32.00000,200.00000,32.00000,211.00000,32.00000,3.00000,12.30000
AVIBASE-BD2BC35C,160.00000,14.00000,180.00000,10.00000,163.00000,31.00000,167.00000,28.00000,37.10000,31.00000,37.10000,28.00000,28.10000,31.00000,29.60000,28.00000,193.00000,31.00000,210.00000,28.00000,4.00000,11.00000
AVIBASE-41E9F54B,45.80000,9.00000,55.50000,7.00000,137.70000,64.00000,141.70000,56.00000,23.59000,57.00000,24.17000,,16.84000,60.00000,17.00000,51.00000,151.40000,162.00000,153.70000,54.00000,2.71000,6.30000
AVIBASE-0CF12F81,58.80000,4.00000,62.60000,3.00000,144.80000,94.00000,148.10000,97.00000,25.05000,55.00000,25.49000,43.00000,18.97000,56.00000,19.41000,58.00000,144.80000,94.00000,148.10000,97.00000,2.95000,9.10000
AVIBASE-84F096F7,64.30000,9.00000,69.00000,11.00000,136.50000,158.00000,136.90000,149.00000,28.75000,137.00000,28.46000,101.00000,19.54000,66.00000,19.70000,54.00000,163.40000,142.00000,164.40000,119.00000,3.65000,10.10000
AVIBASE-469BC7B8,99.90000,19.00000,94.80000,10.00000,,,,,31.00000,19.00000,32.00000,10.00000,30.50000,19.00000,29.40000,10.00000,,,,,4.30000,13.20000
AVIBASE-C5B34740,79.00000,72.00000,70.00000,72.00000,144.00000,42.00000,134.00000,45.00000,37.50000,75.00000,36.50000,68.00000,29.00000,12.00000,27.50000,10.00000,144.00000,42.00000,135.00000,45.00000,4.08000,10.30000
AVIBASE-E565F8E6,139.00000,,130.00000,,,,,,,,,,,,,,,,,,,21.00000
AVIBASE-DB5DABCF,319.10000,8.00000,286.30000,4.00000,173.50000,4.00000,173.20000,5.00000,61.70000,13.00000,59.70000,5.00000,37.50000,4.00000,35.40000,5.00000,296.30000,12.00000,278.70000,4.00000,4.44000,19.20000
AVIBASE-DB9CC87F,135.70000,49.00000,128.40000,35.00000,153.60000,25.00000,149.60000,23.00000,18.70000,25.00000,18.20000,23.00000,18.80000,22.00000,18.10000,22.00000,138.60000,20.00000,138.50000,15.00000,2.00000,8.25000
AVIBASE-4B0E14DB,88.40000,10.00000,85.30000,7.00000,132.40000,25.00000,130.10000,18.00000,15.40000,25.00000,15.30000,20.00000,16.20000,23.00000,16.00000,19.00000,100.60000,23.00000,95.70000,12.00000,2.00000,5.70000
AVIBASE-C18EB75E,53.50000,17.00000,53.40000,12.00000,120.20000,32.00000,117.10000,13.00000,13.60000,33.00000,13.50000,15.00000,12.80000,31.00000,12.50000,14.00000,65.80000,26.00000,60.10000,13.00000,3.00000,4.50000
AVIBASE-BE39F927,79.00000,10.00000,73.40000,11.00000,130.40000,24.00000,127.70000,20.00000,14.90000,25.00000,14.90000,17.00000,13.20000,23.00000,12.80000,20.00000,89.50000,22.00000,88.70000,19.00000,3.00000,5.70000
AVIBASE-3AACCDB1,39.20000,8.00000,39.70000,6.00000,102.70000,24.00000,100.70000,16.00000,11.70000,25.00000,11.60000,18.00000,10.50000,23.00000,10.20000,16.00000,59.20000,24.00000,58.60000,16.00000,4.00000,2.88000
AVIBASE-9689E669,44.30000,7.00000,45.50000,4.00000,106.40000,29.00000,106.70000,23.00000,12.50000,29.00000,12.50000,22.00000,10.90000,31.00000,10.80000,23.00000,62.70000,30.00000,62.30000,23.00000,4.00000,3.05000
AVIBASE-ADC0F261,882.00000,1.00000,761.70000,3.00000,347.60000,7.00000,342.80000,17.00000,32.30000,8.00000,30.10000,17.00000,89.20000,6.00000,72.20000,17.00000,248.00000,7.00000,251.80000,16.00000,1.00000,
AVIBASE-2D806122,630.70000,7.00000,655.00000,6.00000,386.30000,18.00000,384.30000,12.00000,30.20000,17.00000,30.90000,12.00000,54.20000,18.00000,53.60000,12.00000,269.00000,18.00000,271.00000,12.00000,1.50000,29.00000
AVIBASE-B933D557,649.70000,9.00000,612.00000,5.00000,371.80000,17.00000,381.10000,14.00000,31.00000,17.00000,31.40000,15.00000,44.90000,17.00000,44.80000,15.00000,263.10000,17.00000,267.70000,15.00000,1.50000,32.80000
AVIBASE-E6DFA707,731.00000,13.00000,800.00000,5.00000,417.30000,23.00000,414.30000,12.00000,30.40000,23.00000,29.60000,12.00000,49.50000,22.00000,48.20000,12.00000,333.50000,22.00000,336.80000,12.00000,2.00000,33.80000
AVIBASE-122372C7,740.90000,30.00000,738.60000,19.00000,424.40000,42.00000,415.40000,32.00000,30.40000,42.00000,30.40000,32.00000,52.30000,40.00000,50.50000,31.00000,289.20000,24.00000,298.80000,19.00000,1.00000,33.50000
AVIBASE-D090A8A4,462.50000,2.00000,405.40000,5.00000,353.10000,20.00000,341.90000,20.00000,21.10000,19.00000,20.60000,21.00000,46.10000,21.00000,44.80000,22.00000,222.20000,20.00000,224.30000,21.00000,1.00000,25.50000
AVIBASE-49394DD2,254.80000,29.00000,258.50000,19.00000,247.70000,42.00000,251.80000,41.00000,18.90000,41.00000,18.90000,43.00000,30.80000,41.00000,30.70000,10.00000,,,,,2.00000,11.80000
AVIBASE-E39FD99C,424.00000,19.00000,392.00000,23.00000,259.40000,12.00000,260.70000,13.00000,23.90000,12.00000,24.40000,13.00000,29.60000,12.00000,30.00000,13.00000,141.60000,17.00000,142.30000,15.00000,3.29000,15.30000
AVIBASE-3F907C52,815.00000,24.00000,764.50000,24.00000,344.00000,33.00000,333.50000,29.00000,30.50000,34.00000,29.60000,30.00000,42.80000,33.00000,40.60000,29.00000,179.00000,34.00000,174.50000,29.00000,2.50000,28.00000
AVIBASE-5F5EBCF5,562.20000,22.00000,487.80000,17.00000,300.20000,12.00000,286.10000,12.00000,28.60000,12.00000,26.90000,11.00000,35.10000,12.00000,32.20000,12.00000,148.90000,12.00000,141.20000,12.00000,2.60000,17.10000
AVIBASE-1E85ABE4,610.00000,,551.30000,,311.90000,11.00000,305.10000,15.00000,29.53000,3.00000,28.40000,5.00000,48.90000,11.00000,45.60000,11.00000,157.00000,3.00000,151.40000,5.00000,2.61000,20.60000
AVIBASE-F2A2FB6A,588.00000,18.00000,546.00000,23.00000,282.00000,20.00000,274.30000,24.00000,26.40000,20.00000,25.60000,24.00000,47.50000,20.00000,46.00000,23.00000,125.00000,20.00000,123.80000,23.00000,2.90000,17.70000
AVIBASE-FDAEA60A,86.50000,20.00000,87.40000,11.00000,172.30000,31.00000,168.20000,18.00000,15.00000,31.00000,15.40000,18.00000,14.30000,30.00000,13.80000,18.00000,165.10000,30.00000,151.50000,15.00000,4.27000,5.68000
AVIBASE-D2E2AE57,956.00000,91.00000,779.00000,38.00000,322.50000,17.00000,316.40000,8.00000,47.50000,17.00000,46.80000,7.00000,49.10000,16.00000,44.30000,7.00000,157.20000,18.00000,158.90000,8.00000,2.50000,26.00000
AVIBASE-B6353CFD,458.00000,18.00000,400.00000,21.00000,267.80000,25.00000,263.80000,17.00000,36.00000,25.00000,35.40000,17.00000,48.90000,25.00000,42.40000,17.00000,164.50000,14.00000,167.20000,13.00000,4.00000,21.60000
AVIBASE-5F671C06,37.00000,1.00000,,,98.00000,6.00000,96.00000,3.00000,13.70000,6.00000,14.60000,3.00000,15.90000,5.00000,15.47000,3.00000,46.30000,4.00000,46.50000,2.00000,2.50000,3.75000
AVIBASE-1773A3AD,139.30000,4.00000,142.50000,2.00000,159.90000,17.00000,155.40000,7.00000,17.60000,18.00000,17.70000,8.00000,20.40000,18.00000,19.90000,8.00000,,,,,3.00000,
AVIBASE-D9BAB142,561.50000,10.00000,560.80000,6.00000,289.40000,18.00000,278.70000,15.00000,27.50000,20.00000,26.70000,14.00000,44.60000,17.00000,41.30000,15.00000,163.90000,16.00000,153.20000,13.00000,2.00000,
AVIBASE-29DB0309,221.50000,11.00000,242.90000,13.00000,216.50000,20.00000,216.00000,21.00000,21.80000,22.00000,22.60000,22.00000,22.80000,20.00000,21.70000,25.00000,,,,,4.50000,13.30000
AVIBASE-BB1F4BB8,134.70000,21.00000,137.00000,11.00000,188.70000,50.00000,188.50000,16.00000,20.00000,51.00000,20.50000,17.00000,18.80000,49.00000,17.70000,16.00000,146.60000,18.00000,160.80000,5.00000,5.00000,11.50000
AVIBASE-CF255B3F,153.10000,17.00000,154.30000,8.00000,186.80000,37.00000,183.40000,16.00000,18.80000,37.00000,19.00000,16.00000,16.30000,36.00000,15.70000,14.00000,234.40000,13.00000,216.80000,11.00000,5.00000,8.10000
AVIBASE-6F2B75C0,174.70000,11.00000,182.90000,7.00000,198.90000,32.00000,195.50000,15.00000,20.70000,32.00000,21.10000,16.00000,18.30000,31.00000,18.40000,15.00000,228.20000,22.00000,210.60000,12.00000,4.70000,9.40000
AVIBASE-B606EC46,96.00000,3.00000,112.30000,3.00000,195.60000,13.00000,177.80000,13.00000,19.30000,13.00000,19.40000,16.00000,16.30000,14.00000,15.20000,16.00000,296.80000,10.00000,242.70000,10.00000,4.50000,7.75000
AVIBASE-3E2C25E8,117.30000,49.00000,113.20000,27.00000,163.50000,29.00000,156.00000,8.00000,21.60000,29.00000,21.30000,8.00000,23.20000,29.00000,21.30000,8.00000,203.00000,28.00000,193.40000,7.00000,5.30000,7.15000
AVIBASE-DCC3878A,148.60000,19.00000,118.10000,13.00000,187.20000,26.00000,176.10000,16.00000,21.90000,26.00000,22.10000,15.00000,19.50000,26.00000,17.60000,15.00000,186.50000,25.00000,179.30000,16.00000,6.00000,8.80000
AVIBASE-C343ED67,140.00000,28.00000,125.30000,23.00000,178.60000,27.00000,172.20000,20.00000,21.70000,27.00000,21.20000,19.00000,18.10000,27.00000,16.60000,20.00000,194.20000,27.00000,187.30000,19.00000,5.23000,8.15000
AVIBASE-4BEAE23B,92.60000,10.00000,86.40000,9.00000,148.60000,24.00000,145.60000,22.00000,18.60000,24.00000,18.10000,23.00000,16.20000,24.00000,15.40000,22.00000,150.80000,20.00000,144.00000,20.00000,3.50000,6.30000
AVIBASE-CEF31CF5,110.40000,13.00000,113.40000,9.00000,157.80000,24.00000,153.80000,20.00000,19.40000,24.00000,19.10000,21.00000,17.10000,24.00000,15.90000,21.00000,151.80000,14.00000,144.70000,6.00000,6.00000,7.00000
AVIBASE-69F0C9FF,103.80000,13.00000,104.10000,10.00000,157.50000,20.00000,155.20000,16.00000,21.70000,21.00000,21.40000,16.00000,17.90000,21.00000,16.30000,16.00000,160.60000,23.00000,155.70000,21.00000,5.60000,7.05000
AVIBASE-D514DE80,66.10000,25.00000,61.20000,12.00000,139.60000,14.00000,134.40000,13.00000,17.30000,14.00000,16.50000,13.00000,13.90000,13.00000,12.90000,13.00000,151.10000,14.00000,145.30000,13.00000,5.60000,6.10000
AVIBASE-8AFC47C9,93.70000,27.00000,79.20000,13.00000,134.50000,44.00000,123.90000,12.00000,20.20000,46.00000,19.00000,12.00000,15.70000,46.00000,14.50000,13.00000,178.70000,21.00000,163.90000,8.00000,5.00000,5.20000
AVIBASE-D50BD34B,61.40000,27.00000,61.50000,15.00000,130.40000,42.00000,125.30000,27.00000,15.10000,39.00000,15.20000,26.00000,12.20000,40.00000,11.70000,26.00000,156.60000,5.00000,145.90000,7.00000,4.80000,4.50000
AVIBASE-E3EDF6CC,61.70000,35.00000,60.60000,9.00000,134.10000,74.00000,128.60000,43.00000,16.50000,72.00000,16.30000,41.00000,12.60000,69.00000,12.10000,38.00000,170.90000,40.00000,164.30000,29.00000,6.00000,4.45000
AVIBASE-E12284B8,52.80000,3.00000,43.50000,2.00000,123.30000,11.00000,120.30000,11.00000,15.80000,11.00000,15.30000,11.00000,13.30000,10.00000,12.70000,11.00000,162.10000,7.00000,153.30000,8.00000,4.30000,
AVIBASE-9551D3F3,41.50000,1.00000,,,117.60000,9.00000,113.90000,8.00000,14.90000,9.00000,14.80000,7.00000,12.30000,9.00000,12.70000,8.00000,158.20000,5.00000,154.60000,5.00000,5.55000,2.90000
AVIBASE-06AC693C,167.10000,13.00000,133.10000,40.00000,149.20000,13.00000,144.60000,40.00000,27.30000,13.00000,25.90000,40.00000,24.20000,13.00000,20.60000,40.00000,135.50000,13.00000,138.20000,26.00000,5.60000,7.68000
AVIBASE-75F9612E,82.10000,181.00000,67.90000,64.00000,131.80000,26.00000,125.90000,18.00000,21.20000,23.00000,20.60000,56.00000,16.30000,26.00000,14.30000,19.00000,136.20000,21.00000,127.20000,15.00000,7.00000,6.25000
AVIBASE-57B42328,51.20000,55.00000,40.70000,11.00000,111.80000,32.00000,106.10000,13.00000,19.20000,31.00000,18.70000,13.00000,14.00000,31.00000,12.40000,12.00000,122.50000,28.00000,117.20000,13.00000,5.50000,4.40000
AVIBASE-3CB1B8E8,46.00000,6.00000,42.90000,6.00000,120.50000,24.00000,115.80000,12.00000,13.70000,25.00000,13.30000,10.00000,10.90000,21.00000,10.90000,11.00000,115.20000,17.00000,110.30000,9.00000,3.50000,3.75000
AVIBASE-DEEC38A7,45.70000,14.00000,47.80000,3.00000,112.30000,38.00000,109.70000,16.00000,14.90000,37.00000,14.70000,15.00000,10.60000,33.00000,10.30000,13.00000,114.80000,30.00000,109.50000,13.00000,5.00000,4.20000
AVIBASE-9E8F1FEB,43.40000,4.00000,47.00000,1.00000,112.40000,26.00000,109.50000,17.00000,14.50000,25.00000,14.30000,17.00000,10.80000,28.00000,10.30000,16.00000,128.60000,16.00000,120.00000,14.00000,5.50000,3.75000
AVIBASE-B148FE32,53.00000,3.00000,53.50000,2.00000,112.30000,6.00000,110.80000,10.00000,16.30000,5.00000,15.90000,12.00000,11.80000,5.00000,10.90000,12.00000,115.50000,2.00000,111.50000,6.00000,4.50000,4.85000
AVIBASE-7FB356E8,,,,,109.80000,16.00000,109.50000,4.00000,15.40000,15.00000,15.30000,4.00000,10.80000,16.00000,10.70000,4.00000,108.70000,14.00000,110.50000,2.00000,4.25000,3.85000
AVIBASE-6F2C5E7B,42.70000,12.00000,40.10000,18.00000,112.90000,13.00000,108.90000,8.00000,13.50000,12.00000,13.30000,7.00000,10.70000,13.00000,10.30000,8.00000,112.60000,7.00000,107.80000,17.00000,4.78000,3.90000
AVIBASE-E26391B5,39.10000,3.00000,,,116.00000,8.00000,111.00000,12.00000,13.80000,8.00000,14.10000,11.00000,,,,,100.50000,8.00000,94.40000,11.00000,4.00000,4.15000
AVIBASE-F5E8A0CE,64.70000,39.00000,64.60000,12.00000,124.90000,59.00000,122.10000,21.00000,14.10000,55.00000,13.90000,20.00000,12.50000,58.00000,12.10000,21.00000,126.10000,43.00000,113.90000,14.00000,4.45000,5.95000
AVIBASE-D17D101A,29.30000,173.00000,28.80000,164.00000,97.20000,22.00000,95.50000,24.00000,12.90000,20.00000,12.60000,24.00000,9.70000,19.00000,9.60000,22.00000,98.50000,20.00000,90.90000,22.00000,4.93000,2.15000
AVIBASE-50C8A5CF,78.00000,8.00000,79.00000,14.00000,127.00000,7.00000,126.00000,7.00000,26.10000,7.00000,25.80000,7.00000,15.50000,8.00000,14.00000,14.00000,175.00000,6.00000,175.00000,6.00000,3.20000,6.85000
AVIBASE-3DE7F2AD,402.00000,1.00000,,,242.00000,7.00000,245.00000,7.00000,,,,,,,,,94.00000,7.00000,92.00000,7.00000,3.00000,18.70000
AVIBASE-2F4B17A7,295.00000,1.00000,,,217.00000,6.00000,212.00000,10.00000,,,,,,,,,93.00000,5.00000,91.00000,9.00000,3.00000,
AVIBASE-83D329B5,290.00000,1.00000,260.00000,1.00000,204.00000,13.00000,198.00000,9.00000,,,,,,,,,83.00000,13.00000,84.00000,9.00000,3.00000,
AVIBASE-D7F9C6B5,,,,,160.00000,7.00000,154.00000,5.00000,,,,,,,,,70.00000,7.00000,71.00000,5.00000,3.00000,
AVIBASE-6C96E81B,,,,,166.00000,3.00000,172.00000,1.00000,,,,,,,,,71.00000,3.00000,69.00000,3.00000,,
AVIBASE-0ECD9D58,,,116.00000,2.00000,150.00000,17.00000,146.00000,17.00000,,,,,,,,,67.00000,17.00000,66.00000,17.00000,4.00000,8.35000
AVIBASE-8413D9A5,,,,,174.00000,13.00000,172.00000,11.00000,,,,,,,,,73.00000,13.00000,74.00000,11.00000,,
AVIBASE-69661C7D,120.00000,1.00000,,,153.00000,15.00000,145.00000,8.00000,,,,,,,,,72.00000,15.00000,73.00000,8.00000,1.50000,
AVIBASE-4A039821,145.00000,8.00000,133.00000,5.00000,158.00000,5.00000,150.00000,7.00000,,,,,,,,,66.00000,5.00000,64.00000,7.00000,2.50000,8.30000
AVIBASE-E37F25F7,115.00000,4.00000,120.00000,1.00000,149.00000,16.00000,143.00000,7.00000,,,,,,,,,77.00000,7.00000,72.00000,4.00000,3.00000,8.40000
AVIBASE-1E2EC99C,,,,,89.00000,15.00000,88.00000,7.00000,,,,,,,,,40.00000,16.00000,43.00000,9.00000,4.50000,3.25000
AVIBASE-39DAF131,59.00000,,56.00000,,103.00000,23.00000,99.00000,17.00000,,,,,,,,,46.00000,23.00000,45.00000,17.00000,5.00000,4.70000
AVIBASE-D44EE47D,40.00000,4.00000,,,96.00000,8.00000,95.00000,8.00000,,,,,14.00000,8.00000,14.00000,8.00000,35.00000,8.00000,36.00000,8.00000,,
AVIBASE-31C03CB8,,,,,104.00000,7.00000,103.00000,8.00000,,,,,,,,,48.00000,7.00000,47.00000,8.00000,5.00000,3.95000
AVIBASE-E1EE00F7,,,,,93.00000,18.00000,94.00000,15.00000,,,,,,,,,42.00000,25.00000,42.00000,21.00000,5.50000,3.60000
AVIBASE-4396F4F1,49.00000,8.00000,56.00000,9.00000,94.00000,11.00000,95.00000,11.00000,,,,,,,,,44.00000,17.00000,42.00000,11.00000,5.50000,3.60000
AVIBASE-3EBFC893,40.00000,1.00000,36.50000,2.00000,93.00000,33.00000,93.00000,33.00000,,,,,,,,,40.00000,33.00000,39.00000,33.00000,6.50000,3.05000
AVIBASE-6B1CFC3C,139.50000,2.00000,158.00000,1.00000,178.00000,12.00000,173.00000,8.00000,17.70000,13.00000,18.40000,9.00000,23.80000,15.00000,22.60000,9.00000,228.00000,19.00000,167.00000,11.00000,4.50000,
AVIBASE-6D621EA2,337.00000,56.00000,313.00000,60.00000,267.10000,10.00000,259.00000,10.00000,,,,,38.70000,10.00000,38.10000,10.00000,,,,,2.85000,20.00000
AVIBASE-35810386,,,,,156.00000,10.00000,150.50000,8.00000,18.00000,8.00000,,,20.00000,10.00000,19.00000,8.00000,135.70000,10.00000,136.80000,8.00000,6.00000,7.00000
AVIBASE-E43CCCA6,26.20000,,25.80000,,82.40000,,80.20000,,,,,,,,,,,,,,,
AVIBASE-B42BCB40,74.60000,15.00000,68.60000,10.00000,119.61000,12.00000,118.25000,15.00000,1.84000,12.00000,,,15.41000,12.00000,15.07000,15.00000,88.50000,11.00000,88.20000,11.00000,5.00000,
AVIBASE-1FEC3F95,59.80000,3.00000,64.20000,2.00000,119.01000,10.00000,114.83000,8.00000,11.56000,8.00000,,,16.05000,10.00000,15.25000,8.00000,100.70000,10.00000,101.60000,8.00000,5.50000,
AVIBASE-14FCAD62,73.40000,,59.50000,,,,,,,,,,,,,,,,,,,
AVIBASE-B1595124,,,,,207.50000,,200.40000,,23.80000,,22.90000,,28.90000,,27.60000,,108.60000,,102.40000,,3.40000,14.90000
AVIBASE-7FB66FEB,,,,,,,,,,,,,,,,,,,,,,
AVIBASE-4ADF31A6,10.50000,6.00000,10.80000,7.00000,114.50000,6.00000,114.30000,7.00000,9.55000,2.00000,9.32000,6.00000,3.92000,6.00000,4.11000,7.00000,,,,,,
AVIBASE-89C5B5C4,,,22.00000,1.00000,133.00000,14.00000,133.00000,13.00000,,,,,,,,,70.30000,14.00000,68.00000,13.00000,,
AVIBASE-66F1256F,,,,,111.50000,4.00000,113.00000,6.00000,,,,,,,,,36.70000,4.00000,37.00000,6.00000,2.50000,
AVIBASE-8ACC245F,31.00000,3.00000,31.50000,5.00000,143.00000,7.00000,142.00000,12.00000,,,,,,,,,,,,,4.00000,
AVIBASE-4B79BD9A,,,52.00000,1.00000,167.50000,2.00000,169.00000,3.00000,,,,,,,,,49.50000,2.00000,50.00000,3.00000,,
AVIBASE-1E12D857,19.90000,5.00000,19.20000,5.00000,123.00000,5.00000,127.00000,5.00000,,,8.00000,1.00000,7.60000,5.00000,8.40000,5.00000,45.00000,5.00000,45.70000,5.00000,2.50000,1.42000
AVIBASE-4CB38AE8,41.50000,1.00000,38.50000,2.00000,156.00000,34.00000,158.00000,23.00000,,,,,,,,,24.50000,4.00000,26.00000,3.00000,,
AVIBASE-0D52DFC7,13.50000,5.00000,13.60000,7.00000,,,,,,,,,,,,,19.30000,2.00000,,,3.00000,
AVIBASE-EA55CA27,122.00000,11.00000,114.00000,5.00000,208.00000,7.00000,206.00000,10.00000,17.10000,7.00000,17.10000,4.00000,8.60000,7.00000,8.50000,4.00000,52.10000,37.00000,53.40000,16.00000,,5.75000
AVIBASE-C3AD1AFF,,,,,129.20000,10.00000,129.70000,8.00000,12.00000,10.00000,11.70000,8.00000,5.60000,10.00000,5.60000,8.00000,129.20000,10.00000,129.70000,8.00000,4.07000,1.92000
AVIBASE-0EB30FB8,,,,,114.30000,12.00000,113.80000,7.00000,10.80000,12.00000,10.70000,7.00000,5.60000,12.00000,5.50000,7.00000,36.10000,6.00000,38.90000,7.00000,6.00000,1.73000
AVIBASE-B401C2DD,31.20000,40.00000,31.20000,27.00000,140.40000,81.00000,138.50000,83.00000,12.10000,75.00000,11.74000,73.00000,5.82000,75.00000,5.85000,80.00000,56.80000,77.00000,55.70000,80.00000,4.50000,2.10000
AVIBASE-FA1CAD29,94.00000,,98.00000,,226.00000,11.00000,225.00000,16.00000,13.90000,7.00000,14.10000,13.00000,8.90000,7.00000,8.80000,13.00000,84.40000,10.00000,80.70000,17.00000,2.60000,6.05000
AVIBASE-91429F78,,,,,201.00000,9.00000,198.00000,7.00000,,,,,,,,,,,,,1.50000,
AVIBASE-1C0A5AD9,,,,,140.00000,5.00000,140.00000,4.00000,8.60000,3.00000,8.60000,4.00000,5.50000,4.00000,5.00000,4.00000,57.50000,4.00000,58.20000,4.00000,2.00000,
AVIBASE-4E6EF3F9,39.00000,,40.30000,,173.00000,85.00000,173.00000,81.00000,10.90000,10.00000,11.30000,10.00000,6.60000,10.00000,6.60000,10.00000,75.80000,50.00000,74.30000,35.00000,2.00000,3.50000
AVIBASE-59A5A24E,,,,,153.00000,26.00000,155.00000,12.00000,9.90000,7.00000,9.60000,5.00000,5.40000,7.00000,5.40000,5.00000,70.30000,22.00000,69.60000,9.00000,2.00000,2.38000
AVIBASE-2103011F,32.00000,20.00000,33.00000,17.00000,154.00000,36.00000,154.00000,23.00000,,,,,,,,,61.20000,13.00000,60.60000,12.00000,1.90000,
AVIBASE-332BC664,,,,,171.00000,18.00000,171.00000,20.00000,11.10000,11.00000,11.40000,6.00000,6.60000,16.00000,6.70000,10.00000,71.00000,19.00000,70.00000,20.00000,2.40000,3.50000
AVIBASE-5086F50B,,,,,180.00000,5.00000,179.00000,6.00000,,,,,,,,,,,,,1.50000,
AVIBASE-45D3FD5A,37.60000,18.00000,40.10000,11.00000,168.00000,18.00000,165.00000,11.00000,,,,,,,,,69.10000,18.00000,66.20000,11.00000,2.00000,
AVIBASE-11507BB3,,,,,170.00000,10.00000,172.00000,8.00000,,,,,,,,,,,,,2.00000,
AVIBASE-68E950E5,42.40000,,44.70000,,180.00000,23.00000,177.00000,13.00000,11.40000,10.00000,11.20000,11.00000,7.10000,11.00000,7.00000,11.00000,79.30000,22.00000,78.00000,13.00000,,3.95000
AVIBASE-D209A90C,24.50000,10.00000,25.00000,16.00000,133.00000,26.00000,135.00000,17.00000,,,,,,,,,41.40000,11.00000,40.90000,14.00000,2.30000,2.42000
AVIBASE-FF79A533,25.50000,5.00000,26.30000,6.00000,153.00000,32.00000,152.00000,18.00000,,,,,,,,,,,,,2.50000,2.77000
AVIBASE-FA9F6019,,,,,141.00000,13.00000,139.00000,10.00000,9.20000,4.00000,9.20000,4.00000,5.40000,9.00000,5.50000,5.00000,70.30000,11.00000,69.90000,10.00000,2.00000,2.75000
AVIBASE-16A54020,,,,,128.50000,2.00000,127.00000,2.00000,,,,,,,,,57.50000,2.00000,64.00000,2.00000,2.00000,2.38000
AVIBASE-DDCF894E,6.30000,1.00000,5.00000,1.00000,,,,,,,,,28.40000,1.00000,31.50000,1.00000,,,,,,0.70000
AVIBASE-488FDA28,6.50000,1.00000,5.70000,2.00000,,,,,,,,,27.70000,1.00000,29.30000,2.00000,,,,,,0.86000
AVIBASE-0D34BFF1,6.10000,2.00000,5.10000,1.00000,,,,,,,,,43.30000,2.00000,37.10000,1.00000,,,,,,
AVIBASE-5C47DAE8,4.90000,6.00000,4.90000,6.00000,,,,,,,,,39.20000,6.00000,36.50000,6.00000,,,,,,0.74000
AVIBASE-F8E58273,5.40000,2.00000,5.60000,2.00000,,,,,,,,,40.20000,1.00000,38.60000,1.00000,,,,,,
AVIBASE-0F0B7973,6.00000,,5.50000,,,,,,,,,,42.10000,1.00000,35.90000,1.00000,,,,,,0.85000
AVIBASE-D666062A,4.20000,1.00000,3.90000,1.00000,,,,,,,,,29.80000,1.00000,28.00000,1.00000,,,,,,
AVIBASE-EB1D2D33,5.50000,1.00000,4.60000,1.00000,,,,,,,,,37.20000,1.00000,32.90000,1.00000,,,,,,
AVIBASE-ACCDFD22,4.80000,1.00000,4.00000,1.00000,,,,,,,,,34.60000,1.00000,30.50000,1.00000,,,,,,
AVIBASE-4D3CD91A,4.00000,1.00000,3.60000,1.00000,,,,,,,,,29.90000,1.00000,25.70000,1.00000,,,,,,
AVIBASE-1EAB2C48,2.10000,1.00000,2.40000,1.00000,,,,,,,,,22.00000,1.00000,21.30000,1.00000,,,,,,0.38000
AVIBASE-95CAE4C3,2.40000,1.00000,2.00000,1.00000,,,,,,,,,23.20000,1.00000,19.60000,1.00000,,,,,,
AVIBASE-656474D9,10.00000,2.00000,9.50000,1.00000,,,,,,,,,28.60000,2.00000,24.10000,1.00000,,,,,,
AVIBASE-198F8B56,11.00000,1.00000,10.00000,1.00000,,,,,,,,,27.90000,1.00000,26.90000,1.00000,,,,,,
AVIBASE-60EFC383,4.10000,1.00000,3.50000,1.00000,,,,,,,,,26.80000,1.00000,28.20000,1.00000,,,,,,
AVIBASE-0EB01930,6.00000,2.00000,5.20000,1.00000,,,,,,,,,34.20000,2.00000,35.90000,1.00000,,,,,,0.90000
AVIBASE-058A126E,9.30000,2.00000,8.00000,1.00000,,,,,,,,,19.80000,2.00000,20.30000,1.00000,,,,,,
AVIBASE-46924770,6.70000,1.00000,7.10000,1.00000,,,,,,,,,23.60000,1.00000,24.60000,1.00000,,,,,,
AVIBASE-6EF5884B,9.80000,1.00000,7.50000,1.00000,,,,,,,,,25.40000,1.00000,28.30000,1.00000,,,,,,
AVIBASE-BA9F2935,9.00000,1.00000,6.40000,1.00000,,,,,,,,,28.30000,1.00000,27.40000,1.00000,,,,,,
AVIBASE-66CE8345,11.80000,5.00000,8.90000,4.00000,,,,,,,,,27.30000,5.00000,29.90000,4.00000,,,,,,1.23000
AVIBASE-A99D6174,8.50000,1.00000,6.60000,1.00000,,,,,,,,,27.00000,1.00000,28.90000,1.00000,,,,,,
AVIBASE-80DA0464,7.60000,2.00000,6.80000,3.00000,,,,,,,,,18.30000,2.00000,18.20000,3.00000,,,,,,0.82000
AVIBASE-A76C26A1,7.20000,1.00000,5.30000,1.00000,,,,,,,,,18.40000,1.00000,16.30000,1.00000,,,,,,0.67000
AVIBASE-94CB63F7,5.30000,2.00000,5.00000,1.00000,,,,,,,,,21.60000,2.00000,23.60000,1.00000,,,,,,0.77000
AVIBASE-51F7C361,8.00000,1.00000,6.50000,1.00000,,,,,,,,,22.40000,1.00000,21.50000,1.00000,,,,,,0.75000
AVIBASE-3625DE61,7.00000,1.00000,6.80000,1.00000,,,,,,,,,24.20000,1.00000,27.10000,1.00000,,,,,,
AVIBASE-36FEAD7A,7.60000,1.00000,6.60000,1.00000,,,,,,,,,26.70000,1.00000,22.50000,1.00000,,,,,,0.87000
AVIBASE-CFA062CB,2.50000,2.00000,2.30000,1.00000,,,,,,,,,11.30000,2.00000,11.60000,1.00000,,,,,,
AVIBASE-FF34508D,2.60000,2.00000,2.90000,2.00000,,,,,,,,,14.30000,2.00000,13.90000,2.00000,,,,,,0.30000
AVIBASE-99625377,3.00000,1.00000,2.70000,1.00000,,,,,,,,,16.20000,1.00000,15.10000,1.00000,,,,,,
AVIBASE-114CC90E,2.80000,2.00000,3.00000,1.00000,,,,,,,,,14.40000,2.00000,15.10000,1.00000,,,,,,
AVIBASE-F0258298,4.20000,1.00000,3.40000,1.00000,,,,,,,,,20.00000,1.00000,20.40000,1.00000,,,,,,
AVIBASE-C29BA985,3.30000,44.00000,3.30000,43.00000,50.60000,44.00000,49.40000,43.00000,,,,,20.80000,44.00000,21.40000,43.00000,30.80000,44.00000,28.70000,43.00000,2.00000,0.50000
AVIBASE-EB8F11B5,4.90000,1.00000,4.20000,1.00000,,,,,,,,,19.80000,1.00000,21.30000,1.00000,,,,,,0.50000
AVIBASE-09E88F83,6.10000,7.00000,5.00000,1.00000,,,,,,,,,18.40000,7.00000,18.20000,1.00000,,,,,,
AVIBASE-F730C44E,3.30000,1.00000,3.90000,1.00000,,,,,,,,,12.90000,1.00000,15.10000,1.00000,,,,,,
AVIBASE-2A5C6788,3.50000,8.00000,3.40000,15.00000,52.30000,10.00000,48.90000,10.00000,,,,,17.10000,9.00000,17.70000,10.00000,30.20000,10.00000,29.00000,15.00000,2.00000,0.48000
AVIBASE-D49E0B95,4.60000,1.00000,3.50000,1.00000,,,,,,,,,17.60000,1.00000,15.70000,1.00000,,,,,,0.44000
AVIBASE-1939B2C8,4.20000,1.00000,3.60000,1.00000,,,,,,,,,15.50000,1.00000,17.40000,1.00000,,,,,,
AVIBASE-8564ACE3,3.40000,1.00000,3.80000,1.00000,,,,,,,,,18.40000,1.00000,18.60000,1.00000,,,,,,0.59000
AVIBASE-B507381B,4.30000,1.00000,4.20000,1.00000,,,,,,,,,17.70000,1.00000,18.00000,1.00000,,,,,,0.47000
AVIBASE-D4920C92,5.90000,1.00000,5.50000,1.00000,,,,,,,,,20.80000,1.00000,20.80000,1.00000,,,,,,
AVIBASE-1E1E7878,5.50000,1.00000,4.80000,1.00000,,,,,,,,,19.90000,1.00000,21.80000,1.00000,,,,,,0.65000
AVIBASE-1AA6F28B,3.00000,1.00000,3.80000,1.00000,,,,,,,,,16.40000,1.00000,17.20000,1.00000,,,,,,
AVIBASE-07E19970,5.20000,1.00000,4.10000,1.00000,,,,,,,,,18.30000,1.00000,19.80000,1.00000,,,,,,0.56000
AVIBASE-D78E94DF,5.60000,1.00000,5.40000,1.00000,,,,,,,,,23.20000,1.00000,23.30000,1.00000,,,,,,0.54000
AVIBASE-ECDD6FE6,4.40000,1.00000,4.20000,1.00000,,,,,,,,,20.80000,1.00000,19.30000,1.00000,,,,,,
AVIBASE-F09720C2,7.20000,1.00000,6.00000,1.00000,,,,,,,,,21.70000,1.00000,22.80000,1.00000,,,,,,
AVIBASE-ACC50DCF,5.30000,1.00000,4.80000,1.00000,,,,,,,,,17.70000,1.00000,17.70000,1.00000,,,,,,
AVIBASE-FBF86EEA,7.40000,1.00000,6.50000,1.00000,,,,,,,,,19.50000,1.00000,22.20000,1.00000,,,,,,
AVIBASE-8F6E114E,6.20000,1.00000,5.60000,1.00000,,,,,,,,,18.80000,1.00000,21.00000,1.00000,,,,,,
AVIBASE-D6040531,4.50000,1.00000,3.00000,1.00000,,,,,,,,,17.70000,1.00000,17.60000,1.00000,,,,,,
AVIBASE-A04DA8F1,5.10000,2.00000,4.70000,1.00000,,,,,,,,,18.10000,2.00000,21.10000,1.00000,,,,,,0.52000
AVIBASE-F22D0759,5.40000,2.00000,,,,,,,,,,,18.70000,2.00000,19.80000,1.00000,,,,,,0.47000
AVIBASE-98B261C6,3.90000,1.00000,2.60000,1.00000,,,,,,,,,17.50000,1.00000,15.80000,1.00000,,,,,,
AVIBASE-2F2D76A4,3.40000,1.00000,3.50000,1.00000,,,,,,,,,21.60000,1.00000,21.00000,1.00000,,,,,,
AVIBASE-3FFAFC07,4.70000,1.00000,5.10000,1.00000,,,,,,,,,21.80000,1.00000,23.00000,1.00000,,,,,,
AVIBASE-822E745E,6.50000,1.00000,5.00000,1.00000,,,,,,,,,19.90000,1.00000,17.60000,1.00000,,,,,,0.66000
AVIBASE-EDCAC4EA,4.80000,1.00000,4.80000,1.00000,,,,,,,,,17.70000,1.00000,19.40000,1.00000,,,,,,
AVIBASE-0595E528,4.50000,5.00000,4.70000,1.00000,,,,,,,,,17.00000,5.00000,18.40000,1.00000,,,,,,0.62000
AVIBASE-8FBB6521,4.90000,1.00000,4.60000,1.00000,,,,,,,,,18.30000,1.00000,17.00000,1.00000,,,,,,0.52000
AVIBASE-26A37098,5.00000,1.00000,3.40000,1.00000,,,,,,,,,23.40000,1.00000,19.40000,1.00000,,,,,,
AVIBASE-76D9954B,4.10000,7.00000,3.70000,7.00000,56.60000,,54.80000,,,,,,20.90000,,21.40000,,32.80000,,32.80000,,2.00000,0.55000
AVIBASE-7739D5A5,5.30000,6.00000,4.80000,6.00000,,,,,,,,,19.50000,6.00000,19.60000,6.00000,,,,,,0.59000
AVIBASE-62AFA922,3.90000,1.00000,3.80000,1.00000,,,,,,,,,16.80000,1.00000,18.50000,1.00000,,,,,,
AVIBASE-16219C14,5.50000,1.00000,5.30000,1.00000,,,,,,,,,18.80000,1.00000,21.60000,1.00000,,,,,,
AVIBASE-824C89C3,,,,,55.80000,65.00000,55.30000,32.00000,,,,,21.60000,65.00000,22.30000,32.00000,32.30000,5.00000,33.40000,16.00000,2.00000,
AVIBASE-67E2FF53,4.60000,5.00000,4.40000,1.00000,,,,,,,,,18.30000,5.00000,18.40000,1.00000,,,,,,
AVIBASE-F6C75582,5.40000,1.00000,4.10000,1.00000,,,,,,,,,17.60000,1.00000,19.50000,1.00000,,,,,,
AVIBASE-B9AD5428,6.50000,1.00000,7.00000,1.00000,,,,,,,,,22.80000,1.00000,21.20000,1.00000,,,,,,
AVIBASE-97FB2BC9,8.10000,19.00000,6.40000,12.00000,75.90000,14.00000,70.90000,9.00000,,,,,23.40000,16.00000,25.90000,11.00000,75.90000,14.00000,70.90000,9.00000,2.00000,1.37000
AVIBASE-474AA2CF,6.10000,1.00000,6.00000,1.00000,,,,,,,,,22.60000,1.00000,23.40000,1.00000,,,,,,
AVIBASE-9A164FA0,6.20000,1.00000,4.50000,2.00000,,,,,,,,,22.00000,1.00000,20.30000,2.00000,,,,,,
AVIBASE-12399C50,5.60000,1.00000,5.10000,1.00000,,,,,,,,,20.10000,1.00000,21.70000,1.00000,,,,,,0.67000
AVIBASE-AD61E929,9.50000,1.00000,7.00000,1.00000,,,,,,,,,16.00000,1.00000,15.30000,1.00000,,,,,,
AVIBASE-0A1A1F0F,3.60000,2.00000,2.80000,1.00000,,,,,,,,,14.70000,2.00000,13.80000,1.00000,,,,,,0.40000
AVIBASE-F231A8EA,2.30000,1.00000,2.80000,1.00000,,,,,,,,,16.30000,1.00000,17.10000,1.00000,,,,,,
AVIBASE-BDFF6CEB,2.70000,1.00000,2.60000,1.00000,,,,,,,,,15.70000,1.00000,15.80000,1.00000,,,,,,
AVIBASE-79CC5B96,6.50000,1.00000,6.80000,1.00000,,,,,,,,,26.40000,1.00000,24.80000,1.00000,,,,,,
AVIBASE-BC678304,5.40000,1.00000,5.20000,1.00000,,,,,,,,,21.90000,1.00000,23.00000,1.00000,,,,,,
AVIBASE-31F0678A,9.00000,1.00000,7.70000,1.00000,,,,,,,,,23.20000,1.00000,22.60000,1.00000,,,,,,
AVIBASE-0BCA95F5,5.40000,1.00000,6.10000,1.00000,,,,,,,,,20.30000,1.00000,20.90000,1.00000,,,,,,
AVIBASE-06B7366C,8.00000,5.00000,7.60000,6.00000,,,,,,,,,22.40000,5.00000,23.40000,6.00000,,,,,,
AVIBASE-826BF290,8.20000,1.00000,8.00000,1.00000,,,,,,,,,20.70000,1.00000,22.20000,1.00000,,,,,,
AVIBASE-1368181F,7.60000,1.00000,6.40000,1.00000,,,,,,,,,21.70000,1.00000,24.40000,1.00000,,,,,,
AVIBASE-29019748,7.90000,47.00000,,,72.40000,123.00000,67.50000,8.00000,,,,,27.10000,123.00000,29.10000,8.00000,44.50000,123.00000,43.60000,8.00000,2.00000,0.85000
AVIBASE-0DA1CA5D,8.50000,5.00000,8.00000,1.00000,,,,,,,,,17.20000,5.00000,17.50000,1.00000,,,,,,1.03000
AVIBASE-59067C71,22.00000,1.00000,19.80000,1.00000,,,,,,,,,36.30000,1.00000,33.60000,1.00000,,,,,,1.78000
AVIBASE-58759895,7.90000,3.00000,8.20000,1.00000,,,,,,,,,18.20000,3.00000,20.00000,1.00000,,,,,,1.13000
AVIBASE-0386C00C,7.20000,1.00000,6.20000,1.00000,,,,,,,,,18.70000,1.00000,19.00000,1.00000,,,,,,
AVIBASE-5370CAE1,5.20000,1.00000,5.80000,1.00000,,,,,,,,,16.90000,1.00000,19.20000,1.00000,,,,,,
AVIBASE-9ECA2AFB,4.90000,1.00000,4.90000,2.00000,,,,,,,,,22.60000,1.00000,25.60000,2.00000,,,,,,
AVIBASE-D370EC58,10.00000,1.00000,9.80000,1.00000,,,,,,,,,29.20000,1.00000,29.40000,1.00000,,,,,,1.75000
AVIBASE-97D31AA6,6.70000,,6.20000,,,,,,,,,,26.00000,1.00000,28.60000,1.00000,,,,,,
AVIBASE-9FC505EA,7.60000,6.00000,6.80000,6.00000,,,,,,,,,31.90000,6.00000,34.80000,6.00000,,,,,,0.87000
AVIBASE-2954B874,6.80000,1.00000,5.40000,1.00000,,,,,,,,,26.30000,1.00000,31.60000,1.00000,,,,,,
AVIBASE-0702D924,8.60000,1.00000,7.80000,1.00000,,,,,,,,,33.00000,1.00000,32.90000,1.00000,,,,,,
AVIBASE-715C54AF,8.10000,1.00000,7.00000,1.00000,,,,,,,,,37.50000,1.00000,35.20000,1.00000,,,,,,
AVIBASE-91FF8A0A,7.00000,2.00000,6.20000,1.00000,,,,,,,,,27.10000,2.00000,32.30000,1.00000,,,,,,
AVIBASE-191F838F,11.00000,2.00000,11.50000,1.00000,,,,,,,,,82.60000,2.00000,80.20000,1.00000,,,,,,1.16000
AVIBASE-F9E46CF4,5.70000,15.00000,4.70000,12.00000,,,,,,,,,14.80000,15.00000,16.00000,12.00000,,,,,,0.72000
AVIBASE-E251911A,10.90000,15.00000,7.00000,2.00000,,,,,,,,,15.40000,15.00000,15.50000,2.00000,,,,,,
AVIBASE-8DA07483,8.70000,1.00000,8.60000,1.00000,,,,,,,,,18.00000,1.00000,16.30000,1.00000,,,,,,0.76000
AVIBASE-AF91A813,7.80000,1.00000,6.80000,1.00000,,,,,,,,,17.60000,1.00000,19.20000,1.00000,,,,,,
AVIBASE-D9EBF49B,5.70000,1.00000,5.10000,1.00000,,,,,,,,,15.90000,1.00000,16.90000,1.00000,,,,,,
AVIBASE-D13C5D60,4.40000,1.00000,4.40000,1.00000,,,,,,,,,14.50000,1.00000,17.00000,1.00000,,,,,,0.60000
AVIBASE-E9C20F6C,5.80000,1.00000,4.40000,1.00000,,,,,,,,,14.50000,1.00000,13.50000,1.00000,,,,,,1.02000
AVIBASE-5419B5F2,6.30000,1.00000,6.20000,1.00000,,,,,,,,,21.40000,1.00000,19.30000,1.00000,,,,,,0.90000
AVIBASE-A10F06E5,5.90000,1.00000,5.20000,1.00000,,,,,,,,,18.30000,1.00000,18.60000,1.00000,,,,,,
AVIBASE-D3ECED63,3.00000,1.00000,3.10000,1.00000,,,,,,,,,13.00000,1.00000,12.20000,1.00000,,,,,,0.58000
AVIBASE-E90F598E,5.10000,1.00000,4.50000,1.00000,,,,,,,,,15.00000,1.00000,14.40000,1.00000,,,,,,
AVIBASE-5DEE6DC8,3.90000,1.00000,3.60000,1.00000,,,,,,,,,10.40000,1.00000,10.40000,1.00000,,,,,,0.74000
AVIBASE-66F7D229,5.50000,,4.80000,,,,,,,,,,21.70000,2.00000,22.90000,1.00000,,,,,,
AVIBASE-EA348366,4.40000,1.00000,4.70000,1.00000,,,,,,,,,20.50000,1.00000,20.00000,1.00000,,,,,,
AVIBASE-B2CD184B,3.80000,3.00000,3.30000,2.00000,,,,,,,,,7.30000,3.00000,7.20000,2.00000,,,,,,0.66000
AVIBASE-8023D26D,4.80000,1.00000,4.30000,1.00000,,,,,,,,,11.80000,1.00000,13.60000,1.00000,,,,,,
AVIBASE-48C9549A,5.40000,1.00000,5.10000,1.00000,,,,,,,,,16.10000,1.00000,15.60000,1.00000,,,,,,
AVIBASE-CD38DC4D,4.90000,2.00000,4.70000,1.00000,,,,,,,,,12.20000,2.00000,12.10000,1.00000,,,,,,0.48000
AVIBASE-AC4A332A,5.50000,1.00000,4.80000,1.00000,,,,,,,,,14.90000,1.00000,13.80000,1.00000,,,,,,
AVIBASE-611C0D47,4.90000,2.00000,5.20000,2.00000,,,,,,,,,17.10000,2.00000,18.10000,2.00000,,,,,,
AVIBASE-19A9FCEC,5.50000,1.00000,5.70000,1.00000,,,,,,,,,18.20000,1.00000,15.00000,1.00000,,,,,,
AVIBASE-7AEDC014,3.80000,5.00000,3.70000,5.00000,,,,,,,,,10.60000,5.00000,11.10000,5.00000,,,,,,0.50000
AVIBASE-8A7C972F,3.80000,1.00000,3.00000,1.00000,,,,,,,,,11.20000,1.00000,10.80000,1.00000,,,,,,
AVIBASE-A9F8C658,6.00000,1.00000,4.50000,1.00000,,,,,,,,,10.90000,1.00000,9.80000,1.00000,,,,,,
AVIBASE-C14098B2,6.00000,1.00000,5.20000,1.00000,,,,,,,,,14.40000,1.00000,14.50000,1.00000,,,,,,
AVIBASE-F9C6A653,5.10000,2.00000,4.70000,2.00000,,,,,,,,,14.10000,2.00000,15.20000,2.00000,,,,,,
AVIBASE-CB2CE584,7.00000,1.00000,7.00000,1.00000,,,,,,,,,23.40000,1.00000,23.30000,1.00000,,,,,,
AVIBASE-7DB659EF,6.80000,1.00000,6.80000,1.00000,,,,,,,,,36.30000,1.00000,33.10000,1.00000,,,,,,
AVIBASE-D3AA7BB0,4.00000,1.00000,3.00000,1.00000,,,,,,,,,17.40000,1.00000,21.60000,1.00000,,,,,,
AVIBASE-5382241A,2.00000,1.00000,1.80000,1.00000,,,,,,,,,12.80000,1.00000,13.50000,1.00000,,,,,,
AVIBASE-B1AABA96,3.30000,1.00000,3.70000,1.00000,,,,,,,,,16.70000,1.00000,16.80000,1.00000,,,,,,
AVIBASE-AB658C2D,3.20000,13.00000,3.50000,9.00000,37.60000,,41.20000,,,,,,21.10000,10.00000,21.20000,8.00000,28.60000,,24.70000,,2.00000,0.66000
AVIBASE-B569CB1E,2.20000,1.00000,2.80000,1.00000,,,,,,,,,18.50000,1.00000,17.70000,1.00000,,,,,,
AVIBASE-DEC3D8D0,3.40000,397.00000,3.80000,483.00000,38.80000,397.00000,44.10000,483.00000,5.05000,17.00000,5.09000,14.00000,16.40000,397.00000,18.30000,483.00000,27.60000,397.00000,26.20000,483.00000,2.00000,0.52000
AVIBASE-4BB4F257,3.30000,1030.00000,3.60000,765.00000,42.00000,1032.00000,46.10000,763.00000,,,,,17.90000,1031.00000,19.40000,765.00000,25.80000,1029.00000,26.70000,762.00000,2.00000,0.48000
AVIBASE-42393721,4.50000,431.00000,4.00000,541.00000,48.10000,402.00000,48.90000,492.00000,,,,,16.70000,426.00000,16.90000,541.00000,31.60000,411.00000,27.30000,530.00000,1.99000,0.56000
AVIBASE-145F1116,3.00000,25.00000,3.30000,19.00000,44.06000,25.00000,44.64000,63.00000,,,,,17.17000,25.00000,17.59000,63.00000,22.70000,25.00000,23.30000,65.00000,2.00000,0.46000
AVIBASE-0431F843,3.00000,1.00000,3.00000,1.00000,,,,,,,,,16.40000,1.00000,16.40000,1.00000,,,,,,0.47000
AVIBASE-2AA5F01C,2.60000,1.00000,2.50000,1.00000,,,,,,,,,11.40000,1.00000,11.90000,1.00000,,,,,,
AVIBASE-5816834E,2.70000,33.00000,2.90000,23.00000,42.00000,15.00000,,,,,,,14.20000,10.00000,15.40000,15.00000,20.20000,10.00000,21.80000,15.00000,2.00000,0.46000
AVIBASE-18D09F79,2.30000,1.00000,2.30000,1.00000,,,,,,,,,17.20000,1.00000,19.20000,1.00000,,,,,,
AVIBASE-AFBD5A5F,3.20000,68.00000,3.70000,65.00000,49.60000,80.00000,50.20000,62.00000,,,,,17.60000,,18.60000,,31.70000,,30.50000,,2.00000,0.56000
AVIBASE-1E1B6D19,3.30000,46.00000,3.60000,83.00000,41.10000,65.00000,44.40000,55.00000,4.70000,6.00000,4.90000,2.00000,17.00000,40.00000,17.70000,14.00000,27.50000,18.00000,27.70000,4.00000,1.96000,0.56000
AVIBASE-C25794D5,2.90000,11.00000,3.30000,12.00000,38.08000,30.00000,41.46000,30.00000,,,,,15.92000,30.00000,17.32000,30.00000,24.40000,30.00000,23.90000,30.00000,2.01000,0.52000
AVIBASE-BBA56D2E,2.60000,1.00000,2.60000,1.00000,,,,,,,,,11.20000,1.00000,10.60000,1.00000,,,,,,
AVIBASE-81D324D0,2.00000,1.00000,2.30000,1.00000,,,,,,,,,11.70000,1.00000,12.10000,1.00000,,,,,,0.42000
AVIBASE-0B36500B,,,,,,,,,,,,,,,,,214.00000,8.00000,214.00000,8.00000,2.00000,25.00000
AVIBASE-C9A1C773,240.00000,9.00000,228.00000,7.00000,180.00000,7.00000,171.00000,4.00000,,,,,,,,,191.00000,7.00000,191.00000,4.00000,2.00000,
AVIBASE-D5846D2A,246.00000,5.00000,254.00000,6.00000,,,,,,,,,,,,,,,,,1.00000,
AVIBASE-2226EEC4,,,,,164.00000,3.00000,163.50000,4.00000,,,,,26.00000,3.00000,25.00000,4.00000,179.00000,3.00000,178.00000,4.00000,,
AVIBASE-91187A52,,,,,171.50000,2.00000,165.00000,3.00000,41.00000,2.00000,38.50000,3.00000,,,,,187.00000,2.00000,181.00000,3.00000,,
AVIBASE-EEC520B0,268.00000,3.00000,225.00000,8.00000,174.00000,6.00000,168.50000,8.00000,,,,,,,,,188.00000,3.00000,177.00000,8.00000,1.50000,18.00000
AVIBASE-E1F0E4B5,,,,,178.00000,9.00000,176.00000,6.00000,,,,,,,,,195.00000,9.00000,194.00000,6.00000,2.00000,
AVIBASE-F9A59545,,,,,183.50000,2.00000,180.00000,3.00000,,,,,,,,,,,,,,
AVIBASE-94214F1C,226.00000,16.00000,238.00000,14.00000,,,,,,,,,,,,,,,,,2.00000,21.00000
AVIBASE-FF2AF138,212.50000,2.00000,216.30000,3.00000,168.00000,3.00000,,,,,,,,,,,173.00000,3.00000,,,2.00000,
AVIBASE-3893974C,,,,,,,,,,,,,,,,,,,,,2.00000,
AVIBASE-2C7BA3A6,422.00000,4.00000,396.50000,2.00000,,,,,,,,,43.00000,10.00000,42.50000,7.00000,,,,,1.50000,
AVIBASE-DEBCA587,268.00000,16.00000,269.00000,8.00000,219.00000,5.00000,219.00000,6.00000,,,,,,,,,,,,,2.60000,24.00000
AVIBASE-71A552DA,,,,,213.00000,5.00000,203.00000,1.00000,,,,,,,,,258.00000,5.00000,250.00000,1.00000,2.50000,24.00000
AVIBASE-2AA4BC58,197.50000,2.00000,236.00000,3.00000,229.00000,4.00000,224.00000,4.00000,,,,,,,,,,,,,,21.00000
AVIBASE-3C3092F9,,,,,221.00000,13.00000,218.00000,14.00000,35.00000,13.00000,35.00000,14.00000,27.00000,13.00000,26.00000,14.00000,223.00000,13.00000,238.00000,14.00000,2.50000,
AVIBASE-10B14696,501.00000,1.00000,642.50000,2.00000,270.00000,4.00000,247.00000,2.00000,,,,,,,,,280.00000,4.00000,257.00000,2.00000,2.50000,
AVIBASE-002445CB,903.00000,2.00000,981.00000,8.00000,335.00000,8.00000,319.00000,13.00000,53.50000,8.00000,49.00000,12.00000,40.00000,8.00000,40.00000,9.00000,350.00000,8.00000,371.00000,13.00000,2.00000,54.00000
AVIBASE-9900ACA9,492.00000,5.00000,887.00000,4.00000,284.70000,12.00000,324.50000,12.00000,63.60000,13.00000,74.90000,8.00000,39.70000,14.00000,43.00000,10.00000,138.40000,13.00000,158.30000,11.00000,1.60000,42.50000
AVIBASE-393BDFD3,369.00000,4.00000,558.00000,5.00000,237.30000,7.00000,259.00000,8.00000,58.30000,7.00000,61.10000,8.00000,35.10000,7.00000,38.30000,9.00000,113.10000,7.00000,122.70000,7.00000,2.00000,
AVIBASE-6E574A8D,475.80000,12.00000,630.40000,13.00000,308.10000,17.00000,334.60000,34.00000,64.10000,15.00000,68.90000,27.00000,38.20000,15.00000,41.70000,32.00000,,,,,2.60000,23.50000
AVIBASE-ED259007,314.00000,9.00000,392.00000,37.00000,286.00000,54.00000,287.00000,66.00000,56.60000,49.00000,56.00000,61.00000,,,,,114.00000,11.00000,116.00000,7.00000,5.60000,20.70000
AVIBASE-B21A37E7,,,,,333.50000,6.00000,293.00000,3.00000,80.00000,6.00000,79.50000,3.00000,,,,,120.00000,6.00000,102.50000,3.00000,3.00000,24.20000
AVIBASE-9CD0C8FE,75.00000,3.00000,72.00000,4.00000,,,,,,,,,,,,,,,,,,
AVIBASE-75194A63,48.00000,2.00000,,,114.00000,2.00000,,,,,,,,,,,63.00000,2.00000,,,,
AVIBASE-991885F0,,,,,131.00000,5.00000,135.00000,3.00000,28.00000,5.00000,28.00000,3.00000,,,,,64.00000,5.00000,68.00000,3.00000,2.00000,
AVIBASE-08C90B0F,100.00000,1.00000,,,153.00000,7.00000,158.00000,6.00000,30.70000,6.00000,31.30000,8.00000,19.00000,6.00000,18.80000,8.00000,75.00000,9.00000,77.00000,10.00000,4.50000,12.60000
AVIBASE-1BF907B6,54.70000,27.00000,65.60000,25.00000,131.90000,67.00000,130.40000,17.00000,,,,,9.50000,12.00000,9.30000,14.00000,62.20000,14.00000,59.70000,12.00000,2.82000,10.30000
AVIBASE-2C7AA154,,,,,160.00000,11.00000,161.00000,10.00000,26.80000,11.00000,27.60000,10.00000,18.30000,11.00000,18.10000,10.00000,63.00000,18.00000,61.00000,17.00000,2.50000,12.40000
AVIBASE-E561A180,,,,,194.00000,24.00000,191.00000,14.00000,40.00000,25.00000,38.00000,13.00000,27.00000,24.00000,26.00000,14.00000,90.00000,25.00000,93.00000,13.00000,2.50000,18.70000
AVIBASE-FC366114,1304.00000,895.00000,1706.00000,772.00000,357.00000,,370.50000,,113.00000,54.00000,117.50000,84.00000,25.50000,59.00000,27.50000,57.00000,210.00000,60.00000,226.00000,59.00000,2.55000,69.00000
AVIBASE-5516AEB3,2380.00000,14.00000,2992.00000,12.00000,444.00000,9.00000,482.00000,12.00000,79.30000,9.00000,82.20000,14.00000,51.10000,9.00000,55.10000,11.00000,196.00000,8.00000,217.00000,10.00000,2.00000,80.00000
AVIBASE-3CD0F535,929.00000,4.00000,1347.00000,3.00000,357.00000,1.00000,377.00000,4.00000,71.00000,1.00000,74.50000,2.00000,44.00000,8.00000,46.00000,7.00000,204.00000,1.00000,211.00000,2.00000,2.10000,57.00000
AVIBASE-A2234987,,,,,333.00000,15.00000,339.00000,15.00000,74.00000,11.00000,72.00000,12.00000,39.00000,11.00000,39.00000,11.00000,196.00000,15.00000,199.00000,16.00000,2.50000,47.40000
AVIBASE-2EB9470D,575.00000,1.00000,746.00000,4.00000,301.00000,10.00000,320.00000,10.00000,55.00000,10.00000,56.00000,10.00000,42.00000,9.00000,44.00000,6.00000,163.00000,10.00000,170.00000,10.00000,,58.30000
AVIBASE-AFF21113,1257.00000,1.00000,,,466.00000,1.00000,444.50000,2.00000,83.00000,1.00000,80.00000,2.00000,60.00000,1.00000,61.50000,2.00000,240.00000,1.00000,253.00000,2.00000,,
AVIBASE-EBD3129B,1704.00000,4.00000,2625.00000,6.00000,448.00000,18.00000,465.00000,22.00000,78.00000,17.00000,79.00000,22.00000,55.00000,3.00000,55.00000,7.00000,244.00000,18.00000,254.00000,22.00000,2.00000,80.30000
AVIBASE-B55D5658,511.00000,2.00000,555.30000,3.00000,318.00000,6.00000,322.00000,7.00000,43.00000,6.00000,45.00000,7.00000,33.00000,6.00000,33.00000,8.00000,205.00000,6.00000,206.00000,7.00000,,
AVIBASE-034B2A6A,,,2188.00000,4.00000,431.00000,7.00000,426.00000,6.00000,74.00000,8.00000,75.00000,4.00000,55.00000,8.00000,57.00000,5.00000,235.00000,8.00000,226.00000,4.00000,2.00000,61.50000
AVIBASE-F07B8BD1,743.00000,1.00000,,,,,,,,,,,,,,,,,,,,
AVIBASE-E0D3E4C1,,,,,311.00000,4.00000,305.00000,1.00000,63.00000,4.00000,62.00000,1.00000,38.00000,4.00000,38.00000,1.00000,194.00000,4.00000,181.00000,1.00000,,
AVIBASE-37A12174,397.00000,11.00000,486.00000,4.00000,267.00000,35.00000,278.00000,30.00000,46.50000,36.00000,48.30000,23.00000,30.50000,38.00000,32.00000,26.00000,155.00000,24.00000,162.00000,19.00000,2.50000,39.00000
AVIBASE-6590EFD4,,,217.00000,2.00000,251.00000,1.00000,255.00000,1.00000,51.40000,1.00000,53.50000,1.00000,26.70000,1.00000,27.50000,1.00000,136.00000,3.00000,139.00000,5.00000,5.00000,
AVIBASE-9B26D30B,579.00000,68.00000,663.00000,65.00000,320.00000,68.00000,328.00000,65.00000,60.20000,68.00000,61.60000,65.00000,36.80000,68.00000,37.70000,65.00000,203.00000,195.00000,209.00000,171.00000,2.13000,46.00000
AVIBASE-BDBB04D5,621.90000,12.00000,632.00000,20.00000,318.00000,5.00000,332.80000,11.00000,,,,,23.50000,4.00000,25.10000,11.00000,225.40000,11.00000,230.30000,7.00000,2.41000,47.20000
AVIBASE-7C2108FD,590.00000,12.00000,870.00000,12.00000,358.00000,14.00000,363.00000,15.00000,51.40000,8.00000,53.90000,11.00000,39.60000,7.00000,40.40000,9.00000,272.00000,8.00000,271.00000,13.00000,2.89000,48.00000
AVIBASE-FA36ABE5,884.00000,30.00000,1186.00000,44.00000,446.00000,8.00000,452.00000,13.00000,53.90000,7.00000,55.10000,7.00000,41.10000,7.00000,43.20000,10.00000,298.00000,70.00000,289.50000,23.00000,4.00000,52.00000
AVIBASE-192FC14D,,,,,,,,,,,,,,,,,,,,,,
AVIBASE-2E6575A8,248.00000,4.00000,300.00000,1.00000,249.00000,13.00000,249.00000,16.00000,46.00000,13.00000,46.00000,16.00000,30.00000,13.00000,31.00000,16.00000,153.00000,13.00000,153.00000,16.00000,2.00000,38.60000
AVIBASE-15A1DBE8,,,183.00000,1.00000,268.00000,3.00000,260.00000,7.00000,39.00000,3.00000,38.00000,7.00000,28.00000,3.00000,29.00000,3.00000,164.00000,3.00000,164.00000,7.00000,,
AVIBASE-C2018A5D,270.00000,16.00000,320.00000,17.00000,234.00000,15.00000,238.00000,15.00000,25.80000,11.00000,25.50000,10.00000,24.10000,10.00000,25.20000,10.00000,171.30000,28.00000,173.80000,25.00000,6.21000,21.80000
AVIBASE-79E2AC7C,58.00000,,73.00000,,97.50000,11.00000,105.30000,23.00000,16.50000,6.00000,17.40000,7.00000,14.40000,6.00000,15.70000,8.00000,56.10000,10.00000,61.90000,17.00000,4.88000,8.30000
AVIBASE-70CB00EC,62.00000,7.00000,102.00000,8.00000,105.00000,15.00000,107.00000,15.00000,23.00000,15.00000,23.00000,15.00000,16.00000,15.00000,16.00000,15.00000,74.00000,15.00000,75.00000,15.00000,3.00000,11.30000
AVIBASE-63FB826E,61.90000,42.00000,73.00000,10.00000,,,,,,,,,,,,,,,,,4.19000,9.50000
AVIBASE-40EB82DA,66.30000,20.00000,73.00000,7.00000,94.40000,304.00000,98.70000,194.00000,,,,,11.00000,291.00000,11.40000,186.00000,60.60000,299.00000,63.60000,188.00000,4.22000,9.40000
AVIBASE-E05A96F3,88.00000,6.00000,103.00000,1.00000,105.00000,5.00000,104.00000,2.00000,22.00000,5.00000,21.50000,2.00000,,,,,69.00000,5.00000,67.00000,2.00000,,
AVIBASE-9C464D6F,,,,,160.00000,8.00000,167.50000,2.00000,29.00000,8.00000,28.50000,2.00000,23.00000,8.00000,23.50000,2.00000,94.00000,8.00000,97.00000,2.00000,,14.50000
AVIBASE-F3BFBAD7,117.00000,3.00000,122.00000,6.00000,139.00000,15.00000,140.00000,16.00000,26.00000,15.00000,26.00000,16.00000,19.00000,6.00000,19.00000,12.00000,85.00000,15.00000,85.00000,14.00000,2.50000,
AVIBASE-D74BA965,43.00000,3.00000,46.00000,3.00000,109.00000,,107.00000,,,,,,8.70000,,,,50.00000,,48.00000,,3.00000,7.30000
AVIBASE-9A7B268C,160.00000,5.00000,176.00000,5.00000,158.00000,9.00000,161.00000,13.00000,34.60000,8.00000,34.80000,12.00000,,,,,80.00000,14.00000,80.00000,10.00000,4.00000,15.60000
AVIBASE-8AB4EAF6,101.00000,,167.00000,,172.00000,13.00000,176.00000,12.00000,22.20000,13.00000,22.60000,12.00000,20.20000,11.00000,21.40000,11.00000,99.90000,44.00000,106.00000,45.00000,5.29000,12.40000
AVIBASE-26BA25EF,77.40000,22.00000,131.10000,36.00000,136.90000,39.00000,144.10000,55.00000,23.90000,80.00000,25.10000,74.00000,11.66000,56.00000,12.45000,62.00000,63.90000,96.00000,67.30000,97.00000,5.50000,10.20000
AVIBASE-0A4EC595,950.20000,4.00000,661.50000,2.00000,345.10000,7.00000,329.00000,3.00000,49.30000,8.00000,46.40000,4.00000,41.10000,8.00000,39.90000,4.00000,234.60000,6.00000,216.60000,5.00000,2.00000,
AVIBASE-2DF7793A,1447.20000,13.00000,1252.50000,9.00000,403.70000,24.00000,392.00000,14.00000,56.80000,25.00000,56.40000,12.00000,46.30000,23.00000,44.70000,13.00000,250.90000,22.00000,243.40000,14.00000,1.85000,56.50000
AVIBASE-E7FB486F,694.50000,6.00000,591.80000,12.00000,310.60000,8.00000,298.40000,21.00000,44.50000,8.00000,42.90000,21.00000,31.40000,8.00000,32.00000,19.00000,171.10000,8.00000,164.10000,20.00000,2.30000,39.30000
AVIBASE-AB4EA9A7,248.00000,,300.00000,,,,,,,,,,,,,,,,,,,
AVIBASE-E8E9C26D,189.80000,22.00000,214.30000,29.00000,206.10000,30.00000,210.60000,35.00000,36.80000,29.00000,37.20000,34.00000,23.20000,30.00000,23.50000,35.00000,115.70000,27.00000,119.70000,47.00000,2.50000,22.20000
AVIBASE-FC4D40D2,233.00000,6.00000,278.00000,8.00000,294.00000,57.00000,299.00000,64.00000,38.20000,20.00000,39.90000,16.00000,27.40000,21.00000,28.90000,15.00000,137.00000,12.00000,142.00000,12.00000,3.00000,23.00000
AVIBASE-8F123A11,278.00000,3.00000,312.00000,5.00000,315.00000,39.00000,319.00000,28.00000,44.50000,16.00000,46.20000,14.00000,28.50000,16.00000,29.00000,12.00000,143.00000,6.00000,148.00000,6.00000,5.60000,21.30000
AVIBASE-83E21A84,340.00000,1.00000,330.00000,3.00000,292.00000,11.00000,298.00000,10.00000,58.00000,10.00000,57.00000,9.00000,30.70000,9.00000,30.50000,9.00000,152.00000,10.00000,156.00000,9.00000,2.50000,26.20000
AVIBASE-175A7534,44.00000,22.00000,44.00000,17.00000,132.20000,43.00000,132.20000,30.00000,23.20000,42.00000,23.20000,30.00000,14.40000,42.00000,14.80000,28.00000,116.90000,40.00000,118.40000,30.00000,3.03000,
AVIBASE-8500F130,308.00000,9.00000,298.00000,8.00000,276.60000,61.00000,258.10000,55.00000,29.20000,31.00000,28.50000,37.00000,41.50000,61.00000,38.00000,53.00000,198.00000,89.00000,188.60000,88.00000,2.08000,25.00000
AVIBASE-BA1D64E2,383.00000,3.00000,341.00000,5.00000,296.60000,22.00000,280.80000,13.00000,30.40000,21.00000,29.70000,14.00000,51.30000,22.00000,48.40000,13.00000,271.50000,13.00000,269.70000,10.00000,1.00000,26.00000
AVIBASE-A9003A7B,265.00000,5.00000,209.50000,4.00000,236.60000,5.00000,216.33000,3.00000,25.17000,3.00000,23.23000,3.00000,37.40000,5.00000,35.90000,3.00000,,,,,1.50000,13.50000
AVIBASE-7333ADB3,242.00000,,180.00000,,,,,,,,,,,,,,,,,,,
AVIBASE-28BD3EB7,105.00000,8.00000,91.00000,8.00000,224.60000,22.00000,223.70000,21.00000,20.80000,16.00000,20.40000,18.00000,21.20000,20.00000,20.70000,18.00000,,,,,1.00000,
AVIBASE-8A6C3156,104.00000,4.00000,,,250.90000,14.00000,254.90000,17.00000,20.50000,15.00000,20.00000,15.00000,21.70000,13.00000,20.60000,15.00000,161.30000,14.00000,158.20000,15.00000,1.00000,
AVIBASE-9690689D,,,,,183.10000,34.00000,174.90000,28.00000,14.00000,15.00000,13.50000,15.00000,5.90000,15.00000,6.00000,15.00000,110.80000,33.00000,105.10000,33.00000,2.00000,6.00000
AVIBASE-24E39ACD,,,,,194.40000,,,,14.05000,,13.95000,,6.50000,,6.60000,,108.00000,9.00000,108.00000,9.00000,2.00000,7.60000
AVIBASE-E025D440,,,,,170.50000,26.00000,172.50000,23.00000,13.40000,10.00000,13.40000,10.00000,6.70000,9.00000,6.70000,10.00000,96.00000,20.00000,96.50000,20.00000,1.50000,6.80000
AVIBASE-F2CB69EC,53.60000,22.00000,52.50000,15.00000,182.30000,,170.20000,,27.70000,,25.70000,,11.70000,,12.70000,,176.80000,,150.40000,,2.00000,8.00000
AVIBASE-D621FFC6,47.20000,15.00000,49.50000,10.00000,,,,,,,,,,,,,,,,,,5.50000
AVIBASE-8D3E8871,109.90000,33.00000,107.90000,24.00000,213.90000,12.00000,209.00000,16.00000,18.40000,12.00000,17.90000,16.00000,12.50000,12.00000,11.70000,16.00000,141.10000,12.00000,136.40000,12.00000,1.95000,12.80000
AVIBASE-C0F335B7,,,,,154.00000,4.00000,158.50000,2.00000,17.00000,1.00000,16.00000,2.00000,15.50000,1.00000,14.25000,2.00000,116.00000,4.00000,118.50000,2.00000,1.83000,
AVIBASE-1A09655B,50.30000,20.00000,56.50000,20.00000,156.70000,20.00000,159.00000,20.00000,22.00000,15.00000,22.00000,14.00000,6.50000,15.00000,7.10000,14.00000,120.00000,20.00000,120.50000,20.00000,1.98000,7.00000
AVIBASE-BBC51216,,,,,,,,,,,,,,,,,,,,,,
AVIBASE-6CC3D04B,86.00000,,83.50000,,206.00000,15.00000,204.00000,11.00000,21.90000,14.00000,21.00000,12.00000,11.30000,14.00000,10.80000,12.00000,160.00000,15.00000,155.00000,10.00000,2.00000,9.00000
AVIBASE-D6485237,73.30000,23.00000,83.20000,2.00000,196.00000,12.00000,195.00000,11.00000,16.80000,10.00000,17.20000,12.00000,8.80000,12.00000,8.90000,16.00000,137.00000,34.00000,136.00000,23.00000,2.00000,8.40000
AVIBASE-E93A0F33,65.00000,4.00000,54.90000,4.00000,164.00000,7.00000,162.00000,10.00000,,,,,,,,,119.00000,7.00000,116.00000,10.00000,2.00000,
AVIBASE-05E2FB2A,54.10000,11.00000,55.10000,10.00000,161.00000,11.00000,159.00000,10.00000,12.60000,11.00000,11.80000,10.00000,,,,,115.00000,11.00000,115.00000,10.00000,2.00000,5.70000
AVIBASE-2F7F0244,82.00000,3.00000,70.00000,1.00000,206.00000,17.00000,207.00000,17.00000,,,,,,,,,121.00000,10.00000,122.50000,5.00000,2.00000,8.40000
AVIBASE-626D56E4,,,,,151.00000,11.00000,149.00000,7.00000,19.40000,11.00000,19.60000,7.00000,10.00000,11.00000,10.40000,6.00000,108.00000,5.00000,109.00000,7.00000,2.00000,5.10000
AVIBASE-589694DD,,,,,181.00000,5.00000,174.00000,5.00000,,,,,,,,,122.00000,5.00000,113.00000,5.00000,2.00000,6.80000
AVIBASE-04DDADF0,64.40000,9.00000,70.20000,4.00000,184.10000,35.00000,183.90000,12.00000,15.80000,26.00000,16.40000,11.00000,17.70000,32.00000,17.10000,13.00000,142.30000,35.00000,139.30000,14.00000,2.00000,7.70000
AVIBASE-D1D9B619,28.60000,10.00000,30.10000,4.00000,132.00000,8.00000,132.00000,9.00000,,,,,,,,,100.00000,8.00000,101.00000,9.00000,2.00000,4.70000
AVIBASE-AB8E1D95,48.00000,1.00000,,,153.50000,5.00000,151.00000,3.00000,,,,,,,,,122.00000,5.00000,114.00000,3.00000,,
AVIBASE-62ED1974,54.80000,84.00000,54.00000,69.00000,161.00000,16.00000,162.00000,22.00000,14.00000,16.00000,14.00000,22.00000,21.60000,16.00000,21.20000,22.00000,121.00000,16.00000,120.00000,22.00000,2.00000,6.20000
AVIBASE-CEEE7367,48.00000,3.00000,47.00000,3.00000,154.00000,10.00000,150.00000,4.00000,,,,,,,,,119.00000,10.00000,111.50000,4.00000,2.00000,4.90000
AVIBASE-CEEE7367,46.40000,10.00000,51.60000,9.00000,156.00000,3.00000,157.00000,3.00000,,,,,,,,,,,,,1.50000,
AVIBASE-52E6406E,,,65.00000,1.00000,156.00000,29.00000,154.00000,40.00000,,,,,,,,,,,,,2.00000,6.40000
AVIBASE-7C3959D6,47.10000,7.00000,47.80000,6.00000,158.50000,12.00000,156.00000,12.00000,,,,,,,,,124.00000,12.00000,116.50000,12.00000,2.00000,5.70000
AVIBASE-CE884D49,56.70000,3.00000,59.70000,3.00000,155.00000,8.00000,155.00000,4.00000,,,,,,,,,99.00000,8.00000,95.00000,4.00000,,
AVIBASE-E3C780D6,79.60000,12.00000,78.50000,17.00000,194.00000,15.00000,194.00000,23.00000,,,,,,,,,132.00000,13.00000,131.00000,18.00000,2.00000,
AVIBASE-CCA7AB2D,,,100.50000,2.00000,191.00000,4.00000,192.00000,7.00000,,,,,,,,,152.50000,4.00000,152.00000,7.00000,1.00000,10.70000
AVIBASE-A20EA34D,45.80000,15.00000,45.80000,18.00000,145.00000,16.00000,143.00000,10.00000,,,,,,,,,243.00000,16.00000,175.00000,10.00000,2.00000,4.60000
AVIBASE-54494BCE,41.40000,10.00000,43.80000,9.00000,148.00000,28.00000,145.00000,26.00000,,,,,,,,,131.00000,28.00000,118.00000,26.00000,2.00000,
AVIBASE-4FD242D0,59.20000,12.00000,57.40000,34.00000,161.00000,18.00000,158.00000,32.00000,14.70000,18.00000,15.00000,32.00000,18.90000,18.00000,19.10000,32.00000,122.00000,18.00000,115.00000,32.00000,2.00000,4.90000
AVIBASE-D36F4D98,40.70000,5.00000,48.50000,7.00000,176.00000,10.00000,168.50000,10.00000,,,,,,,,,110.00000,10.00000,108.00000,10.00000,2.00000,5.10000
AVIBASE-A526534E,67.70000,104.00000,77.10000,14.00000,225.00000,34.00000,188.00000,34.00000,26.00000,34.00000,24.30000,34.00000,19.10000,34.00000,18.20000,34.00000,143.00000,34.00000,127.00000,34.00000,2.00000,7.30000
AVIBASE-3981B194,40.20000,,43.50000,,,,,,,,,,,,,,,,,,,
AVIBASE-BBA263C2,294.00000,,267.00000,,228.00000,16.00000,219.00000,15.00000,30.60000,13.00000,29.50000,12.00000,19.00000,13.00000,18.60000,12.00000,111.00000,7.00000,107.40000,9.00000,2.00000,17.80000
AVIBASE-A6EA9F02,337.00000,53.00000,320.00000,54.00000,221.00000,53.00000,221.00000,54.00000,34.10000,9.00000,34.20000,5.00000,24.10000,9.00000,22.90000,5.00000,114.00000,53.00000,115.00000,54.00000,2.00000,15.70000
AVIBASE-DD7C4C78,292.00000,1.00000,262.00000,1.00000,221.00000,10.00000,219.50000,6.00000,,,,,,,,,88.00000,10.00000,90.00000,7.00000,2.00000,11.50000
AVIBASE-68E4C0D1,302.00000,12.00000,280.00000,7.00000,222.00000,30.00000,216.00000,20.00000,29.60000,25.00000,29.20000,16.00000,19.60000,23.00000,19.10000,16.00000,118.00000,18.00000,114.00000,13.00000,2.34000,16.70000
AVIBASE-37B66CCF,,,,,201.00000,9.00000,201.00000,5.00000,26.80000,5.00000,26.10000,5.00000,22.00000,5.00000,21.90000,5.00000,90.20000,5.00000,92.80000,5.00000,1.00000,
AVIBASE-38AA824B,204.00000,7.00000,183.00000,1.00000,207.00000,13.00000,206.00000,11.00000,26.30000,11.00000,25.50000,11.00000,17.40000,11.00000,17.50000,10.00000,103.00000,11.00000,101.00000,10.00000,,15.00000
AVIBASE-760F307A,505.00000,101.00000,497.00000,62.00000,252.00000,44.00000,250.00000,30.00000,32.80000,37.00000,32.70000,26.00000,21.40000,40.00000,21.10000,29.00000,165.00000,10.00000,160.00000,10.00000,1.86000,18.90000
AVIBASE-BAAC66AF,,,,,252.00000,9.00000,244.00000,9.00000,36.30000,11.00000,35.00000,12.00000,21.00000,12.00000,19.90000,11.00000,178.00000,11.00000,173.00000,10.00000,1.00000,26.20000
AVIBASE-1ED914E6,,,,,221.00000,10.00000,217.00000,10.00000,30.30000,9.00000,29.60000,9.00000,18.90000,10.00000,19.70000,10.00000,152.00000,9.00000,153.00000,8.00000,1.00000,
AVIBASE-396E6311,,,,,225.00000,7.00000,214.00000,5.00000,33.50000,7.00000,32.50000,6.00000,18.80000,7.00000,19.40000,5.00000,163.00000,5.00000,157.00000,5.00000,1.00000,19.80000
AVIBASE-1A145C89,423.00000,5.00000,358.00000,3.00000,212.50000,12.00000,208.50000,10.00000,,,,,,,,,118.00000,4.00000,114.00000,3.00000,1.00000,
AVIBASE-757ABA94,,,,,218.00000,3.00000,210.50000,3.00000,25.50000,3.00000,23.00000,3.00000,,,,,,,,,,
AVIBASE-8288E54D,525.00000,2.00000,350.00000,1.00000,236.00000,3.00000,227.00000,3.00000,,,,,,,,,,,,,,
AVIBASE-EEDB8253,405.00000,13.00000,352.00000,10.00000,224.00000,,222.00000,,,,,,,,,,,,,,1.00000,16.20000
AVIBASE-A1B9BB88,,,,,209.00000,5.00000,208.00000,5.00000,,,,,,,,,113.00000,1.00000,,,,
AVIBASE-8F3CF81A,421.20000,9.00000,418.70000,7.00000,234.50000,23.00000,226.90000,16.00000,30.80000,23.00000,29.50000,18.00000,19.60000,18.00000,19.00000,18.00000,141.20000,23.00000,135.30000,18.00000,1.00000,
AVIBASE-3FC9BA60,130.00000,15.00000,122.00000,18.00000,160.00000,15.00000,153.00000,18.00000,,,,,20.60000,15.00000,20.20000,18.00000,90.00000,15.00000,83.00000,18.00000,,
AVIBASE-E6393B15,,,,,180.00000,7.00000,170.50000,7.00000,,,,,,,,,,,,,1.50000,
AVIBASE-870E4DDA,153.00000,6.00000,143.50000,6.00000,182.00000,6.00000,173.00000,6.00000,,,,,20.40000,4.00000,20.70000,4.00000,,,,,2.00000,
AVIBASE-EE40DDB6,151.00000,7.00000,146.00000,11.00000,151.00000,5.00000,145.00000,5.00000,,,,,,,,,,,,,1.94000,7.80000
AVIBASE-5788552B,131.00000,5.00000,142.00000,5.00000,179.00000,37.00000,172.00000,16.00000,23.60000,20.00000,22.90000,14.00000,16.80000,38.00000,16.00000,16.00000,116.00000,35.00000,113.00000,16.00000,1.90000,8.20000
AVIBASE-8770C6A7,173.00000,10.00000,154.00000,6.00000,,,,,,,,,,,,,116.00000,7.00000,109.00000,3.00000,2.00000,
AVIBASE-6658BAC5,233.00000,2.00000,230.00000,1.00000,202.00000,13.00000,197.00000,6.00000,,,,,,,,,133.00000,10.00000,129.00000,13.00000,,10.00000
AVIBASE-B2D6AB06,104.40000,,98.40000,,139.00000,15.00000,136.00000,9.00000,21.90000,10.00000,20.80000,5.00000,14.80000,15.00000,14.90000,9.00000,115.30000,72.00000,111.10000,56.00000,2.00000,5.30000
AVIBASE-AEF9E7D3,163.60000,27.00000,157.20000,25.00000,150.20000,20.00000,146.90000,20.00000,26.30000,20.00000,25.90000,20.00000,15.80000,17.00000,15.30000,18.00000,141.30000,20.00000,136.20000,23.00000,1.87000,7.70000
AVIBASE-70BD722B,175.00000,89.00000,168.00000,90.00000,182.00000,9.00000,172.00000,5.00000,25.00000,9.00000,26.20000,6.00000,17.90000,9.00000,16.70000,6.00000,133.00000,9.00000,128.00000,6.00000,2.00000,8.50000
AVIBASE-DDEF7228,,,,,140.00000,11.00000,137.50000,5.00000,,,,,,,,,93.30000,11.00000,92.00000,5.00000,2.00000,5.00000
AVIBASE-AB937AEB,,,,,154.00000,5.00000,149.00000,6.00000,,,,,,,,,,,,,1.91000,7.20000
AVIBASE-9888B3AE,241.00000,44.00000,229.00000,44.00000,192.00000,16.00000,186.00000,19.00000,,,,,,,,,,,,,1.83000,9.00000
AVIBASE-0C1EFC9B,197.00000,103.00000,189.00000,83.00000,185.00000,85.00000,179.00000,83.00000,25.40000,24.00000,24.70000,19.00000,16.90000,22.00000,16.60000,18.00000,142.00000,14.00000,136.00000,12.00000,1.94000,9.20000
AVIBASE-273A4A2F,,,,,169.00000,88.00000,165.00000,91.00000,26.80000,13.00000,25.20000,14.00000,16.10000,15.00000,14.80000,13.00000,115.00000,7.00000,113.00000,8.00000,2.00000,8.30000
AVIBASE-65FE8029,,,,,149.50000,2.00000,143.50000,2.00000,,,,,,,,,,,,,2.00000,9.00000
AVIBASE-FD516092,240.00000,10.00000,233.00000,7.00000,198.20000,26.00000,191.80000,19.00000,26.70000,25.00000,26.20000,19.00000,17.30000,23.00000,16.90000,19.00000,207.90000,25.00000,203.20000,18.00000,1.17000,8.70000
AVIBASE-72B71F11,,,,,110.00000,15.00000,110.00000,10.00000,,,,,,,,,,,,,2.00000,3.20000
AVIBASE-BDF442F2,56.20000,17.00000,55.80000,9.00000,113.00000,7.00000,110.00000,6.00000,,,,,,,,,,,,,1.90000,3.70000
AVIBASE-23D5FC36,64.00000,3.00000,60.00000,3.00000,109.00000,,110.00000,,,,,,,,,,,,,,2.00000,4.00000
AVIBASE-7308278F,69.60000,38.00000,65.60000,23.00000,110.50000,18.00000,109.50000,6.00000,,,,,17.80000,9.00000,17.20000,6.00000,69.70000,9.00000,66.80000,6.00000,1.86000,4.10000
AVIBASE-0CA6EE59,133.00000,7.00000,112.00000,7.00000,133.00000,7.00000,131.00000,6.00000,,,,,20.80000,7.00000,19.80000,3.00000,100.00000,7.00000,99.00000,4.00000,1.50000,6.60000
AVIBASE-DDC2CC92,38.00000,70.00000,35.00000,30.00000,108.00000,42.00000,105.00000,28.00000,,,,,,,,,134.00000,15.00000,128.00000,9.00000,2.01000,2.70000
AVIBASE-05E5E8F6,136.60000,13.00000,136.00000,8.00000,153.30000,21.00000,147.50000,15.00000,27.20000,19.00000,26.80000,15.00000,16.40000,16.00000,16.30000,11.00000,84.30000,20.00000,82.00000,15.00000,2.00000,
AVIBASE-8D30DDA6,347.50000,,329.50000,,201.30000,67.00000,196.90000,57.00000,28.90000,69.00000,28.00000,58.00000,19.20000,64.00000,18.60000,57.00000,126.00000,3.00000,129.00000,4.00000,1.83000,10.80000
AVIBASE-020BE546,219.00000,23.00000,203.70000,25.00000,165.60000,35.00000,160.30000,34.00000,28.90000,34.00000,27.60000,30.00000,17.30000,29.00000,16.70000,28.00000,17.30000,29.00000,16.70000,28.00000,2.00000,11.00000
AVIBASE-9560088E,293.00000,17.00000,285.40000,9.00000,207.50000,25.00000,200.20000,19.00000,29.10000,28.00000,28.40000,20.00000,17.80000,27.00000,17.90000,20.00000,83.00000,29.00000,79.80000,20.00000,2.00000,9.60000
AVIBASE-89DA10B8,94.20000,21.00000,87.80000,25.00000,110.90000,22.00000,107.80000,28.00000,23.30000,22.00000,23.00000,28.00000,15.50000,21.00000,14.60000,26.00000,67.40000,12.00000,64.80000,12.00000,2.00000,5.90000
AVIBASE-888803D1,195.00000,59.00000,180.00000,48.00000,135.50000,26.00000,132.10000,23.00000,30.60000,26.00000,29.20000,23.00000,15.50000,23.00000,15.20000,22.00000,86.40000,26.00000,83.20000,23.00000,2.00000,8.40000
AVIBASE-AD62DDA5,228.40000,25.00000,215.00000,22.00000,145.00000,27.00000,141.80000,23.00000,31.60000,28.00000,30.40000,23.00000,14.90000,28.00000,14.80000,22.00000,100.10000,12.00000,97.30000,3.00000,2.00000,8.50000
AVIBASE-5AC3491A,133.20000,23.00000,130.50000,24.00000,134.30000,27.00000,132.40000,23.00000,22.80000,27.00000,22.90000,21.00000,12.90000,23.00000,13.10000,23.00000,116.80000,26.00000,111.60000,22.00000,1.89000,6.90000
AVIBASE-9D10537C,162.10000,21.00000,155.80000,20.00000,145.60000,20.00000,143.40000,20.00000,24.60000,18.00000,24.50000,19.00000,12.80000,19.00000,12.30000,18.00000,129.30000,18.00000,125.50000,17.00000,1.86000,
AVIBASE-4A80DFC5,32.60000,21.00000,30.50000,19.00000,94.00000,23.00000,90.20000,17.00000,15.10000,20.00000,14.40000,15.00000,11.10000,22.00000,10.90000,13.00000,100.50000,42.00000,94.90000,43.00000,2.00000,2.50000
AVIBASE-91C3A5E9,49.40000,24.00000,45.00000,14.00000,104.00000,29.00000,99.70000,22.00000,17.40000,28.00000,16.90000,20.00000,12.10000,28.00000,11.90000,22.00000,95.90000,29.00000,88.90000,22.00000,2.00000,3.50000
AVIBASE-A39F91F0,133.10000,15.00000,124.20000,12.00000,140.30000,32.00000,136.70000,21.00000,22.30000,32.00000,21.80000,21.00000,,,,,134.30000,41.00000,124.90000,29.00000,2.00000,7.00000
AVIBASE-E91C72D9,410.00000,6.00000,448.30000,6.00000,204.60000,15.00000,201.80000,11.00000,43.00000,15.00000,40.80000,11.00000,16.50000,14.00000,17.00000,9.00000,140.70000,15.00000,140.40000,10.00000,2.00000,16.50000
AVIBASE-00124D98,130.00000,,123.00000,,144.80000,34.00000,137.90000,17.00000,,,,,13.30000,32.00000,12.90000,17.00000,,,,,2.00000,6.90000
AVIBASE-85BD24D1,,,,,,,,,,,,,,,,,,,,,,9.10000
AVIBASE-BFBC73AF,,,,,156.30000,40.00000,151.40000,40.00000,24.70000,40.00000,23.70000,40.00000,19.70000,40.00000,19.30000,40.00000,103.40000,,98.10000,,2.00000,7.80000
AVIBASE-BFE74235,,,,,,,,,,,,,,,,,,,,,2.00000,3.40000
AVIBASE-F9AED548,,,,,87.20000,13.00000,86.10000,11.00000,15.90000,13.00000,15.80000,11.00000,11.70000,13.00000,11.00000,11.00000,56.50000,161.00000,55.60000,133.00000,2.00000,3.10000
AVIBASE-ADD11A5F,,,,,,,,,,,,,,,,,,,,,,3.60000
AVIBASE-C4C9F313,71.80000,,67.60000,,,,,,,,,,,,,,,,,,,3.80000
AVIBASE-6141E8C8,124.00000,7.00000,113.00000,7.00000,132.00000,4.00000,128.00000,3.00000,,,,,,,,,97.30000,10.00000,,,2.00000,6.80000
AVIBASE-46C90944,,,,,176.50000,10.00000,174.00000,10.00000,26.50000,10.00000,25.50000,10.00000,16.50000,10.00000,15.00000,10.00000,,,,,1.50000,7.90000
AVIBASE-01FF30C9,,,,,192.20000,6.00000,184.20000,5.00000,29.80000,6.00000,28.20000,5.00000,17.40000,5.00000,17.10000,5.00000,147.00000,6.00000,135.00000,4.00000,1.00000,
AVIBASE-1A279952,480.00000,,429.00000,,232.70000,9.00000,226.50000,6.00000,34.80000,9.00000,34.50000,6.00000,20.90000,9.00000,21.80000,6.00000,186.10000,9.00000,185.80000,6.00000,1.00000,21.70000
AVIBASE-205515E9,120.00000,13.00000,115.00000,7.00000,131.10000,20.00000,129.00000,12.00000,21.40000,19.00000,20.70000,12.00000,15.10000,18.00000,15.10000,10.00000,72.60000,19.00000,68.90000,12.00000,1.00000,7.10000
AVIBASE-3EC888E4,110.30000,12.00000,93.80000,9.00000,135.50000,37.00000,128.50000,16.00000,22.30000,37.00000,21.80000,16.00000,13.40000,35.00000,12.90000,15.00000,78.10000,36.00000,72.80000,16.00000,1.00000,7.40000
AVIBASE-D3D367E9,,,,,280.70000,23.00000,275.20000,25.00000,38.80000,25.00000,38.80000,20.00000,20.60000,24.00000,20.50000,27.00000,175.30000,24.00000,172.10000,23.00000,,
AVIBASE-DDC4CBBB,625.00000,2.00000,521.70000,3.00000,,,,,,,,,,,,,172.50000,2.00000,162.20000,4.00000,2.00000,
AVIBASE-61DC1C21,468.10000,18.00000,444.10000,9.00000,235.50000,22.00000,230.30000,17.00000,33.50000,22.00000,33.00000,17.00000,22.90000,22.00000,23.30000,15.00000,129.00000,44.00000,123.50000,35.00000,1.00000,
AVIBASE-A251CB8F,468.10000,,441.10000,,,,,,,,,,,,,,,,,,,22.60000
AVIBASE-B6416BD3,472.00000,1.00000,522.00000,1.00000,272.80000,10.00000,267.40000,9.00000,33.80000,10.00000,32.80000,9.00000,13.90000,9.00000,14.20000,9.00000,173.70000,20.00000,170.30000,18.00000,1.00000,21.50000
AVIBASE-335C2C80,624.00000,3.00000,651.80000,4.00000,262.80000,38.00000,260.00000,44.00000,,,,,17.00000,37.00000,16.70000,42.00000,193.60000,38.00000,189.30000,42.00000,1.00000,26.10000
AVIBASE-900C590B,227.00000,,,,,,,,,,,,,,,,,,,,,
AVIBASE-56E3016D,,,,,252.00000,29.00000,249.00000,15.00000,67.30000,40.00000,66.10000,26.00000,23.17000,,23.00000,,101.00000,14.00000,95.40000,7.00000,3.50000,41.00000
AVIBASE-C6F33176,11975.00000,11.00000,3816.00000,11.00000,617.00000,12.00000,486.00000,10.00000,158.00000,12.00000,125.00000,10.00000,36.80000,,30.80000,,243.00000,9.00000,214.00000,13.00000,2.50000,143.00000
AVIBASE-4FDBC0CB,,,,,604.00000,4.00000,515.00000,3.00000,171.14000,7.00000,142.00000,3.00000,84.44000,,74.17000,,315.00000,6.00000,275.00000,7.00000,1.50000,126.00000
AVIBASE-6A394479,,,,,604.00000,7.00000,496.67000,6.00000,176.71000,7.00000,153.00000,6.00000,80.64000,,70.08000,,315.00000,6.00000,281.00000,4.00000,2.00000,115.00000
AVIBASE-4FC41CA0,10870.00000,1.00000,5890.00000,2.00000,761.00000,3.00000,628.77000,13.00000,241.00000,3.00000,190.08000,12.00000,106.50000,,88.00000,,378.00000,3.00000,312.00000,13.00000,1.50000,158.00000
AVIBASE-2799567A,,,2800.00000,1.00000,661.17000,12.00000,539.45000,11.00000,193.17000,12.00000,162.73000,11.00000,73.73000,,62.55000,,,,,,,145.00000
AVIBASE-5D1DFB96,,,,,582.25000,4.00000,503.60000,5.00000,169.67000,3.00000,162.80000,5.00000,64.00000,3.00000,,,243.00000,4.00000,219.00000,12.00000,1.71000,136.00000
AVIBASE-5714C710,,,1360.00000,1.00000,399.16000,25.00000,359.23000,26.00000,96.08000,26.00000,86.23000,26.00000,37.21000,,34.36000,,215.00000,13.00000,192.00000,7.00000,2.50000,68.00000
AVIBASE-8F3D1E6F,,,,,243.00000,9.00000,240.75000,4.00000,73.44000,9.00000,71.00000,4.00000,33.06000,,33.00000,,,,,,,
AVIBASE-968D57F9,688.30000,3.00000,,,262.83000,18.00000,250.08000,12.00000,85.22000,18.00000,76.75000,12.00000,30.69000,,30.83000,,,,,,,46.00000
AVIBASE-02BE4F8A,,,,,263.92000,12.00000,254.45000,11.00000,81.33000,12.00000,76.36000,11.00000,33.83000,,32.59000,,136.00000,12.00000,130.00000,12.00000,1.50000,49.00000
AVIBASE-C84BD649,,,,,281.00000,47.00000,270.00000,23.00000,91.00000,41.00000,87.70000,23.00000,31.25000,,30.65000,,131.00000,46.00000,125.00000,23.00000,1.00000,
AVIBASE-303DD648,,,,,329.00000,18.00000,313.00000,13.00000,85.30000,10.00000,80.40000,7.00000,,,,,,,,,,53.00000
AVIBASE-199B6280,1613.90000,9.00000,1352.80000,6.00000,337.40000,5.00000,312.29000,7.00000,84.60000,5.00000,82.00000,7.00000,35.70000,,34.00000,,164.00000,7.00000,151.00000,5.00000,1.50000,64.00000
AVIBASE-1BF89BB6,,,,,252.60000,10.00000,245.13000,8.00000,65.25000,12.00000,63.10000,10.00000,29.67000,12.00000,29.05000,10.00000,115.00000,13.00000,109.00000,11.00000,2.00000,33.00000
AVIBASE-501B3D62,,,,,333.50000,8.00000,330.75000,4.00000,98.38000,8.00000,94.25000,4.00000,27.25000,,28.25000,,158.00000,10.00000,151.00000,4.00000,2.00000,60.00000
AVIBASE-562F4456,1010.00000,1.00000,925.00000,1.00000,345.46000,26.00000,319.30000,23.00000,129.27000,26.00000,129.70000,23.00000,40.48000,,40.12000,,178.00000,26.00000,157.00000,23.00000,1.50000,73.00000
AVIBASE-402E7401,1585.00000,1.00000,925.00000,1.00000,337.80000,10.00000,310.83000,6.00000,124.10000,10.00000,120.17000,6.00000,42.85000,10.00000,43.58000,6.00000,164.00000,9.00000,127.00000,8.00000,,
AVIBASE-31413BFF,,,,,,,,,,,,,,,,,,,,,2.50000,137.00000
AVIBASE-D10CAC5D,,,3772.50000,2.00000,,,,,,,,,,,,,,,,,2.52000,152.00000
AVIBASE-77845DAD,6166.20000,3.00000,5283.30000,3.00000,626.00000,6.00000,594.00000,7.00000,284.00000,6.00000,268.00000,7.00000,192.00000,6.00000,178.00000,7.00000,217.00000,6.00000,206.00000,7.00000,,197.00000
AVIBASE-8D891DB7,6666.70000,3.00000,5250.00000,4.00000,628.00000,3.00000,567.33000,3.00000,297.67000,3.00000,273.70000,3.00000,157.67000,3.00000,147.67000,3.00000,231.70000,3.00000,218.30000,3.00000,1.83000,225.00000
AVIBASE-A4480D02,6838.00000,321.00000,5663.00000,217.00000,587.00000,4.00000,552.00000,7.00000,291.40000,4.00000,280.10000,7.00000,162.00000,4.00000,147.80000,6.00000,235.80000,4.00000,212.10000,7.00000,1.84000,181.00000
AVIBASE-E196D6F9,4800.00000,51.00000,4110.00000,33.00000,,,,,230.60000,51.00000,217.00000,33.00000,119.70000,51.00000,114.10000,33.00000,167.00000,8.00000,159.00000,13.00000,1.94000,152.00000
AVIBASE-64DDD14D,2416.00000,3.00000,2042.50000,2.00000,495.00000,19.00000,467.00000,14.00000,188.00000,20.00000,176.00000,17.00000,66.30000,19.00000,64.20000,15.00000,,,,,,128.00000
AVIBASE-361AC269,,,,,,,,,,,,,,,,,,,,,,185.00000
AVIBASE-38963CAC,,,,,669.70000,7.00000,634.10000,7.00000,321.60000,7.00000,309.80000,7.00000,,,,,,,,,,240.00000
AVIBASE-99B8841E,5095.00000,,4500.00000,,593.00000,8.00000,557.00000,8.00000,258.00000,11.00000,238.00000,16.00000,109.00000,11.00000,102.00000,14.00000,210.00000,8.00000,200.00000,8.00000,2.00000,195.00000
AVIBASE-B87D744D,,,,,601.70000,15.00000,597.90000,7.00000,276.50000,15.00000,281.40000,7.00000,138.50000,15.00000,136.70000,7.00000,,,,,1.94000,209.00000
AVIBASE-5D864313,1240.00000,4.00000,1080.00000,4.00000,313.00000,10.00000,305.00000,4.00000,130.00000,10.00000,126.00000,4.00000,126.00000,10.00000,120.00000,4.00000,,,,,5.50000,
AVIBASE-46DECAEE,627.00000,1.00000,338.00000,1.00000,195.00000,8.00000,167.00000,8.00000,41.20000,8.00000,36.00000,8.00000,48.20000,8.00000,43.50000,8.00000,139.00000,8.00000,122.00000,8.00000,2.30000,
AVIBASE-097FAA36,,,,,,,,,,,,,,,,,,,,,,
AVIBASE-6EF64F69,45.30000,9.00000,42.00000,2.00000,81.10000,232.00000,79.30000,78.00000,30.00000,30.00000,30.00000,18.00000,,,,,,,,,2.00000,7.70000
AVIBASE-E75BA92C,40.30000,3.00000,50.20000,3.00000,88.70000,41.00000,89.60000,17.00000,23.80000,16.00000,23.90000,6.00000,16.30000,15.00000,15.30000,6.00000,,,,,3.86000,7.30000
AVIBASE-10B56544,33.80000,4.00000,,,75.80000,63.00000,76.80000,26.00000,21.70000,62.00000,20.20000,25.00000,14.40000,63.00000,13.80000,26.00000,,,,,3.75000,6.10000
AVIBASE-32CE9C63,,,,,78.20000,31.00000,79.10000,15.00000,20.60000,29.00000,20.90000,13.00000,14.40000,29.00000,14.10000,13.00000,,,,,,
AVIBASE-EBA9F2C4,,,,,84.80000,23.00000,84.70000,13.00000,19.60000,23.00000,19.50000,13.00000,13.80000,23.00000,13.70000,13.00000,,,,,3.80000,
AVIBASE-D4A066EA,28.80000,1.00000,,,72.90000,7.00000,71.70000,6.00000,16.50000,7.00000,15.70000,6.00000,13.50000,7.00000,13.00000,6.00000,,,,,,
AVIBASE-534D524C,,,,,76.00000,13.00000,76.60000,12.00000,18.30000,13.00000,18.50000,12.00000,12.30000,13.00000,12.50000,12.00000,,,,,,
AVIBASE-8D6E495E,,,390.00000,1.00000,220.00000,6.00000,212.00000,6.00000,81.00000,6.00000,75.00000,6.00000,,,,,85.00000,6.00000,80.00000,6.00000,3.00000,38.50000
AVIBASE-AF31F966,,,,,173.00000,8.00000,173.00000,5.00000,52.00000,8.00000,52.00000,5.00000,39.00000,8.00000,37.00000,5.00000,64.00000,8.00000,65.00000,5.00000,,24.50000
AVIBASE-2B100B36,59.20000,70.00000,52.20000,6.00000,88.80000,9.00000,85.30000,8.00000,24.00000,13.00000,22.50000,6.00000,14.20000,9.00000,13.30000,8.00000,32.70000,12.00000,32.20000,8.00000,8.03000,6.50000
AVIBASE-EBD8C251,154.50000,2.00000,,,145.00000,6.00000,142.67000,3.00000,46.40000,6.00000,46.70000,3.00000,28.80000,5.00000,27.60000,3.00000,67.30000,6.00000,62.00000,3.00000,5.00000,13.20000
AVIBASE-C5DF08E7,34.60000,33.00000,36.20000,16.00000,74.00000,60.00000,73.70000,47.00000,22.90000,59.00000,22.40000,45.00000,14.30000,51.00000,13.60000,46.00000,31.40000,37.00000,33.30000,37.00000,6.58000,5.50000
AVIBASE-0136C1F3,1034.00000,70.00000,753.00000,26.00000,184.40000,70.00000,162.50000,26.00000,58.40000,70.00000,51.70000,26.00000,50.20000,70.00000,45.30000,26.00000,,,,,2.30000,
AVIBASE-A2D6E35A,536.00000,49.00000,456.00000,58.00000,143.70000,6.00000,145.00000,7.00000,50.70000,9.00000,45.20000,9.00000,53.40000,9.00000,47.00000,9.00000,60.70000,24.00000,60.60000,26.00000,2.50000,29.00000
AVIBASE-732D08C3,181.00000,16.00000,165.60000,8.00000,145.80000,30.00000,141.20000,18.00000,40.80000,30.00000,38.80000,18.00000,31.90000,25.00000,29.80000,17.00000,69.30000,26.00000,64.80000,16.00000,4.70000,15.30000
AVIBASE-89DB7F74,269.00000,109.00000,209.50000,49.00000,154.10000,65.00000,141.60000,30.00000,49.60000,29.00000,45.50000,23.00000,61.00000,94.00000,55.60000,47.00000,66.60000,66.00000,60.80000,29.00000,8.65000,18.80000
AVIBASE-0BB84341,,,,,163.40000,18.00000,154.30000,14.00000,58.00000,,54.00000,1.00000,62.50000,18.00000,61.90000,14.00000,65.90000,18.00000,64.40000,14.00000,10.40000,21.10000
AVIBASE-4880DC55,89.40000,6.00000,69.30000,3.00000,106.30000,47.00000,100.10000,29.00000,35.10000,43.00000,32.40000,36.00000,40.20000,47.00000,35.70000,40.00000,43.80000,47.00000,40.60000,40.00000,8.50000,10.50000
AVIBASE-DE1D2DF4,127.00000,6.00000,104.00000,8.00000,125.00000,126.00000,116.00000,124.00000,42.60000,63.00000,38.50000,58.00000,41.40000,55.00000,37.00000,58.00000,53.00000,60.00000,48.40000,56.00000,8.50000,13.20000
AVIBASE-5B443EDE,175.50000,,145.00000,,122.00000,54.00000,115.00000,38.00000,42.00000,8.00000,38.00000,5.00000,52.00000,55.00000,46.00000,38.00000,46.00000,8.00000,41.00000,5.00000,4.10000,14.80000
AVIBASE-8B6FB21F,80.80000,9.00000,75.40000,8.00000,101.70000,16.00000,98.90000,14.00000,31.20000,17.00000,29.70000,14.00000,33.60000,17.00000,30.60000,14.00000,,,,,,12.30000
AVIBASE-09A0F2EB,137.00000,1.00000,,,123.00000,8.00000,124.00000,12.00000,40.80000,8.00000,40.70000,12.00000,24.80000,8.00000,23.40000,12.00000,,,,,,12.00000
AVIBASE-7E257242,169.00000,28.00000,142.00000,3.00000,144.00000,15.00000,136.00000,6.00000,40.00000,36.00000,38.10000,23.00000,21.40000,37.00000,20.50000,25.00000,47.10000,38.00000,44.40000,24.00000,10.00000,13.20000
AVIBASE-5889EE23,,,,,131.00000,8.00000,131.00000,8.00000,51.00000,8.00000,47.00000,8.00000,33.00000,8.00000,31.00000,8.00000,49.00000,8.00000,46.00000,8.00000,4.70000,11.80000
AVIBASE-148F0B01,98.00000,37.00000,90.00000,31.00000,106.00000,10.00000,101.00000,10.00000,42.00000,10.00000,39.00000,10.00000,26.00000,10.00000,24.00000,10.00000,43.00000,10.00000,41.00000,10.00000,3.00000,9.70000
AVIBASE-9106EBE6,53.50000,4.00000,63.00000,2.00000,106.00000,24.00000,103.00000,22.00000,31.90000,25.00000,30.80000,20.00000,18.50000,25.00000,17.40000,22.00000,51.40000,21.00000,52.10000,15.00000,8.00000,7.90000
AVIBASE-34D5B04D,,,34.00000,2.00000,91.10000,43.00000,88.80000,36.00000,28.50000,51.00000,27.80000,46.00000,17.00000,42.00000,16.20000,37.00000,43.20000,20.00000,43.20000,12.00000,7.00000,6.30000
AVIBASE-460708F9,80.90000,7.00000,80.70000,6.00000,122.00000,46.00000,118.00000,27.00000,34.10000,45.00000,33.00000,27.00000,,,,,47.50000,45.00000,47.30000,26.00000,11.00000,10.90000
AVIBASE-C1F82F7A,65.60000,10.00000,57.30000,3.00000,101.30000,34.00000,97.90000,17.00000,30.10000,33.00000,28.60000,16.00000,20.60000,31.00000,18.70000,17.00000,51.70000,31.00000,50.30000,15.00000,4.60000,8.90000
AVIBASE-2CC21529,88.00000,4.00000,71.30000,9.00000,107.00000,60.00000,101.50000,22.00000,32.50000,60.00000,30.50000,22.00000,20.00000,60.00000,19.50000,22.00000,48.90000,18.00000,44.90000,13.00000,10.55000,8.90000
AVIBASE-C15FF1EB,47.70000,7.00000,37.40000,4.00000,86.40000,27.00000,84.50000,17.00000,29.60000,27.00000,28.20000,17.00000,19.20000,27.00000,18.10000,14.00000,50.70000,23.00000,49.20000,13.00000,2.60000,8.30000
AVIBASE-498A4369,,,,,93.50000,2.00000,89.00000,7.00000,33.70000,2.00000,31.80000,7.00000,21.05000,2.00000,19.10000,7.00000,49.50000,2.00000,49.20000,6.00000,4.00000,7.30000
AVIBASE-13967506,,,61.00000,1.00000,107.00000,3.00000,106.00000,6.00000,36.00000,3.00000,35.00000,6.00000,18.00000,3.00000,17.50000,6.00000,46.50000,3.00000,43.50000,6.00000,4.35000,7.30000
AVIBASE-EC514143,,,,,223.30000,3.00000,214.60000,8.00000,71.70000,4.00000,69.40000,8.00000,58.20000,4.00000,54.70000,6.00000,123.30000,3.00000,124.30000,8.00000,4.50000,40.70000
AVIBASE-865C039E,869.00000,37.00000,724.00000,35.00000,265.00000,13.00000,259.00000,12.00000,102.00000,13.00000,94.40000,13.00000,44.60000,13.00000,40.90000,12.00000,100.00000,12.00000,92.90000,12.00000,4.00000,41.50000
AVIBASE-53288666,165.00000,4.00000,128.50000,2.00000,156.00000,10.00000,152.00000,13.00000,51.70000,11.00000,50.30000,13.00000,24.40000,11.00000,23.30000,13.00000,65.20000,11.00000,66.00000,13.00000,4.40000,13.50000
AVIBASE-72A4F8EB,213.40000,14.00000,223.50000,14.00000,176.10000,15.00000,168.80000,13.00000,60.40000,15.00000,57.90000,12.00000,48.70000,15.00000,46.50000,13.00000,70.30000,9.00000,67.70000,8.00000,6.48000,18.00000
AVIBASE-8F82FF8C,359.00000,5.00000,338.00000,6.00000,185.00000,13.00000,176.00000,13.00000,51.30000,60.00000,47.60000,78.00000,26.30000,70.00000,24.50000,70.00000,74.70000,13.00000,74.10000,11.00000,7.00000,22.30000
AVIBASE-0BA183A7,570.00000,5.00000,493.00000,7.00000,208.50000,19.00000,199.60000,16.00000,63.30000,19.00000,60.20000,16.00000,46.20000,17.00000,43.10000,16.00000,,,,,8.01000,34.00000
AVIBASE-A927C1AE,158.00000,3.00000,118.50000,2.00000,137.00000,9.00000,132.00000,3.00000,36.60000,9.00000,36.70000,3.00000,,,,,56.30000,9.00000,57.00000,3.00000,5.00000,11.20000
AVIBASE-B0A6B924,410.00000,8.00000,364.00000,5.00000,218.30000,18.00000,210.20000,15.00000,61.70000,15.00000,56.50000,14.00000,33.00000,18.00000,29.20000,15.00000,82.70000,18.00000,80.10000,15.00000,5.90000,24.00000
AVIBASE-4CF76CCF,1334.00000,152.00000,1251.00000,120.00000,202.40000,19.00000,198.10000,17.00000,83.90000,20.00000,81.10000,17.00000,41.50000,18.00000,39.30000,14.00000,95.90000,18.00000,93.70000,15.00000,6.36000,45.00000
AVIBASE-53235FDC,985.00000,1.00000,900.00000,1.00000,227.00000,15.00000,217.00000,13.00000,71.80000,14.00000,66.00000,19.00000,32.90000,16.00000,31.00000,20.00000,59.40000,15.00000,58.70000,17.00000,6.00000,41.00000
AVIBASE-B682B2A9,835.00000,11.00000,715.00000,11.00000,219.00000,21.00000,205.00000,23.00000,61.70000,37.00000,56.80000,38.00000,29.00000,30.00000,27.60000,30.00000,55.40000,18.00000,53.40000,22.00000,8.00000,36.50000
AVIBASE-5E3BDB15,,,,,181.70000,17.00000,166.20000,14.00000,57.40000,17.00000,53.50000,14.00000,54.00000,17.00000,48.40000,14.00000,,,,,5.00000,28.00000
AVIBASE-4FB248BA,629.00000,,451.00000,,,,187.90000,56.00000,63.10000,49.00000,58.40000,56.00000,,,,,52.40000,12.00000,51.40000,7.00000,7.50000,28.90000
AVIBASE-06AC42C7,,,,,262.00000,,257.00000,,,,,,,,,,,,,,,27.50000
AVIBASE-BDCB55F1,274.00000,8.00000,252.00000,5.00000,253.00000,14.00000,222.00000,12.00000,21.60000,7.00000,20.90000,8.00000,10.00000,15.00000,9.60000,15.00000,190.00000,11.00000,144.00000,11.00000,2.50000,21.00000
AVIBASE-493C4CF8,250.00000,,225.00000,,209.00000,,205.00000,,27.90000,,26.00000,,13.60000,,13.80000,,157.00000,8.00000,138.00000,7.00000,2.96000,25.00000
AVIBASE-AAEF597A,180.00000,,172.00000,,173.00000,,167.00000,,22.60000,,21.80000,,11.90000,,12.20000,,112.50000,10.00000,95.60000,10.00000,2.90000,12.50000
AVIBASE-F5DE9155,200.00000,1.00000,181.70000,3.00000,182.00000,15.00000,175.00000,11.00000,23.00000,14.00000,21.80000,8.00000,11.90000,14.00000,11.50000,11.00000,124.00000,15.00000,99.80000,18.00000,2.50000,13.00000
AVIBASE-942BC618,280.00000,1.00000,255.00000,1.00000,206.00000,5.00000,196.00000,6.00000,22.67000,3.00000,21.33000,3.00000,12.00000,6.00000,11.70000,9.00000,132.00000,5.00000,109.00000,9.00000,2.74000,18.00000
AVIBASE-8B6EA5FA,342.00000,,336.00000,,217.00000,,213.00000,,29.90000,,29.20000,,14.60000,,14.90000,,88.10000,10.00000,81.10000,10.00000,3.00000,30.00000
AVIBASE-06B41945,428.00000,,383.00000,,237.00000,,228.00000,,30.30000,,31.00000,,13.40000,,13.40000,,94.40000,8.00000,91.30000,3.00000,2.76000,28.00000
AVIBASE-90194DA5,,,,,199.00000,,189.00000,,23.00000,,23.50000,,,,,,83.00000,24.00000,79.50000,1.00000,2.50000,17.00000
AVIBASE-AFBB3FB7,,,,,178.50000,,180.00000,,25.50000,,24.00000,,14.00000,,14.00000,,,,,,,14.00000
AVIBASE-70AFED2C,187.00000,,178.00000,,164.50000,,164.50000,,25.00000,,25.00000,,14.00000,,14.00000,,,,,,2.50000,14.00000
AVIBASE-54059277,234.00000,,239.00000,,181.00000,,177.00000,,23.50000,,23.50000,,,,,,80.60000,10.00000,79.10000,10.00000,2.60000,14.00000
AVIBASE-461482EA,,,,,178.50000,,180.00000,,25.50000,,24.00000,,14.00000,,14.00000,,77.50000,,,,2.70000,
AVIBASE-03CF8CB5,,,,,173.00000,,171.00000,,,,,,,,,,,,,,,13.00000
AVIBASE-F3715F7B,247.50000,2.00000,,,191.00000,5.00000,180.67000,3.00000,27.00000,3.00000,25.00000,2.00000,14.90000,7.00000,14.03000,3.00000,75.70000,7.00000,70.00000,3.00000,2.50000,16.00000
AVIBASE-176A4101,192.00000,,171.00000,,169.00000,,167.00000,,27.30000,,26.70000,,11.80000,,10.90000,,70.80000,10.00000,66.70000,10.00000,3.00000,14.00000
AVIBASE-7C72CD00,311.00000,,,,191.00000,,191.30000,,,,,,23.80000,,24.30000,,,,,,,
AVIBASE-2A1A2F3A,134.00000,,125.00000,,139.90000,,135.80000,,,,,,16.10000,,15.90000,,,,,,,15.50000
AVIBASE-4262DA5A,49.00000,,60.00000,,114.00000,,115.60000,,,,,,14.00000,,14.30000,,,,,,,8.00000
AVIBASE-1CE50BE8,54.00000,,72.40000,,88.90000,,96.50000,,25.10000,,25.90000,,12.30000,,12.80000,,29.60000,7.00000,31.80000,22.00000,3.60000,10.00000
AVIBASE-BFE14290,306.00000,,313.00000,,202.00000,,200.00000,,36.20000,,37.10000,,70.90000,,73.50000,,84.00000,17.00000,83.00000,11.00000,3.84000,24.50000
AVIBASE-F4829920,168.40000,,210.50000,,128.00000,,142.00000,,32.90000,,36.20000,,63.90000,,71.50000,,62.90000,66.00000,65.00000,74.00000,3.90000,17.00000
AVIBASE-F6B72EAF,,,,,,,,,33.00000,,33.40000,,,,,,,,,,,
AVIBASE-C9B4E3D5,145.50000,,160.40000,,157.40000,,161.50000,,34.60000,,35.50000,,67.70000,,70.70000,,66.10000,10.00000,64.50000,15.00000,,
AVIBASE-34ABFEB7,,,,,,,,,,,,,,,,,,,,,,
AVIBASE-EE61E2CA,101.00000,,132.00000,,132.00000,,132.00000,,32.20000,,33.30000,,60.10000,,63.70000,,48.30000,24.00000,48.00000,37.00000,4.00000,
AVIBASE-9E66B47A,,,,,139.20000,,141.90000,,33.50000,,34.70000,,61.80000,,66.30000,,,,,,,
AVIBASE-BCCD5840,155.00000,,175.00000,,144.00000,,146.00000,,35.70000,,37.30000,,61.20000,,64.70000,,54.40000,11.00000,52.90000,10.00000,4.00000,23.20000
AVIBASE-9151E0BA,111.00000,,128.00000,,134.00000,,134.00000,,32.40000,,32.80000,,66.60000,,68.50000,,58.00000,16.00000,58.00000,13.00000,3.89000,16.50000
AVIBASE-831FC147,,,,,130.00000,,132.00000,,35.60000,,36.80000,,70.70000,,77.50000,,,,,,2.50000,
AVIBASE-8E841A61,,,,,,,,,28.80000,,28.70000,,,,,,,,,,,
AVIBASE-F9BBBC1F,,,,,,,,,26.90000,,27.90000,,,,,,,,,,,
AVIBASE-0A79923B,,,,,,,,,36.40000,,34.70000,,,,,,,,,,,
AVIBASE-9890A5DC,,,,,,,,,31.50000,,32.70000,,,,,,,,,,,
AVIBASE-1A15F0C6,53.70000,,46.70000,,114.00000,,110.00000,,23.80000,,24.00000,,40.30000,,40.10000,,46.80000,40.00000,48.70000,29.00000,4.00000,
AVIBASE-168E3626,75.90000,,85.40000,,99.90000,,100.50000,,22.50000,,22.90000,,43.60000,,44.40000,,34.90000,35.00000,33.70000,34.00000,2.06000,16.10000
AVIBASE-02884D9E,101.20000,,116.10000,,106.20000,,109.20000,,25.30000,,25.80000,,57.50000,,60.90000,,,,,,2.02000,23.70000
AVIBASE-454B5CD5,264.00000,,315.00000,,207.00000,,218.00000,,72.90000,,81.20000,,92.10000,,107.00000,,71.30000,4.00000,70.10000,7.00000,3.86000,39.00000
AVIBASE-93013964,222.00000,,289.00000,,209.00000,,217.40000,,52.50000,,58.00000,,74.50000,,89.50000,,74.60000,24.00000,77.50000,16.00000,3.88000,37.50000
AVIBASE-9A684C99,313.00000,,354.00000,,210.00000,,223.00000,,52.30000,,55.50000,,80.40000,,97.70000,,75.00000,26.00000,76.50000,13.00000,3.72000,37.00000
AVIBASE-249AE8DF,320.00000,,421.00000,,228.90000,,239.90000,,70.40000,,75.30000,,96.60000,,114.60000,,85.10000,11.00000,88.00000,10.00000,3.95000,44.50000
AVIBASE-C00E1EB8,162.00000,,182.00000,,183.00000,,188.00000,,48.90000,,50.70000,,41.60000,,45.30000,,70.90000,15.00000,72.00000,16.00000,,
AVIBASE-FB9305DB,,,,,206.30000,,203.80000,,,,,,,,,,79.70000,,78.20000,,3.36000,
AVIBASE-F9305BAA,368.00000,,398.00000,,242.00000,,251.00000,,58.30000,,60.90000,,78.60000,,86.90000,,94.00000,25.00000,89.00000,27.00000,3.70000,50.00000
AVIBASE-2507326E,378.00000,,489.00000,,230.00000,,245.00000,,58.20000,,56.50000,,82.80000,,77.20000,,94.00000,7.00000,97.00000,7.00000,3.85000,54.80000
AVIBASE-7A35DE81,,,,,251.00000,,262.00000,,63.40000,,66.10000,,72.90000,,89.90000,,93.60000,15.00000,102.00000,5.00000,,
AVIBASE-3BB5CBA6,662.00000,,788.00000,,292.00000,,310.00000,,78.50000,,83.00000,,118.00000,,137.00000,,109.00000,16.00000,113.00000,16.00000,3.83000,76.00000
AVIBASE-5284C27B,640.10000,,758.60000,,279.30000,,291.30000,,83.20000,,86.90000,,145.30000,,184.00000,,117.10000,14.00000,121.50000,9.00000,3.91000,73.00000
AVIBASE-DAF8F22B,697.20000,,807.90000,,308.50000,,310.10000,,88.20000,,91.60000,,158.00000,,179.50000,,110.40000,7.00000,114.80000,21.00000,,
AVIBASE-BF1DA86E,144.00000,2.00000,157.00000,2.00000,166.00000,,170.00000,,48.50000,,48.10000,,28.90000,,28.80000,,79.80000,13.00000,81.00000,10.00000,3.99000,23.50000
AVIBASE-0895DD84,142.00000,,161.00000,,167.00000,,170.00000,,55.90000,,57.90000,,57.40000,,59.80000,,62.70000,17.00000,65.00000,23.00000,4.00000,24.50000
AVIBASE-D6BFC73A,123.00000,,135.00000,,159.00000,,161.00000,,49.40000,,49.70000,,41.70000,,42.70000,,62.70000,5.00000,61.60000,5.00000,3.92000,22.30000
AVIBASE-15CF9352,67.10000,,76.00000,,139.00000,,142.00000,,52.20000,,52.50000,,39.50000,,40.40000,,53.70000,6.00000,55.40000,11.00000,4.00000,14.00000
AVIBASE-18B415D2,172.00000,,175.00000,,191.00000,,193.00000,,60.20000,,60.80000,,55.10000,,57.00000,,71.20000,13.00000,73.20000,28.00000,3.91000,30.50000
AVIBASE-6EB81C98,164.00000,,176.00000,,196.00000,,199.00000,,62.70000,,62.60000,,55.80000,,56.70000,,74.10000,11.00000,74.10000,10.00000,3.70000,27.90000
AVIBASE-2C7A2673,80.00000,,83.70000,,159.00000,,163.00000,,50.90000,,52.00000,,36.00000,,36.50000,,59.70000,18.00000,59.80000,13.00000,4.00000,17.40000
AVIBASE-D4A73324,45.10000,,52.10000,,131.00000,,136.00000,,30.90000,,31.20000,,29.20000,,29.60000,,53.70000,,55.40000,,4.00000,
AVIBASE-A7B17EFC,75.00000,,85.00000,,144.00000,,146.00000,,34.60000,,34.70000,,34.50000,,34.60000,,56.90000,12.00000,57.40000,11.00000,4.00000,15.50000
AVIBASE-8E67DC5F,62.00000,,73.00000,,126.00000,,129.00000,,37.40000,,38.70000,,28.30000,,29.30000,,45.30000,9.00000,48.50000,18.00000,4.00000,13.50000
AVIBASE-29256A38,,,,,,,,,32.30000,,32.30000,,,,,,,,,,,
AVIBASE-13854B6E,101.00000,,116.00000,,163.00000,,165.00000,,33.70000,,34.00000,,38.50000,,39.90000,,,,,,,
AVIBASE-E7A14E91,273.00000,,301.40000,,205.20000,,213.50000,,64.90000,,68.30000,,59.40000,,64.10000,,79.40000,11.00000,80.90000,6.00000,3.89000,39.50000
AVIBASE-DC3050A9,108.00000,,113.00000,,155.00000,,157.00000,,25.60000,,25.70000,,22.40000,,22.80000,,55.70000,58.00000,57.10000,35.00000,4.00000,17.90000
AVIBASE-0413ED30,113.60000,,124.20000,,147.00000,,151.90000,,,,,,22.50000,,23.00000,,61.80000,,,,4.00000,17.30000
AVIBASE-4A3B2CFF,111.00000,,116.00000,,145.00000,,144.00000,,34.50000,,34.50000,,58.80000,,56.50000,,,,,,3.98000,17.50000
AVIBASE-CB343E43,100.00000,,109.00000,,141.00000,,146.00000,,37.30000,,41.10000,,62.10000,,72.40000,,,,,,3.90000,
AVIBASE-B7E68EC8,,,,,,,,,50.50000,,51.10000,,,,,,65.50000,8.00000,64.00000,5.00000,,
AVIBASE-11CF8C9A,186.80000,,216.30000,,171.80000,,178.80000,,31.30000,,32.90000,,24.10000,,26.50000,,,,,,4.00000,
AVIBASE-09C51FA9,156.00000,,174.00000,,185.00000,,192.00000,,35.00000,,35.50000,,42.10000,,43.80000,,64.30000,16.00000,65.80000,22.00000,,22.00000
AVIBASE-B5CE8FAD,126.00000,,148.00000,,169.00000,,173.00000,,30.50000,,31.40000,,32.60000,,34.40000,,58.50000,8.00000,57.00000,11.00000,3.87000,19.30000
AVIBASE-06B9BD24,52.80000,,55.40000,,125.00000,,130.00000,,25.50000,,25.70000,,25.60000,,26.40000,,49.20000,28.00000,50.20000,26.00000,3.93000,11.20000
AVIBASE-F35821AA,25.00000,,27.00000,,95.90000,,100.10000,,21.30000,,22.10000,,18.60000,,20.20000,,40.60000,13.00000,39.30000,16.00000,4.00000,6.90000
AVIBASE-01060BFD,28.00000,,31.00000,,97.10000,,101.00000,,21.80000,,23.40000,,23.10000,,26.70000,,41.00000,13.00000,42.00000,20.00000,4.00000,7.50000
AVIBASE-9936FF4A,24.00000,,27.10000,,96.40000,,99.50000,,21.20000,,21.70000,,18.10000,,18.50000,,39.30000,23.00000,40.20000,19.00000,3.84000,6.30000
AVIBASE-BBDF2F1B,25.70000,,26.60000,,103.50000,,106.20000,,19.70000,,19.90000,,17.50000,,18.70000,,45.50000,54.00000,46.00000,54.00000,,8.30000
AVIBASE-5ACF7FB3,24.30000,,27.80000,,98.20000,,99.30000,,17.60000,,17.90000,,16.90000,,17.20000,,46.20000,16.00000,47.10000,15.00000,3.98000,5.80000
AVIBASE-7D629288,29.00000,,32.00000,,93.10000,,95.00000,,21.80000,,22.00000,,17.80000,,18.80000,,37.50000,28.00000,38.30000,18.00000,,7.50000
AVIBASE-A47B0BD4,20.30000,,22.20000,,89.80000,,91.60000,,18.60000,,19.10000,,18.20000,,19.50000,,37.90000,12.00000,37.40000,14.00000,4.00000,6.40000
AVIBASE-153BA306,39.70000,,45.80000,,122.00000,,125.00000,,23.90000,,24.60000,,23.20000,,24.40000,,51.00000,22.00000,50.90000,12.00000,3.98000,10.80000
AVIBASE-1F1AD154,39.30000,,39.70000,,125.00000,,129.00000,,22.40000,,22.90000,,22.30000,,23.80000,,53.30000,7.00000,53.00000,2.00000,4.00000,9.60000
AVIBASE-ACC99F35,97.80000,,65.10000,,144.00000,,131.00000,,28.90000,,26.80000,,29.60000,,27.70000,,62.40000,8.00000,55.30000,15.00000,3.95000,13.10000
AVIBASE-A0A67A81,70.30000,,63.50000,,140.00000,,130.00000,,30.90000,,29.10000,,26.30000,,24.70000,,55.70000,29.00000,51.90000,44.00000,,13.70000
AVIBASE-0A0B8431,67.60000,,76.30000,,127.00000,,132.00000,,22.30000,,23.10000,,27.50000,,32.00000,,56.20000,14.00000,58.00000,13.00000,3.87000,13.30000
AVIBASE-C5971E25,76.30000,,83.00000,,121.30000,,125.50000,,22.80000,,22.60000,,26.80000,,29.80000,,,,,,3.90000,14.20000
AVIBASE-15369E8E,41.00000,,45.10000,,112.00000,,116.00000,,22.80000,,23.40000,,26.10000,,29.50000,,81.20000,80.00000,51.70000,7.00000,4.00000,10.70000
AVIBASE-143A681C,63.20000,,63.30000,,132.00000,,133.00000,,29.30000,,31.00000,,36.20000,,40.10000,,47.00000,9.00000,47.80000,11.00000,,12.00000
AVIBASE-3A3C62BC,70.50000,,53.00000,,136.00000,,129.00000,,32.10000,,29.80000,,20.10000,,18.50000,,58.60000,16.00000,54.90000,14.00000,4.00000,13.00000
AVIBASE-3FC8CA50,31.00000,,34.60000,,104.00000,,106.90000,,21.30000,,21.80000,,21.10000,,22.30000,,,,,,,8.00000
AVIBASE-0A14882F,,,,,105.00000,,110.00000,,21.40000,,22.60000,,30.40000,,33.50000,,36.70000,13.00000,38.10000,6.00000,4.00000,9.10000
AVIBASE-2DABF98F,199.00000,,118.00000,,191.00000,,158.00000,,50.20000,,42.90000,,35.00000,,30.90000,,65.90000,67.00000,54.30000,23.00000,3.72000,21.00000
AVIBASE-667C6969,50.20000,,68.10000,,125.00000,,136.00000,,32.40000,,34.00000,,30.70000,,33.60000,,,,,,,9.40000
AVIBASE-E6F3BA54,32.40000,,37.40000,,108.00000,,114.00000,,20.40000,,20.30000,,21.10000,,21.40000,,47.90000,13.00000,50.40000,21.00000,3.91000,6.30000
AVIBASE-7516E687,146.00000,,159.00000,,129.40000,,139.70000,,45.00000,,47.90000,,48.90000,,50.60000,,50.60000,11.00000,52.20000,28.00000,3.88000,12.40000
AVIBASE-585E1D52,,,,,103.90000,,107.00000,,,,,,42.30000,,42.70000,,,,,,,11.30000
AVIBASE-D16D486D,143.20000,,260.70000,,145.80000,,167.50000,,,,,,,,,,42.00000,5.00000,47.00000,6.00000,4.00000,8.60000
AVIBASE-29B03FAE,,,,,86.80000,,90.60000,,34.40000,,34.80000,,15.60000,,16.20000,,28.40000,5.00000,29.20000,5.00000,3.00000,4.50000
AVIBASE-570239AA,84.00000,,143.00000,,121.80000,,141.10000,,55.10000,,61.40000,,25.40000,,29.20000,,36.10000,7.00000,41.20000,10.00000,4.00000,
AVIBASE-6F672FA3,126.00000,,231.00000,,,,,,,,,,,,,,,,,,,14.10000
AVIBASE-CE89BE6D,176.20000,,282.40000,,162.00000,,189.00000,,70.20000,,78.70000,,22.50000,,25.10000,,,,,,,11.90000
AVIBASE-3E6F686E,86.90000,,145.40000,,120.30000,,135.30000,,54.60000,,58.70000,,17.80000,,19.30000,,40.50000,,45.50000,,3.91000,8.30000
AVIBASE-D324ED7D,108.30000,,142.80000,,124.90000,,137.90000,,,,,,31.40000,,32.60000,,,,,,,9.70000
AVIBASE-7C15B681,625.00000,,551.00000,,240.00000,,231.00000,,48.40000,,45.60000,,,,,,112.00000,9.00000,107.00000,6.00000,2.09000,43.10000
AVIBASE-FB5103C9,89.10000,,79.50000,,137.00000,,137.40000,,,,,,22.20000,,20.60000,,,,,,,11.30000
AVIBASE-C7DB323E,475.00000,,449.00000,,241.00000,,240.00000,,,,,,40.10000,,39.30000,,121.00000,13.00000,118.00000,13.00000,1.90000,42.00000
AVIBASE-85DF723B,,,,,221.00000,,221.00000,,71.40000,,70.30000,,47.20000,,46.80000,,114.00000,5.00000,110.00000,12.00000,2.00000,32.00000
AVIBASE-96CCAFEE,297.00000,,314.30000,,205.00000,,205.00000,,64.80000,,64.80000,,44.00000,,41.30000,,,,,,2.00000,
AVIBASE-862F6F04,,,440.50000,,231.00000,,231.00000,,95.00000,,95.00000,,36.80000,,36.80000,,,,,,2.00000,
AVIBASE-984EC0A0,,,,,,,,,118.00000,,115.80000,,,,,,,,,,,
AVIBASE-C61A821B,671.50000,,625.30000,,278.80000,,272.00000,,137.00000,,130.90000,,49.20000,,48.70000,,,,,,1.86000,41.80000
AVIBASE-ED663165,500.00000,,536.00000,,254.00000,,255.00000,,50.10000,,51.50000,,69.60000,,78.40000,,104.00000,59.00000,105.00000,46.00000,2.77000,46.70000
AVIBASE-C078081E,668.00000,,730.00000,,275.00000,,279.00000,,56.10000,,57.80000,,63.20000,,71.60000,,81.40000,21.00000,76.00000,18.00000,3.88000,55.80000
AVIBASE-3FCE29E8,517.00000,,554.00000,,253.00000,,260.00000,,47.20000,,48.90000,,80.30000,,92.30000,,98.00000,18.00000,100.00000,9.00000,2.33000,44.20000
AVIBASE-BD49DB46,,,,,245.00000,,247.50000,,51.90000,,53.10000,,68.30000,,73.60000,,,,,,2.48000,45.20000
AVIBASE-981CE782,,,,,254.40000,,259.50000,,55.70000,,58.60000,,83.00000,,92.30000,,103.00000,30.00000,104.00000,29.00000,2.45000,44.90000
AVIBASE-D828B84D,602.30000,,626.30000,,274.70000,,280.90000,,56.60000,,58.90000,,73.80000,,84.80000,,108.40000,14.00000,111.00000,13.00000,2.08000,49.00000
AVIBASE-B8CF5A97,717.00000,,734.00000,,273.00000,,279.00000,,56.50000,,56.40000,,82.80000,,91.80000,,106.00000,16.00000,106.00000,13.00000,2.40000,48.20000
AVIBASE-D89E4A2C,740.30000,,778.50000,,290.40000,,289.90000,,55.70000,,55.20000,,71.30000,,81.40000,,117.80000,25.00000,117.70000,17.00000,1.80000,69.50000
AVIBASE-4AF23A6F,,,,,,,,,54.30000,,57.30000,,,,,,,,,,,
AVIBASE-BC5DF5FA,,,,,,,,,47.50000,,48.30000,,,,,,,,,,,
AVIBASE-0C1F2A47,,,,,233.50000,,255.00000,,,,,,67.50000,,74.00000,,,,,,,37.00000
AVIBASE-3CAEB7CE,164.00000,,157.00000,,247.00000,,232.00000,,127.00000,,115.00000,,63.70000,,61.10000,,71.80000,11.00000,70.50000,12.00000,3.91000,21.80000
AVIBASE-C26304D6,219.00000,,227.00000,,,,,,,,,,,,,,82.00000,1.00000,77.80000,5.00000,4.00000,
AVIBASE-D543132B,170.40000,,168.70000,,227.00000,,217.50000,,108.80000,,103.60000,,65.30000,,63.90000,,,,,,3.69000,21.00000
AVIBASE-9A90A865,262.80000,,261.00000,,201.50000,,196.20000,,86.80000,,80.80000,,71.40000,,66.30000,,82.70000,32.00000,78.30000,18.00000,3.00000,
AVIBASE-C73ED2F5,,,,,226.00000,,225.00000,,88.90000,,82.40000,,86.10000,,78.30000,,84.50000,12.00000,83.20000,15.00000,3.89000,31.70000
AVIBASE-8EB0C1FA,323.40000,,309.80000,,222.40000,,217.70000,,91.30000,,90.30000,,89.60000,,88.80000,,,,,,3.78000,28.70000
AVIBASE-DDFB54DB,325.90000,,322.80000,,233.30000,,232.00000,,88.90000,,86.30000,,92.60000,,87.80000,,82.00000,16.00000,83.30000,9.00000,3.90000,
AVIBASE-30CBE57B,,,,,247.20000,,245.50000,,,,,,79.60000,,73.00000,,,,,,,
AVIBASE-25A20BA6,175.00000,,176.00000,,190.00000,,190.00000,,40.90000,,40.20000,,21.80000,,21.60000,,71.80000,40.00000,72.60000,40.00000,3.85000,32.80000
AVIBASE-07C11CF3,130.00000,,140.00000,,165.90000,,168.70000,,43.80000,,43.60000,,24.10000,,23.50000,,61.40000,34.00000,60.80000,17.00000,3.94000,
AVIBASE-2143A852,145.00000,,146.00000,,182.00000,,182.00000,,43.30000,,43.10000,,23.20000,,23.30000,,65.50000,88.00000,64.40000,60.00000,3.93000,26.00000
AVIBASE-27903EF7,240.40000,,,,197.00000,,199.00000,,46.80000,,47.00000,,28.90000,,29.00000,,73.30000,8.00000,72.70000,4.00000,3.96000,34.20000
AVIBASE-B41D547B,160.00000,,110.00000,,159.30000,,159.10000,,38.50000,,37.20000,,29.00000,,27.50000,,63.70000,10.00000,62.70000,10.00000,2.80000,21.70000
AVIBASE-EDA37B7C,63.50000,,64.70000,,132.00000,,135.00000,,25.60000,,25.90000,,14.10000,,14.50000,,58.10000,16.00000,59.40000,9.00000,3.79000,10.90000
AVIBASE-95E28A57,46.10000,,47.80000,,,,,,23.00000,,22.80000,,,,,,55.40000,9.00000,56.80000,5.00000,3.79000,
AVIBASE-8294655E,,,,,,,,,32.00000,,32.10000,,,,,,,,,,,
AVIBASE-35EC3BBF,38.30000,,39.20000,,117.00000,,116.00000,,25.00000,,24.70000,,12.70000,,12.90000,,57.60000,10.00000,55.80000,13.00000,3.88000,7.70000
AVIBASE-654D660C,59.00000,,63.00000,,116.40000,,117.60000,,29.00000,,28.60000,,20.70000,,20.80000,,48.90000,11.00000,48.20000,27.00000,2.91000,12.40000
AVIBASE-BCF9A19A,92.10000,,101.00000,,167.00000,,167.00000,,35.70000,,35.90000,,20.20000,,20.30000,,95.10000,30.00000,94.50000,32.00000,4.00000,14.50000
AVIBASE-9EB06C93,,,,,,,,,,,,,,,,,,,,,,10.80000
AVIBASE-0F0DCC2F,,,,,106.00000,,106.00000,,30.80000,,,,15.00000,,15.00000,,43.80000,9.00000,42.90000,5.00000,1.88000,
AVIBASE-F5D22166,,,,,,,,,23.00000,,23.00000,,,,,,53.50000,15.00000,53.30000,14.00000,2.37000,
AVIBASE-671B69FE,54.90000,,55.60000,,121.00000,,120.00000,,,,,,,,,,51.90000,31.00000,50.00000,24.00000,3.64000,9.40000
AVIBASE-AA4385A2,48.20000,,47.10000,,111.00000,,112.00000,,27.70000,,27.20000,,15.40000,,15.20000,,43.10000,32.00000,42.50000,35.00000,2.91000,9.00000
AVIBASE-214B3533,48.30000,,48.30000,,110.00000,,110.00000,,,,,,17.00000,,17.00000,,,,,,1.97000,
AVIBASE-1EDCA978,37.30000,,37.60000,,105.40000,,105.00000,,25.70000,,25.60000,,13.80000,,13.90000,,41.50000,24.00000,39.70000,18.00000,2.00000,
AVIBASE-03D0649C,,,,,,,,,25.20000,,24.90000,,,,,,,,,,,
AVIBASE-79420720,58.80000,,58.40000,,130.20000,,127.20000,,31.30000,,30.10000,,17.20000,,17.00000,,56.30000,26.00000,57.30000,9.00000,2.93000,11.50000
AVIBASE-8A4C4629,,,,,130.00000,,131.00000,,34.60000,,34.50000,,18.60000,,18.60000,,51.70000,16.00000,52.50000,12.00000,,
AVIBASE-98B9C10B,,,,,141.00000,,144.00000,,36.90000,,36.70000,,23.30000,,23.20000,,53.50000,6.00000,51.90000,13.00000,2.77000,
AVIBASE-264D0351,75.60000,,76.20000,,150.00000,,150.00000,,39.70000,,40.00000,,19.80000,,20.10000,,54.70000,13.00000,52.50000,8.00000,3.00000,
AVIBASE-02091964,,,,,166.50000,,164.50000,,46.20000,,45.00000,,22.50000,,22.30000,,62.50000,11.00000,61.40000,9.00000,,
AVIBASE-1FFFEF4E,102.00000,,114.00000,,146.00000,,149.00000,,,,,,20.50000,,22.00000,,,,,,2.90000,16.50000
AVIBASE-42D62A12,,,,,139.60000,,139.60000,,,,,,22.30000,,23.00000,,,,,,,
AVIBASE-2F5B5D5B,,,,,121.20000,,121.10000,,23.10000,,22.80000,,23.90000,,22.70000,,61.10000,26.00000,61.30000,29.00000,2.80000,12.60000
AVIBASE-A358D6BF,46.80000,,50.00000,,111.50000,,112.20000,,40.50000,,40.10000,,21.20000,,20.70000,,44.20000,15.00000,43.30000,11.00000,3.66000,
AVIBASE-20BE9DF1,100.00000,,117.00000,,151.00000,,155.00000,,35.30000,,36.40000,,15.90000,,16.80000,,,,,,,17.00000
AVIBASE-C9754B38,,,,,,,,,,,,,,,,,,,,,,
AVIBASE-719334FB,58.60000,,56.70000,,119.30000,,119.00000,,30.00000,,29.30000,,29.90000,,28.80000,,44.90000,15.00000,43.60000,11.00000,1.95000,11.40000
AVIBASE-0BFE075B,,,,,,,,,,,,,,,,,,,,,,
AVIBASE-C1DC658F,80.00000,,88.20000,,141.80000,,140.00000,,35.40000,,35.00000,,17.20000,,17.00000,,,,,,,
AVIBASE-124EBA0D,28.50000,,31.50000,,110.00000,,112.50000,,26.10000,,26.30000,,15.40000,,15.40000,,,,,,,
AVIBASE-F029489A,211.00000,,226.00000,,229.00000,,224.00000,,47.40000,,47.00000,,24.10000,,23.90000,,106.00000,49.00000,101.00000,21.00000,3.85000,25.50000
AVIBASE-F7D5320E,170.00000,,170.00000,,211.00000,,207.00000,,,,81.40000,,,,,,101.00000,3.00000,94.80000,5.00000,3.00000,19.60000
AVIBASE-0BEDE250,,,,,195.50000,,193.00000,,,,,,,,,,,,,,,13.50000
AVIBASE-581FD9E8,,,,,196.30000,,193.40000,,47.50000,,47.60000,,22.50000,,23.00000,,82.20000,5.00000,79.20000,6.00000,3.77000,21.60000
AVIBASE-A956C6B5,264.20000,,252.80000,,227.20000,,223.20000,,79.20000,,76.90000,,36.10000,,35.20000,,95.40000,9.00000,92.50000,8.00000,3.62000,32.00000
AVIBASE-2F23EDC6,162.00000,,167.00000,,207.00000,,207.00000,,72.10000,,73.00000,,27.70000,,27.60000,,87.70000,7.00000,83.60000,7.00000,3.10000,16.50000
AVIBASE-F5E92B22,191.50000,,183.80000,,,,200.70000,,70.70000,,69.10000,,27.20000,,26.70000,,92.80000,12.00000,91.70000,9.00000,3.50000,16.40000
AVIBASE-DDE5A01E,,,,,,,,,,,,,,,,,,,,,,
AVIBASE-D531B5D3,,,,,191.00000,,190.00000,,58.90000,,56.60000,,24.30000,,23.30000,,85.90000,8.00000,85.50000,8.00000,2.20000,
AVIBASE-C76146F3,,,,,233.00000,,234.00000,,63.00000,,61.00000,,25.00000,,25.30000,,104.00000,1.00000,89.00000,4.00000,4.00000,
AVIBASE-4A30C572,,,,,240.00000,,230.00000,,78.10000,,75.90000,,33.70000,,34.30000,,,,,,,
AVIBASE-C4EC6263,,,,,218.00000,,218.00000,,75.10000,,74.20000,,33.40000,,33.00000,,99.40000,8.00000,98.40000,5.00000,3.10000,
AVIBASE-074251A3,,,,,236.00000,,237.00000,,89.50000,,86.60000,,34.00000,,33.90000,,96.00000,8.00000,93.60000,8.00000,2.50000,23.30000
AVIBASE-42D3918F,109.50000,,113.00000,,178.00000,,171.00000,,62.40000,,59.00000,,22.20000,,20.70000,,64.80000,5.00000,61.90000,7.00000,3.00000,13.70000
AVIBASE-83D95620,,,,,210.00000,,205.00000,,60.10000,,58.30000,,26.10000,,26.40000,,73.00000,7.00000,70.90000,7.00000,3.00000,18.20000
AVIBASE-D0FA8EBE,171.00000,,156.00000,,196.00000,,195.00000,,70.00000,,65.50000,,31.10000,,30.40000,,87.90000,8.00000,83.30000,8.00000,2.60000,17.00000
AVIBASE-881C954D,,,,,,,,,,,53.60000,,,,,,72.00000,2.00000,70.30000,5.00000,3.50000,
AVIBASE-D348C2D6,252.00000,,200.00000,,206.00000,,204.00000,,59.80000,,59.20000,,29.40000,,28.70000,,84.20000,22.00000,81.90000,19.00000,,26.50000
AVIBASE-A480FDDF,,,,,179.00000,,177.00000,,73.50000,,71.00000,,29.40000,,29.10000,,74.00000,20.00000,72.10000,19.00000,,
AVIBASE-FC943B05,,,,,,,,,44.60000,,43.30000,,,,,,,,,,,
AVIBASE-AE459A9B,,,,,232.00000,,230.10000,,74.60000,,74.00000,,,,,,,,,,,27.80000
AVIBASE-C3E33FEB,,,,,215.00000,,215.00000,,93.60000,,93.80000,,58.10000,,56.80000,,67.20000,12.00000,68.10000,10.00000,1.00000,45.00000
AVIBASE-1B28A4B6,,,,,139.00000,,139.00000,,,,,,,,,,63.40000,14.00000,61.20000,13.00000,2.40000,9.20000
AVIBASE-C130193B,86.00000,,88.00000,,,,,,,,,,,,,,,,,,,10.40000
AVIBASE-F5145338,151.00000,,155.20000,,180.00000,,180.00000,,,,,,,,,,,,,,,
AVIBASE-29D50ED5,125.00000,,,,163.50000,,163.50000,,72.50000,,72.50000,,,,,,,,,,,
AVIBASE-A632F945,,,,,,,,,,,,,,,,,,,,,,
AVIBASE-DE0A72A7,131.00000,,128.00000,,158.00000,,156.00000,,,,,,,,,,60.20000,14.00000,59.40000,10.00000,2.00000,13.90000
AVIBASE-5FBB9662,,,,,135.00000,,135.00000,,48.00000,,48.00000,,22.90000,,22.90000,,,,,,1.90000,
AVIBASE-7A841F83,68.60000,,74.30000,,,,,,,,,,,,,,,,,,,8.00000
AVIBASE-236D9272,,,,,153.00000,,153.00000,,,,,,,,,,,,,,,
AVIBASE-D56ABB4E,79.00000,,75.00000,,198.00000,,192.00000,,32.50000,,31.50000,,21.50000,,21.90000,,111.00000,20.00000,106.00000,14.00000,3.00000,10.10000
AVIBASE-3222F80F,76.80000,,75.20000,,185.20000,,182.90000,,33.00000,,31.30000,,15.10000,,15.50000,,,,,,,
AVIBASE-E1F6A875,99.00000,,96.00000,,204.00000,,193.00000,,,,,,,,,,107.00000,19.00000,96.90000,19.00000,3.57000,11.00000
AVIBASE-AC0F25BB,103.00000,,82.00000,,196.00000,,198.00000,,23.00000,,23.00000,,11.20000,,11.20000,,,,,,,
AVIBASE-95820ED1,,,,,143.00000,,150.00000,,,,,,,,,,61.00000,3.00000,60.00000,3.00000,1.56000,7.40000
AVIBASE-5B08743F,66.00000,,65.00000,,203.30000,,194.70000,,45.80000,,44.60000,,17.20000,,16.70000,,58.70000,16.00000,57.80000,15.00000,1.90000,7.00000
AVIBASE-BB041C6E,1735.00000,,1935.00000,,411.90000,,420.60000,,74.40000,,77.10000,,54.70000,,55.30000,,,,,,2.00000,111.70000
AVIBASE-7D1A9D5C,1277.00000,,1421.00000,,410.00000,,415.00000,,62.40000,,64.80000,,49.40000,,50.90000,,150.30000,13.00000,148.90000,12.00000,1.80000,89.40000
AVIBASE-7CB8F5B7,648.00000,,740.00000,,363.00000,,373.00000,,53.70000,,55.10000,,39.80000,,40.90000,,202.00000,5.00000,179.00000,7.00000,1.96000,66.00000
AVIBASE-39086887,361.00000,,408.00000,,315.00000,,321.00000,,44.30000,,44.40000,,31.10000,,31.80000,,202.70000,,201.30000,,1.87000,
AVIBASE-1D446440,269.90000,,307.20000,,306.00000,,284.00000,,,,42.50000,,,,,,112.00000,73.00000,111.00000,55.00000,1.77000,39.20000
AVIBASE-88AB027C,349.00000,,254.00000,,380.00000,,342.00000,,34.80000,,30.70000,,69.50000,,56.40000,,120.00000,31.00000,108.00000,12.00000,3.50000,26.90000
AVIBASE-907B1140,164.00000,,164.00000,,336.00000,,334.00000,,28.20000,,26.40000,,,,,,120.00000,11.00000,117.00000,10.00000,1.80000,
AVIBASE-88151F23,,,,,,,,,,,,,,,,,,,,,,
AVIBASE-C08157E7,1550.00000,,1077.00000,,461.70000,,436.70000,,73.80000,,69.40000,,61.60000,,53.80000,,,,,,2.20000,98.40000
AVIBASE-8C4CE60F,591.00000,,522.00000,,379.00000,,368.00000,,50.60000,,51.10000,,46.70000,,46.00000,,,,,,,
AVIBASE-804CCA3A,,,,,332.20000,,318.70000,,53.20000,,48.70000,,41.60000,,39.00000,,,,,,,
AVIBASE-6996D540,,,,,347.30000,,337.70000,,,,,,,,,,142.30000,14.00000,138.20000,10.00000,1.52000,58.60000
AVIBASE-A7F240E3,357.00000,,303.00000,,325.00000,,309.00000,,47.80000,,45.20000,,48.80000,,44.50000,,124.00000,14.00000,115.00000,5.00000,2.50000,
AVIBASE-67D43542,558.00000,,461.00000,,343.00000,,330.00000,,55.00000,,52.10000,,50.10000,,46.90000,,126.00000,11.00000,119.00000,12.00000,2.42000,
AVIBASE-00DA9D91,413.00000,,360.00000,,360.00000,,341.00000,,51.10000,,47.70000,,34.50000,,31.10000,,139.00000,24.00000,129.00000,26.00000,2.80000,51.00000
AVIBASE-F7B9355E,,,,,408.00000,,393.00000,,59.10000,,55.80000,,49.60000,,44.50000,,149.00000,12.00000,144.00000,12.00000,2.49000,67.00000
AVIBASE-23863F65,566.00000,,471.00000,,382.00000,,368.00000,,58.30000,,53.80000,,41.00000,,37.20000,,138.10000,48.00000,131.00000,51.00000,2.88000,58.60000
AVIBASE-7FCE8A43,841.00000,,710.00000,,412.20000,,391.30000,,63.10000,,57.70000,,53.00000,,47.80000,,,,,,2.10000,
AVIBASE-E826E9F3,1806.00000,,1407.00000,,499.00000,,474.00000,,80.20000,,73.50000,,65.50000,,59.80000,,195.00000,29.00000,181.00000,26.00000,2.80000,
AVIBASE-E6536E4E,1080.70000,,935.30000,,429.00000,,414.00000,,68.60000,,65.10000,,57.40000,,52.50000,,169.80000,57.00000,154.30000,55.00000,2.35000,84.20000
AVIBASE-03AC32BA,1180.00000,,946.10000,,405.50000,,392.00000,,67.30000,,67.00000,,63.30000,,57.00000,,180.60000,10.00000,174.20000,2.00000,2.70000,95.70000
AVIBASE-575A3E3B,973.00000,,799.80000,,423.10000,,398.00000,,69.30000,,62.60000,,56.50000,,51.80000,,,,,,3.00000,
AVIBASE-87E74BBF,,,,,427.60000,,414.40000,,71.42000,,65.80000,,21.77000,,19.46000,,,,,,2.63000,99.66000
AVIBASE-A59FA446,1576.00000,,1249.00000,,473.00000,,456.00000,,73.10000,,68.80000,,62.70000,,58.20000,,198.00000,25.00000,190.00000,22.00000,2.57000,112.40000
AVIBASE-FB4FCB27,,,,,417.00000,,403.00000,,58.10000,,55.40000,,43.60000,,41.90000,,172.00000,27.00000,167.00000,23.00000,2.25000,
AVIBASE-F002188E,977.00000,,813.00000,,425.00000,,404.00000,,65.20000,,60.50000,,53.20000,,48.90000,,179.00000,18.00000,169.00000,14.00000,2.60000,87.50000
AVIBASE-93CA037F,1275.00000,,1033.00000,,,,,,,,,,,,,,,,,,,
AVIBASE-2D52E3A5,880.00000,,755.00000,,427.00000,,406.00000,,65.20000,,60.30000,,52.10000,,47.70000,,158.00000,28.00000,147.00000,42.00000,2.71000,
AVIBASE-EF930CDC,1245.00000,,1143.00000,,505.00000,,472.00000,,80.30000,,71.60000,,64.30000,,55.80000,,195.00000,8.00000,181.00000,7.00000,2.11000,112.00000
AVIBASE-6EB497FA,352.00000,,297.00000,,324.00000,,306.00000,,51.60000,,48.70000,,37.70000,,35.20000,,124.00000,25.00000,118.00000,21.00000,2.42000,
AVIBASE-5941F453,,,,,280.00000,,266.00000,,45.00000,,43.20000,,33.80000,,32.50000,,107.00000,5.00000,105.00000,8.00000,1.80000,
AVIBASE-AD086862,313.00000,,264.00000,,298.00000,,288.00000,,48.00000,,46.60000,,36.50000,,34.40000,,,,,,2.05000,40.20000
AVIBASE-1E12A4D6,243.00000,,218.00000,,296.80000,,286.60000,,41.20000,,39.50000,,38.30000,,35.90000,,108.10000,18.00000,103.20000,20.00000,1.85000,
AVIBASE-FB02DD96,294.00000,,267.00000,,306.00000,,295.00000,,44.60000,,43.40000,,33.40000,,31.60000,,224.80000,4.00000,229.30000,4.00000,2.54000,
AVIBASE-27CE7132,275.00000,,236.00000,,310.00000,,295.00000,,52.40000,,49.60000,,43.20000,,39.90000,,118.00000,38.00000,110.00000,17.00000,2.00000,
AVIBASE-0337440E,189.00000,,170.00000,,267.00000,,262.00000,,35.30000,,34.50000,,28.90000,,27.70000,,102.00000,18.00000,99.00000,17.00000,2.58000,
AVIBASE-052BFA8A,,,,,309.00000,,303.00000,,50.80000,,50.00000,,33.80000,,34.00000,,121.00000,9.00000,120.00000,5.00000,3.00000,
AVIBASE-166CE0D7,519.00000,,463.00000,,,,,,,,,,,,,,,,,,,
AVIBASE-6CDC3C9C,294.00000,,306.00000,,321.00000,,312.00000,,51.60000,,49.70000,,40.20000,,38.90000,,121.00000,80.00000,114.00000,74.00000,2.51000,
AVIBASE-57C93A74,281.00000,,279.00000,,288.00000,,284.00000,,41.00000,,41.60000,,29.60000,,29.50000,,103.00000,30.00000,97.00000,38.00000,2.50000,35.80000
AVIBASE-F89FD6E3,99.00000,,98.00000,,225.00000,,218.00000,,26.60000,,26.10000,,22.00000,,21.80000,,88.70000,6.00000,85.50000,2.00000,2.75000,
AVIBASE-FED91A1F,617.00000,,507.00000,,345.00000,,336.00000,,39.10000,,37.30000,,35.30000,,32.70000,,149.00000,30.00000,143.00000,35.00000,1.50000,
AVIBASE-4CD353D2,,,,,271.00000,,260.00000,,31.90000,,28.90000,,19.30000,,17.80000,,127.00000,4.00000,122.00000,6.00000,,
AVIBASE-86182656,194.00000,,177.00000,,276.00000,,267.00000,,33.80000,,32.60000,,24.90000,,24.10000,,124.10000,7.00000,114.50000,4.00000,2.36000,
AVIBASE-FB4D08F0,443.00000,,393.00000,,311.00000,,307.00000,,34.20000,,32.90000,,34.20000,,33.70000,,127.00000,22.00000,122.00000,22.00000,2.01000,
AVIBASE-58B576ED,400.00000,,382.00000,,,,,,,,,,,,,,,,,,,49.40000
AVIBASE-BC06BC0D,680.00000,,588.00000,,421.00000,,412.00000,,46.20000,,44.40000,,72.40000,,67.80000,,131.00000,21.00000,132.00000,18.00000,2.35000,65.00000
AVIBASE-A874F334,,,,,,,,,,,,,,,,,,,,,,
AVIBASE-3F9E1C51,,,,,316.90000,,312.70000,,29.80000,,,,64.00000,,60.80000,,155.20000,15.00000,159.60000,11.00000,1.03000,36.48000
AVIBASE-526978C4,305.70000,6.00000,241.70000,4.00000,351.10000,,344.20000,,27.70000,,28.00000,,61.20000,,57.70000,,171.60000,20.00000,162.60000,19.00000,1.00000,
AVIBASE-F7504353,,,,,309.00000,,304.00000,,,,,,,,,,73.90000,26.00000,73.20000,30.00000,1.21000,35.00000
AVIBASE-74236837,,,,,236.00000,,233.00000,,,,,,,,,,187.60000,9.00000,187.60000,9.00000,1.52000,20.40000
AVIBASE-E1F9123B,125.80000,,131.90000,,282.10000,,277.50000,,,,,,,,,,182.70000,14.00000,184.30000,6.00000,1.09000,
AVIBASE-9D6704AC,106.00000,,106.00000,,228.10000,,228.60000,,20.40000,,20.60000,,,,,,125.80000,12.00000,137.00000,7.00000,1.58000,16.10000
AVIBASE-4D2FF6F1,124.00000,,126.00000,,272.00000,,270.00000,,20.20000,,19.80000,,37.10000,,35.20000,,147.30000,595.00000,147.30000,701.00000,2.52000,21.00000
AVIBASE-BDC5CF80,112.00000,,117.00000,,279.00000,,274.00000,,,,,,,,,,105.30000,186.00000,98.70000,125.00000,1.70000,19.00000
AVIBASE-17310BF0,60.00000,,55.00000,,181.00000,,175.00000,,16.80000,,16.60000,,30.20000,,28.70000,,101.90000,14.00000,90.50000,13.00000,2.20000,10.00000
AVIBASE-4B21F4D8,,,,,168.00000,,165.00000,,17.40000,,15.90000,,29.60000,,28.30000,,76.00000,10.00000,66.00000,10.00000,2.00000,
AVIBASE-BE78E765,46.90000,,49.30000,,166.90000,,166.40000,,15.50000,,15.60000,,28.20000,,26.70000,,69.80000,5.00000,,,2.00000,8.10000
AVIBASE-67D8B0BA,72.20000,,72.40000,,186.80000,,182.40000,,,,,,,,,,91.00000,16.00000,82.00000,11.00000,1.77000,10.20000
AVIBASE-9F9A13D8,,,,,171.00000,,171.00000,,14.70000,,14.70000,,29.30000,,29.30000,,,,,,1.00000,
AVIBASE-CF5C013D,,,,,247.00000,,250.00000,,20.20000,,19.60000,,37.40000,,35.70000,,142.00000,9.00000,136.00000,4.00000,2.00000,19.00000
AVIBASE-807E1277,,,,,,,,,,,,,,,,,,,,,,
AVIBASE-BEE4F34A,,,,,271.80000,,271.50000,,18.60000,,18.90000,,,,32.90000,,92.70000,20.00000,86.70000,17.00000,1.74000,19.60000
AVIBASE-E6518B9D,,,,,261.80000,,258.60000,,,,,,,,,,138.00000,21.00000,139.20000,29.00000,1.00000,20.00000
AVIBASE-3E7F825D,,,,,294.00000,,287.00000,,,,,,,,,,201.90000,19.00000,201.50000,15.00000,1.00000,40.20000
AVIBASE-43CAAEE3,,,,,215.00000,,212.00000,,,,,,,,,,68.90000,11.00000,70.40000,14.00000,2.82000,10.50000
AVIBASE-115AF02D,61.80000,,58.70000,,218.00000,,213.00000,,16.40000,,16.30000,,27.80000,,26.50000,,74.40000,40.00000,76.00000,30.00000,2.60000,11.00000
AVIBASE-A070171E,196.40000,,172.30000,,283.00000,,273.00000,,26.10000,,25.70000,,40.80000,,38.10000,,41.90000,9.00000,40.80000,18.00000,1.00000,
AVIBASE-C67DCF31,,,97.50000,,226.50000,,221.20000,,21.70000,,21.20000,,44.10000,,41.30000,,120.10000,10.00000,115.30000,10.00000,1.00000,25.10000
AVIBASE-03F9EB15,92.00000,,114.00000,,210.00000,,213.30000,,22.00000,,21.90000,,41.90000,,39.20000,,110.30000,6.00000,110.40000,7.00000,1.00000,17.40000
AVIBASE-38B88F11,142.00000,,135.00000,,236.60000,,235.80000,,17.30000,,16.40000,,40.80000,,40.00000,,108.60000,10.00000,106.70000,6.00000,1.00000,21.60000
AVIBASE-FF6C3B9C,,,,,281.30000,,270.60000,,23.50000,,22.80000,,45.30000,,44.00000,,,,,,,
AVIBASE-B0932D89,154.00000,,151.00000,,123.30000,,120.70000,,20.60000,,20.20000,,16.10000,,15.50000,,41.50000,117.00000,40.70000,92.00000,1.00000,28.00000
AVIBASE-39F29B55,981.00000,,985.00000,,207.00000,,209.00000,,38.40000,,37.90000,,44.60000,,43.20000,,45.00000,11.00000,46.60000,7.00000,1.00000,108.00000
AVIBASE-B70B5840,961.00000,,928.00000,,224.00000,,223.00000,,37.20000,,36.40000,,14.00000,,13.60000,,46.60000,10.00000,47.80000,11.00000,1.00000,98.50000
AVIBASE-64F4DD81,734.00000,,700.00000,,209.70000,,207.60000,,,,,,,,,,75.70000,13.00000,78.40000,5.00000,1.00000,
AVIBASE-B5AA5952,376.00000,,386.00000,,164.00000,,165.00000,,31.40000,,31.70000,,33.30000,,33.20000,,49.20000,20.00000,48.90000,7.00000,1.83000,50.00000
AVIBASE-2F5DF476,487.00000,,483.00000,,187.50000,,187.50000,,35.13000,,35.13000,,,,,,,,,,1.55000,
AVIBASE-90680520,510.00000,,480.00000,,195.00000,,189.50000,,,,,,,,,,,,,,,
AVIBASE-31557374,217.00000,,222.70000,,134.20000,,132.60000,,16.20000,,15.90000,,15.50000,,15.30000,,31.30000,10.00000,30.50000,6.00000,1.00000,59.80000
AVIBASE-2A8D086D,166.10000,,173.20000,,120.30000,,122.50000,,24.50000,,24.90000,,17.00000,,18.00000,,,,,,1.80000,37.20000
AVIBASE-ACA4FEFE,206.30000,,205.70000,,141.40000,,142.00000,,,,,,,,,,,,,,1.96000,
AVIBASE-3DC4EBB8,267.70000,,251.40000,,143.00000,,140.30000,,29.00000,,28.40000,,12.60000,,11.80000,,37.50000,8.00000,35.80000,4.00000,1.00000,54.20000
AVIBASE-E3893615,127.00000,27.00000,118.10000,8.00000,107.50000,28.00000,105.60000,9.00000,21.00000,27.00000,20.60000,9.00000,9.30000,28.00000,8.90000,9.00000,25.60000,28.00000,25.70000,9.00000,1.00000,
AVIBASE-044509DA,,,,,89.90000,,90.80000,,,,,,9.30000,,9.30000,,,,,,1.00000,17.40000
AVIBASE-53D94597,510.00000,,456.00000,,182.90000,,177.70000,,30.00000,,32.50000,,18.30000,,18.50000,,,,,,1.00000,77.70000
AVIBASE-2771624B,391.00000,,361.00000,,164.00000,,162.00000,,26.50000,,25.60000,,45.70000,,43.10000,,48.00000,14.00000,48.80000,14.00000,1.00000,60.00000
AVIBASE-24111FA5,,,,,,,,,,,,,,,,,,,,,1.00000,75.90000
AVIBASE-F7937349,805.50000,483.00000,743.70000,493.00000,204.20000,51.00000,200.90000,58.00000,35.10000,40.00000,,,59.80000,51.00000,57.50000,57.00000,,,,,1.00000,87.90000
AVIBASE-1327AC55,1428.00000,,1627.00000,,496.00000,,495.00000,,,,,,,,,,201.00000,8.00000,216.00000,6.00000,2.50000,72.00000
AVIBASE-648936C0,,,,,288.00000,6.00000,293.00000,7.00000,,,,,,,,,,,,,2.00000,32.50000
AVIBASE-010AC994,307.00000,,347.00000,,334.00000,,343.00000,,,,,,,,,,198.00000,19.00000,211.00000,19.00000,2.50000,29.00000
AVIBASE-34457827,260.50000,,274.50000,,286.00000,,289.00000,,,,,,,,,,,,,,,48.80000
AVIBASE-ED5A7E8F,734.00000,,791.00000,,404.00000,,415.00000,,,,,,,,,,251.00000,23.00000,259.00000,22.00000,2.00000,49.00000
AVIBASE-1BAC6645,542.00000,,612.00000,,431.00000,,440.00000,,,,,,,,,,334.00000,8.00000,356.00000,12.00000,2.07000,36.50000
AVIBASE-DAE4C523,,,,,333.00000,,347.00000,,,,,,,,,,,,,,1.50000,
AVIBASE-97C47F3E,237.00000,28.00000,258.50000,27.00000,269.00000,,275.00000,,,,,,,,,,118.00000,18.00000,118.00000,13.00000,3.50000,21.00000
AVIBASE-67E74DD0,249.00000,,293.00000,,295.00000,,301.00000,,,,,,,,,,143.00000,35.00000,145.00000,26.00000,3.40000,
AVIBASE-CAA5E106,294.80000,,328.50000,,316.40000,,318.15000,,,,,,,,,,,,,,4.10000,23.50000
AVIBASE-468F7841,288.60000,,343.00000,,303.00000,,307.00000,,,,,,,,,,148.00000,15.00000,148.00000,23.00000,3.37000,26.00000
AVIBASE-6E4430A8,394.00000,,446.00000,,356.00000,,361.00000,,,,,,,,,,172.00000,113.00000,175.00000,81.00000,2.80000,32.00000
AVIBASE-ACFC8EB6,245.00000,,311.00000,,295.00000,,309.50000,,,,,,,,,,157.10000,6.00000,163.00000,5.00000,2.00000,27.00000
AVIBASE-5A97BF27,239.00000,,255.00000,,298.00000,,302.00000,,,,,,,,,,,,,,,27.00000
AVIBASE-451D6FC8,1012.00000,,1231.80000,,490.00000,,503.00000,,,,,,,,,,327.00000,5.00000,343.00000,15.00000,2.00000,63.00000
AVIBASE-06D9A2C8,807.00000,,850.00000,,447.00000,,464.00000,,,,,,,,,,256.00000,15.00000,268.00000,8.00000,2.50000,56.00000
AVIBASE-FEDDD1F2,710.00000,,840.00000,,,,,,,,,,,,,,255.00000,20.00000,267.00000,25.00000,2.00000,56.50000
AVIBASE-94383EEF,2400.00000,,3330.00000,,552.00000,,599.00000,,,,,,,,,,,,,,2.00000,117.00000
AVIBASE-A19B0CF4,,,,,530.00000,,587.00000,,,,,,,,,,208.00000,11.00000,226.00000,7.00000,1.93000,120.00000
AVIBASE-F3CCFC18,2527.00000,,3088.00000,,564.00000,,599.00000,,,,,,,,,,267.00000,11.00000,286.00000,11.00000,,117.00000
AVIBASE-5A3D91D3,4014.00000,,5572.00000,,606.00000,,668.00000,,,,,,,,,,280.00000,17.00000,305.00000,15.00000,2.00000,142.00000
AVIBASE-FED3756C,4130.00000,,5350.00000,,585.70000,,599.60000,,,,,,,,,,289.80000,35.00000,304.00000,37.00000,2.00000,117.00000
AVIBASE-14885C18,1505.00000,3.00000,1712.00000,1.00000,,,,,,,,,,,,,,,,,1.00000,107.00000
AVIBASE-81DB7410,4912.50000,,6175.00000,,766.25000,,794.00000,,,,,,,,,,492.00000,4.00000,489.00000,6.00000,1.50000,224.00000
AVIBASE-6D3480A6,1928.00000,,2026.00000,,498.25000,,501.24000,,,,,,,,,,244.00000,9.00000,255.00000,9.00000,2.00000,94.00000
AVIBASE-131038AD,,,,,474.00000,,484.00000,,81.20000,,82.50000,,,,,,218.00000,3.00000,219.00000,4.00000,1.00000,120.00000
AVIBASE-0419DDC2,,,,,,,,,,,,,,,,,,,,,1.00000,214.00000
AVIBASE-76B512B1,,,,,,,,,,,,,,,,,274.00000,4.00000,,,1.00000,225.00000
AVIBASE-5D1987CE,8132.00000,,8525.00000,,725.00000,,752.00000,,,,,,,,,,300.00000,10.00000,304.00000,8.00000,1.00000,252.00000
AVIBASE-F85BEEB4,,,,,,,,,,,,,,,,,,,,,1.00000,240.00000
AVIBASE-158BDC90,9250.00000,,10000.00000,,772.00000,,798.00000,,,,,,,,,,365.00000,8.00000,381.00000,4.00000,1.00000,243.00000
AVIBASE-93D7EC56,,,,,,,,,,,,,,,,,,,,,,196.00000
AVIBASE-8372FFBA,1664.00000,,1735.00000,,523.00000,,535.00000,,,,,,,,,,268.00000,,,,1.00000,136.00000
AVIBASE-6904D83F,,,,,,,,,,,,,,,,,,,,,1.00000,139.00000
AVIBASE-6CBD8724,2250.00000,1.00000,,,515.00000,,539.00000,,73.00000,,74.00000,,,,,,109.00000,10.00000,109.00000,4.00000,,168.00000
AVIBASE-E2A19474,500.00000,,669.00000,,393.00000,,413.00000,,,,,,,,,,224.00000,21.00000,239.00000,17.00000,4.50000,40.00000
AVIBASE-2A2C169B,423.00000,1.00000,,,353.00000,,375.00000,,,,,,,,,,,,,,3.63000,33.00000
AVIBASE-1ACF5A6E,640.00000,,870.00000,,408.00000,,427.00000,,,,,,,,,,231.00000,8.00000,249.00000,10.00000,3.77000,40.00000
AVIBASE-811762D2,465.00000,,671.00000,,395.00000,,453.00000,,,,,,,,,,,,,,3.10000,42.00000
AVIBASE-A41CD4E7,,,,,339.00000,,366.50000,,,,,,,,,,,,,,3.47000,33.00000
AVIBASE-F558C7F9,346.00000,,527.00000,,338.00000,,376.00000,,,,,,,,,,213.00000,17.00000,243.00000,24.00000,4.50000,31.00000
AVIBASE-22647E26,322.00000,,445.00000,,340.00000,,371.00000,,,,,,,,,,208.00000,25.00000,236.00000,19.00000,4.50000,28.00000
AVIBASE-63B6412E,265.00000,,345.00000,,365.00000,,372.00000,,,,,,,,,,218.00000,34.00000,225.00000,16.00000,4.50000,24.00000
AVIBASE-C505EA72,564.00000,,711.00000,,382.00000,,392.00000,,,,,,,,,,,,,,1.59000,
AVIBASE-3EEB66ED,241.00000,,310.00000,,214.50000,,231.00000,,52.00000,,54.00000,,,,,,133.00000,,148.00000,,1.95000,32.00000
AVIBASE-D2AFD39B,670.50000,,846.50000,,308.00000,,315.00000,,,,,,,,,,210.00000,13.00000,219.00000,11.00000,1.00000,50.00000
AVIBASE-389FFA09,548.00000,7.00000,724.00000,3.00000,315.50000,,332.50000,,93.00000,,94.00000,,,,,,227.00000,,242.00000,,1.44000,
AVIBASE-922DE9C1,106.50000,,203.50000,,193.50000,,200.50000,,46.00000,,52.50000,,,,,,157.50000,,180.00000,,2.33000,
AVIBASE-CD18635A,230.00000,1.00000,370.00000,,212.00000,,247.00000,,,,,,,,,,,,,,2.40000,34.00000
AVIBASE-9D80E72A,142.50000,,176.00000,7.00000,154.50000,,174.50000,,,,,,,,,,133.00000,,159.50000,,,
AVIBASE-1A0ECB6E,,,,,172.00000,,191.00000,,,,,,,,,,147.00000,20.00000,177.00000,14.00000,3.50000,21.00000
AVIBASE-CFB9E213,356.00000,,720.00000,,254.00000,,308.00000,,,,,,,,,,,,,,2.45000,40.50000
AVIBASE-8257AE54,330.00000,,549.00000,,264.00000,,302.00000,,,,,,,,,,202.00000,26.00000,237.00000,41.00000,3.02000,32.50000
AVIBASE-AFD19C47,,,,,148.50000,,161.50000,,,,,,,,,,108.00000,,108.00000,,2.00000,
AVIBASE-CE1CF6FD,80.90000,3.00000,,,141.00000,,159.00000,,,,,,,,,,,,,,1.91000,18.50000
AVIBASE-21957C95,129.00000,,231.00000,,314.00000,,354.00000,,,,,,,,,,150.00000,28.00000,171.00000,43.00000,2.90000,21.00000
AVIBASE-BAE91683,140.00000,,260.00000,,,,,,,,,,,,,,147.50000,,175.00000,,3.00000,
AVIBASE-DB376A66,150.00000,,290.00000,,199.50000,,236.60000,,,,,,,,,,149.00000,25.00000,180.00000,27.00000,5.00000,22.50000
AVIBASE-EC0E680F,,,,,214.00000,,235.00000,,,,,,,,,,158.50000,,187.50000,,2.93000,23.00000
AVIBASE-3B024163,103.00000,,174.00000,,171.00000,,203.00000,,,,,,,,,,131.40000,10.00000,161.60000,7.00000,3.55000,19.30000
AVIBASE-EB98812F,103.00000,,140.00000,,173.50000,,182.50000,,,,,,,,,,,,,,3.80000,40.00000
AVIBASE-819AB823,550.00000,,865.00000,,291.00000,,337.50000,,,,,,,,,,,,,,2.80000,52.00000
AVIBASE-420850D6,712.00000,,1140.00000,,314.00000,,354.00000,,,,,,,,,,223.00000,12.00000,256.00000,13.00000,3.50000,67.00000
AVIBASE-1C209762,491.50000,1.00000,,,,,,,,,,,,,,,,,,,,
AVIBASE-45A1D850,326.00000,,344.00000,,286.00000,,307.00000,,56.50000,,59.00000,,,,,,167.50000,,177.00000,,2.00000,34.00000
AVIBASE-478C48D0,595.00000,,796.00000,,316.20000,,325.20000,,,,,,,,,,,,,,,60.00000
AVIBASE-97FDBB06,793.00000,,1199.00000,,363.00000,,377.00000,,,,,,,,,,206.40000,,222.30000,,1.80000,65.00000
AVIBASE-BAA762A5,764.00000,,845.80000,,400.80000,,398.50000,,,,,,,,,,,,,,,74.00000
AVIBASE-FBED1927,689.70000,,997.70000,,324.00000,,360.90000,,,,,,,,,,220.30000,32.00000,244.30000,24.00000,2.84000,50.00000
AVIBASE-C39CC0F2,290.00000,,360.70000,,246.00000,,264.30000,,,,,,,,,,,,,,,37.00000
AVIBASE-EA4D6C0B,550.00000,,701.00000,,323.60000,,342.90000,,,,,,,,,,,,,,3.12000,57.00000
AVIBASE-79F3C681,357.00000,,440.00000,,268.00000,,285.00000,,,,,,,,,,159.00000,17.00000,171.00000,17.00000,2.39000,42.00000
AVIBASE-DE473F42,808.00000,,1109.00000,,383.60000,,404.60000,,,,,,,,,,204.60000,20.00000,214.60000,38.00000,2.44000,61.00000
AVIBASE-536A5157,1028.00000,,1224.00000,,369.60000,,388.80000,,,,,,,,,,215.40000,38.00000,230.10000,38.00000,2.24000,64.00000
AVIBASE-3C6D4915,790.00000,,966.50000,,387.00000,,398.00000,,,,,,,,,,208.00000,42.00000,215.00000,39.00000,3.00000,60.00000
AVIBASE-5BFEFD9A,,,,,334.00000,,350.50000,,,,,,,,,,178.50000,,188.00000,,2.00000,
AVIBASE-CC65921F,1035.00000,,1314.00000,,437.00000,,466.00000,,,,,,,,,,227.00000,20.00000,241.00000,20.00000,3.50000,73.00000
AVIBASE-BA9191BC,1163.00000,,1776.00000,,434.00000,,457.00000,,,,,,,,,,,,,,3.75000,80.00000
AVIBASE-90B13ACF,824.60000,,1027.00000,,417.00000,,442.00000,,,,,,,,,,211.00000,15.00000,226.00000,9.00000,3.50000,60.00000
AVIBASE-D41EDD2E,580.00000,8.00000,760.00000,,341.00000,,367.00000,,,,,,,,,,,,,,,54.00000
AVIBASE-22031845,,,,,401.00000,,432.00000,,,,,,,,,,,,,,1.99000,74.00000
AVIBASE-C2565B65,1257.50000,,1693.30000,,468.00000,,483.00000,,,,,,,,,,222.00000,8.00000,232.00000,9.00000,2.00000,88.00000
AVIBASE-BAC4CA22,1725.60000,,2108.00000,,496.00000,,525.00000,,,,,,,,,,240.00000,15.00000,255.00000,16.00000,2.00000,110.00000
AVIBASE-F6D547B2,1837.20000,,2155.00000,,510.00000,,531.00000,,,,,,,,,,250.00000,13.00000,269.00000,10.00000,2.00000,118.00000
AVIBASE-A635F565,2459.00000,,2987.00000,,533.00000,,567.00000,,,,,,,,,,,,,,,117.00000
AVIBASE-469DCF57,2623.00000,,3901.00000,,587.00000,,622.00000,,,,,,,,,,276.00000,15.00000,297.00000,6.00000,2.50000,132.00000
AVIBASE-5F8E7CA8,3572.00000,,5194.00000,,630.00000,,685.00000,,,,,,,,,,311.00000,7.00000,341.00000,11.00000,2.00000,142.00000
AVIBASE-5E574D70,3130.00000,,3810.00000,,586.40000,,640.10000,,,,,,,,,,,,,,2.00000,143.00000
AVIBASE-14F13C32,3730.00000,,4642.00000,,599.00000,,636.00000,,,,,,,,,,274.50000,2.00000,301.30000,4.00000,2.00000,158.00000
AVIBASE-535F3C99,,,,,417.50000,,440.00000,,,,,,,,,,222.50000,,242.50000,,1.00000,73.00000
AVIBASE-9A418C45,,,,,429.00000,,450.00000,,,,,,,,,,,,,,1.74000,
AVIBASE-4B8CC285,709.00000,,975.00000,,358.00000,,393.00000,,,,,,,,,,195.30000,,211.20000,,2.00000,62.00000
AVIBASE-1117758C,633.00000,,949.00000,,352.00000,,387.00000,,,,,,,,,,193.00000,20.00000,213.00000,45.00000,1.65000,62.00000
AVIBASE-FDA2E4A3,5100.00000,1.00000,,,585.00000,,640.00000,,107.50000,,122.00000,,,,,,276.50000,,300.00000,,1.00000,182.00000
AVIBASE-14B9664A,1137.50000,,1445.00000,,363.00000,,389.00000,,,,,,,,,,196.00000,,137.50000,,1.56000,75.00000
AVIBASE-EA4FB522,1035.00000,,1440.00000,,340.00000,,378.00000,,,,,,,,,,,,,,,
AVIBASE-1E3B3515,3760.00000,2.00000,3514.00000,2.00000,467.50000,,512.50000,,,,,,,,,,315.00000,,347.50000,,1.62000,112.00000
AVIBASE-DCBCCEB8,3809.00000,1.00000,3405.00000,1.00000,650.00000,,655.00000,,,,,,,,,,762.00000,,647.50000,,1.96000,130.00000
AVIBASE-BA33DDD5,315.00000,,335.00000,,285.00000,,291.00000,,,,,,,,,,,,,,,28.00000
AVIBASE-24C90C1A,620.00000,,715.00000,,267.10000,,267.00000,,,,,,,,,,,,,,,65.00000
AVIBASE-846E1C25,161.00000,,196.00000,,166.50000,,172.00000,,,,,,,,,,,,,,,
AVIBASE-3B52D2B8,61.50000,2.00000,59.60000,12.00000,114.50000,,116.00000,,,,,,,,,,,,,,3.06000,8.40000
AVIBASE-9F5AA09D,506.00000,,681.40000,,326.00000,,352.00000,,,,,,,,,,,,,,2.79000,45.00000
AVIBASE-BECA271F,148.00000,,170.00000,,239.00000,,240.00000,,,,,,,,,,144.00000,26.00000,148.00000,20.00000,4.00000,16.00000
AVIBASE-2DAB45B8,213.00000,,252.00000,,246.00000,,256.00000,,,,,,,,,,163.00000,37.00000,171.00000,44.00000,4.50000,21.00000
AVIBASE-66DD7774,105.00000,,145.00000,,188.00000,,195.70000,,,,,,,,,,,,,,,16.50000
AVIBASE-D1069C26,143.00000,,196.00000,,175.00000,,184.00000,,,,,,,,,,,,,,,
AVIBASE-36C7BFDE,72.40000,,87.90000,,149.00000,,157.00000,,,,,,,,,,,,,,,
AVIBASE-A575254C,163.00000,,182.00000,,250.00000,,259.00000,,,,,,,,,,156.10000,49.00000,162.00000,58.00000,3.80000,20.00000
AVIBASE-20C2214E,111.00000,,120.00000,,187.80000,,196.40000,,,,,,,,,,121.00000,15.00000,124.00000,13.00000,4.40000,15.70000
AVIBASE-2E4DAA13,260.00000,14.00000,272.00000,13.00000,276.00000,,281.00000,,,,,,,,,,,,,,3.65000,22.00000
AVIBASE-D2CAA18B,,,,,279.50000,,288.50000,,43.50000,,44.00000,,,,,,196.00000,,195.50000,,2.50000,22.00000
AVIBASE-3F2BA4F7,232.00000,5.00000,248.40000,5.00000,218.50000,,243.00000,,41.50000,,43.50000,,,,,,140.00000,,157.00000,,4.00000,25.00000
AVIBASE-CA34C05A,288.00000,3.00000,221.00000,2.00000,,,,,,,,,,,,,,,,,,22.00000
AVIBASE-8C1821E7,,,,,195.00000,,224.00000,,36.00000,20.00000,39.00000,11.00000,,,,,120.50000,,138.00000,,3.60000,24.00000
AVIBASE-997A9437,150.00000,,167.00000,,244.00000,,246.00000,,,,,,,,,,128.00000,35.00000,132.00000,17.00000,3.50000,17.00000
AVIBASE-9EA1F12D,280.50000,,388.00000,,312.00000,,327.00000,,,,,,,,,,169.00000,21.00000,178.00000,31.00000,2.50000,26.00000
AVIBASE-5EC5BE3F,260.00000,,407.00000,,258.00000,,279.00000,,,,,,,,,,153.00000,23.00000,172.00000,25.00000,2.64000,
AVIBASE-F3DA111C,162.00000,,212.00000,,199.00000,,217.00000,,,,,,,,,,119.00000,26.00000,129.00000,32.00000,4.00000,22.00000
AVIBASE-EF9568DE,129.00000,,202.00000,,189.00000,,220.00000,,,,,,,,,,,,,,,
AVIBASE-E91E287A,181.50000,,240.50000,,256.00000,,268.00000,,,,,,,,,,130.00000,27.00000,135.00000,28.00000,3.00000,24.00000
AVIBASE-F56A73BF,166.00000,,200.00000,,225.50000,,242.00000,,,,,,,,,,,,,,2.82000,20.50000
AVIBASE-B72DDBE4,210.00000,,282.00000,,240.30000,,269.90000,,,,,,,,,,123.00000,14.00000,138.00000,10.00000,2.80000,28.00000
AVIBASE-38FA4FF0,330.00000,,531.00000,,255.00000,,297.00000,,,,,,,,,,175.00000,11.00000,207.00000,16.00000,2.77000,36.50000
AVIBASE-018B3169,,,,,144.00000,26.00000,141.00000,22.00000,45.90000,7.00000,44.20000,4.00000,23.30000,19.00000,22.50000,15.00000,,,,,3.75000,22.50000
AVIBASE-32DCEC14,333.50000,3.00000,255.50000,2.00000,134.00000,20.00000,130.00000,19.00000,43.20000,18.00000,42.10000,18.00000,23.40000,18.00000,21.50000,15.00000,,,,,3.46000,21.00000
AVIBASE-C6E1197B,1429.00000,41.00000,1199.00000,21.00000,203.90000,109.00000,190.40000,64.00000,78.00000,113.00000,71.30000,67.00000,,,,,,,,,2.41000,43.50000
AVIBASE-D05FFEF7,1341.00000,25.00000,1133.00000,6.00000,197.70000,36.00000,185.90000,15.00000,77.70000,38.00000,71.80000,15.00000,,,,,,,,,2.42000,
AVIBASE-C412CD62,218.70000,,220.20000,,324.60000,,323.80000,,28.20000,,27.90000,,62.40000,,61.30000,,107.60000,5.00000,107.20000,5.00000,1.00000,87.00000
AVIBASE-1D07B501,,,,,287.00000,28.00000,289.00000,26.00000,,,,,,,,,107.60000,3.00000,91.00000,1.00000,1.00000,45.00000
AVIBASE-92A2CCFC,1472.60000,,1491.50000,,445.50000,,454.30000,,41.60000,,46.30000,,106.30000,,111.20000,,,,,,,112.17000
AVIBASE-534FB490,2932.00000,,3067.00000,,513.00000,,510.00000,,50.20000,,50.80000,,100.10000,,99.20000,,,,,,1.00000,106.00000
AVIBASE-775E93D7,2665.00000,,2608.00000,,480.00000,,477.00000,,,,,,92.00000,,94.00000,,,,,,,105.00000
AVIBASE-649F85B5,1283.00000,,1801.00000,,431.80000,,457.20000,,,,,,106.00000,,114.00000,,,,,,,61.00000
AVIBASE-22D1B4A2,2000.00000,,2533.30000,,462.20000,,477.00000,,61.30000,,62.30000,,109.00000,,109.40000,,183.50000,4.00000,184.60000,3.00000,1.60000,77.00000
AVIBASE-0A4609D1,928.00000,,1068.00000,,376.60000,,379.30000,,38.50000,,39.40000,,85.10000,,87.20000,,201.00000,5.00000,200.00000,3.00000,1.00000,53.00000
AVIBASE-5EC21767,1188.60000,,1343.60000,,389.10000,,394.40000,,47.40000,,50.30000,,97.20000,,98.90000,,196.00000,7.00000,193.00000,9.00000,1.50000,53.00000
AVIBASE-FBDAE86A,,,,,329.60000,27.00000,326.30000,44.00000,40.30000,27.00000,40.00000,44.00000,81.20000,27.00000,77.40000,44.00000,245.30000,,245.60000,,3.64000,35.00000
AVIBASE-CA0C901A,1759.00000,,1790.00000,,,,,,,,,,,,,,238.00000,8.00000,239.00000,4.00000,4.00000,36.00000
AVIBASE-E255DCE1,568.50000,,513.00000,,215.00000,,209.00000,,38.60000,,37.90000,,30.40000,,29.00000,,149.00000,5.00000,148.00000,5.00000,4.00000,23.00000
AVIBASE-446E8F9D,797.70000,,728.00000,,213.90000,,207.00000,,46.60000,,45.10000,,29.60000,,28.40000,,,,,,2.40000,
AVIBASE-DF8F84C3,800.00000,,700.00000,,235.00000,,227.00000,,40.00000,,40.00000,,32.00000,,31.00000,,151.20000,23.00000,149.40000,27.00000,4.00000,26.00000
AVIBASE-987A703D,2570.00000,,1930.00000,,291.20000,,270.00000,,,,,,,,,,123.70000,6.00000,102.00000,3.00000,2.88000,51.00000
AVIBASE-37D2AC51,2107.00000,,1794.00000,,292.00000,,276.00000,,66.60000,,63.70000,,60.30000,,56.90000,,,,,,1.84000,47.00000
AVIBASE-56036504,1260.00000,10.00000,1070.00000,3.00000,263.40000,10.00000,245.90000,10.00000,52.30000,10.00000,50.30000,,48.00000,10.00000,45.70000,10.00000,166.60000,28.00000,154.00000,18.00000,3.15000,42.00000
AVIBASE-3AC46C54,2453.00000,,2056.00000,,311.00000,,297.00000,,64.00000,,63.00000,,57.40000,,55.20000,,144.30000,30.00000,135.50000,15.00000,3.11000,48.00000
AVIBASE-E5FAABD0,1800.00000,,1400.00000,,318.00000,,300.00000,,68.00000,,64.00000,,73.00000,,67.00000,,,,,,3.32000,45.00000
AVIBASE-DA51102A,1100.00000,,900.00000,,262.00000,,245.00000,,50.00000,,47.00000,,48.00000,,44.00000,,133.40000,15.00000,128.30000,14.00000,4.00000,36.00000
AVIBASE-3DF5C587,2400.00000,,2000.00000,,347.00000,,327.00000,,68.00000,,64.00000,,69.00000,,62.00000,,154.00000,6.00000,150.00000,12.00000,3.50000,58.00000
AVIBASE-EF2F3A05,3171.40000,,2525.00000,,,,,,,,,,,,,,,,,,,54.00000
AVIBASE-AE61BF48,1171.00000,,1142.00000,,267.00000,,258.00000,,,,,,55.00000,,56.00000,,,,,,2.39000,45.00000
AVIBASE-1A941EF8,3320.00000,,2700.00000,,286.00000,,268.00000,,62.90000,,57.00000,,58.00000,,56.00000,,,,,,,50.00000
AVIBASE-483FA17D,2717.00000,,1813.60000,,286.60000,,292.10000,,59.50000,,58.50000,,56.80000,,57.80000,,56.80000,6.00000,57.80000,9.00000,2.50000,
AVIBASE-0866195D,2500.00000,,2500.00000,,294.00000,,278.00000,,69.00000,,67.00000,,59.00000,,55.00000,,,,,,,
AVIBASE-1EA575E0,1553.00000,,1417.00000,,252.20000,,244.70000,,,,,,52.70000,,51.00000,,,,,,,46.00000
AVIBASE-05DDE8C1,2428.10000,,1874.40000,,284.40000,,265.80000,,57.60000,,58.30000,,55.90000,,53.70000,,156.90000,20.00000,145.00000,16.00000,2.80000,48.00000
AVIBASE-A429B5B8,2034.00000,,1702.00000,,255.10000,,245.80000,,49.10000,,47.30000,,47.90000,,46.00000,,,,,,3.47000,44.00000
AVIBASE-CECC7B26,1948.00000,,1598.00000,,271.00000,,258.00000,,,,,,,,,,129.00000,6.00000,119.00000,10.00000,3.07000,51.00000
AVIBASE-CB10D093,1210.00000,,1160.00000,,248.00000,,244.00000,,60.00000,,60.00000,,61.00000,,60.00000,,,,,,2.70000,42.00000
AVIBASE-D8A24A3E,,,,,323.00000,21.00000,303.00000,29.00000,137.30000,21.00000,125.00000,29.00000,,,,,110.00000,21.00000,106.00000,29.00000,2.90000,38.00000
AVIBASE-510E9BFA,,,,,237.00000,4.00000,226.00000,1.00000,84.00000,4.00000,76.00000,1.00000,57.00000,4.00000,56.00000,1.00000,,,,,,
AVIBASE-74853F89,,,,,266.00000,18.00000,249.00000,9.00000,85.00000,15.00000,85.00000,7.00000,65.00000,17.00000,62.00000,8.00000,,,,,2.56000,28.00000
AVIBASE-031409C7,296.00000,4.00000,229.00000,3.00000,222.00000,8.00000,,,,,,,94.80000,8.00000,87.00000,9.00000,,,,,3.30000,21.00000
AVIBASE-21044CEC,599.20000,7.00000,521.20000,4.00000,326.60000,9.00000,313.40000,5.00000,96.70000,9.00000,90.50000,5.00000,79.30000,9.00000,71.80000,5.00000,,,,,,32.00000
AVIBASE-11512CF4,364.00000,11.00000,315.00000,8.00000,261.00000,18.00000,250.00000,12.00000,96.20000,18.00000,88.10000,12.00000,75.90000,18.00000,72.40000,12.00000,95.70000,18.00000,91.10000,12.00000,4.04000,25.00000
AVIBASE-F2858F9F,555.00000,,510.00000,,280.00000,17.00000,272.00000,17.00000,101.00000,17.00000,97.30000,17.00000,84.40000,17.00000,79.50000,17.00000,98.00000,16.00000,94.00000,14.00000,4.80000,28.00000
AVIBASE-DF32B1F9,400.00000,1.00000,,,,,,,,,,,,,,,,,,,3.00000,
AVIBASE-AA7901D8,,,,,259.90000,43.00000,251.20000,35.00000,97.10000,43.00000,89.60000,35.00000,83.30000,43.00000,78.60000,35.00000,,,,,3.64000,24.00000
AVIBASE-C79F1BF8,,,,,276.00000,6.00000,269.90000,10.00000,81.40000,6.00000,79.50000,10.00000,97.90000,6.00000,96.90000,10.00000,,,,,,28.00000
AVIBASE-6429024D,1505.00000,17.00000,1361.00000,13.00000,457.00000,20.00000,443.00000,12.00000,151.00000,23.00000,141.00000,16.00000,120.00000,26.00000,112.00000,19.00000,174.00000,20.00000,166.00000,12.00000,4.11000,61.00000
AVIBASE-93694BB5,2480.00000,24.00000,2110.00000,29.00000,,,,,165.90000,24.00000,152.00000,29.00000,137.00000,24.00000,123.90000,29.00000,,,,,3.55000,74.00000
AVIBASE-69F7C030,,,,,412.60000,10.00000,402.70000,10.00000,134.10000,10.00000,130.30000,9.00000,84.80000,10.00000,81.40000,10.00000,161.90000,9.00000,153.90000,7.00000,3.20000,42.00000
AVIBASE-25A648FE,1058.30000,3.00000,1107.50000,2.00000,,,,,,,,,,,,,,,,,2.78000,60.00000
AVIBASE-C7888A15,4327.50000,2.00000,,,591.00000,7.00000,575.00000,8.00000,,,,,193.00000,9.00000,177.00000,10.00000,,,,,2.50000,109.00000
AVIBASE-9B073071,,,2024.00000,5.00000,448.00000,2.00000,437.00000,5.00000,160.40000,1.00000,151.50000,5.00000,176.55000,2.00000,163.30000,5.00000,173.50000,2.00000,,,,83.00000
AVIBASE-3395DCF1,917.50000,,830.00000,,371.00000,13.00000,355.00000,9.00000,122.00000,13.00000,118.00000,8.00000,126.00000,13.00000,116.00000,8.00000,125.00000,13.00000,119.00000,8.00000,4.70000,51.00000
AVIBASE-2D0ED462,,,,,235.50000,13.00000,226.20000,9.00000,78.40000,13.00000,76.80000,9.00000,66.30000,13.00000,64.10000,9.00000,85.20000,13.00000,80.40000,9.00000,3.00000,21.00000
AVIBASE-2D0ED462,,,,,235.50000,13.00000,226.20000,9.00000,78.40000,13.00000,76.80000,9.00000,66.30000,13.00000,64.10000,9.00000,85.20000,13.00000,80.40000,9.00000,3.00000,21.00000
AVIBASE-2D0ED462,264.00000,2.00000,234.00000,2.00000,235.50000,13.00000,226.20000,9.00000,78.40000,13.00000,76.80000,9.00000,66.30000,13.00000,64.10000,9.00000,,,,,,
AVIBASE-2D0ED462,264.00000,2.00000,234.00000,2.00000,235.50000,13.00000,226.20000,9.00000,78.40000,13.00000,76.80000,9.00000,66.30000,13.00000,64.10000,9.00000,,,,,,
AVIBASE-49D9148A,1030.00000,1.00000,960.00000,1.00000,438.00000,10.00000,429.00000,,190.00000,10.00000,166.00000,2.00000,123.00000,10.00000,121.00000,,,,,,,61.00000
AVIBASE-30785911,,,,,,,,,,,,,,,,,,,,,,31.00000
AVIBASE-6CCDAC53,311.00000,1.00000,304.00000,2.00000,253.00000,20.00000,248.00000,20.00000,77.00000,20.00000,76.00000,20.00000,,,,,87.50000,20.00000,86.00000,20.00000,4.50000,28.00000
AVIBASE-CE73EBD7,285.00000,14.00000,291.00000,9.00000,225.00000,9.00000,216.00000,9.00000,58.00000,9.00000,56.20000,9.00000,64.80000,8.00000,61.80000,9.00000,81.10000,8.00000,73.40000,9.00000,5.00000,16.00000
AVIBASE-EA2C460A,,,,,,,,,,,,,,,,,,,,,,
AVIBASE-AEB2DA9B,,,,,,,,,,,,,,,,,,,,,2.38000,
AVIBASE-74EDE3CA,1036.00000,12.00000,764.00000,16.00000,302.00000,12.00000,277.00000,12.00000,102.00000,12.00000,87.00000,16.00000,142.00000,12.00000,111.00000,16.00000,108.00000,11.00000,98.00000,17.00000,2.33000,
AVIBASE-D4540F88,662.50000,,605.00000,,297.00000,7.00000,273.00000,7.00000,107.00000,18.00000,86.00000,13.00000,132.00000,11.00000,110.00000,8.00000,106.00000,6.00000,94.00000,7.00000,4.00000,38.00000
AVIBASE-FD2B0309,679.00000,32.00000,546.00000,35.00000,264.70000,,240.30000,,107.70000,,84.60000,,135.60000,,108.70000,,98.60000,,90.70000,,3.06000,
AVIBASE-CAFBA217,,,,,,,,,,,,,,,,,,,,,2.71000,62.00000
AVIBASE-B20FECE2,,,,,411.50000,,399.00000,,,,,,141.00000,16.00000,134.00000,12.00000,,,,,3.00000,68.00000
AVIBASE-645134D3,,,,,,,,,,,,,,,,,,,,,1.99000,68.00000
AVIBASE-550DE745,1530.00000,1.00000,,,383.00000,2.00000,362.00000,3.00000,108.00000,3.00000,98.00000,5.00000,170.00000,7.00000,146.00000,8.00000,133.70000,3.00000,131.00000,4.00000,2.24000,62.00000
AVIBASE-8C461E3F,2005.90000,72.00000,1605.90000,84.00000,389.00000,4.00000,361.00000,12.00000,103.00000,4.00000,85.80000,12.00000,190.50000,4.00000,154.00000,12.00000,126.30000,3.00000,125.00000,4.00000,2.73000,69.00000
AVIBASE-073C56D1,1465.00000,3.00000,1237.50000,4.00000,387.70000,8.00000,363.20000,7.00000,93.10000,8.00000,78.70000,7.00000,167.20000,8.00000,137.70000,6.00000,141.20000,7.00000,135.50000,7.00000,3.50000,69.00000
AVIBASE-A0A584C1,1393.00000,2.00000,1130.00000,1.00000,394.00000,13.00000,370.00000,10.00000,149.00000,24.00000,131.00000,19.00000,213.00000,15.00000,182.00000,14.00000,117.00000,25.00000,113.00000,24.00000,3.50000,76.00000
AVIBASE-DEAF523A,1886.00000,6.00000,1575.00000,4.00000,371.00000,6.00000,365.00000,3.00000,122.50000,6.00000,108.50000,4.00000,212.30000,6.00000,177.80000,4.00000,,,110.50000,2.00000,3.14000,69.00000
AVIBASE-62A22779,1871.00000,2.00000,1814.00000,1.00000,424.00000,1.00000,,,134.00000,2.00000,,,231.00000,5.00000,205.00000,8.00000,143.00000,2.00000,131.00000,1.00000,3.05000,81.00000
AVIBASE-8BAFB01E,11450.00000,,7590.00000,,684.00000,,620.00000,,145.00000,,132.00000,,409.00000,,328.00000,,176.00000,5.00000,162.00000,7.00000,2.00000,180.00000
AVIBASE-8D24E93C,5970.00000,,4920.00000,,605.00000,,560.00000,,96.00000,,87.00000,,357.00000,,305.00000,,172.00000,,166.00000,,,116.00000
AVIBASE-866903B9,6920.00000,,4970.00000,,608.20000,,558.50000,,122.50000,,115.70000,,342.30000,,287.60000,,160.00000,9.00000,150.50000,10.00000,2.00000,150.00000
AVIBASE-F59AB6B3,3290.00000,,2824.00000,,478.00000,,462.00000,,71.00000,,67.00000,,288.00000,,261.00000,,126.00000,16.00000,124.00000,12.00000,2.95000,91.00000
AVIBASE-4FF7DE80,2159.00000,50.00000,2035.50000,38.00000,428.00000,12.00000,431.60000,12.00000,80.06000,12.00000,78.80000,12.00000,23.01000,12.00000,23.30000,12.00000,182.30000,12.00000,178.80000,12.00000,2.00000,103.00000
AVIBASE-36B3872D,1426.00000,,1589.00000,,526.00000,,535.00000,,,,,,,,,,,,,,1.94000,80.00000
AVIBASE-24F14328,8800.00000,13.00000,8100.00000,15.00000,,,,,,,,,,,,,,,,,,280.00000
AVIBASE-19196211,2640.00000,2.00000,2115.00000,,468.00000,4.00000,460.00000,,20.35000,,,,234.00000,2.00000,205.00000,1.00000,,,,,3.04000,80.00000
AVIBASE-0F14ECE4,1250.00000,1.00000,1000.00000,1.00000,,,,,,,,,,,,,,,,,2.60000,
AVIBASE-E2817DAE,,,,,,,,,,,,,,,,,,,,,3.20000,
AVIBASE-28825494,3341.00000,14.00000,3150.00000,14.00000,580.00000,,560.00000,,,,,,,,,,,,,,4.00000,110.00000
AVIBASE-03C0F97C,7100.00000,,5700.00000,,74.50000,,67.80000,,29.30000,,26.60000,,,,,,32.30000,,28.20000,,2.40000,
AVIBASE-8AA3B42E,1281.00000,,1667.00000,,633.00000,,650.00000,,22.40000,,22.90000,,112.00000,,121.00000,,431.00000,21.00000,431.00000,,1.00000,88.00000
AVIBASE-788EBCAB,1239.00000,,1630.00000,,581.60000,,606.90000,,26.70000,,28.30000,,102.00000,,115.90000,,378.50000,4.00000,402.30000,3.00000,1.00000,74.00000
AVIBASE-09ED7E92,754.00000,,858.00000,,536.00000,,546.30000,,22.90000,,24.10000,,82.80000,,88.40000,,316.50000,4.00000,318.40000,5.00000,1.00000,66.00000
AVIBASE-67200E8E,1400.00000,,1550.00000,,616.00000,,648.00000,,25.00000,,18.90000,,110.50000,,131.80000,,388.00000,10.00000,419.00000,10.00000,1.00000,80.00000
AVIBASE-827A77C7,12800.00000,7.00000,11500.00000,10.00000,341.00000,25.00000,329.00000,25.00000,,,,,137.00000,25.00000,127.60000,25.00000,76.00000,,56.00000,,1.00000,306.00000
AVIBASE-58848B71,38200.00000,9.00000,29500.00000,7.00000,362.00000,,347.00000,,,,,,81.50000,,80.40000,,,,,,1.00000,425.00000
AVIBASE-F2B3BF2A,5860.00000,,5070.00000,,,,234.00000,,,,,,55.50000,,50.40000,,,,,,2.00000,136.00000
AVIBASE-4A947BE7,5350.00000,,4740.00000,,,,192.70000,,,,,,40.00000,,36.70000,,,,,,2.00000,124.00000
AVIBASE-4023CC81,2500.00000,,2440.00000,,167.00000,,161.00000,,,,,,46.50000,,41.10000,,,,,,2.00000,95.80000
AVIBASE-A143FB33,4530.00000,,4030.00000,,185.70000,,178.50000,,,,,,51.10000,,45.00000,,81.10000,17.00000,83.10000,17.00000,2.00000,108.00000
AVIBASE-2C2BC004,4760.00000,,5210.00000,,,,,,,,,,61.40000,,53.70000,,,,,,2.00000,142.00000
AVIBASE-01A11B3A,,,,,,,,,,,,,,,,,97.90000,8.00000,87.80000,5.00000,2.00000,150.00000
AVIBASE-01A11B3A,,,,,,,,,,,,,,,,,97.90000,8.00000,87.80000,5.00000,2.00000,150.00000
AVIBASE-01A11B3A,4500.00000,,4000.00000,,,,,,,,,,,,,,,,,,,
AVIBASE-01A11B3A,4500.00000,,4000.00000,,,,,,,,,,,,,,,,,,,
AVIBASE-9DF07165,8500.00000,,7500.00000,,209.00000,,204.00000,,60.10000,,58.10000,,54.40000,,52.80000,,64.00000,42.00000,60.70000,47.00000,1.50000,133.10000
AVIBASE-151738D5,1243.70000,,1085.20000,,118.10000,,117.00000,,18.40000,,19.00000,,35.70000,,34.50000,,,,,,2.00000,52.00000
AVIBASE-9B183BDD,3600.00000,18.00000,3200.00000,18.00000,,,,,,,,,60.50000,41.00000,55.50000,25.00000,,,,,2.00000,103.00000
AVIBASE-3B4B29E0,4470.00000,,3770.00000,,195.00000,,186.00000,,49.40000,,46.40000,,58.80000,,54.50000,,30.50000,9.00000,31.60000,6.00000,,107.00000
AVIBASE-6C50988A,1729.00000,7.00000,1477.00000,5.00000,292.00000,12.00000,281.00000,10.00000,75.10000,10.00000,70.80000,10.00000,55.10000,11.00000,51.30000,10.00000,53.40000,10.00000,50.10000,10.00000,1.79000,83.00000
AVIBASE-CA5852BE,3355.00000,2.00000,2254.00000,3.00000,324.00000,10.00000,309.00000,,82.20000,11.00000,78.80000,10.00000,60.70000,9.00000,60.20000,10.00000,58.70000,10.00000,57.80000,8.00000,2.00000,122.00000
AVIBASE-B7D7EF23,2349.00000,5.00000,2115.00000,7.00000,297.70000,31.00000,293.00000,31.00000,75.00000,34.00000,72.00000,31.00000,52.90000,14.00000,50.60000,13.00000,57.00000,2.00000,53.00000,1.00000,1.90000,95.00000
AVIBASE-7E022378,5460.00000,20.00000,4500.00000,20.00000,370.80000,8.00000,348.60000,9.00000,98.70000,32.00000,93.00000,22.00000,83.10000,32.00000,80.60000,22.00000,66.80000,21.00000,61.40000,25.00000,2.00000,167.00000
AVIBASE-5349255D,4900.00000,14.00000,5212.50000,13.00000,380.50000,28.00000,374.50000,21.00000,93.15000,26.00000,90.50000,21.00000,89.00000,23.00000,88.45000,15.00000,,,,,2.00000,160.00000
AVIBASE-C1706A8B,5140.00000,,4220.00000,,552.00000,,526.80000,,102.70000,,94.20000,,101.90000,,89.70000,,182.00000,11.00000,173.00000,14.00000,1.00000,237.00000
AVIBASE-F504C8DE,4902.00000,,3724.00000,,538.56000,,505.60000,,96.00000,,94.00000,,103.30000,,89.40000,,180.00000,10.00000,175.00000,5.00000,1.00000,256.40000
AVIBASE-049D9AEA,884.00000,,706.00000,,339.00000,,323.00000,,53.70000,,50.20000,,37.50000,,35.70000,,125.00000,10.00000,122.00000,13.00000,1.00000,98.00000
AVIBASE-10C2881A,845.00000,,745.00000,,345.00000,,335.00000,,54.60000,,52.60000,,45.90000,,42.50000,,130.00000,12.00000,125.00000,9.00000,1.00000,103.00000
AVIBASE-53518617,663.00000,,627.00000,,318.00000,,310.00000,,43.00000,,43.00000,,39.00000,,35.00000,,119.00000,18.00000,117.00000,,1.00000,95.00000
AVIBASE-AAC2D613,442.00000,,407.00000,,266.00000,,265.00000,,44.00000,,42.00000,,31.00000,,30.00000,,102.00000,23.00000,104.00000,22.00000,1.00000,60.00000
AVIBASE-BB999943,341.00000,,293.00000,,278.00000,,270.00000,,38.20000,,37.20000,,22.30000,,20.20000,,135.20000,18.00000,133.60000,8.00000,1.00000,47.00000
AVIBASE-AE186136,169.60000,,165.90000,,226.00000,,226.00000,,31.20000,,30.50000,,24.50000,,24.70000,,102.80000,9.00000,103.10000,11.00000,1.00000,38.00000
AVIBASE-B829AC03,302.00000,,225.10000,,256.50000,,254.10000,,32.10000,,32.00000,,26.80000,,27.00000,,105.80000,6.00000,106.20000,9.00000,1.00000,56.00000
AVIBASE-0DF68A87,430.00000,,429.00000,,,,,,,,,,,,,,,,,,1.00000,56.00000
AVIBASE-508E7E59,668.00000,,667.00000,,318.30000,,315.90000,,43.60000,,43.00000,,36.50000,,35.70000,,,,,,1.00000,80.00000
AVIBASE-105C306C,160.00000,,153.00000,,193.00000,,192.00000,,32.50000,,32.10000,,28.00000,,27.70000,,102.00000,19.00000,101.00000,12.00000,1.00000,30.00000
AVIBASE-ED1DDABB,141.40000,,136.80000,,181.00000,,179.10000,,33.30000,,33.10000,,22.20000,,21.70000,,89.10000,39.00000,87.90000,31.00000,1.00000,25.00000
AVIBASE-058773E4,107.10000,,99.90000,,198.10000,,197.80000,,27.70000,,27.30000,,21.60000,,21.20000,,21.60000,52.00000,21.20000,52.00000,1.00000,21.00000
AVIBASE-35EB45A0,1390.00000,,1280.00000,,396.10000,,387.30000,,67.00000,,63.90000,,53.00000,,51.10000,,126.30000,4.00000,129.00000,3.00000,1.00000,120.00000
AVIBASE-DB67DB1F,723.00000,,682.00000,,343.40000,,340.70000,,52.90000,,53.50000,,41.70000,,40.40000,,98.00000,1.00000,97.00000,3.00000,1.00000,90.00000
AVIBASE-9057992B,1232.50000,,1176.00000,,385.60000,,381.50000,,,,,,,,,,125.50000,2.00000,125.30000,3.00000,1.00000,137.60000
AVIBASE-CA4D268D,955.60000,,817.30000,,371.10000,,363.00000,,60.30000,,58.10000,,58.80000,,55.70000,,141.50000,2.00000,136.00000,11.00000,1.00000,74.00000
AVIBASE-E94A7272,457.00000,,474.60000,,297.60000,,297.30000,,31.20000,,30.50000,,45.70000,,44.50000,,140.30000,6.00000,138.70000,3.00000,1.00000,56.00000
AVIBASE-83F9C058,345.00000,,306.50000,,293.10000,,289.90000,,,,,,42.50000,,40.10000,,127.90000,12.00000,127.00000,3.00000,1.00000,61.00000
AVIBASE-60825BF6,560.00000,,528.00000,,273.00000,,275.00000,,52.70000,,51.40000,,31.80000,,31.40000,,81.00000,19.00000,82.40000,17.00000,1.00000,82.00000
AVIBASE-5AEDC002,537.00000,,506.00000,,239.00000,,235.00000,,45.70000,,44.70000,,35.00000,,34.10000,,74.70000,15.00000,74.90000,9.00000,1.00000,57.00000
AVIBASE-0205EDC6,,,,,,,,,,,,,,,,,,,,,1.00000,32.00000
AVIBASE-8A40716A,110.30000,,101.00000,,130.10000,,129.20000,,27.20000,,26.70000,,16.80000,,16.30000,,42.40000,7.00000,41.50000,4.00000,1.00000,21.00000
AVIBASE-A28D8D38,9110.00000,,7270.00000,,665.00000,,643.00000,,121.00000,,114.00000,,170.00000,,162.00000,,227.00000,21.00000,215.00000,23.00000,1.00000,484.00000
AVIBASE-D93548A7,6970.00000,,6120.00000,,656.00000,,636.00000,,118.00000,,109.00000,,147.00000,,141.00000,,,,,,,
AVIBASE-4D8C9B97,8840.00000,,7560.00000,,696.00000,,673.00000,,136.00000,,125.00000,,184.00000,,171.00000,,217.40000,5.00000,205.20000,5.00000,1.00000,445.00000
AVIBASE-4976BF1D,2800.00000,,2700.00000,,524.00000,,511.00000,,84.00000,,81.00000,,116.00000,,109.00000,,275.00000,5.00000,256.30000,4.00000,1.00000,231.00000
AVIBASE-D295D249,33.60000,,36.20000,,150.80000,,155.00000,,34.20000,,35.40000,,12.30000,,12.60000,,69.00000,21.00000,70.90000,14.00000,1.00000,9.40000
AVIBASE-F5C74C92,24.00000,,24.00000,,129.50000,,134.90000,,31.80000,,32.30000,,12.70000,,,,,,,,,10.70000
AVIBASE-E9DF118E,40.20000,,41.40000,,155.00000,,156.80000,,41.20000,,41.20000,,15.90000,,16.10000,,70.10000,10.00000,73.70000,9.00000,1.00000,13.20000
AVIBASE-ACE8EADE,51.70000,,54.20000,,162.30000,,170.80000,,39.60000,,40.80000,,15.30000,,15.10000,,77.60000,10.00000,79.40000,16.00000,1.00000,13.20000
AVIBASE-224E1093,47.00000,,52.00000,,,,,,,,,,,,,,73.30000,51.00000,73.50000,12.00000,1.00000,10.80000
AVIBASE-0F6A5DD6,,,,,,,,,,,,,,,,,67.80000,18.00000,70.10000,8.00000,1.00000,10.80000
AVIBASE-6FC4B715,45.30000,,45.40000,,159.00000,,161.60000,,27.30000,,27.30000,,16.60000,,16.60000,,80.80000,47.00000,80.50000,53.00000,1.00000,10.10000
AVIBASE-EDF95934,,,,,149.50000,37.00000,152.10000,35.00000,23.08000,37.00000,22.40000,28.00000,14.73000,37.00000,14.65000,35.00000,,,,,1.00000,
AVIBASE-149499C6,,,,,,,,,,,,,,,,,,,,,1.00000,13.80000
AVIBASE-04B43245,,,,,,,,,,,,,,,,,,,,,1.00000,8.30000
AVIBASE-DD814006,,,,,,,,,,,,,,,,,,,,,1.00000,12.10000
AVIBASE-7D5E37D9,5.60000,33.00000,7.00000,20.00000,47.80000,10.00000,51.40000,10.00000,19.10000,10.00000,19.70000,7.00000,13.20000,6.00000,14.40000,7.00000,23.30000,10.00000,22.10000,7.00000,4.00000,1.34000
AVIBASE-19420218,15.80000,18.00000,19.60000,19.00000,51.80000,5.00000,52.80000,4.00000,23.20000,5.00000,24.40000,3.00000,14.60000,5.00000,15.30000,4.00000,20.00000,5.00000,20.00000,3.00000,3.10000,2.55000
AVIBASE-1BE5E2E3,89.10000,10.00000,90.50000,6.00000,108.70000,18.00000,107.40000,5.00000,38.70000,18.00000,38.27000,3.00000,26.40000,16.00000,26.10000,4.00000,48.80000,18.00000,42.00000,4.00000,3.00000,
AVIBASE-373286B2,84.00000,1.00000,,,123.00000,6.00000,126.00000,3.00000,38.50000,6.00000,37.00000,3.00000,24.00000,6.00000,23.00000,3.00000,,,,,,7.50000
AVIBASE-C43C7532,,,,,118.00000,10.00000,118.00000,4.00000,36.50000,10.00000,35.50000,4.00000,25.60000,10.00000,26.00000,1.00000,,,,,,
AVIBASE-AA127B89,,,,,124.90000,21.00000,122.10000,21.00000,39.40000,21.00000,39.00000,23.00000,26.20000,21.00000,26.70000,22.00000,,,,,,
AVIBASE-91D71187,62.30000,8.00000,67.00000,7.00000,107.90000,22.00000,106.70000,10.00000,38.60000,20.00000,38.30000,10.00000,27.20000,20.00000,26.80000,10.00000,40.00000,22.00000,39.90000,9.00000,4.00000,6.70000
AVIBASE-1A23027E,99.30000,14.00000,98.20000,8.00000,128.80000,21.00000,128.40000,12.00000,45.70000,21.00000,45.60000,11.00000,33.40000,20.00000,32.80000,11.00000,51.90000,21.00000,52.90000,11.00000,3.50000,10.00000
AVIBASE-9EE216F9,,,,,75.50000,2.00000,,,,,,,,,,,,,,,,2.90000
AVIBASE-EE68233F,,,,,81.60000,5.00000,81.40000,6.00000,,,,,15.40000,5.00000,14.70000,6.00000,,,,,,3.30000
AVIBASE-1F662597,20.50000,12.00000,17.70000,6.00000,66.70000,41.00000,63.10000,13.00000,,,,,15.70000,41.00000,14.90000,13.00000,,,,,,2.60000
AVIBASE-B8AE6DAF,32.50000,1.00000,31.10000,4.00000,75.23000,3.00000,75.75000,2.00000,19.50000,2.00000,20.00000,2.00000,13.60000,3.00000,15.00000,2.00000,,,,,,
AVIBASE-7379144B,,,,,,,,,,,,,,,,,,,,,,
AVIBASE-900B219B,,,,,,,,,,,,,,,,,,,,,,
AVIBASE-FD5DACEE,,,,,55.40000,93.00000,51.70000,74.00000,13.00000,93.00000,12.90000,73.00000,8.00000,92.00000,8.00000,72.00000,44.30000,35.00000,40.00000,32.00000,2.00000,1.30000
AVIBASE-54EC5236,12.00000,,,,,,,,,,,,,,,,,,,,,
AVIBASE-F219499B,14.00000,,,,,,,,,,,,,,,,,,,,,
AVIBASE-B655AA73,24.00000,,,,,,,,,,,,,,,,,,,,,2.78000
AVIBASE-709BBA1D,8.00000,,,,,,,,,,,,,,,,,,,,,
AVIBASE-659CF5C6,18.60000,,15.10000,,,,,,,,,,,,,,,,,,,
AVIBASE-EC9D7A78,12.00000,,,,,,,,,,,,,,,,,,,,,
AVIBASE-4CAD4149,,,,,107.00000,9.00000,101.30000,8.00000,16.11000,4.00000,16.50000,,19.13000,4.00000,18.30000,,107.00000,9.00000,101.30000,8.00000,3.27000,2.76000
AVIBASE-F6CA75F0,12.80000,6.00000,12.20000,5.00000,84.00000,6.00000,80.00000,5.00000,13.10000,6.00000,12.90000,5.00000,12.10000,6.00000,12.10000,5.00000,65.00000,29.00000,68.00000,21.00000,3.02000,
AVIBASE-9891BF73,,,,,84.40000,12.00000,78.50000,4.00000,13.70000,,13.20000,,12.00000,12.00000,11.10000,4.00000,65.70000,43.00000,63.50000,40.00000,3.00000,1.77000
AVIBASE-7B0669CB,,,,,67.60000,70.00000,64.30000,31.00000,,,,,,,,,50.90000,68.00000,49.00000,29.00000,4.00000,1.64000
AVIBASE-2778A3F4,12.80000,45.00000,12.80000,67.00000,69.70000,45.00000,73.10000,67.00000,14.80000,12.00000,15.50000,24.00000,,,,,57.90000,19.00000,62.50000,11.00000,2.82000,1.86000
AVIBASE-33808812,13.20000,9.00000,13.80000,6.00000,72.07000,49.00000,68.63000,8.00000,16.64000,49.00000,16.68000,8.00000,,,,,58.70000,45.00000,57.90000,8.00000,3.50000,
AVIBASE-5BC4E0EF,12.70000,373.00000,12.50000,369.00000,70.55000,50.00000,67.01000,18.00000,16.47000,50.00000,16.67000,18.00000,9.12000,47.00000,8.85000,19.00000,58.40000,28.00000,55.20000,38.00000,3.42000,1.75000
AVIBASE-F5837054,11.10000,5.00000,10.20000,6.00000,63.90000,23.00000,60.10000,32.00000,16.04000,20.00000,15.64000,5.00000,9.90000,,,,55.90000,,,,3.94000,1.39000
AVIBASE-1EB2595E,10.60000,91.00000,10.30000,44.00000,,,,,,,,,,,,,,,,,3.50000,1.45000
AVIBASE-DACF7A98,,,,,71.00000,61.00000,68.00000,55.00000,18.08000,45.00000,17.85000,29.00000,,,,,63.10000,23.00000,60.30000,14.00000,3.52000,1.60000
AVIBASE-499FFF98,,,,,69.50000,63.00000,65.50000,64.00000,,,,,,,,,64.20000,35.00000,60.40000,23.00000,3.68000,
AVIBASE-010B758B,,,,,,,,,,,,,,,,,,,,,,
AVIBASE-44A20283,,,,,65.50000,100.00000,62.50000,100.00000,,,,,8.40000,16.00000,7.84000,5.00000,58.60000,13.00000,55.70000,5.00000,3.30000,1.52000
AVIBASE-6FD04659,,,,,67.50000,62.00000,66.50000,60.00000,,,,,8.40000,32.00000,8.47000,10.00000,61.60000,27.00000,58.60000,10.00000,3.30000,
AVIBASE-58AC300F,8.10000,6.00000,7.70000,3.00000,61.30000,10.00000,56.40000,7.00000,14.30000,13.00000,14.10000,8.00000,10.00000,13.00000,9.60000,8.00000,47.00000,10.00000,45.30000,7.00000,3.50000,1.15000
AVIBASE-28669A3D,,,,,104.00000,54.00000,98.90000,48.00000,20.40000,22.00000,19.60000,17.00000,15.70000,22.00000,14.40000,17.00000,82.50000,54.00000,79.40000,48.00000,3.98000,2.30000
AVIBASE-B182DED2,19.00000,14.00000,17.50000,45.00000,88.80000,37.00000,84.90000,65.00000,17.50000,23.00000,17.10000,24.00000,11.40000,23.00000,10.90000,24.00000,80.40000,23.00000,76.20000,24.00000,4.21000,2.10000
AVIBASE-1456993D,12.40000,4.00000,13.40000,7.00000,78.77000,23.00000,75.62000,15.00000,15.45000,23.00000,16.21000,15.00000,9.24000,22.00000,9.67000,14.00000,60.00000,23.00000,58.50000,14.00000,2.73000,
AVIBASE-3EB54C47,16.30000,,17.10000,,,,,,,,,,,,,,,,,,,
AVIBASE-7609CE39,49.00000,,,,,,,,,,,,,,,,,,,,,
AVIBASE-3D57A982,21.00000,20.00000,19.00000,17.00000,89.40000,60.00000,84.20000,47.00000,18.80000,,17.80000,,17.80000,,17.30000,,83.00000,58.00000,78.50000,45.00000,3.54000,2.38000
AVIBASE-E0A04985,28.70000,164.00000,27.20000,104.00000,99.90000,260.00000,94.20000,181.00000,22.90000,,22.90000,,,,,,91.40000,257.00000,86.00000,177.00000,4.30000,3.42000
AVIBASE-8D6D5F2B,,,,,103.80000,20.00000,98.90000,20.00000,,,,,15.08000,20.00000,14.87000,20.00000,91.40000,20.00000,85.30000,20.00000,5.00000,3.65000
AVIBASE-FC9E06A0,44.50000,11.00000,43.00000,8.00000,108.00000,63.00000,101.00000,48.00000,,,,,,,,,92.00000,100.00000,87.00000,50.00000,4.50000,4.15000
AVIBASE-DFF4AD06,,,,,,,,,,,,,,,,,,,,,,
AVIBASE-A7BEC2BF,,,,,,,,,,,,,,,,,,,,,,
AVIBASE-FCF63BDD,,,,,,,,,,,,,,,,,,,,,,
AVIBASE-BB6B236F,36.50000,20.00000,38.60000,15.00000,113.50000,14.00000,111.30000,18.00000,18.80000,14.00000,19.10000,18.00000,18.60000,14.00000,18.40000,18.00000,94.30000,14.00000,93.70000,18.00000,3.00000,4.41000
AVIBASE-0A76713F,,,,,126.70000,,119.40000,,19.30000,,19.30000,,22.40000,,21.90000,,104.40000,,94.70000,,3.00000,
AVIBASE-178B8955,45.00000,8.00000,41.40000,8.00000,129.70000,19.00000,121.40000,14.00000,21.50000,19.00000,21.40000,14.00000,19.70000,19.00000,18.30000,14.00000,129.70000,19.00000,121.40000,14.00000,4.07000,3.73000
AVIBASE-097B0525,56.40000,8.00000,54.90000,4.00000,134.00000,6.00000,130.00000,7.00000,20.20000,6.00000,19.70000,7.00000,26.70000,6.00000,24.80000,7.00000,101.40000,6.00000,97.60000,7.00000,4.25000,4.08000
AVIBASE-2281F1C7,38.50000,9.00000,37.30000,9.00000,127.90000,19.00000,118.90000,11.00000,20.30000,18.00000,20.80000,11.00000,17.80000,20.00000,17.30000,11.00000,,,,,3.85000,3.88000
AVIBASE-6F65F82B,39.20000,51.00000,39.40000,55.00000,124.40000,51.00000,114.30000,57.00000,20.13000,51.00000,19.98000,57.00000,13.80000,30.00000,13.28000,34.00000,216.80000,51.00000,146.70000,56.00000,4.58000,3.43000
AVIBASE-A2510EF4,32.00000,,27.30000,,,,,,,,,,,,,,,,,,,
AVIBASE-082D833C,42.80000,24.00000,41.60000,32.00000,117.80000,25.00000,110.90000,33.00000,19.10000,25.00000,19.10000,32.00000,,,,,87.80000,25.00000,83.00000,33.00000,3.36000,4.18000
AVIBASE-F5388B5E,,,,,117.30000,182.00000,113.30000,160.00000,18.30000,188.00000,18.70000,169.00000,28.60000,185.00000,28.60000,168.00000,95.50000,174.00000,90.30000,156.00000,3.03000,4.45000
AVIBASE-7E0CD776,,,,,,,,,,,,,,,,,,,,,,
AVIBASE-C9B114BE,43.00000,,,,,,,,,,,,,,,,,,,,,
AVIBASE-9DBB70D5,46.70000,22.00000,47.50000,8.00000,114.80000,20.00000,108.50000,15.00000,19.80000,20.00000,19.40000,15.00000,24.00000,20.00000,23.80000,15.00000,81.20000,20.00000,77.70000,15.00000,3.42000,
AVIBASE-9971C83E,23.00000,,,,,,,,,,,,,,,,,,,,,
AVIBASE-9C883C7B,,,,,123.50000,,119.90000,,27.90000,,27.20000,,28.70000,,28.70000,,95.20000,,93.70000,,3.50000,6.85000
AVIBASE-6D5FE7C8,74.00000,,69.80000,,,,,,,,,,,,,,,,,,,
AVIBASE-3B5C0E15,13.80000,,14.00000,,,,,,,,,,,,,,,,,,,2.55000
AVIBASE-AB0B75D8,17.50000,,17.60000,,56.70000,,57.80000,,,,,,,,,,,,,,,1.50000
AVIBASE-1C713394,12.80000,,14.10000,,,,,,,,,,,,,,,,,,,
AVIBASE-F4A5EA23,18.90000,,19.20000,,,,,,,,,,,,,,,,,,,
AVIBASE-F9CEDB91,16.30000,,17.40000,,,,,,,,,,,,,,,,,,,
AVIBASE-182E9FE2,,,,,,,,,,,,,,,,,,,,,,
AVIBASE-9DF85999,18.20000,,,,53.30000,,,,,,,,,,,,,,,,,2.50000
AVIBASE-091F833E,18.50000,,16.80000,,,,,,,,,,,,,,,,,,,2.10000
AVIBASE-3B9B9B3E,22.50000,,20.40000,,,,,,,,,,,,,,,,,,,
AVIBASE-7064BD02,17.50000,,16.60000,,,,,,,,,,,,,,,,,,,2.33000
AVIBASE-235DE47B,25.90000,,25.50000,,,,,,,,,,,,,,,,,,,
AVIBASE-CDBA9E0C,18.10000,,18.20000,,,,,,,,,,,,,,,,,,,
AVIBASE-A31278C7,46.60000,,38.60000,,,,,,,,,,,,,,,,,,,
AVIBASE-7E4EE12D,62.40000,,61.10000,,,,,,,,,,,,,,,,,,,
AVIBASE-7E82BA92,77.00000,,,,,,,,,,,,,,,,,,,,,
AVIBASE-356BAAED,66.40000,,64.60000,,,,,,,,,,,,,,,,,,,
AVIBASE-FC8137F0,42.00000,,,,,,,,,,,,,,,,,,,,,
AVIBASE-76842795,21.90000,13.00000,21.40000,11.00000,88.40000,30.00000,87.40000,25.00000,20.40000,17.00000,20.20000,12.00000,16.90000,16.00000,16.50000,13.00000,57.00000,17.00000,56.30000,14.00000,2.00000,2.86000
AVIBASE-DC00AA16,23.60000,19.00000,22.70000,12.00000,85.30000,26.00000,83.90000,21.00000,22.40000,25.00000,22.00000,20.00000,19.70000,26.00000,19.00000,19.00000,69.50000,4.00000,70.50000,2.00000,2.00000,
AVIBASE-B3CBAA5C,35.30000,61.00000,34.50000,50.00000,92.70000,20.00000,90.50000,18.00000,23.50000,20.00000,23.00000,18.00000,17.90000,22.00000,17.80000,17.00000,68.10000,31.00000,66.80000,23.00000,3.00000,4.05000
AVIBASE-05554FAE,927.80000,6.00000,,,275.50000,17.00000,259.20000,9.00000,110.70000,16.00000,102.90000,9.00000,40.80000,16.00000,40.70000,7.00000,540.10000,14.00000,392.00000,2.00000,1.00000,
AVIBASE-952F5682,1099.70000,10.00000,860.20000,5.00000,290.50000,14.00000,260.00000,10.00000,110.40000,14.00000,101.40000,10.00000,41.40000,13.00000,39.50000,10.00000,696.90000,9.00000,367.50000,2.00000,1.00000,61.50000
AVIBASE-EA9FC4C7,,,,,64.50000,11.00000,59.80000,5.00000,21.90000,12.00000,20.60000,5.00000,16.50000,11.00000,15.70000,5.00000,70.70000,11.00000,64.80000,5.00000,2.00000,
AVIBASE-D3A5B317,51.80000,36.00000,34.30000,28.00000,75.80000,36.00000,65.70000,28.00000,26.60000,36.00000,23.10000,28.00000,18.00000,36.00000,16.40000,28.00000,103.70000,7.00000,86.00000,2.00000,1.00000,
AVIBASE-69B4F44B,,,,,,,,,,,,,,,,,,,,,,15.30000
AVIBASE-D24C5470,,,,,,,,,,,,,,,,,,,,,,21.60000
AVIBASE-989FE32C,,,,,,,,,,,,,,,,,,,,,,17.50000
AVIBASE-64F67694,,,,,,,,,,,,,,,,,,,,,,13.80000
AVIBASE-5CF4CE65,,,,,,,,,,,,,,,,,,,,,,20.00000
AVIBASE-2F763AC6,,,,,,,,,,,,,,,,,,,,,,14.60000
AVIBASE-0F4DA8F3,,,,,,,,,,,,,,,,,,,,,,18.10000
AVIBASE-93DAA1B3,,,,,,,,,,,,,,,,,,,,,,16.10000
AVIBASE-17EAFC11,7.60000,,7.80000,,,,,,,,,,,,,,,,,,,
AVIBASE-0E9290F8,7.90000,21.00000,7.90000,29.00000,44.00000,23.00000,43.00000,20.00000,19.30000,23.00000,19.40000,20.00000,11.20000,23.00000,11.60000,18.00000,49.40000,21.00000,55.20000,4.00000,3.50000,1.14000
AVIBASE-09FF44CF,7.60000,36.00000,7.20000,26.00000,46.00000,62.00000,44.80000,20.00000,19.40000,62.00000,19.10000,20.00000,10.70000,60.00000,10.70000,20.00000,58.30000,19.00000,59.10000,7.00000,3.50000,1.09000
AVIBASE-DAC72D07,9.90000,214.00000,9.30000,229.00000,50.70000,59.00000,49.70000,26.00000,22.40000,62.00000,21.70000,26.00000,11.40000,60.00000,11.50000,25.00000,64.90000,20.00000,67.30000,23.00000,3.50000,1.41000
AVIBASE-A334276B,10.60000,43.00000,9.60000,43.00000,52.00000,26.00000,50.20000,20.00000,22.90000,26.00000,22.50000,11.00000,11.70000,21.00000,11.70000,10.00000,62.20000,24.00000,62.60000,19.00000,3.00000,1.44000
AVIBASE-468816FA,8.20000,49.00000,8.10000,47.00000,47.20000,64.00000,46.30000,30.00000,21.10000,62.00000,20.60000,24.00000,11.90000,58.00000,11.60000,24.00000,78.50000,10.00000,75.10000,9.00000,3.50000,1.30000
AVIBASE-02B9E930,9.10000,12.00000,8.20000,6.00000,50.40000,29.00000,49.00000,20.00000,21.60000,27.00000,21.50000,20.00000,13.10000,27.00000,13.10000,19.00000,57.10000,24.00000,58.80000,18.00000,3.00000,
AVIBASE-378EF7E4,9.90000,468.00000,9.30000,323.00000,52.80000,57.00000,50.60000,57.00000,23.90000,18.00000,23.80000,5.00000,12.80000,16.00000,13.00000,5.00000,78.80000,28.00000,73.50000,6.00000,2.50000,1.11000
AVIBASE-41FCF199,9.40000,29.00000,9.00000,18.00000,50.40000,39.00000,48.50000,13.00000,22.40000,39.00000,22.30000,12.00000,12.20000,35.00000,11.90000,12.00000,74.30000,30.00000,71.60000,8.00000,3.00000,1.25000
AVIBASE-680AC77F,11.40000,41.00000,10.80000,38.00000,56.10000,41.00000,53.60000,38.00000,24.90000,14.00000,23.90000,9.00000,14.20000,4.00000,14.50000,4.00000,78.70000,41.00000,75.00000,38.00000,2.50000,1.46000
AVIBASE-66659A4B,5.10000,20.00000,4.80000,9.00000,39.20000,44.00000,38.00000,19.00000,14.80000,20.00000,14.50000,11.00000,10.20000,18.00000,9.80000,9.00000,74.70000,32.00000,68.50000,15.00000,2.50000,1.14000
AVIBASE-5C9D20AA,7.70000,15.00000,7.80000,7.00000,43.00000,19.00000,41.70000,19.00000,19.10000,19.00000,19.10000,19.00000,10.90000,19.00000,11.40000,18.00000,113.30000,57.00000,107.60000,31.00000,3.00000,1.23000
AVIBASE-9723DB2C,5.50000,1.00000,,,40.10000,17.00000,39.40000,7.00000,15.20000,16.00000,14.80000,7.00000,11.20000,16.00000,10.70000,7.00000,85.10000,16.00000,79.30000,6.00000,3.00000,
AVIBASE-DF425A48,18.80000,58.00000,18.00000,69.00000,60.20000,60.00000,58.50000,72.00000,24.00000,6.00000,22.73000,3.00000,13.40000,6.00000,11.90000,3.00000,108.50000,5.00000,99.30000,3.00000,2.50000,2.39000
AVIBASE-51CF00C2,36.90000,6.00000,33.20000,10.00000,76.70000,5.00000,73.80000,6.00000,29.10000,6.00000,28.00000,6.00000,19.00000,5.00000,17.90000,6.00000,108.20000,5.00000,100.80000,6.00000,2.00000,2.99000
AVIBASE-715A8FDD,24.30000,3.00000,22.20000,4.00000,63.70000,6.00000,63.00000,4.00000,24.10000,6.00000,23.80000,4.00000,16.50000,6.00000,15.80000,4.00000,88.80000,4.00000,82.00000,4.00000,2.50000,2.51000
AVIBASE-A860A9AA,20.60000,6.00000,18.90000,3.00000,64.20000,26.00000,61.60000,11.00000,24.60000,26.00000,23.40000,10.00000,13.80000,25.00000,13.90000,11.00000,89.20000,25.00000,86.20000,10.00000,2.50000,2.77000
AVIBASE-DEF58D26,17.00000,10.00000,16.40000,7.00000,59.50000,17.00000,57.70000,9.00000,23.60000,16.00000,22.60000,9.00000,12.80000,15.00000,12.00000,9.00000,82.90000,16.00000,77.50000,8.00000,2.50000,
AVIBASE-7157DFC1,24.00000,32.00000,22.10000,35.00000,66.80000,11.00000,64.50000,6.00000,25.10000,11.00000,25.90000,6.00000,14.90000,11.00000,14.60000,6.00000,,,,,2.00000,2.79000
AVIBASE-0E798C7D,22.00000,13.00000,20.00000,11.00000,63.50000,30.00000,61.60000,23.00000,24.90000,25.00000,24.20000,20.00000,15.60000,27.00000,15.40000,20.00000,80.60000,26.00000,78.20000,21.00000,2.50000,
AVIBASE-7187B6CF,30.20000,8.00000,27.70000,9.00000,74.60000,5.00000,72.00000,5.00000,26.70000,5.00000,24.30000,5.00000,17.70000,5.00000,17.80000,5.00000,,,,,2.00000,
AVIBASE-94C17280,13.80000,24.00000,10.70000,7.00000,69.10000,34.00000,62.90000,15.00000,18.20000,34.00000,17.30000,14.00000,20.20000,33.00000,19.30000,14.00000,,,,,2.00000,1.38000
AVIBASE-CEE16E70,8.00000,39.00000,7.60000,58.00000,58.20000,44.00000,54.60000,16.00000,15.70000,43.00000,15.30000,17.00000,16.80000,43.00000,15.70000,16.00000,,,,,2.00000,1.18000
AVIBASE-F3E41C51,7.90000,17.00000,7.70000,5.00000,58.30000,29.00000,54.50000,23.00000,14.30000,28.00000,14.20000,21.00000,14.50000,28.00000,14.40000,22.00000,,,,,2.00000,1.15000
AVIBASE-75B19C28,,,,,,,,,,,,,,,,,,,,,,
AVIBASE-C86D00F0,10.30000,10.00000,9.80000,5.00000,66.60000,28.00000,62.50000,13.00000,15.40000,27.00000,15.20000,13.00000,16.60000,23.00000,15.80000,12.00000,44.20000,28.00000,41.30000,13.00000,2.00000,1.13000
AVIBASE-772E19B8,10.00000,7.00000,9.80000,7.00000,67.80000,19.00000,63.90000,14.00000,15.70000,18.00000,15.10000,9.00000,18.20000,15.00000,17.60000,8.00000,67.80000,19.00000,63.90000,14.00000,1.96000,1.11000
AVIBASE-D6C393EC,27.50000,11.00000,25.10000,7.00000,86.50000,27.00000,83.10000,15.00000,21.10000,14.00000,20.80000,6.00000,21.20000,11.00000,20.90000,6.00000,67.80000,27.00000,67.60000,14.00000,2.60000,3.09000
AVIBASE-4BAD0A39,,,,,,,,,,,,,,,,,,,,,,
AVIBASE-A8B48179,,,,,,,,,,,,,,,,,,,,,,4.58000
AVIBASE-CA49E4FB,9.80000,4.00000,9.00000,4.00000,63.00000,5.00000,59.00000,3.00000,18.60000,5.00000,17.90000,3.00000,15.80000,5.00000,15.37000,3.00000,46.40000,5.00000,45.30000,3.00000,,
AVIBASE-5B8A3CD6,10.90000,25.00000,9.00000,9.00000,67.70000,83.00000,62.40000,24.00000,17.60000,38.00000,16.50000,6.00000,18.80000,34.00000,17.80000,6.00000,55.10000,16.00000,50.70000,10.00000,1.96000,
AVIBASE-853F2E95,16.90000,7.00000,12.70000,3.00000,77.00000,26.00000,66.20000,5.00000,18.90000,27.00000,17.30000,5.00000,22.60000,27.00000,19.20000,4.00000,64.20000,27.00000,55.40000,5.00000,2.00000,
AVIBASE-0C6603A9,,,,,,,,,,,,,,,,,,,,,,
AVIBASE-52387582,,,,,,,,,,,,,,,,,,,,,,2.47000
AVIBASE-430D8437,15.10000,11.00000,14.10000,4.00000,74.30000,28.00000,68.60000,10.00000,19.50000,21.00000,19.50000,6.00000,21.40000,28.00000,20.60000,10.00000,65.20000,5.00000,58.40000,5.00000,2.00000,2.13000
AVIBASE-80CAC2CD,26.90000,14.00000,23.40000,14.00000,86.50000,17.00000,79.30000,10.00000,24.10000,16.00000,23.10000,7.00000,23.50000,17.00000,21.80000,9.00000,70.90000,12.00000,68.80000,13.00000,2.04000,3.18000
AVIBASE-1EDA991A,40.20000,26.00000,33.90000,19.00000,102.10000,32.00000,94.00000,22.00000,25.50000,31.00000,24.30000,22.00000,23.70000,31.00000,21.90000,21.00000,92.00000,32.00000,86.70000,22.00000,2.15000,4.22000
AVIBASE-ABCF8D10,25.40000,15.00000,22.10000,6.00000,89.40000,11.00000,83.20000,6.00000,21.90000,11.00000,20.30000,6.00000,23.00000,11.00000,21.50000,5.00000,,,,,2.00000,
AVIBASE-565AF493,36.90000,7.00000,30.40000,9.00000,105.80000,21.00000,98.90000,15.00000,24.80000,21.00000,24.50000,15.00000,27.00000,20.00000,25.50000,14.00000,,,,,2.00000,
AVIBASE-A2F32028,24.50000,7.00000,21.40000,11.00000,91.70000,7.00000,83.70000,10.00000,21.60000,7.00000,21.00000,10.00000,22.80000,7.00000,20.80000,10.00000,,,,,2.00000,
AVIBASE-C6170551,17.60000,30.00000,16.60000,10.00000,80.30000,35.00000,75.40000,16.00000,19.00000,35.00000,18.80000,16.00000,16.80000,35.00000,16.20000,16.00000,73.50000,61.00000,69.60000,61.00000,2.35000,2.38000
AVIBASE-3C570F2E,35.50000,1.00000,32.80000,2.00000,103.50000,12.00000,97.90000,8.00000,27.00000,10.00000,25.00000,6.00000,25.30000,10.00000,24.30000,6.00000,91.20000,12.00000,86.70000,8.00000,2.00000,
AVIBASE-EEC32D82,28.50000,10.00000,25.20000,8.00000,92.20000,24.00000,87.20000,12.00000,24.40000,17.00000,24.40000,8.00000,21.60000,17.00000,21.40000,9.00000,84.60000,24.00000,82.70000,12.00000,2.00000,
AVIBASE-ADF91F60,28.20000,11.00000,24.90000,12.00000,93.50000,15.00000,87.00000,17.00000,24.80000,15.00000,23.80000,17.00000,20.70000,15.00000,19.80000,17.00000,88.10000,40.00000,83.60000,22.00000,2.29000,
AVIBASE-64829846,23.40000,22.00000,21.40000,15.00000,86.70000,31.00000,80.40000,17.00000,21.90000,31.00000,21.00000,17.00000,20.60000,27.00000,19.80000,16.00000,,,,,1.82000,2.99500
AVIBASE-EC322B71,32.40000,26.00000,29.10000,18.00000,98.80000,17.00000,91.20000,26.00000,24.70000,17.00000,23.80000,26.00000,24.50000,17.00000,23.10000,25.00000,86.60000,17.00000,78.80000,25.00000,2.00000,
AVIBASE-6897E78D,26.20000,30.00000,19.90000,10.00000,95.20000,20.00000,84.40000,24.00000,20.90000,20.00000,20.00000,24.00000,18.80000,18.00000,17.20000,21.00000,95.20000,20.00000,84.40000,24.00000,2.09000,
AVIBASE-CAD27557,33.10000,22.00000,27.60000,11.00000,103.30000,23.00000,97.90000,20.00000,24.80000,24.00000,23.90000,20.00000,20.60000,23.00000,19.50000,20.00000,102.20000,24.00000,96.00000,20.00000,2.40000,
AVIBASE-6409E246,34.10000,62.00000,30.60000,50.00000,98.00000,21.00000,93.00000,15.00000,28.90000,36.00000,28.10000,34.00000,21.00000,17.00000,20.10000,13.00000,89.90000,23.00000,85.20000,11.00000,2.00000,
AVIBASE-D2F157E4,21.90000,20.00000,18.90000,17.00000,83.40000,25.00000,78.60000,25.00000,20.80000,25.00000,19.90000,25.00000,19.00000,24.00000,17.80000,24.00000,,,,,2.00000,
AVIBASE-BEA249CC,15.70000,14.00000,14.80000,9.00000,76.80000,34.00000,72.80000,30.00000,18.50000,34.00000,18.10000,31.00000,16.80000,34.00000,16.20000,30.00000,,,,,2.00000,
AVIBASE-479EEC16,12.90000,43.00000,12.00000,20.00000,73.20000,45.00000,68.30000,26.00000,16.50000,45.00000,15.90000,25.00000,15.80000,45.00000,14.90000,25.00000,,,,,1.60000,
AVIBASE-34CC9FA8,19.30000,29.00000,16.20000,59.00000,82.60000,52.00000,78.40000,33.00000,18.10000,50.00000,17.70000,33.00000,15.60000,51.00000,15.40000,31.00000,,,,,2.40000,
AVIBASE-699EC869,15.80000,18.00000,14.50000,8.00000,77.00000,26.00000,74.10000,14.00000,18.40000,26.00000,17.40000,14.00000,16.40000,26.00000,15.80000,13.00000,,,,,2.00000,
AVIBASE-E03A81FF,18.40000,29.00000,16.90000,21.00000,83.60000,40.00000,79.80000,24.00000,18.60000,38.00000,18.40000,23.00000,15.80000,39.00000,15.10000,23.00000,75.20000,31.00000,71.80000,27.00000,2.09000,
AVIBASE-CE7BDFB9,20.60000,67.00000,18.20000,93.00000,84.10000,35.00000,79.60000,32.00000,19.50000,34.00000,19.30000,31.00000,16.50000,34.00000,15.80000,31.00000,,,,,2.31000,2.45000
AVIBASE-4F0E8694,39.00000,8.00000,32.40000,5.00000,98.90000,23.00000,94.00000,13.00000,26.60000,22.00000,25.10000,12.00000,28.60000,22.00000,27.10000,13.00000,78.10000,23.00000,75.50000,13.00000,2.00000,
AVIBASE-E4C4AC31,14.00000,23.00000,13.40000,5.00000,78.10000,19.00000,73.80000,12.00000,18.20000,19.00000,17.50000,12.00000,15.10000,19.00000,14.10000,11.00000,61.90000,19.00000,57.80000,12.00000,2.67000,1.90000
AVIBASE-C976BB55,15.70000,9.00000,15.10000,11.00000,78.70000,21.00000,76.10000,17.00000,19.20000,18.00000,19.10000,16.00000,14.30000,19.00000,13.80000,15.00000,62.20000,21.00000,60.10000,17.00000,3.00000,2.07000
AVIBASE-650D1F07,11.60000,14.00000,10.50000,9.00000,72.40000,22.00000,66.80000,20.00000,16.20000,6.00000,15.60000,11.00000,15.10000,15.00000,13.60000,14.00000,53.30000,13.00000,49.20000,17.00000,2.00000,1.77000
AVIBASE-8D322DD1,18.20000,11.00000,18.90000,11.00000,84.60000,21.00000,84.00000,22.00000,20.00000,9.00000,20.40000,10.00000,17.20000,8.00000,16.60000,10.00000,67.50000,20.00000,67.30000,14.00000,2.50000,2.59000
AVIBASE-4464B512,26.40000,27.00000,23.30000,24.00000,85.10000,16.00000,80.90000,11.00000,21.70000,14.00000,20.70000,11.00000,21.10000,14.00000,19.60000,11.00000,68.60000,16.00000,65.90000,11.00000,3.00000,3.01000
AVIBASE-08DADC05,12.50000,16.00000,13.30000,11.00000,69.10000,23.00000,67.40000,27.00000,16.60000,8.00000,17.20000,8.00000,14.00000,13.00000,13.80000,16.00000,57.40000,9.00000,58.00000,2.00000,3.00000,1.51000
AVIBASE-8A8E833D,40.20000,5.00000,30.30000,7.00000,103.00000,18.00000,93.20000,9.00000,28.20000,15.00000,28.00000,6.00000,21.50000,20.00000,20.40000,9.00000,78.20000,6.00000,68.50000,7.00000,4.00000,3.10000
AVIBASE-86C258A6,,,,,,,,,,,,,,,,,,,,,,2.95000
AVIBASE-E6D08CA4,,,,,,,,,,,,,,,,,,,,,,7.55000
AVIBASE-A8A2AE86,62.60000,19.00000,58.60000,18.00000,132.40000,24.00000,128.50000,13.00000,27.40000,24.00000,26.00000,13.00000,32.50000,24.00000,31.60000,13.00000,109.00000,20.00000,105.40000,11.00000,2.42000,5.22000
AVIBASE-9EDE54C8,101.20000,13.00000,90.70000,10.00000,141.70000,12.00000,134.60000,8.00000,35.10000,12.00000,32.90000,8.00000,41.10000,12.00000,38.20000,8.00000,127.50000,20.00000,124.50000,13.00000,3.69000,10.92000
AVIBASE-54042625,85.40000,20.00000,75.60000,17.00000,139.80000,22.00000,133.10000,13.00000,29.30000,22.00000,29.20000,12.00000,37.50000,22.00000,35.80000,13.00000,114.80000,22.00000,108.50000,13.00000,2.00000,6.91000
AVIBASE-6AD860B6,105.80000,23.00000,95.70000,7.00000,154.20000,31.00000,148.20000,13.00000,31.90000,31.00000,30.60000,14.00000,36.40000,27.00000,34.80000,14.00000,119.80000,5.00000,117.50000,4.00000,3.08000,8.55000
AVIBASE-08196575,,,,,,,,,,,,,,,,,,,,,,2.68000
AVIBASE-3C5F6124,,,,,,,,,,,,,,,,,,,,,,7.75000
AVIBASE-4EB37F7A,,,,,,,,,,,,,,,,,,,,,,
AVIBASE-F945FBE3,,,,,,,,,,,,,,,,,,,,,,
AVIBASE-CD8CB4D4,,,,,,,,,,,,,,,,,,,,,,6.10000
AVIBASE-DF9A1A25,20.20000,16.00000,18.50000,13.00000,77.30000,26.00000,73.60000,17.00000,22.50000,25.00000,21.60000,17.00000,23.30000,22.00000,22.10000,17.00000,81.10000,18.00000,73.80000,6.00000,2.50000,2.56000
AVIBASE-D1C0ED04,18.50000,18.00000,15.70000,11.00000,81.60000,30.00000,76.20000,27.00000,21.10000,28.00000,19.70000,25.00000,21.60000,26.00000,20.10000,22.00000,75.70000,30.00000,70.40000,27.00000,2.04000,2.31000
AVIBASE-AD945C6E,19.30000,15.00000,17.20000,15.00000,80.60000,29.00000,76.60000,19.00000,22.40000,19.00000,21.40000,12.00000,22.90000,19.00000,20.80000,11.00000,68.90000,27.00000,66.90000,20.00000,2.00000,2.64000
AVIBASE-8C34DEDF,12.60000,9.00000,8.50000,1.00000,65.60000,11.00000,64.50000,6.00000,16.00000,11.00000,16.10000,6.00000,17.10000,10.00000,16.50000,6.00000,43.50000,11.00000,41.80000,6.00000,2.09000,1.69000
AVIBASE-0ECD9105,13.20000,18.00000,12.30000,12.00000,70.90000,16.00000,67.50000,13.00000,17.30000,15.00000,16.90000,13.00000,17.70000,15.00000,17.00000,12.00000,49.70000,16.00000,49.10000,13.00000,2.05000,1.89000
AVIBASE-37E7828E,42.40000,9.00000,38.80000,11.00000,114.00000,10.00000,109.50000,13.00000,27.30000,10.00000,26.40000,13.00000,22.10000,9.00000,20.90000,13.00000,99.30000,10.00000,97.60000,12.00000,3.04000,3.62000
AVIBASE-F2B72743,11.90000,21.00000,11.10000,15.00000,64.60000,22.00000,62.50000,13.00000,17.60000,22.00000,17.30000,13.00000,14.70000,22.00000,14.50000,12.00000,,,,,2.14000,1.59000
AVIBASE-D06D4369,11.00000,30.00000,10.60000,21.00000,71.30000,32.00000,67.80000,22.00000,16.90000,35.00000,16.90000,21.00000,13.80000,34.00000,14.00000,21.00000,,,,,2.50000,1.56000
AVIBASE-DA492C3A,9.60000,9.00000,10.20000,4.00000,62.40000,12.00000,61.90000,10.00000,15.70000,12.00000,15.80000,10.00000,11.30000,12.00000,11.60000,10.00000,,,,,2.00000,1.40000
AVIBASE-56DDD096,22.80000,3.00000,18.00000,1.00000,89.40000,12.00000,84.30000,11.00000,17.80000,8.00000,17.70000,6.00000,16.90000,8.00000,16.10000,7.00000,54.50000,12.00000,51.20000,11.00000,2.00000,2.18000
AVIBASE-1C525B4A,43.70000,8.00000,36.60000,7.00000,115.20000,8.00000,105.70000,7.00000,22.90000,19.00000,22.00000,18.00000,22.80000,20.00000,21.10000,18.00000,96.70000,8.00000,91.40000,7.00000,2.20000,3.93000
AVIBASE-A542D690,10.60000,77.00000,9.00000,80.00000,63.80000,16.00000,58.00000,13.00000,19.90000,16.00000,18.60000,13.00000,24.90000,15.00000,22.50000,11.00000,62.10000,166.00000,54.90000,94.00000,2.20000,1.72000
AVIBASE-C5ACCD75,10.50000,155.00000,9.00000,86.00000,62.20000,150.00000,57.80000,85.00000,20.00000,26.00000,19.10000,8.00000,24.60000,24.00000,22.50000,7.00000,58.30000,101.00000,53.30000,59.00000,1.56000,1.73000
AVIBASE-7B865192,114.00000,16.00000,97.20000,15.00000,155.00000,16.00000,147.30000,14.00000,34.80000,9.00000,33.70000,9.00000,37.40000,15.00000,34.00000,13.00000,133.10000,16.00000,125.10000,14.00000,2.56000,7.90000
AVIBASE-7E6D62E4,32.30000,17.00000,28.60000,16.00000,96.70000,21.00000,90.90000,23.00000,22.50000,19.00000,22.60000,11.00000,17.80000,19.00000,17.00000,22.00000,94.00000,98.00000,98.70000,108.00000,2.00000,3.15000
AVIBASE-585D688F,63.40000,34.00000,57.20000,19.00000,137.60000,47.00000,130.10000,35.00000,29.70000,44.00000,29.40000,26.00000,24.60000,47.00000,23.60000,33.00000,120.20000,45.00000,115.30000,34.00000,2.90000,5.35000
AVIBASE-A2D30980,55.20000,17.00000,49.70000,17.00000,125.30000,38.00000,118.60000,45.00000,26.20000,38.00000,25.20000,45.00000,25.20000,38.00000,24.20000,44.00000,111.20000,27.00000,110.20000,14.00000,3.05000,4.87000
AVIBASE-73A0AA07,30.70000,202.00000,23.60000,94.00000,86.10000,200.00000,76.40000,94.00000,26.10000,127.00000,24.40000,49.00000,20.80000,29.00000,19.20000,19.00000,81.50000,38.00000,68.40000,23.00000,3.11000,3.28000
AVIBASE-BFB1C22E,47.10000,4.00000,41.40000,5.00000,113.10000,25.00000,107.50000,21.00000,26.20000,10.00000,25.70000,5.00000,26.80000,8.00000,25.50000,10.00000,113.40000,25.00000,106.40000,21.00000,2.20000,5.45000
AVIBASE-629C5612,71.20000,10.00000,53.70000,4.00000,128.90000,19.00000,116.10000,9.00000,28.70000,8.00000,27.70000,5.00000,34.40000,6.00000,33.30000,4.00000,145.10000,20.00000,125.30000,9.00000,1.00000,
AVIBASE-04A7ABB7,77.00000,26.00000,59.70000,14.00000,125.50000,22.00000,117.50000,22.00000,29.40000,18.00000,27.60000,19.00000,31.00000,17.00000,28.70000,16.00000,140.90000,23.00000,131.90000,22.00000,2.00000,5.52000
AVIBASE-F8C0016A,114.10000,12.00000,98.70000,6.00000,152.00000,19.00000,145.40000,8.00000,34.50000,8.00000,33.80000,2.00000,33.90000,8.00000,30.80000,2.00000,163.00000,17.00000,151.90000,8.00000,2.00000,7.69000
AVIBASE-3A72B910,168.50000,18.00000,123.30000,12.00000,183.20000,25.00000,164.30000,17.00000,40.70000,13.00000,38.40000,12.00000,34.40000,12.00000,32.00000,12.00000,261.00000,29.00000,247.00000,14.00000,2.50000,9.80000
AVIBASE-0A0D3BB9,124.90000,75.00000,89.60000,46.00000,152.20000,78.00000,133.20000,46.00000,40.70000,58.00000,37.00000,29.00000,33.50000,53.00000,30.10000,27.00000,122.30000,61.00000,108.80000,32.00000,3.00000,7.31000
AVIBASE-6A8D3C1E,10.80000,14.00000,10.60000,7.00000,67.10000,47.00000,65.60000,32.00000,17.80000,47.00000,17.50000,32.00000,13.80000,45.00000,13.80000,32.00000,,,,,2.83000,1.40000
AVIBASE-484BD738,10.60000,18.00000,10.30000,11.00000,63.10000,34.00000,61.50000,34.00000,17.50000,33.00000,17.20000,32.00000,12.60000,27.00000,12.70000,30.00000,,,,,2.88000,1.56000
AVIBASE-AC1DDE03,9.30000,33.00000,9.10000,10.00000,59.50000,19.00000,57.30000,8.00000,17.20000,19.00000,17.00000,8.00000,13.40000,19.00000,13.20000,8.00000,35.00000,6.00000,35.30000,4.00000,3.00000,1.13000
AVIBASE-54C1FDE5,13.30000,255.00000,13.20000,138.00000,69.20000,29.00000,67.60000,26.00000,17.20000,29.00000,17.20000,26.00000,12.00000,28.00000,12.40000,26.00000,,,,,3.00000,1.65000
AVIBASE-A35FBC5E,17.90000,11.00000,17.10000,10.00000,74.30000,30.00000,71.40000,20.00000,19.80000,30.00000,19.60000,20.00000,13.70000,29.00000,13.50000,18.00000,,,,,3.00000,2.38000
AVIBASE-54C12F34,8.60000,35.00000,8.90000,21.00000,57.40000,48.00000,57.00000,27.00000,16.90000,44.00000,16.90000,27.00000,7.60000,46.00000,7.90000,27.00000,29.70000,6.00000,29.70000,10.00000,4.00000,1.43000
AVIBASE-EAB686DF,11.00000,5.00000,10.40000,,,,,,,,,,,,,,,,,,,1.40000
AVIBASE-83FCEF52,10.90000,21.00000,10.80000,14.00000,63.40000,50.00000,62.50000,35.00000,18.30000,50.00000,18.50000,36.00000,10.00000,50.00000,9.70000,33.00000,32.40000,50.00000,31.80000,34.00000,3.50000,1.96000
AVIBASE-747BFF64,11.90000,25.00000,12.00000,9.00000,65.10000,20.00000,63.60000,14.00000,18.70000,20.00000,17.80000,14.00000,8.90000,19.00000,8.60000,14.00000,34.80000,30.00000,34.50000,18.00000,4.00000,1.90000
AVIBASE-8710A7E5,,,,,68.30000,6.00000,68.20000,5.00000,22.20000,5.00000,22.90000,5.00000,16.70000,6.00000,16.40000,5.00000,88.50000,6.00000,90.80000,4.00000,2.00000,3.95000
AVIBASE-68FB5B90,40.50000,2.00000,40.20000,3.00000,76.00000,12.00000,72.30000,14.00000,25.70000,12.00000,25.60000,14.00000,18.20000,11.00000,17.70000,14.00000,108.60000,17.00000,97.40000,14.00000,2.50000,5.10000
AVIBASE-CA9DB79D,70.70000,6.00000,66.00000,9.00000,93.00000,12.00000,89.30000,12.00000,39.90000,6.00000,38.60000,9.00000,21.70000,12.00000,21.70000,10.00000,127.50000,6.00000,122.80000,9.00000,2.00000,6.65000
AVIBASE-F16E99A0,30.80000,6.00000,32.40000,4.00000,74.00000,6.00000,69.30000,4.00000,31.10000,6.00000,29.90000,4.00000,16.80000,6.00000,16.10000,4.00000,,,,,2.00000,5.15000
AVIBASE-C2591EC1,14.70000,15.00000,14.00000,10.00000,64.50000,23.00000,63.60000,22.00000,22.80000,23.00000,22.70000,22.00000,15.60000,21.00000,15.40000,20.00000,56.80000,23.00000,56.30000,22.00000,3.00000,2.57000
AVIBASE-A902336F,18.60000,5.00000,14.60000,5.00000,65.70000,9.00000,63.20000,6.00000,22.60000,9.00000,21.80000,6.00000,19.00000,10.00000,18.50000,6.00000,47.70000,9.00000,46.70000,6.00000,2.00000,3.25000
AVIBASE-C53C2B2E,,,,,,,,,,,,,,,,,,,,,,
AVIBASE-FA91B53C,,,,,,,,,,,,,,,,,,,,,,
AVIBASE-34819139,,,,,,,,,,,,,,,,,,,,,,
AVIBASE-D51A7B9A,16.90000,30.00000,15.90000,26.00000,67.20000,25.00000,65.30000,13.00000,27.90000,25.00000,27.20000,13.00000,14.90000,24.00000,14.90000,13.00000,,,,,2.50000,3.88000
AVIBASE-3E73B907,13.30000,25.00000,12.60000,20.00000,57.00000,32.00000,55.10000,30.00000,21.80000,32.00000,21.30000,30.00000,14.30000,32.00000,14.00000,29.00000,47.80000,12.00000,45.40000,13.00000,3.00000,2.45000
AVIBASE-C9FE7134,19.60000,12.00000,17.00000,10.00000,61.40000,24.00000,57.80000,15.00000,25.00000,24.00000,23.90000,15.00000,15.80000,23.00000,15.30000,14.00000,,,,,2.50000,3.40000
AVIBASE-C3631CAD,12.00000,9.00000,10.80000,11.00000,59.60000,8.00000,56.10000,12.00000,23.00000,8.00000,21.60000,12.00000,14.60000,8.00000,14.70000,12.00000,,,,,2.00000,
AVIBASE-E2E76345,11.40000,8.00000,11.00000,5.00000,57.80000,12.00000,54.50000,8.00000,21.50000,10.00000,20.30000,7.00000,15.40000,8.00000,14.40000,4.00000,,,,,2.50000,1.79000
AVIBASE-51050D5A,,,,,,,,,,,,,,,,,,,,,,3.22000
AVIBASE-89E5A8A0,,,,,,,,,,,,,,,,,,,,,,
AVIBASE-25F21608,,,,,,,,,,,,,,,,,,,,,,
AVIBASE-B4FFDAC9,,,,,,,,,,,,,,,,,,,,,,
AVIBASE-AFAD2F60,12.20000,25.00000,11.40000,8.00000,56.80000,42.00000,54.10000,22.00000,21.10000,42.00000,20.20000,22.00000,13.20000,40.00000,13.00000,21.00000,,,,,3.00000,2.04000
AVIBASE-A68B1787,13.70000,53.00000,12.90000,54.00000,61.00000,15.00000,59.50000,17.00000,19.80000,15.00000,19.20000,17.00000,12.00000,13.00000,11.80000,17.00000,50.20000,36.00000,47.60000,33.00000,3.00000,2.30000
AVIBASE-92A779D7,13.60000,8.00000,11.70000,3.00000,53.90000,17.00000,50.40000,5.00000,22.30000,17.00000,21.00000,4.00000,14.70000,16.00000,13.40000,4.00000,46.20000,24.00000,45.00000,11.00000,3.00000,
AVIBASE-4F4CA5E6,22.40000,13.00000,21.70000,8.00000,60.30000,17.00000,58.20000,13.00000,24.20000,17.00000,23.90000,13.00000,16.10000,16.00000,15.70000,13.00000,55.00000,16.00000,53.10000,12.00000,3.00000,2.97000
AVIBASE-61C34487,17.40000,5.00000,16.00000,4.00000,55.00000,13.00000,52.80000,9.00000,21.70000,13.00000,20.50000,9.00000,14.90000,13.00000,14.00000,8.00000,,,,,2.50000,2.15000
AVIBASE-E60E9E28,6.80000,10.00000,6.70000,7.00000,52.10000,11.00000,50.40000,7.00000,18.50000,11.00000,18.40000,7.00000,11.60000,11.00000,11.20000,7.00000,41.10000,11.00000,41.50000,6.00000,2.50000,
AVIBASE-8F6C8E9E,7.40000,37.00000,6.50000,20.00000,51.60000,52.00000,49.50000,30.00000,20.30000,51.00000,19.30000,29.00000,11.00000,51.00000,10.50000,29.00000,44.90000,51.00000,42.50000,30.00000,3.00000,1.40000
AVIBASE-14B92847,7.20000,16.00000,6.70000,19.00000,52.70000,21.00000,51.00000,22.00000,21.30000,21.00000,21.70000,23.00000,11.00000,21.00000,10.90000,23.00000,47.80000,21.00000,46.80000,23.00000,3.50000,1.46000
AVIBASE-7B1144C8,7.70000,27.00000,7.40000,11.00000,53.40000,25.00000,51.80000,17.00000,17.70000,25.00000,17.60000,16.00000,11.10000,24.00000,11.10000,17.00000,40.30000,25.00000,38.80000,17.00000,3.50000,1.22000
AVIBASE-6601168A,7.20000,43.00000,6.90000,76.00000,48.90000,28.00000,47.00000,26.00000,18.00000,28.00000,17.80000,25.00000,11.30000,27.00000,11.40000,25.00000,36.30000,34.00000,35.40000,55.00000,3.00000,1.35000
AVIBASE-D6ACB361,5.80000,16.00000,5.70000,12.00000,48.80000,29.00000,47.50000,25.00000,18.40000,29.00000,17.60000,25.00000,9.70000,28.00000,9.60000,24.00000,40.60000,28.00000,39.60000,25.00000,3.00000,0.93000
AVIBASE-B1B0E343,9.40000,25.00000,9.80000,16.00000,57.80000,25.00000,57.60000,26.00000,17.70000,23.00000,17.40000,24.00000,11.90000,24.00000,11.70000,26.00000,40.80000,28.00000,39.30000,26.00000,3.50000,1.44000
AVIBASE-27F7E242,6.50000,32.00000,6.20000,24.00000,51.20000,31.00000,49.90000,26.00000,18.00000,30.00000,17.30000,26.00000,10.30000,30.00000,10.40000,26.00000,39.10000,30.00000,38.20000,26.00000,3.00000,1.18000
AVIBASE-D6D77AFA,6.50000,27.00000,6.30000,23.00000,49.20000,25.00000,48.70000,29.00000,17.40000,25.00000,17.30000,27.00000,10.00000,24.00000,10.00000,28.00000,36.00000,14.00000,36.60000,10.00000,3.00000,1.34000
AVIBASE-D0A0845A,7.60000,25.00000,7.40000,27.00000,53.10000,36.00000,52.20000,26.00000,17.50000,36.00000,17.50000,25.00000,10.20000,26.00000,9.90000,26.00000,39.40000,36.00000,38.80000,26.00000,3.00000,1.32000
AVIBASE-4D64891A,6.20000,24.00000,5.90000,17.00000,52.00000,40.00000,50.10000,28.00000,19.60000,38.00000,18.90000,28.00000,10.10000,40.00000,10.10000,28.00000,41.50000,38.00000,40.10000,28.00000,3.00000,1.33000
AVIBASE-4568006A,6.00000,26.00000,6.20000,18.00000,50.10000,25.00000,48.80000,18.00000,15.60000,24.00000,15.80000,18.00000,7.80000,25.00000,7.80000,18.00000,35.00000,23.00000,35.00000,23.00000,3.00000,1.03000
AVIBASE-BCF9128E,,,,,,,,,,,,,,,,,,,,,,
AVIBASE-B0902BCC,7.50000,21.00000,7.50000,10.00000,54.40000,36.00000,51.80000,18.00000,17.80000,19.00000,17.30000,5.00000,12.60000,18.00000,11.90000,5.00000,39.80000,36.00000,37.50000,18.00000,2.00000,1.50000
AVIBASE-4744C788,6.30000,16.00000,6.10000,13.00000,56.10000,24.00000,53.10000,14.00000,16.80000,24.00000,16.30000,13.00000,12.40000,24.00000,12.20000,13.00000,40.70000,26.00000,39.60000,14.00000,3.00000,1.40000
AVIBASE-FFBDC7E3,,,,,,,,,,,,,,,,,,,,,,1.54000
AVIBASE-05E1D079,7.50000,20.00000,6.70000,9.00000,53.90000,17.00000,51.80000,14.00000,17.20000,17.00000,17.10000,12.00000,12.00000,13.00000,12.10000,14.00000,43.60000,17.00000,41.20000,13.00000,2.50000,1.33000
AVIBASE-36A21852,8.30000,18.00000,7.40000,20.00000,57.80000,21.00000,53.90000,24.00000,20.60000,21.00000,19.90000,24.00000,13.00000,21.00000,12.50000,24.00000,43.00000,11.00000,41.20000,11.00000,2.00000,
AVIBASE-1B655B31,6.40000,37.00000,5.90000,18.00000,52.70000,26.00000,50.70000,19.00000,17.70000,26.00000,17.20000,19.00000,11.70000,26.00000,11.40000,18.00000,40.00000,26.00000,38.10000,19.00000,3.00000,
AVIBASE-0EF82B71,5.60000,23.00000,5.20000,23.00000,54.20000,27.00000,51.60000,25.00000,17.10000,26.00000,16.50000,24.00000,10.80000,27.00000,10.60000,24.00000,45.10000,24.00000,44.20000,11.00000,2.50000,1.11000
AVIBASE-8A475492,5.20000,26.00000,5.30000,9.00000,50.00000,32.00000,47.70000,12.00000,17.70000,31.00000,17.50000,12.00000,10.80000,32.00000,10.70000,12.00000,41.70000,7.00000,41.00000,2.00000,2.50000,
AVIBASE-EECB2AB2,7.40000,6.00000,7.90000,2.00000,54.60000,7.00000,54.00000,2.00000,19.80000,7.00000,19.15000,2.00000,13.30000,6.00000,12.75000,3.00000,48.40000,5.00000,45.00000,1.00000,3.00000,
AVIBASE-C3D7DC15,6.00000,9.00000,6.30000,1.00000,52.70000,13.00000,49.00000,3.00000,19.50000,13.00000,19.90000,3.00000,11.90000,13.00000,11.47000,3.00000,49.30000,13.00000,45.30000,3.00000,3.50000,1.28000
AVIBASE-15E26A63,11.10000,39.00000,9.50000,11.00000,65.20000,11.00000,58.40000,5.00000,23.20000,11.00000,21.90000,5.00000,16.20000,11.00000,15.30000,5.00000,52.20000,38.00000,49.30000,10.00000,3.00000,1.74000
AVIBASE-AAEA810D,13.30000,29.00000,13.30000,21.00000,59.10000,29.00000,58.10000,25.00000,18.30000,29.00000,18.10000,25.00000,10.40000,29.00000,10.20000,24.00000,,,,,3.50000,2.00000
AVIBASE-49305FE9,,,12.00000,1.00000,56.60000,7.00000,55.20000,9.00000,17.30000,7.00000,17.50000,9.00000,9.80000,7.00000,9.70000,9.00000,39.70000,7.00000,39.60000,6.00000,2.50000,
AVIBASE-F755440B,10.80000,6.00000,10.10000,6.00000,56.30000,25.00000,56.00000,26.00000,18.10000,23.00000,18.00000,25.00000,10.50000,23.00000,10.50000,26.00000,38.50000,25.00000,38.50000,24.00000,2.50000,1.52000
AVIBASE-F6555990,,,,,,,,,,,,,,,,,,,,,,
AVIBASE-C5A5486E,15.70000,30.00000,16.20000,25.00000,89.40000,20.00000,87.90000,14.00000,17.00000,20.00000,16.80000,14.00000,13.90000,18.00000,13.70000,13.00000,57.30000,20.00000,57.00000,14.00000,2.00000,
AVIBASE-ACCAFEAD,11.20000,11.00000,10.70000,7.00000,73.60000,19.00000,70.50000,14.00000,14.00000,19.00000,14.00000,14.00000,12.90000,17.00000,12.90000,13.00000,56.20000,29.00000,54.80000,24.00000,1.00000,1.80000
AVIBASE-413503AF,11.40000,2.00000,11.50000,1.00000,70.60000,5.00000,65.00000,2.00000,13.60000,5.00000,13.25000,2.00000,13.80000,5.00000,12.95000,2.00000,55.40000,5.00000,49.50000,1.00000,2.00000,
AVIBASE-FD1036BD,,,,,,,,,,,,,,,,,,,,,,
AVIBASE-4746C823,,,,,,,,,,,,,,,,,,,,,,
AVIBASE-92AA62A0,,,,,,,,,,,,,,,,,,,,,,
AVIBASE-CC3C088D,12.20000,26.00000,12.50000,21.00000,73.40000,19.00000,71.40000,11.00000,19.60000,19.00000,19.20000,10.00000,14.20000,18.00000,14.10000,10.00000,51.20000,9.00000,51.20000,9.00000,3.00000,1.52000
AVIBASE-F69C1AC7,10.80000,51.00000,10.60000,33.00000,69.40000,34.00000,67.00000,21.00000,21.00000,33.00000,20.90000,20.00000,13.40000,34.00000,13.10000,20.00000,54.20000,62.00000,54.20000,27.00000,4.00000,2.08000
AVIBASE-A70DE4FC,8.60000,39.00000,9.10000,23.00000,62.90000,48.00000,61.30000,25.00000,17.20000,47.00000,16.80000,25.00000,12.70000,45.00000,12.40000,24.00000,47.40000,38.00000,46.40000,49.00000,2.50000,1.35000
AVIBASE-D3766504,13.30000,33.00000,13.80000,27.00000,78.90000,33.00000,74.30000,28.00000,21.30000,17.00000,21.50000,13.00000,14.20000,36.00000,14.00000,33.00000,54.90000,39.00000,53.40000,34.00000,3.00000,2.08000
AVIBASE-8CB75D93,8.30000,15.00000,8.00000,8.00000,65.70000,22.00000,63.70000,16.00000,15.50000,22.00000,15.30000,16.00000,12.50000,22.00000,12.20000,15.00000,57.60000,29.00000,55.90000,16.00000,2.50000,1.48000
AVIBASE-517E978A,9.90000,6.00000,10.60000,19.00000,68.20000,22.00000,65.70000,6.00000,19.20000,21.00000,18.90000,6.00000,13.30000,22.00000,13.40000,6.00000,57.80000,6.00000,55.90000,18.00000,3.00000,1.90000
AVIBASE-658EF0D7,37.50000,20.00000,34.40000,5.00000,100.00000,22.00000,97.00000,9.00000,37.40000,21.00000,36.20000,7.00000,21.10000,21.00000,20.30000,8.00000,76.20000,17.00000,75.80000,6.00000,2.50000,4.50000
AVIBASE-329E7E89,,,,,83.60000,10.00000,81.70000,8.00000,29.90000,10.00000,30.20000,8.00000,17.70000,8.00000,17.20000,8.00000,64.00000,21.00000,63.50000,18.00000,2.00000,
AVIBASE-547BFE9C,24.00000,13.00000,23.20000,10.00000,97.10000,29.00000,92.00000,14.00000,22.60000,29.00000,22.10000,13.00000,17.50000,27.00000,16.90000,14.00000,70.60000,11.00000,66.40000,8.00000,2.50000,2.90000
AVIBASE-F3FC656C,26.90000,6.00000,25.60000,5.00000,88.90000,19.00000,86.80000,13.00000,24.50000,20.00000,24.00000,13.00000,18.40000,16.00000,17.70000,13.00000,62.80000,29.00000,61.50000,13.00000,3.00000,3.19000
AVIBASE-8AF3DD10,15.90000,37.00000,13.80000,21.00000,79.40000,20.00000,72.00000,9.00000,20.60000,19.00000,19.20000,8.00000,16.00000,20.00000,14.30000,9.00000,50.30000,35.00000,46.70000,22.00000,2.00000,2.00000
AVIBASE-42D29B35,14.40000,18.00000,12.20000,7.00000,75.70000,28.00000,71.60000,14.00000,20.00000,27.00000,19.10000,14.00000,15.20000,27.00000,14.20000,14.00000,56.50000,18.00000,54.40000,9.00000,2.00000,2.30000
AVIBASE-FB313820,22.20000,40.00000,18.30000,19.00000,84.60000,34.00000,81.70000,15.00000,22.30000,36.00000,21.50000,15.00000,17.70000,35.00000,16.40000,15.00000,67.20000,30.00000,63.30000,24.00000,2.00000,2.73000
AVIBASE-6BD534AC,20.30000,14.00000,19.60000,6.00000,90.60000,28.00000,85.50000,14.00000,20.90000,27.00000,20.20000,14.00000,17.10000,25.00000,15.60000,14.00000,63.70000,32.00000,62.00000,15.00000,2.00000,
AVIBASE-F5B2C19F,20.80000,156.00000,17.50000,94.00000,78.00000,23.00000,74.70000,13.00000,23.30000,23.00000,22.60000,13.00000,17.70000,21.00000,16.40000,12.00000,67.00000,42.00000,63.90000,24.00000,2.00000,2.59000
AVIBASE-F87556C7,21.30000,16.00000,17.30000,14.00000,82.10000,27.00000,77.10000,19.00000,23.60000,27.00000,22.00000,18.00000,19.50000,25.00000,17.60000,16.00000,61.50000,80.00000,57.70000,69.00000,2.00000,
AVIBASE-A4623B67,,,,,,,,,,,,,,,,,,,,,,
AVIBASE-09BEFD87,21.80000,13.00000,18.00000,10.00000,87.80000,22.00000,81.20000,17.00000,22.40000,22.00000,20.50000,17.00000,18.40000,18.00000,16.60000,16.00000,65.20000,17.00000,60.00000,5.00000,2.00000,2.04000
AVIBASE-456CEEC0,,,,,,,,,,,,,,,,,,,,,,
AVIBASE-D9B11F63,,,,,,,,,,,,,,,,,,,,,,
AVIBASE-1A2A03C3,38.00000,16.00000,32.80000,9.00000,111.00000,24.00000,106.10000,12.00000,32.50000,24.00000,31.40000,13.00000,22.80000,23.00000,21.20000,12.00000,75.50000,24.00000,71.00000,13.00000,1.50000,4.20000
AVIBASE-5FB7840A,44.00000,2.00000,,,105.70000,11.00000,105.50000,2.00000,42.30000,11.00000,42.00000,2.00000,19.60000,10.00000,20.10000,1.00000,101.30000,11.00000,96.50000,2.00000,2.00000,4.00000
AVIBASE-0608D05C,36.80000,16.00000,31.10000,7.00000,96.70000,31.00000,87.50000,20.00000,37.70000,29.00000,34.60000,19.00000,18.10000,27.00000,16.90000,19.00000,96.00000,7.00000,87.00000,6.00000,1.00000,4.36000
AVIBASE-C6BB3E17,61.30000,11.00000,55.00000,5.00000,95.90000,25.00000,88.20000,23.00000,31.10000,25.00000,29.50000,19.00000,16.40000,11.00000,16.10000,16.00000,91.10000,26.00000,81.80000,23.00000,2.00000,6.80000
AVIBASE-A738F49A,187.10000,9.00000,135.30000,18.00000,135.10000,15.00000,122.60000,11.00000,44.20000,15.00000,40.70000,11.00000,24.20000,12.00000,22.10000,10.00000,108.70000,8.00000,84.30000,19.00000,1.00000,11.80000
AVIBASE-B783AA95,67.10000,9.00000,63.00000,15.00000,116.50000,18.00000,115.50000,11.00000,33.40000,18.00000,32.80000,11.00000,32.90000,18.00000,32.40000,11.00000,111.50000,90.00000,110.70000,87.00000,3.00000,5.25000
AVIBASE-F21DB41D,44.40000,13.00000,42.00000,35.00000,89.90000,5.00000,87.50000,6.00000,29.40000,5.00000,28.70000,5.00000,30.00000,5.00000,29.50000,6.00000,80.80000,13.00000,78.50000,6.00000,3.00000,3.58000
AVIBASE-EAE93DF4,40.00000,11.00000,39.90000,10.00000,84.30000,11.00000,83.30000,10.00000,23.50000,11.00000,22.70000,10.00000,27.10000,11.00000,25.60000,10.00000,87.40000,11.00000,85.60000,10.00000,2.00000,
AVIBASE-3931158F,54.50000,3.00000,51.00000,4.00000,87.90000,16.00000,87.40000,9.00000,28.60000,16.00000,28.60000,9.00000,29.70000,16.00000,29.50000,9.00000,86.80000,16.00000,85.70000,9.00000,4.00000,4.15000
AVIBASE-F2CEFD1A,28.90000,34.00000,32.50000,11.00000,94.90000,54.00000,93.20000,32.00000,24.00000,27.00000,23.60000,20.00000,18.50000,61.00000,18.20000,34.00000,76.50000,10.00000,74.10000,10.00000,5.00000,3.15000
AVIBASE-97166F72,31.50000,20.00000,30.20000,8.00000,93.70000,10.00000,92.40000,7.00000,24.80000,10.00000,24.50000,7.00000,17.90000,10.00000,17.90000,7.00000,80.60000,10.00000,80.10000,10.00000,,
AVIBASE-E4968582,34.50000,,33.10000,,87.90000,13.00000,86.80000,18.00000,25.20000,14.00000,25.60000,18.00000,20.10000,14.00000,19.80000,18.00000,84.50000,14.00000,82.10000,17.00000,,3.20000
AVIBASE-26DE1233,,,,,,,,,,,,,,,,,,,,,,
AVIBASE-94A446EA,27.00000,12.00000,25.70000,11.00000,81.30000,22.00000,81.60000,24.00000,,,,,,,,,81.60000,22.00000,79.50000,24.00000,2.60000,2.90000
AVIBASE-69FC190B,38.00000,,33.00000,,97.70000,21.00000,95.90000,11.00000,29.10000,11.00000,28.30000,11.00000,21.30000,11.00000,20.30000,11.00000,111.20000,11.00000,105.90000,12.00000,,4.85000
AVIBASE-8852337B,45.90000,7.00000,47.20000,5.00000,119.30000,26.00000,120.40000,9.00000,25.30000,18.00000,25.20000,13.00000,21.00000,20.00000,21.50000,14.00000,91.40000,10.00000,90.40000,10.00000,5.50000,4.30000
AVIBASE-36171C2B,,,,,96.40000,41.00000,,,,,,,12.80000,42.00000,,,98.90000,40.00000,,,5.40000,4.60000
AVIBASE-DB2501EE,,,,,113.80000,35.00000,112.60000,38.00000,27.40000,20.00000,27.20000,18.00000,23.00000,25.00000,22.40000,19.00000,109.10000,35.00000,107.50000,31.00000,5.50000,5.30000
AVIBASE-02B6A30C,55.30000,42.00000,52.20000,26.00000,113.00000,8.00000,115.00000,4.00000,,,,,,,,,139.00000,6.00000,137.00000,4.00000,2.80000,4.24000
AVIBASE-836EDA33,77.30000,3.00000,72.00000,2.00000,,,,,,,,,30.00000,4.00000,,,,,,,3.00000,4.60000
AVIBASE-64772F0F,56.30000,3.00000,56.00000,1.00000,,,,,,,,,,,,,,,,,3.50000,
AVIBASE-F7932185,56.30000,3.00000,56.00000,1.00000,,,,,,,,,,,,,,,,,4.00000,4.20000
AVIBASE-72387112,33.30000,9.00000,35.30000,10.00000,100.50000,16.00000,98.00000,16.00000,,,,,,,,,100.50000,16.00000,98.00000,16.00000,2.50000,3.35000
AVIBASE-5792867A,41.80000,84.00000,39.80000,69.00000,,,,,,,,,,,,,,,,,3.00000,4.10000
AVIBASE-892BF67B,,,,,93.00000,10.00000,89.50000,5.00000,,,,,13.80000,7.00000,12.50000,4.00000,114.00000,10.00000,107.50000,2.00000,,
AVIBASE-7E70D490,34.60000,49.00000,37.40000,44.00000,100.50000,24.00000,99.70000,11.00000,24.60000,17.00000,24.70000,13.00000,18.80000,34.00000,19.00000,23.00000,78.00000,17.00000,78.40000,13.00000,4.90000,3.40000
AVIBASE-E90CC64A,21.60000,4.00000,24.00000,1.00000,90.70000,48.00000,91.10000,22.00000,22.70000,18.00000,22.80000,16.00000,18.20000,51.00000,18.20000,23.00000,86.60000,31.00000,86.30000,15.00000,5.50000,2.65000
AVIBASE-E44FAD6F,,,,,124.50000,7.00000,120.50000,6.00000,31.00000,7.00000,30.00000,6.00000,17.25000,7.00000,17.25000,6.00000,,,,,4.00000,4.16000
AVIBASE-866D07A0,48.40000,12.00000,52.90000,10.00000,,,,,,,,,,,,,,,,,,6.30000
AVIBASE-02C6C2ED,68.00000,13.00000,70.10000,9.00000,,,,,,,,,,,,,,,,,3.50000,6.11000
AVIBASE-5C84E2D2,,,,,,,,,,,,,,,,,,,,,,
AVIBASE-C3168495,10.30000,,9.30000,,,,,,,,,,,,,,,,,,3.40000,1.48000
AVIBASE-CFAA6365,,,,,,,,,,,,,,,,,,,,,,
AVIBASE-1BDF5C00,10.80000,42.00000,11.00000,34.00000,60.50000,138.00000,60.20000,118.00000,19.50000,137.00000,19.50000,118.00000,,,,,48.00000,137.00000,48.00000,117.00000,4.00000,1.65000
AVIBASE-DDD6C145,,,,,,,,,,,,,,,,,,,,,,
AVIBASE-D97F93CC,11.50000,40.00000,11.70000,6.00000,61.30000,11.00000,60.50000,13.00000,,,19.70000,13.00000,10.00000,11.00000,10.10000,13.00000,47.70000,41.00000,48.10000,4.00000,3.74000,1.95000
AVIBASE-A1FD40E8,,,,,,,,,,,,,,,,,,,,,,
AVIBASE-080AFDB2,,,,,,,,,,,,,,,,,,,,,,
AVIBASE-AEA614AF,,,,,,,,,,,,,,,,,,,,,,2.78000
AVIBASE-27936203,,,,,,,,,,,,,,,,,,,,,,
AVIBASE-48DBE76D,12.10000,21.00000,12.70000,4.00000,65.00000,30.00000,64.00000,19.00000,19.60000,,19.30000,,,,,,59.50000,20.00000,56.50000,20.00000,3.07000,1.80000
AVIBASE-E57A8704,,,,,,,,,,,,,,,,,,,,,,2.20000
AVIBASE-F32AC037,,,,,,,,,,,,,,,,,,,,,,
AVIBASE-EB0CD5DC,,,,,,,,,,,,,,,,,51.50000,35.00000,51.40000,15.00000,3.61000,2.14000
AVIBASE-1BB9C864,15.80000,14.00000,16.70000,5.00000,80.10000,30.00000,79.30000,13.00000,19.90000,31.00000,20.30000,13.00000,10.60000,31.00000,10.90000,13.00000,57.40000,31.00000,56.90000,13.00000,3.74000,
AVIBASE-95DB0943,15.30000,33.00000,15.40000,12.00000,74.10000,117.00000,73.40000,24.00000,18.00000,104.00000,18.40000,18.00000,9.80000,90.00000,10.00000,45.00000,52.40000,109.00000,51.50000,24.00000,3.86000,2.16000
AVIBASE-F8DDF6A6,,,,,75.80000,35.00000,76.30000,14.00000,18.90000,24.00000,19.10000,8.00000,11.20000,29.00000,11.20000,12.00000,49.20000,16.00000,48.40000,10.00000,3.60000,2.40000
AVIBASE-447A1BA5,,,,,68.30000,,67.10000,,17.20000,,17.70000,,13.50000,,13.40000,,45.90000,15.00000,43.90000,9.00000,3.65000,1.90000
AVIBASE-847717E2,17.20000,,15.60000,,,,,,18.60000,18.00000,18.30000,18.00000,,,,,52.10000,19.00000,49.10000,18.00000,3.18000,2.33000
AVIBASE-F57ECDC5,,,,,81.00000,31.00000,78.00000,16.00000,19.90000,11.00000,18.10000,7.00000,16.70000,11.00000,15.70000,7.00000,53.80000,5.00000,50.00000,3.00000,2.66000,2.70000
AVIBASE-A457E9DB,,,,,,,,,,,,,,,,,,,,,,
AVIBASE-66AA469C,11.30000,33.00000,12.10000,110.00000,65.53000,32.00000,64.17000,108.00000,,,,,,,,,48.50000,32.00000,50.00000,18.00000,3.42000,1.66000
AVIBASE-05336066,,,,,,,,,,,,,,,,,,,,,,1.49000
AVIBASE-54F7D0B2,,,,,,,,,,,,,,,,,,,,,,1.95000
AVIBASE-79107CE6,68.20000,19.00000,56.00000,12.00000,99.90000,26.00000,95.60000,18.00000,32.90000,26.00000,31.50000,18.00000,23.80000,26.00000,22.60000,18.00000,143.40000,26.00000,132.40000,18.00000,2.00000,5.94000
AVIBASE-D57E208D,46.00000,11.00000,43.10000,12.00000,78.80000,10.00000,76.70000,12.00000,28.20000,10.00000,27.20000,12.00000,21.40000,11.00000,20.30000,12.00000,113.80000,10.00000,110.80000,12.00000,2.00000,5.95000
AVIBASE-9FC806EE,43.30000,6.00000,36.30000,5.00000,82.90000,22.00000,78.50000,9.00000,25.10000,22.00000,24.50000,9.00000,16.40000,22.00000,16.10000,9.00000,103.70000,22.00000,98.90000,6.00000,2.50000,
AVIBASE-8D83C373,42.40000,22.00000,39.10000,18.00000,82.90000,24.00000,78.80000,19.00000,23.90000,24.00000,23.70000,18.00000,15.80000,23.00000,15.10000,19.00000,99.40000,10.00000,98.40000,10.00000,2.50000,3.90000
AVIBASE-07466471,119.50000,15.00000,106.90000,10.00000,113.70000,23.00000,109.60000,14.00000,32.90000,23.00000,32.30000,14.00000,22.30000,23.00000,20.70000,14.00000,112.20000,23.00000,114.90000,14.00000,2.00000,9.00000
AVIBASE-476F7031,60.80000,62.00000,58.70000,41.00000,93.60000,30.00000,90.50000,28.00000,29.70000,29.00000,28.70000,28.00000,19.60000,29.00000,19.10000,26.00000,98.80000,16.00000,64.40000,14.00000,2.00000,
AVIBASE-BA3865DD,59.10000,17.00000,56.70000,13.00000,87.60000,28.00000,85.30000,18.00000,27.60000,28.00000,27.00000,18.00000,19.40000,27.00000,18.70000,16.00000,79.80000,28.00000,78.20000,17.00000,2.00000,8.00000
AVIBASE-7D5425AD,,,,,,,,,,,,,,,,,,,,,,
AVIBASE-4A699D18,,,,,,,,,,,,,,,,,,,,,,
AVIBASE-5811EC08,,,,,,,,,,,,,,,,,,,,,,
AVIBASE-99536A00,11.70000,17.00000,11.70000,12.00000,80.60000,20.00000,78.50000,13.00000,14.50000,20.00000,15.20000,13.00000,16.20000,20.00000,15.30000,12.00000,38.00000,78.00000,37.70000,39.00000,3.00000,
AVIBASE-A117BD8B,18.00000,19.00000,14.00000,18.00000,72.50000,22.00000,67.70000,11.00000,26.80000,20.00000,25.60000,11.00000,13.90000,20.00000,12.90000,11.00000,67.70000,15.00000,65.20000,21.00000,3.00000,2.65000
AVIBASE-F84E1C1E,29.50000,19.00000,26.00000,13.00000,82.60000,20.00000,77.40000,14.00000,33.00000,20.00000,31.80000,14.00000,15.10000,10.00000,15.10000,5.00000,65.30000,31.00000,61.60000,22.00000,3.00000,3.55000
AVIBASE-85C9C593,13.40000,51.00000,11.00000,24.00000,61.00000,26.00000,56.90000,18.00000,27.30000,50.00000,26.10000,25.00000,13.00000,50.00000,12.40000,25.00000,61.40000,11.00000,58.10000,7.00000,3.00000,2.00000
AVIBASE-0F1929A3,30.50000,29.00000,25.60000,19.00000,93.40000,32.00000,88.00000,18.00000,20.50000,32.00000,19.80000,20.00000,19.30000,32.00000,18.20000,19.00000,84.10000,14.00000,75.60000,7.00000,3.00000,3.26000
AVIBASE-588549DA,64.40000,19.00000,67.70000,7.00000,108.90000,38.00000,105.50000,15.00000,27.90000,40.00000,27.30000,16.00000,21.10000,40.00000,20.20000,15.00000,78.60000,40.00000,77.60000,16.00000,2.50000,6.25000
AVIBASE-1F4DF785,,,,,,,,,,,,,,,,,,,,,,
AVIBASE-AB08B1DE,41.10000,20.00000,41.40000,18.00000,97.70000,20.00000,95.50000,8.00000,29.70000,19.00000,29.80000,8.00000,19.00000,19.00000,18.70000,8.00000,91.00000,17.00000,90.50000,8.00000,2.50000,5.60000
AVIBASE-112C6BA3,36.90000,5.00000,36.50000,3.00000,112.20000,27.00000,109.60000,7.00000,25.20000,25.00000,24.90000,7.00000,19.40000,25.00000,19.10000,7.00000,84.70000,4.00000,,,2.00000,3.44000
AVIBASE-631D64E0,30.90000,32.00000,30.60000,25.00000,101.60000,36.00000,97.50000,15.00000,24.50000,35.00000,24.30000,15.00000,17.60000,33.00000,17.70000,15.00000,91.80000,31.00000,88.90000,27.00000,2.50000,3.60000
AVIBASE-409B6E6A,16.80000,11.00000,16.60000,8.00000,78.50000,15.00000,75.80000,11.00000,18.70000,14.00000,18.80000,11.00000,15.60000,15.00000,15.20000,11.00000,57.30000,31.00000,56.00000,27.00000,2.00000,2.84000
AVIBASE-13B1CB11,26.70000,38.00000,26.00000,20.00000,98.50000,33.00000,96.00000,26.00000,21.70000,33.00000,21.80000,23.00000,16.20000,32.00000,16.50000,23.00000,,,,,2.50000,3.66000
AVIBASE-8DA085FD,,,,,,,,,,,,,,,,,,,,,,4.13000
AVIBASE-D6B9FCEC,23.60000,16.00000,24.10000,7.00000,86.20000,24.00000,82.80000,12.00000,23.00000,24.00000,22.60000,12.00000,19.40000,24.00000,18.60000,12.00000,65.40000,52.00000,65.20000,48.00000,2.50000,
AVIBASE-E548C5FC,,,,,,,,,,,,,,,,,,,,,,
AVIBASE-76AD04B7,,,,,,,,,,,,,,,,,,,,,,
AVIBASE-0ABCDD1C,24.40000,77.00000,24.20000,70.00000,95.00000,68.00000,92.90000,63.00000,20.70000,39.00000,20.90000,35.00000,17.00000,38.00000,17.00000,35.00000,71.90000,98.00000,71.20000,107.00000,2.50000,3.28000
AVIBASE-A6E44BBF,40.90000,35.00000,41.00000,27.00000,99.60000,25.00000,98.50000,17.00000,25.90000,35.00000,26.10000,27.00000,25.20000,24.00000,25.20000,19.00000,80.00000,2.00000,80.40000,7.00000,2.00000,4.55000
AVIBASE-4DE518C6,35.00000,13.00000,33.10000,10.00000,93.90000,30.00000,91.10000,22.00000,25.70000,29.00000,25.70000,22.00000,23.20000,25.00000,22.60000,16.00000,,,,,2.50000,4.40000
AVIBASE-DBCC8B86,43.30000,23.00000,44.40000,28.00000,105.90000,22.00000,106.00000,22.00000,27.90000,14.00000,28.00000,13.00000,26.50000,14.00000,26.70000,13.00000,26.50000,14.00000,26.70000,13.00000,2.00000,6.15000
AVIBASE-8A05845F,54.90000,23.00000,52.60000,5.00000,126.10000,29.00000,121.00000,6.00000,28.90000,29.00000,29.20000,5.00000,30.70000,28.00000,30.20000,6.00000,116.00000,29.00000,112.50000,6.00000,2.50000,6.14000
AVIBASE-AD4D85BB,69.20000,43.00000,68.40000,35.00000,131.70000,41.00000,128.00000,37.00000,30.50000,21.00000,31.00000,26.00000,27.10000,21.00000,26.10000,23.00000,,,,,3.00000,6.81000
AVIBASE-FF953F55,,,,,,,,,,,,,,,,,,,,,,
AVIBASE-50C1E978,,,,,,,,,,,,,,,,,,,,,,
AVIBASE-936EA207,,,,,,,,,,,,,,,,,,,,,,
AVIBASE-A6905B3C,111.00000,66.00000,99.00000,66.00000,152.14000,52.00000,145.20000,46.00000,37.00000,107.00000,35.81000,63.00000,35.34000,47.00000,33.18000,23.00000,110.60000,51.00000,104.00000,46.00000,3.70000,7.00000
AVIBASE-1DA430B8,72.80000,76.00000,70.50000,77.00000,124.34000,49.00000,121.13000,49.00000,34.50000,71.00000,33.81000,77.00000,25.50000,71.00000,24.46000,77.00000,120.00000,69.00000,115.20000,70.00000,4.18000,5.90000
AVIBASE-2225D685,96.00000,,92.00000,,149.00000,21.00000,149.00000,10.00000,46.00000,21.00000,46.00000,10.00000,31.00000,21.00000,30.00000,10.00000,139.00000,12.00000,137.00000,10.00000,3.06000,8.10000
AVIBASE-0B136C63,124.70000,20.00000,111.20000,17.00000,139.20000,45.00000,130.20000,39.00000,46.10000,44.00000,44.30000,39.00000,23.50000,45.00000,22.00000,37.00000,157.20000,41.00000,146.70000,37.00000,3.71000,7.10000
AVIBASE-0B0B18C4,98.40000,29.00000,87.70000,9.00000,123.00000,41.00000,119.00000,30.00000,40.70000,41.00000,39.80000,30.00000,19.50000,41.00000,18.40000,30.00000,137.30000,22.00000,132.10000,25.00000,4.05000,6.10000
AVIBASE-D78D24B9,79.30000,,74.90000,,113.80000,,111.90000,,37.40000,98.00000,36.60000,80.00000,26.90000,96.00000,25.30000,80.00000,139.40000,96.00000,134.90000,78.00000,3.27000,5.80000
AVIBASE-8A6D655E,131.50000,,128.80000,,166.50000,179.00000,163.90000,54.00000,42.14000,43.00000,41.71000,29.00000,,,,,145.70000,42.00000,141.80000,28.00000,4.14000,7.90000
AVIBASE-DB6DC76D,,,,,,,,,,,,,,,,,,,,,,7.40000
AVIBASE-361B447A,88.30000,,76.40000,,113.00000,,112.00000,,37.60000,,37.60000,,24.90000,,24.40000,,126.00000,,127.50000,,4.00000,7.10000
AVIBASE-AD6BFD7E,243.00000,,244.00000,,,,,,,,,,,,,,,,,,,10.30000
AVIBASE-D8D10F2C,171.60000,107.00000,163.50000,101.00000,186.50000,34.00000,181.00000,21.00000,43.40000,26.00000,42.80000,17.00000,33.40000,33.00000,32.30000,21.00000,137.50000,6.00000,136.00000,9.00000,5.70000,8.50000
AVIBASE-43E62467,87.60000,22.00000,81.80000,22.00000,144.30000,18.00000,140.80000,20.00000,38.20000,17.00000,37.10000,20.00000,28.00000,15.00000,27.00000,18.00000,134.30000,18.00000,131.50000,20.00000,3.50000,7.50000
AVIBASE-69A6E32F,75.80000,84.00000,67.60000,91.00000,143.20000,,139.50000,,,,,,21.30000,,,,144.40000,,,,3.02000,6.70000
AVIBASE-45E78660,236.00000,64.00000,220.00000,141.00000,204.60000,12.00000,192.40000,8.00000,52.40000,13.00000,49.80000,13.00000,41.10000,13.00000,39.50000,13.00000,268.00000,14.00000,235.00000,16.00000,6.10000,9.90000
AVIBASE-538A9CA7,166.00000,27.00000,142.10000,21.00000,190.20000,27.00000,180.30000,21.00000,48.60000,21.00000,45.80000,21.00000,25.00000,21.00000,22.80000,22.00000,247.70000,23.00000,231.70000,18.00000,5.70000,8.10000
AVIBASE-D083CE58,,,,,142.00000,6.00000,139.00000,6.00000,41.30000,6.00000,40.60000,6.00000,36.20000,6.00000,32.10000,6.00000,122.00000,6.00000,118.00000,6.00000,,5.90000
AVIBASE-D1FC2D6B,137.00000,71.00000,123.00000,45.00000,192.00000,161.00000,186.00000,90.00000,,,,,40.10000,161.00000,37.70000,90.00000,115.00000,163.00000,111.00000,87.00000,3.06000,9.10000
AVIBASE-D9B001DF,198.00000,13.00000,188.00000,13.00000,193.20000,12.00000,185.00000,6.00000,42.10000,26.00000,41.40000,12.00000,49.80000,6.00000,48.40000,2.00000,124.00000,24.00000,121.50000,23.00000,3.50000,10.70000
AVIBASE-18D2C42A,273.20000,5.00000,236.30000,3.00000,276.00000,8.00000,271.50000,5.00000,53.00000,8.00000,50.00000,5.00000,54.70000,8.00000,52.00000,5.00000,144.00000,8.00000,134.00000,5.00000,4.00000,16.50000
AVIBASE-45B512E2,248.20000,5.00000,212.50000,2.00000,277.40000,10.00000,258.60000,7.00000,46.90000,13.00000,45.10000,11.00000,34.90000,12.00000,34.00000,11.00000,169.00000,10.00000,162.00000,6.00000,5.00000,16.00000
AVIBASE-4C35510F,,,,,169.00000,20.00000,166.00000,12.00000,48.10000,20.00000,47.40000,12.00000,34.00000,20.00000,34.00000,12.00000,262.50000,20.00000,266.50000,12.00000,5.00000,7.20000
AVIBASE-D4C32F8E,234.00000,262.00000,215.00000,212.00000,239.20000,84.00000,230.70000,96.00000,46.20000,53.00000,44.20000,51.00000,36.30000,51.00000,34.50000,52.00000,131.00000,10.00000,129.00000,10.00000,4.50000,11.50000
AVIBASE-9F784AB1,218.00000,12.00000,191.00000,10.00000,233.00000,14.00000,223.00000,12.00000,45.70000,17.00000,44.70000,11.00000,34.80000,16.00000,32.90000,12.00000,128.50000,14.00000,119.10000,12.00000,,11.40000
AVIBASE-39868903,317.00000,,270.00000,,271.40000,14.00000,261.00000,11.00000,49.10000,22.00000,46.40000,16.00000,51.20000,12.00000,47.00000,9.00000,166.00000,10.00000,159.00000,10.00000,3.90000,13.70000
AVIBASE-562E17AB,612.00000,1.00000,490.00000,1.00000,347.00000,10.00000,333.00000,8.00000,73.70000,10.00000,70.80000,8.00000,68.40000,10.00000,65.20000,8.00000,202.00000,10.00000,184.00000,8.00000,3.50000,22.30000
AVIBASE-1078FFEA,489.00000,162.00000,418.00000,126.00000,322.90000,47.00000,306.60000,54.00000,56.90000,31.00000,54.10000,30.00000,,,,,170.00000,10.00000,167.00000,10.00000,4.00000,16.00000
AVIBASE-2F784967,410.00000,9.00000,364.00000,10.00000,281.30000,29.00000,268.90000,17.00000,49.20000,31.00000,46.90000,17.00000,32.60000,30.00000,31.40000,15.00000,153.10000,22.00000,142.20000,11.00000,4.02000,16.70000
AVIBASE-69544B59,423.00000,30.00000,376.40000,20.00000,303.50000,100.00000,294.50000,100.00000,,,,,,,,,,,,,4.68000,17.50000
AVIBASE-43E56D2C,299.90000,20.00000,270.20000,19.00000,284.90000,59.00000,270.70000,47.00000,46.50000,64.00000,44.80000,50.00000,30.70000,61.00000,28.30000,50.00000,156.00000,58.00000,148.50000,50.00000,4.50000,14.10000
AVIBASE-E4EE9AC4,577.00000,181.00000,512.00000,355.00000,330.50000,29.00000,318.40000,30.00000,61.60000,22.00000,56.60000,31.00000,57.90000,20.00000,52.30000,29.00000,181.00000,10.00000,172.00000,10.00000,4.50000,19.80000
AVIBASE-1D45897E,,,,,,,,,,,,,,,,,,,,,,22.00000
AVIBASE-DE78C792,62.00000,,58.20000,,,,,,,,,,,,,,,,,,,
AVIBASE-2CDECD36,555.00000,3.00000,485.00000,5.00000,332.00000,11.00000,322.00000,5.00000,66.80000,11.00000,61.10000,5.00000,58.80000,11.00000,54.10000,5.00000,,,,,2.80000,
AVIBASE-F3B84E07,556.00000,76.00000,512.00000,68.00000,359.00000,53.00000,348.00000,56.00000,60.86000,27.00000,59.23000,23.00000,55.20000,21.00000,52.40000,15.00000,214.00000,53.00000,208.00000,56.00000,4.87000,21.00000
AVIBASE-34D538E1,590.50000,2.00000,494.00000,4.00000,358.00000,11.00000,351.00000,10.00000,61.30000,11.00000,61.70000,10.00000,60.20000,11.00000,58.80000,10.00000,187.00000,11.00000,188.00000,10.00000,4.10000,21.80000
AVIBASE-F2024545,782.50000,2.00000,700.00000,1.00000,404.20000,8.00000,380.70000,8.00000,70.70000,8.00000,66.10000,8.00000,71.70000,8.00000,65.60000,8.00000,206.00000,10.00000,205.00000,10.00000,4.00000,23.60000
AVIBASE-B9B272F4,1254.00000,10.00000,1147.10000,7.00000,430.40000,15.00000,412.40000,10.00000,70.70000,26.00000,68.60000,20.00000,78.10000,24.00000,74.50000,19.00000,214.00000,7.00000,209.00000,4.00000,4.10000,28.80000
AVIBASE-32C216E2,705.00000,1.00000,587.50000,2.00000,402.10000,7.00000,397.00000,4.00000,70.70000,15.00000,66.50000,10.00000,59.80000,15.00000,58.10000,10.00000,161.00000,10.00000,153.00000,10.00000,4.50000,21.80000
AVIBASE-EA326EA2,1011.00000,2.00000,873.00000,5.00000,412.00000,10.00000,403.00000,10.00000,77.00000,10.00000,74.50000,10.00000,66.90000,10.00000,63.90000,10.00000,177.00000,10.00000,169.00000,10.00000,3.80000,30.10000
AVIBASE-4C6B515D,,,1135.00000,1.00000,442.00000,8.00000,439.50000,2.00000,81.10000,8.00000,80.50000,2.00000,85.40000,8.00000,84.50000,2.00000,253.00000,8.00000,250.50000,2.00000,4.00000,30.10000
AVIBASE-1ED4FB4F,,,,,,,,,,,,,,,,,,,,,,
AVIBASE-C7F446FC,,,,,,,,,,,,,,,,,,,,,,
AVIBASE-8563ADE6,,,,,,,,,,,,,,,,,,,,,,
AVIBASE-2B543348,183.00000,,,,,,,,,,,,,,,,,,,,,
AVIBASE-B6F1F3D3,108.00000,,,,,,,,,,,,,,,,,,,,,
AVIBASE-507F94D7,,,,,,,,,,,,,,,,,,,,,,
AVIBASE-5F5A22B4,,,,,,,,,,,,,,,,,,,,,,
AVIBASE-29679CC7,,,,,,,,,,,,,,,,,,,,,,
AVIBASE-D3B4EDA8,,,,,,,,,,,,,,,,,,,,,,9.60000
AVIBASE-77A0EB9D,53.10000,,46.90000,,,,,,,,,,,,,,,,,,,
AVIBASE-AAC25028,,,,,,,,,,,,,,,,,,,,,,
AVIBASE-81167821,,,,,,,,,,,,,,,,,,,,,,
AVIBASE-299479DE,,,,,,,,,,,,,,,,,,,,,,
AVIBASE-A5CF883E,,,,,,,,,,,,,,,,,,,,,,
AVIBASE-4977903D,,,,,,,,,,,,,,,,,,,,,,
AVIBASE-BD094FE6,272.00000,,185.00000,,,,,,,,,,,,,,,,,,,
AVIBASE-24369C90,,,,,,,,,,,,,,,,,,,,,,
AVIBASE-4EF0FE4A,,,,,,,,,,,,,,,,,,,,,,
AVIBASE-F9541556,,,,,,,,,,,,,,,,,,,,,,7.20000
AVIBASE-9CD4E6BB,81.30000,,76.80000,,,,,,,,,,,,,,,,,,,7.80000
AVIBASE-6E902C60,,,,,,,,,,,,,,,,,,,,,,10.11000
AVIBASE-B731E469,,,,,,,,,,,,,,,,,,,,,,9.80000
AVIBASE-6AEC3F15,,,,,,,,,,,,,,,,,,,,,,11.50000
AVIBASE-3CE2F51F,,,,,,,,,,,,,,,,,,,,,,16.20000
AVIBASE-05793C3E,,,,,,,,,,,,,,,,,,,,,,
AVIBASE-776CBB16,,,,,,,,,,,,,,,,,,,,,,
AVIBASE-DD4B0562,,,,,,,,,,,,,,,,,,,,,,3.23000
AVIBASE-0DA479A1,,,,,,,,,,,,,,,,,,,,,,3.30000
AVIBASE-CEB500D2,,,,,,,,,,,,,,,,,,,,,,1.93000
AVIBASE-4EE509C8,,,,,,,,,,,,,,,,,,,,,,3.12000
AVIBASE-E9C26F0E,,,,,,,,,,,,,,,,,,,,,,
AVIBASE-78DA4BAF,,,,,,,,,,,,,,,,,,,,,,8.10000
AVIBASE-068516BB,,,,,,,,,,,,,,,,,,,,,,9.70000
AVIBASE-37DF1792,,,,,,,,,,,,,,,,,,,,,,8.90000
AVIBASE-92A772BB,69.30000,17.00000,72.80000,4.00000,153.90000,52.00000,151.20000,27.00000,23.00000,29.00000,23.30000,25.00000,27.80000,68.00000,27.80000,23.00000,87.80000,10.00000,87.90000,10.00000,3.50000,7.30000
AVIBASE-D4866EAE,,,,,,,,,,,,,,,,,,,,,2.30000,6.80000
AVIBASE-4321596C,,,,,133.00000,14.00000,132.00000,4.00000,24.60000,10.00000,22.50000,2.00000,27.20000,9.00000,24.50000,2.00000,101.00000,14.00000,99.00000,4.00000,,
AVIBASE-911FAD1A,50.00000,1.00000,50.00000,1.00000,128.00000,10.00000,127.00000,3.00000,27.40000,10.00000,28.00000,1.00000,26.70000,10.00000,25.50000,3.00000,97.40000,10.00000,88.30000,3.00000,,
AVIBASE-418C7CCB,50.70000,9.00000,47.40000,9.00000,116.70000,9.00000,113.40000,9.00000,21.75000,9.00000,,,22.80000,9.00000,22.00000,2.00000,83.20000,9.00000,79.50000,9.00000,2.00000,
AVIBASE-B6BCAD32,,,,,136.00000,5.00000,,,22.80000,5.00000,,,23.75000,5.00000,,,84.80000,8.00000,86.50000,6.00000,,
AVIBASE-BE62734A,51.40000,2.00000,,,139.00000,25.00000,135.00000,24.00000,22.50000,18.00000,,,28.50000,25.00000,27.80000,24.00000,89.10000,25.00000,87.30000,24.00000,2.06000,6.70000
AVIBASE-95A2F6E7,,,,,,,,,,,,,,,,,,,,,,
AVIBASE-DBBB162B,57.10000,2.00000,50.20000,1.00000,119.00000,25.00000,117.00000,10.00000,22.00000,25.00000,21.00000,10.00000,23.50000,25.00000,22.50000,10.00000,74.00000,25.00000,78.50000,10.00000,,
AVIBASE-196347A3,,,,,,,,,,,,,,,,,,,,,,
AVIBASE-EBACA7A4,119.60000,,112.20000,,,,,,,,,,,,,,,,,,,8.60000
AVIBASE-4EA1090D,,,,,,,,,,,,,,,,,,,,,,11.60000
AVIBASE-198CCE88,,,,,,,,,,,,,,,,,,,,,,
AVIBASE-66334097,71.60000,,73.50000,,,,,,,,,,,,,,,,,,,6.50000
AVIBASE-B256B785,,,,,,,,,,,,,,,,,,,,,,8.20000
AVIBASE-6E682612,53.50000,2.00000,,,142.00000,10.00000,138.00000,9.00000,23.20000,10.00000,22.30000,9.00000,23.20000,10.00000,20.30000,9.00000,,,,,,4.90000
AVIBASE-C7B05F46,,,,,131.00000,10.00000,127.00000,8.00000,24.00000,10.00000,23.90000,8.00000,23.10000,10.00000,21.50000,8.00000,,,,,,
AVIBASE-DCFBF7FD,46.00000,10.00000,46.60000,3.00000,111.00000,9.00000,105.00000,6.00000,20.40000,9.00000,20.40000,6.00000,20.80000,9.00000,18.30000,6.00000,,,,,,
AVIBASE-1AC599C5,,,,,,,,,,,,,,,,,,,,,,8.00000
AVIBASE-419003AD,,,,,,,,,,,,,,,,,,,,,,
AVIBASE-DFD1EAF6,,,,,,,,,,,,,,,,,,,,,,2.70000
AVIBASE-F385D521,,,,,,,,,,,,,,,,,,,,,,
AVIBASE-95A02709,32.00000,16.00000,,,97.10000,8.00000,97.30000,10.00000,19.20000,8.00000,19.60000,10.00000,18.40000,8.00000,18.70000,10.00000,,,,,,
AVIBASE-F9031A09,32.30000,3.00000,30.90000,7.00000,104.00000,10.00000,102.00000,10.00000,20.10000,10.00000,20.50000,10.00000,17.70000,10.00000,19.50000,10.00000,,,,,,
AVIBASE-439F76D1,27.00000,44.00000,27.20000,44.00000,97.80000,10.00000,97.40000,10.00000,18.40000,10.00000,18.90000,10.00000,17.90000,10.00000,19.40000,10.00000,,,,,,
AVIBASE-37D0D696,39.70000,9.00000,38.30000,4.00000,100.00000,10.00000,97.30000,8.00000,19.70000,10.00000,19.10000,8.00000,19.20000,10.00000,19.80000,8.00000,,,,,,
AVIBASE-7B669DE9,,,,,97.60000,10.00000,93.70000,3.00000,20.20000,10.00000,19.30000,3.00000,17.40000,10.00000,17.30000,3.00000,,,,,,
AVIBASE-D75CBDFB,,,,,100.00000,18.00000,98.10000,8.00000,18.50000,18.00000,18.60000,8.00000,17.20000,18.00000,16.70000,8.00000,,,,,,
AVIBASE-F65B55BD,,,,,,,,,,,,,,,,,,,,,,2.42000
AVIBASE-EB9A19BE,,,,,,,,,,,,,,,,,,,,,,
AVIBASE-EF534053,,,,,,,,,,,,,,,,,,,,,,
AVIBASE-9A6974DC,,,,,,,,,,,,,,,,,,,,,,
AVIBASE-4A8F6276,,,,,,,,,,,,,,,,,,,,,,
AVIBASE-907B59B7,,,,,,,,,,,,,,,,,,,,,,
AVIBASE-56F40883,,,,,,,,,,,,,,,,,,,,,,
AVIBASE-ACD8630F,7.30000,,7.00000,,,,,,,,,,,,,,,,,,,1.35000
AVIBASE-24B205AA,,,,,,,,,,,,,,,,,,,,,,
AVIBASE-0C42F446,,,,,,,,,,,,,,,,,,,,,,
AVIBASE-E83D45A6,35.50000,1.00000,33.70000,1.00000,108.00000,10.00000,108.00000,10.00000,17.00000,10.00000,16.80000,10.00000,21.80000,10.00000,21.70000,10.00000,90.00000,10.00000,88.50000,10.00000,2.60000,3.10000
AVIBASE-28AC53BE,39.00000,7.00000,38.90000,9.00000,114.00000,10.00000,113.00000,10.00000,17.20000,10.00000,16.50000,10.00000,23.20000,10.00000,22.50000,10.00000,101.00000,10.00000,96.40000,10.00000,2.00000,3.80000
AVIBASE-11FE7313,,,,,129.00000,10.00000,122.00000,10.00000,19.80000,10.00000,19.10000,10.00000,23.20000,10.00000,23.20000,10.00000,110.00000,10.00000,105.00000,10.00000,2.70000,4.30000
AVIBASE-5DEB4565,,,,,127.00000,10.00000,127.00000,10.00000,19.60000,10.00000,19.40000,10.00000,25.50000,10.00000,24.60000,10.00000,113.50000,10.00000,113.00000,10.00000,,
AVIBASE-F8ADA760,81.00000,,74.50000,,,,,,,,,,,,,,,,,,,7.00000
AVIBASE-FEB566B5,,,,,,,,,,,,,,,,,,,,,,
AVIBASE-9EB7EBA9,,,,,48.30000,5.00000,47.90000,6.00000,15.40000,5.00000,15.40000,6.00000,10.80000,5.00000,10.50000,6.00000,44.50000,5.00000,44.40000,6.00000,,
AVIBASE-847AE7B8,5.80000,7.00000,6.20000,5.00000,47.00000,6.00000,44.50000,6.00000,15.70000,6.00000,15.60000,6.00000,9.90000,6.00000,9.70000,6.00000,41.80000,6.00000,38.80000,6.00000,,
AVIBASE-F6DBAE37,,,5.60000,1.00000,50.20000,9.00000,47.50000,5.00000,14.90000,7.00000,14.00000,4.00000,8.00000,7.00000,8.10000,4.00000,47.20000,9.00000,45.40000,5.00000,2.25000,0.75000
AVIBASE-56209052,10.00000,3.00000,10.50000,2.00000,65.70000,6.00000,62.90000,6.00000,15.80000,6.00000,15.60000,6.00000,13.20000,6.00000,12.50000,6.00000,79.90000,6.00000,77.60000,6.00000,1.80000,1.26000
AVIBASE-DB5D1D17,,,,,68.80000,10.00000,66.10000,8.00000,15.30000,10.00000,15.00000,8.00000,12.20000,10.00000,11.90000,8.00000,82.10000,10.00000,79.50000,8.00000,2.00000,1.28000
AVIBASE-3800DCCF,11.80000,7.00000,11.90000,4.00000,64.70000,7.00000,63.40000,4.00000,16.30000,7.00000,16.20000,4.00000,15.20000,7.00000,14.70000,4.00000,70.90000,7.00000,67.90000,4.00000,2.00000,1.78000
AVIBASE-83DD8D4D,10.20000,13.00000,10.10000,9.00000,68.60000,9.00000,65.50000,14.00000,17.10000,9.00000,16.40000,14.00000,14.40000,9.00000,14.30000,14.00000,73.10000,9.00000,70.00000,14.00000,2.20000,1.45000
AVIBASE-0EDEEB49,,,,,76.90000,31.00000,74.60000,14.00000,15.40000,10.00000,15.20000,14.00000,19.70000,31.00000,19.20000,14.00000,87.00000,29.00000,75.30000,13.00000,2.50000,2.26000
AVIBASE-6E2957C6,,,,,78.40000,27.00000,74.80000,26.00000,15.50000,27.00000,14.60000,26.00000,19.40000,27.00000,18.60000,26.00000,80.90000,27.00000,73.00000,26.00000,2.00000,
AVIBASE-B05E0721,,,15.40000,1.00000,79.70000,11.00000,75.70000,7.00000,15.40000,11.00000,14.90000,7.00000,19.30000,11.00000,18.50000,7.00000,81.90000,11.00000,75.70000,7.00000,2.00000,1.87000
AVIBASE-75AAC17B,14.80000,19.00000,14.20000,11.00000,,,,,,,,,,,,,83.90000,24.00000,75.60000,8.00000,2.38000,1.86000
AVIBASE-5E520F9D,12.20000,1.00000,,,82.00000,5.00000,77.00000,5.00000,,,,,,,,,172.50000,5.00000,83.00000,5.00000,1.70000,
AVIBASE-ADD8E888,,,,,,,,,,,,,,,,,,,,,,2.42000
AVIBASE-A9D5F566,,,,,,,,,,,,,,,,,,,,,,2.21000
AVIBASE-6ADE606E,,,,,,,,,,,,,,,,,,,,,,3.28000
AVIBASE-D8AF3430,,,,,,,,,,,,,,,,,,,,,,
AVIBASE-B0FE07C2,,,,,,,,,,,,,,,,,,,,,,2.47000
AVIBASE-EE23F0DC,,,,,,,,,,,,,,,,,,,,,,3.58000
AVIBASE-6778547A,,,,,,,,,,,,,,,,,,,,,,
AVIBASE-8FCA9FAC,,,,,,,,,,,,,,,,,,,,,,2.30000
AVIBASE-CCCF40F2,,,,,,,,,,,,,,,,,,,,,,1.95000
AVIBASE-D15675EE,,,,,,,,,,,,,,,,,,,,,,2.65000
AVIBASE-CE626FAD,,,,,,,,,,,,,,,,,,,,,,
AVIBASE-40BC6550,,,,,,,,,,,,,,,,,,,,,,6.40000
AVIBASE-DDA62908,,,,,,,,,,,,,,,,,,,,,,
AVIBASE-7DF5859A,,,,,86.70000,24.00000,86.00000,21.00000,,,,,,,,,,,,,2.40000,2.50000
AVIBASE-967545BC,23.20000,32.00000,22.80000,26.00000,82.90000,4.00000,82.50000,2.00000,,,,,,,,,,,,,2.00000,3.50000
AVIBASE-7DE7F0ED,32.50000,15.00000,30.60000,7.00000,93.60000,6.00000,90.70000,5.00000,,,,,,,,,78.50000,21.00000,76.00000,15.00000,2.00000,
AVIBASE-706FEEB4,19.50000,1.00000,13.00000,1.00000,71.50000,3.00000,69.20000,4.00000,22.00000,3.00000,21.75000,4.00000,15.50000,3.00000,14.80000,4.00000,59.70000,3.00000,57.80000,4.00000,,
AVIBASE-00855728,27.10000,127.00000,25.40000,98.00000,81.80000,62.00000,78.80000,41.00000,,,,,,,,,66.70000,36.00000,66.70000,36.00000,2.50000,3.05000
AVIBASE-AFE5B0C4,34.00000,1.00000,,,81.60000,17.00000,76.30000,15.00000,22.40000,17.00000,21.80000,15.00000,,,,,62.50000,17.00000,60.20000,15.00000,2.00000,
AVIBASE-201E1243,34.90000,8.00000,30.70000,3.00000,,,,,,,,,,,,,63.80000,8.00000,64.00000,13.00000,,
AVIBASE-DEE6CC4D,38.50000,3.00000,35.80000,,83.30000,10.00000,81.60000,9.00000,,,,,29.00000,3.00000,25.00000,3.00000,71.90000,7.00000,74.20000,7.00000,,
AVIBASE-4F9D43DE,35.60000,6.00000,36.30000,4.00000,76.30000,10.00000,74.70000,10.00000,26.80000,10.00000,26.10000,10.00000,,,,,84.10000,10.00000,85.50000,10.00000,2.40000,3.45000
AVIBASE-FA7A6D02,27.00000,5.00000,26.50000,2.00000,70.90000,10.00000,69.80000,10.00000,24.40000,10.00000,24.00000,10.00000,20.20000,10.00000,20.10000,10.00000,86.30000,10.00000,81.30000,10.00000,2.50000,2.55000
AVIBASE-2507F6F4,,,,,84.30000,9.00000,82.20000,13.00000,28.50000,2.00000,28.50000,2.00000,31.30000,9.00000,30.10000,13.00000,94.30000,4.00000,90.40000,8.00000,2.20000,3.97000
AVIBASE-C59DFD44,35.00000,1.00000,30.50000,2.00000,79.20000,6.00000,72.20000,4.00000,28.40000,6.00000,26.80000,4.00000,18.30000,6.00000,17.90000,4.00000,77.10000,6.00000,72.50000,4.00000,3.00000,2.85000
AVIBASE-5AF20251,43.50000,30.00000,40.80000,9.00000,91.00000,10.00000,84.00000,6.00000,30.50000,10.00000,31.10000,6.00000,21.30000,10.00000,21.20000,6.00000,82.00000,10.00000,74.00000,6.00000,1.50000,3.85000
AVIBASE-EDE3A983,55.00000,1.00000,54.00000,2.00000,91.00000,2.00000,91.50000,2.00000,32.50000,2.00000,32.00000,2.00000,21.00000,2.00000,20.00000,2.00000,84.00000,2.00000,82.00000,2.00000,,
AVIBASE-EB2CB5F5,,,,,93.00000,1.00000,88.50000,2.00000,33.00000,1.00000,32.00000,2.00000,24.00000,1.00000,23.75000,2.00000,85.00000,1.00000,82.50000,2.00000,,
AVIBASE-E294BEED,,,,,97.30000,3.00000,93.00000,2.00000,35.70000,3.00000,32.75000,2.00000,23.80000,3.00000,24.50000,2.00000,91.30000,3.00000,86.30000,2.00000,2.00000,
AVIBASE-07F940AA,55.80000,6.00000,42.50000,2.00000,102.50000,12.00000,98.50000,12.00000,36.00000,12.00000,35.50000,12.00000,25.00000,12.00000,23.00000,12.00000,94.50000,12.00000,92.00000,12.00000,2.50000,
AVIBASE-1776533D,53.30000,5.00000,52.10000,4.00000,107.00000,8.00000,101.00000,6.00000,36.70000,6.00000,37.25000,2.00000,24.25000,4.00000,22.00000,2.00000,103.00000,4.00000,101.00000,2.00000,2.00000,
AVIBASE-2849059D,60.20000,11.00000,57.50000,7.00000,99.90000,9.00000,94.50000,10.00000,35.90000,6.00000,35.83000,3.00000,,,,,,,,,2.50000,4.10000
AVIBASE-5B3BD7A0,,,,,110.00000,14.00000,109.00000,14.00000,33.60000,14.00000,33.40000,14.00000,21.20000,14.00000,21.40000,14.00000,105.00000,14.00000,106.00000,14.00000,2.00000,3.59000
AVIBASE-5E822C9C,,,,,106.00000,15.00000,101.00000,15.00000,34.40000,15.00000,33.40000,15.00000,22.00000,15.00000,21.80000,15.00000,95.20000,15.00000,91.10000,15.00000,2.00000,
AVIBASE-9B33F957,,,,,100.00000,23.00000,97.00000,13.00000,33.00000,6.00000,,,21.20000,6.00000,,,98.00000,6.00000,,,2.80000,3.75000
AVIBASE-1E5D636D,45.50000,2.00000,,,,,88.50000,3.00000,,,,,,,,,,,75.70000,3.00000,,
AVIBASE-0D6B8ACA,,,,,84.75000,6.00000,87.00000,8.00000,31.25000,6.00000,30.25000,8.00000,18.60000,6.00000,18.50000,8.00000,72.30000,6.00000,73.30000,8.00000,2.00000,3.48000
AVIBASE-0868B50D,41.60000,18.00000,37.10000,15.00000,89.60000,5.00000,89.50000,4.00000,33.50000,5.00000,33.50000,4.00000,22.20000,5.00000,21.80000,4.00000,85.30000,5.00000,87.00000,4.00000,2.10000,2.80000
AVIBASE-3402C9BB,53.50000,8.00000,45.00000,1.00000,97.60000,16.00000,95.40000,6.00000,30.80000,16.00000,30.30000,6.00000,24.30000,16.00000,24.10000,6.00000,82.00000,16.00000,77.70000,6.00000,2.00000,4.20000
AVIBASE-73E1A69A,,,,,82.50000,21.00000,79.40000,10.00000,31.40000,4.00000,33.20000,4.00000,20.50000,21.00000,20.10000,10.00000,71.00000,21.00000,68.10000,10.00000,2.00000,
AVIBASE-EA283BA8,44.00000,3.00000,42.50000,2.00000,90.60000,6.00000,83.30000,3.00000,33.00000,6.00000,30.80000,3.00000,21.40000,6.00000,21.30000,3.00000,77.10000,6.00000,77.20000,3.00000,1.50000,3.80000
AVIBASE-8B8AC14A,54.00000,5.00000,50.00000,1.00000,,,,,,,,,,,,,,,,,,
AVIBASE-D194C523,65.10000,12.00000,61.20000,11.00000,98.70000,12.00000,97.80000,12.00000,34.00000,13.00000,31.50000,12.00000,26.80000,,26.30000,,97.00000,6.00000,94.30000,3.00000,,4.70000
AVIBASE-EF5EDE6D,27.30000,3.00000,26.50000,6.00000,,,,,,,,,,,,,,,,,,2.88000
AVIBASE-F3DCCA8F,31.70000,3.00000,29.00000,2.00000,92.20000,10.00000,90.40000,10.00000,25.10000,10.00000,25.00000,10.00000,20.20000,10.00000,19.80000,10.00000,,,,,,2.75000
AVIBASE-89A9E67C,34.50000,103.00000,32.70000,56.00000,83.20000,10.00000,83.00000,10.00000,25.60000,10.00000,25.00000,10.00000,21.40000,10.00000,22.10000,10.00000,,,,,,3.00000
AVIBASE-3703187C,50.90000,17.00000,50.70000,3.00000,97.80000,10.00000,94.60000,10.00000,26.20000,10.00000,26.20000,10.00000,22.90000,10.00000,22.60000,10.00000,,,,,,
AVIBASE-5CE2F0DC,34.90000,6.00000,35.90000,3.00000,91.40000,10.00000,88.60000,10.00000,24.60000,10.00000,23.90000,10.00000,20.60000,10.00000,20.10000,10.00000,,,,,,3.40000
AVIBASE-ACDC8DEE,38.00000,19.00000,35.70000,7.00000,81.30000,10.00000,77.80000,6.00000,27.30000,10.00000,26.80000,6.00000,21.70000,10.00000,20.80000,6.00000,84.50000,10.00000,84.20000,6.00000,2.00000,
AVIBASE-0BC36521,38.00000,2.00000,,,79.90000,9.00000,79.00000,1.00000,29.20000,9.00000,28.00000,1.00000,22.10000,9.00000,21.00000,1.00000,80.20000,10.00000,80.00000,1.00000,,3.63000
AVIBASE-2714B2A7,72.10000,7.00000,75.00000,1.00000,111.00000,32.00000,109.00000,13.00000,,,,,31.60000,32.00000,29.80000,13.00000,,,,,3.00000,6.00000
AVIBASE-ADFACA26,84.00000,1.00000,,,110.50000,1.00000,110.50000,1.00000,33.50000,1.00000,33.50000,1.00000,31.00000,1.00000,31.00000,1.00000,100.00000,1.00000,,,2.00000,6.69000
AVIBASE-5C543B0A,,,,,120.00000,3.00000,,,35.00000,3.00000,,,33.30000,3.00000,,,113.00000,3.00000,,,,
AVIBASE-641068BB,77.70000,18.00000,75.80000,17.00000,,,,,,,,,,,,,,,,,2.90000,6.25000
AVIBASE-3996ECD0,32.70000,44.00000,34.90000,41.00000,105.00000,10.00000,,,,,,,,,,,99.40000,10.00000,102.00000,10.00000,3.90000,3.10000
AVIBASE-1F2F7323,49.00000,1.00000,,,128.00000,3.00000,129.00000,3.00000,24.80000,3.00000,25.00000,3.00000,25.70000,3.00000,24.30000,3.00000,101.00000,3.00000,105.00000,3.00000,,3.25000
AVIBASE-523B438A,61.00000,1.00000,61.50000,2.00000,132.00000,12.00000,133.00000,14.00000,23.30000,12.00000,22.90000,14.00000,24.80000,12.00000,23.70000,14.00000,97.10000,12.00000,98.00000,14.00000,,
AVIBASE-B1EF3E4F,56.00000,1.00000,55.70000,3.00000,117.00000,10.00000,118.00000,10.00000,20.20000,10.00000,20.20000,10.00000,25.10000,10.00000,25.20000,10.00000,79.60000,10.00000,80.40000,10.00000,,
AVIBASE-1B2AF453,42.40000,8.00000,47.30000,4.00000,110.00000,3.00000,111.00000,5.00000,,,,,,,,,83.00000,2.00000,77.50000,4.00000,,
AVIBASE-5B9EA71C,43.10000,19.00000,44.60000,19.00000,,,,,,,,,,,,,92.30000,10.00000,91.10000,10.00000,3.40000,3.90000
AVIBASE-A7E4E1E5,,,,,112.00000,1.00000,107.50000,2.00000,22.00000,1.00000,21.50000,2.00000,22.00000,1.00000,23.00000,2.00000,71.00000,1.00000,77.50000,2.00000,,
AVIBASE-E27EEDC5,29.10000,19.00000,29.70000,20.00000,98.80000,7.00000,99.50000,4.00000,19.80000,7.00000,18.50000,4.00000,22.20000,7.00000,21.80000,4.00000,76.90000,7.00000,78.50000,4.00000,3.00000,
AVIBASE-F1A4B955,22.10000,10.00000,21.30000,3.00000,87.70000,6.00000,86.90000,6.00000,14.00000,6.00000,13.90000,6.00000,23.00000,6.00000,22.00000,6.00000,49.30000,6.00000,49.70000,6.00000,2.00000,2.27000
AVIBASE-B8BAD214,12.80000,19.00000,12.40000,6.00000,63.10000,23.00000,63.25000,16.00000,18.50000,4.00000,19.00000,2.00000,15.50000,23.00000,15.40000,16.00000,40.90000,23.00000,41.60000,16.00000,,
AVIBASE-5D9428D8,12.30000,4.00000,14.10000,4.00000,62.70000,16.00000,61.70000,16.00000,,,,,15.30000,16.00000,15.00000,16.00000,42.70000,16.00000,41.50000,16.00000,,
AVIBASE-CDC8A3E6,8.80000,9.00000,9.40000,7.00000,62.60000,33.00000,61.70000,30.00000,18.60000,33.00000,18.70000,30.00000,15.60000,33.00000,15.30000,30.00000,35.60000,33.00000,35.00000,30.00000,,
AVIBASE-DA2B7379,11.80000,101.00000,11.50000,200.00000,61.60000,113.00000,60.50000,97.00000,,,,,16.60000,113.00000,16.10000,97.00000,45.10000,113.00000,44.30000,97.00000,2.10000,1.75000
AVIBASE-B9669030,12.20000,43.00000,11.70000,23.00000,61.20000,17.00000,60.00000,19.00000,,,,,16.50000,17.00000,15.40000,19.00000,34.80000,17.00000,33.20000,19.00000,2.40000,1.63000
AVIBASE-C5C38D98,9.60000,11.00000,7.80000,7.00000,62.00000,94.00000,60.80000,68.00000,,,,,16.10000,94.00000,15.60000,68.00000,46.90000,94.00000,46.70000,68.00000,2.00000,1.56000
AVIBASE-5A58B69A,9.60000,36.00000,9.50000,38.00000,56.20000,15.00000,54.90000,20.00000,,,,,,,,,36.40000,5.00000,35.80000,9.00000,2.00000,
AVIBASE-982B2C3A,9.70000,3.00000,9.70000,1.00000,56.70000,10.00000,55.80000,10.00000,,,,,14.90000,10.00000,14.50000,10.00000,44.70000,10.00000,44.10000,10.00000,2.00000,1.36000
AVIBASE-66B40819,9.30000,9.00000,9.20000,13.00000,58.00000,11.00000,55.80000,7.00000,,,,,15.70000,11.00000,16.10000,7.00000,42.30000,11.00000,40.90000,7.00000,2.00000,1.15000
AVIBASE-A6DFFC15,9.00000,1.00000,9.50000,2.00000,57.90000,30.00000,56.80000,22.00000,,,,,15.30000,30.00000,15.00000,22.00000,40.40000,30.00000,40.00000,22.00000,2.50000,1.51000
AVIBASE-90D0D245,,,,,61.80000,66.00000,61.00000,49.00000,16.50000,20.00000,15.50000,13.00000,16.50000,66.00000,16.00000,49.00000,44.20000,66.00000,44.10000,49.00000,2.00000,1.24000
AVIBASE-5C9DDB02,6.20000,7.00000,7.70000,3.00000,52.00000,25.00000,50.70000,13.00000,16.50000,1.00000,15.00000,1.00000,15.30000,25.00000,14.50000,13.00000,33.90000,25.00000,32.70000,13.00000,,
AVIBASE-43F4D13C,,,,,49.50000,4.00000,48.00000,4.00000,12.50000,4.00000,12.50000,4.00000,12.10000,4.00000,11.75000,4.00000,32.10000,4.00000,31.80000,4.00000,,
AVIBASE-45C905C5,,,,,49.10000,8.00000,49.60000,4.00000,13.70000,3.00000,13.20000,4.00000,14.10000,8.00000,14.00000,4.00000,30.50000,8.00000,30.20000,4.00000,,
AVIBASE-0718A157,9.10000,2.00000,8.90000,2.00000,49.80000,9.00000,49.50000,4.00000,,,,,14.30000,9.00000,14.50000,4.00000,30.10000,9.00000,29.80000,4.00000,,
AVIBASE-F254EE2D,,,,,55.10000,17.00000,54.00000,19.00000,,,,,15.25000,17.00000,14.60000,19.00000,38.00000,17.00000,38.00000,19.00000,2.00000,
AVIBASE-E15225F1,15.00000,4.00000,15.30000,6.00000,64.00000,8.00000,64.40000,8.00000,19.40000,8.00000,19.20000,8.00000,16.90000,8.00000,17.20000,8.00000,47.60000,8.00000,50.20000,8.00000,2.00000,1.88000
AVIBASE-E8A10389,,,,,60.70000,4.00000,61.00000,5.00000,18.60000,4.00000,19.00000,5.00000,17.50000,4.00000,16.50000,5.00000,47.50000,5.00000,49.00000,5.00000,,
AVIBASE-16935B44,,,,,67.60000,4.00000,67.80000,3.00000,19.70000,4.00000,18.50000,3.00000,17.60000,4.00000,16.70000,3.00000,55.20000,4.00000,54.30000,3.00000,1.90000,1.98000
AVIBASE-8D562259,14.30000,29.00000,13.90000,18.00000,58.70000,15.00000,58.80000,10.00000,15.40000,15.00000,15.40000,10.00000,15.00000,15.00000,14.70000,10.00000,,,,,,
AVIBASE-DA3F921A,11.50000,1.00000,,,54.20000,10.00000,54.50000,5.00000,14.90000,10.00000,15.00000,5.00000,14.30000,10.00000,14.00000,5.00000,,,,,,
AVIBASE-5369EE11,,,,,52.30000,10.00000,51.80000,3.00000,17.50000,10.00000,17.30000,3.00000,14.80000,10.00000,14.50000,3.00000,,,,,,
AVIBASE-3AB36AF8,,,,,59.80000,4.00000,59.10000,5.00000,16.90000,4.00000,16.70000,5.00000,14.60000,4.00000,14.60000,5.00000,,,,,,
AVIBASE-EE344F3D,,,,,90.20000,5.00000,85.80000,5.00000,40.60000,5.00000,39.75000,5.00000,,,,,89.20000,5.00000,82.00000,5.00000,2.00000,5.94000
AVIBASE-30365337,,,196.00000,2.00000,156.00000,4.00000,151.00000,3.00000,,,,,,,,,,,,,2.00000,15.20000
AVIBASE-C9B244E1,,,,,151.00000,6.00000,149.00000,4.00000,65.00000,5.00000,61.20000,5.00000,38.50000,2.00000,35.50000,2.00000,142.50000,6.00000,140.00000,4.00000,2.30000,15.90000
AVIBASE-BD929CBC,20.70000,15.00000,21.00000,15.00000,9.26000,28.00000,,,18.30000,,18.00000,,10.90000,,11.20000,,100.70000,7.00000,,,2.32000,
AVIBASE-AEF821EC,55.00000,1.00000,46.00000,2.00000,118.00000,11.00000,118.10000,9.00000,20.80000,25.00000,20.40000,25.00000,17.80000,28.00000,17.80000,24.00000,57.80000,6.00000,57.40000,5.00000,4.50000,
AVIBASE-9437D635,30.80000,11.00000,33.90000,8.00000,93.80000,6.00000,92.40000,5.00000,16.50000,5.00000,16.60000,5.00000,6.78000,6.00000,6.74000,6.00000,52.70000,18.00000,52.40000,5.00000,4.12000,
AVIBASE-FDECE3B9,66.40000,32.00000,57.40000,52.00000,97.80000,13.00000,88.90000,7.00000,29.50000,13.00000,27.40000,7.00000,22.30000,13.00000,20.90000,7.00000,52.00000,11.00000,48.80000,13.00000,4.52000,4.60000
AVIBASE-A5EC8BF5,60.00000,25.00000,53.60000,26.00000,90.00000,3.00000,86.00000,6.00000,29.30000,3.00000,28.60000,6.00000,17.50000,3.00000,16.20000,6.00000,49.30000,3.00000,46.70000,6.00000,4.16000,4.38000
AVIBASE-DE849BDB,45.00000,,37.00000,,,,,,,,,,,,,,,,,,,
AVIBASE-031AC7C9,35.80000,35.00000,35.50000,21.00000,98.00000,16.00000,97.20000,13.00000,20.20000,16.00000,20.00000,13.00000,15.60000,16.00000,15.30000,13.00000,,,,,,
AVIBASE-90FDC4CC,68.70000,5.00000,63.90000,7.00000,118.00000,7.00000,114.00000,10.00000,29.40000,7.00000,28.90000,10.00000,20.20000,7.00000,20.10000,10.00000,,,,,,5.40000
AVIBASE-0BD37CDF,53.10000,41.00000,50.50000,21.00000,106.00000,6.00000,102.00000,5.00000,27.00000,6.00000,26.70000,5.00000,19.00000,6.00000,19.10000,5.00000,,,,,,
AVIBASE-22E11A7D,60.50000,1.00000,61.90000,2.00000,113.00000,21.00000,109.00000,12.00000,,,,,,,,,58.60000,5.00000,55.80000,5.00000,3.00000,5.35000
AVIBASE-CCC257D0,,,,,102.00000,5.00000,97.80000,5.00000,34.20000,5.00000,33.40000,5.00000,24.60000,5.00000,24.60000,5.00000,,,,,,5.40000
AVIBASE-A20D777F,,,,,102.00000,7.00000,98.50000,6.00000,25.20000,5.00000,25.20000,5.00000,25.10000,5.00000,24.30000,5.00000,64.00000,5.00000,61.90000,5.00000,3.00000,3.45000
AVIBASE-57DB5D4E,,,,,103.00000,10.00000,100.00000,10.00000,26.30000,3.00000,25.30000,3.00000,22.90000,5.00000,22.80000,5.00000,60.10000,10.00000,60.20000,5.00000,2.70000,4.15000
AVIBASE-736D38E7,47.00000,16.00000,52.40000,6.00000,124.10000,21.00000,120.00000,10.00000,28.30000,26.00000,28.20000,13.00000,25.00000,30.00000,25.20000,13.00000,60.80000,24.00000,62.00000,12.00000,4.50000,4.95000
AVIBASE-566669CC,24.30000,5.00000,23.50000,2.00000,87.10000,6.00000,82.00000,6.00000,25.20000,6.00000,25.10000,6.00000,20.00000,6.00000,20.20000,6.00000,64.30000,6.00000,57.20000,6.00000,4.00000,3.49000
AVIBASE-41D76F4B,45.40000,5.00000,49.20000,3.00000,128.00000,17.00000,124.10000,12.00000,30.00000,12.00000,29.70000,13.00000,30.40000,17.00000,29.70000,13.00000,85.20000,13.00000,85.40000,13.00000,4.54000,5.95000
AVIBASE-E7163B81,60.00000,,70.00000,,120.90000,27.00000,118.60000,22.00000,29.20000,20.00000,28.90000,11.00000,23.00000,21.00000,23.60000,11.00000,80.00000,21.00000,78.70000,11.00000,,
AVIBASE-58312873,78.40000,60.00000,80.30000,33.00000,124.70000,78.00000,122.40000,62.00000,31.40000,20.00000,31.70000,17.00000,20.70000,20.00000,21.40000,17.00000,,,,,,7.30000
AVIBASE-C54DCA26,50.30000,25.00000,52.40000,14.00000,103.00000,38.00000,102.00000,28.00000,34.30000,38.00000,34.40000,28.00000,21.50000,38.00000,21.50000,28.00000,83.20000,38.00000,82.50000,28.00000,2.00000,4.99000
AVIBASE-4745E8A7,70.00000,1.00000,80.00000,1.00000,110.00000,8.00000,110.00000,6.00000,34.70000,8.00000,36.00000,6.00000,24.30000,8.00000,23.40000,6.00000,74.60000,8.00000,75.50000,6.00000,,
AVIBASE-45C55FDE,60.40000,20.00000,62.00000,20.00000,111.00000,29.00000,109.00000,25.00000,35.40000,20.00000,35.10000,25.00000,22.30000,20.00000,22.20000,25.00000,79.10000,29.00000,77.80000,25.00000,2.00000,5.20000
AVIBASE-05BC1F90,42.00000,3.00000,45.50000,3.00000,101.00000,4.00000,98.00000,8.00000,27.50000,4.00000,28.40000,8.00000,20.60000,4.00000,19.60000,8.00000,63.80000,4.00000,62.90000,8.00000,,
AVIBASE-CB1E8753,63.10000,7.00000,67.70000,7.00000,114.00000,4.00000,109.00000,4.00000,35.80000,4.00000,33.40000,4.00000,22.60000,4.00000,20.00000,4.00000,71.20000,5.00000,74.50000,2.00000,2.20000,
AVIBASE-60A39CF9,74.00000,3.00000,,,119.00000,22.00000,117.00000,18.00000,32.00000,22.00000,32.10000,18.00000,24.40000,22.00000,23.30000,18.00000,80.30000,22.00000,75.00000,18.00000,2.50000,5.80000
AVIBASE-99F75999,150.00000,4.00000,155.00000,3.00000,166.20000,14.00000,161.80000,8.00000,36.60000,18.00000,36.40000,12.00000,30.70000,30.00000,30.30000,24.00000,109.10000,18.00000,100.70000,12.00000,4.50000,8.10000
AVIBASE-A8347C7D,27.90000,,,,,,,,,,,,,,,,,,,,4.40000,3.10000
AVIBASE-AC2B812A,25.80000,50.00000,27.10000,76.00000,108.50000,50.00000,105.09000,76.00000,23.08000,50.00000,22.00000,76.00000,11.63000,30.00000,11.59000,16.00000,68.90000,50.00000,64.80000,76.00000,5.06000,3.00000
AVIBASE-97B870B4,,,,,112.90000,43.00000,109.03000,35.00000,22.20000,44.00000,22.00000,36.00000,10.20000,10.00000,9.90000,13.00000,73.10000,45.00000,70.90000,35.00000,5.52000,3.20000
AVIBASE-C52EFB11,,,,,,,,,,,,,,,,,,,,,1.50000,
AVIBASE-A1C41A3F,51.00000,72.00000,49.90000,24.00000,101.90000,72.00000,97.70000,24.00000,35.10000,66.00000,34.60000,35.00000,15.70000,73.00000,15.10000,24.00000,67.00000,35.00000,64.80000,13.00000,1.50000,3.75000
AVIBASE-5459228D,32.40000,23.00000,32.60000,20.00000,114.40000,20.00000,111.70000,19.00000,21.60000,21.00000,21.40000,20.00000,8.60000,23.00000,8.40000,22.00000,,,,,3.66000,3.71000
AVIBASE-CB874866,,,,,,,,,,,,,,,,,,,,,,
AVIBASE-7FC3681F,,,,,,,,,,,,,,,,,,,,,,4.00000
AVIBASE-EFA53F7D,,,,,,,,,,,,,,,,,,,,,,3.50000
AVIBASE-0B8F4EE6,43.30000,,39.70000,,,,,,29.20000,,,,13.50000,,,,64.90000,19.00000,65.20000,13.00000,3.90000,3.40000
AVIBASE-B904BB22,29.70000,13.00000,28.90000,11.00000,101.90000,59.00000,97.60000,26.00000,30.30000,58.00000,29.50000,26.00000,13.20000,57.00000,13.10000,25.00000,72.90000,59.00000,69.00000,26.00000,4.01000,3.50000
AVIBASE-AC269ED8,29.70000,170.00000,29.90000,33.00000,98.80000,173.00000,95.90000,33.00000,27.10000,20.00000,,,8.67000,19.00000,,,66.20000,20.00000,67.20000,30.00000,3.65000,3.60000
AVIBASE-B01E8BD4,,,,,,,,,,,,,,,,,65.00000,12.00000,63.20000,11.00000,3.38000,3.10000
AVIBASE-40A2405D,63.20000,7.00000,65.70000,4.00000,,,,,,,,,,,,,78.60000,10.00000,81.40000,10.00000,2.40000,
AVIBASE-A0DC8E87,48.70000,6.00000,51.00000,3.00000,108.00000,15.00000,107.00000,6.00000,30.40000,15.00000,29.80000,6.00000,24.00000,15.00000,23.00000,6.00000,88.50000,15.00000,89.30000,6.00000,2.50000,5.10000
AVIBASE-5D12DEA5,55.60000,4.00000,55.30000,3.00000,115.00000,10.00000,111.00000,10.00000,27.80000,10.00000,26.60000,10.00000,18.80000,10.00000,19.30000,10.00000,77.30000,10.00000,74.10000,10.00000,2.90000,6.95000
AVIBASE-927299E4,,,,,130.00000,14.00000,126.00000,7.00000,40.80000,14.00000,39.00000,7.00000,25.80000,14.00000,25.80000,7.00000,92.00000,14.00000,89.00000,7.00000,2.00000,
AVIBASE-3A7D7B07,72.00000,19.00000,71.00000,4.00000,128.00000,6.00000,123.00000,7.00000,30.00000,6.00000,30.50000,7.00000,21.60000,6.00000,21.40000,7.00000,83.00000,6.00000,84.00000,7.00000,2.07000,7.40000
AVIBASE-CE71B4FF,109.50000,2.00000,106.00000,1.00000,141.70000,10.00000,139.00000,10.00000,33.70000,10.00000,33.70000,10.00000,16.40000,10.00000,16.60000,10.00000,94.80000,10.00000,92.50000,10.00000,4.50000,7.40000
AVIBASE-88BB4F2A,94.60000,193.00000,97.10000,50.00000,129.00000,10.00000,123.30000,10.00000,34.20000,9.00000,33.20000,10.00000,17.30000,10.00000,17.10000,10.00000,99.90000,10.00000,95.50000,10.00000,3.50000,7.20000
AVIBASE-77B6BACB,91.50000,11.00000,87.10000,10.00000,136.80000,10.00000,133.30000,10.00000,33.40000,10.00000,32.90000,10.00000,15.10000,10.00000,15.10000,9.00000,99.60000,19.00000,98.10000,10.00000,5.50000,7.20000
AVIBASE-D120D5A0,106.70000,30.00000,103.40000,28.00000,146.80000,10.00000,142.60000,10.00000,33.60000,10.00000,33.60000,10.00000,15.70000,10.00000,15.50000,10.00000,143.00000,19.00000,141.00000,10.00000,5.13000,6.80000
AVIBASE-A8A85BCF,63.30000,5.00000,62.40000,34.00000,116.10000,10.00000,114.30000,10.00000,29.30000,10.00000,28.70000,10.00000,14.60000,10.00000,14.30000,19.00000,81.70000,10.00000,78.40000,10.00000,5.38000,4.90000
AVIBASE-D929EB21,73.20000,72.00000,71.00000,115.00000,115.70000,10.00000,114.10000,10.00000,32.10000,10.00000,32.30000,10.00000,14.00000,10.00000,14.50000,10.00000,85.70000,10.00000,82.80000,10.00000,4.72000,6.00000
AVIBASE-A95B43F1,112.40000,14.00000,123.20000,5.00000,153.90000,10.00000,150.60000,10.00000,33.40000,10.00000,32.70000,10.00000,15.90000,10.00000,15.50000,10.00000,106.00000,10.00000,104.00000,10.00000,3.50000,7.80000
AVIBASE-B337C841,71.30000,,73.60000,,,,,,,,,,,,,,,,,,,7.05000
AVIBASE-D77E4B41,84.90000,4.00000,75.00000,2.00000,130.20000,,125.00000,,,,,,23.50000,,,,101.20000,10.00000,96.90000,9.00000,3.15000,6.25000
AVIBASE-8B7A6FE9,27.30000,6.00000,25.80000,7.00000,84.40000,12.00000,82.90000,9.00000,26.00000,12.00000,25.70000,9.00000,17.40000,12.00000,17.30000,9.00000,,,,,,
AVIBASE-F71CDDC8,35.30000,18.00000,35.10000,16.00000,98.90000,10.00000,93.50000,8.00000,29.90000,10.00000,29.20000,8.00000,20.30000,10.00000,19.70000,8.00000,,,,,,
AVIBASE-4ACA4C5C,49.00000,17.00000,49.70000,10.00000,107.90000,17.00000,104.60000,11.00000,33.30000,4.00000,32.80000,5.00000,24.50000,4.00000,22.30000,5.00000,,,,,,
AVIBASE-68B8466C,,,,,97.00000,9.00000,96.70000,3.00000,30.20000,9.00000,30.50000,3.00000,19.40000,9.00000,20.20000,3.00000,,,,,,5.02000
AVIBASE-ECD2AB67,32.60000,38.00000,29.80000,36.00000,93.20000,12.00000,86.60000,12.00000,25.40000,12.00000,23.90000,12.00000,18.40000,12.00000,18.10000,12.00000,,,,,,3.70000
AVIBASE-AB38EDFD,22.50000,2.00000,,,93.20000,5.00000,91.60000,5.00000,21.00000,5.00000,21.00000,5.00000,15.80000,5.00000,15.60000,5.00000,81.30000,5.00000,79.10000,5.00000,2.00000,
AVIBASE-FA03A965,23.80000,10.00000,23.40000,10.00000,85.60000,5.00000,86.00000,5.00000,21.60000,5.00000,20.40000,5.00000,16.80000,5.00000,17.00000,5.00000,,,,,,2.01000
AVIBASE-6E8F3B30,39.00000,1.00000,,,,,,,,,,,,,,,,,,,,3.20000
AVIBASE-561780A5,24.30000,11.00000,26.10000,9.00000,84.70000,12.00000,84.70000,12.00000,,,,,17.00000,12.00000,17.10000,12.00000,,,,,,2.18000
AVIBASE-E281D783,19.50000,12.00000,18.50000,6.00000,78.50000,65.00000,77.50000,34.00000,20.20000,65.00000,20.70000,34.00000,16.10000,65.00000,16.00000,34.00000,,,,,,2.23000
AVIBASE-373E54E6,21.50000,2.00000,25.00000,2.00000,85.20000,5.00000,85.10000,5.00000,23.40000,5.00000,22.80000,5.00000,16.50000,5.00000,15.40000,5.00000,,,,,,2.76000
AVIBASE-3809131C,24.10000,15.00000,23.50000,13.00000,92.10000,5.00000,93.20000,3.00000,22.00000,5.00000,22.80000,3.00000,16.10000,5.00000,15.70000,3.00000,,,,,,
AVIBASE-167C67BA,,,,,84.00000,1.00000,82.25000,2.00000,20.00000,1.00000,21.75000,2.00000,15.00000,1.00000,14.25000,2.00000,,,,,,
AVIBASE-F188F8C8,30.00000,2.00000,,,98.90000,7.00000,97.50000,8.00000,23.60000,7.00000,23.40000,8.00000,19.00000,7.00000,19.20000,8.00000,101.70000,7.00000,100.30000,8.00000,2.50000,2.68000
AVIBASE-8A9A7AAA,27.00000,5.00000,26.30000,4.00000,110.00000,10.00000,105.00000,10.00000,22.30000,10.00000,22.40000,10.00000,18.10000,10.00000,18.40000,10.00000,93.70000,10.00000,90.40000,10.00000,2.67000,2.77000
AVIBASE-C25A248F,29.10000,10.00000,28.90000,6.00000,87.00000,7.00000,84.00000,6.00000,21.00000,7.00000,21.00000,6.00000,12.00000,7.00000,12.00000,6.00000,85.00000,7.00000,82.00000,6.00000,2.00000,2.71000
AVIBASE-A920880B,40.00000,7.00000,39.70000,4.00000,106.00000,7.00000,103.00000,4.00000,22.70000,7.00000,22.75000,4.00000,17.50000,7.00000,17.00000,4.00000,78.50000,6.00000,77.80000,4.00000,,
AVIBASE-8B037156,,,,,94.90000,6.00000,91.00000,6.00000,23.20000,6.00000,23.40000,6.00000,20.40000,6.00000,20.00000,6.00000,71.40000,6.00000,67.90000,6.00000,2.80000,3.15000
AVIBASE-EA749CEC,23.00000,5.00000,19.70000,4.00000,80.80000,7.00000,78.50000,4.00000,19.50000,7.00000,20.00000,4.00000,17.10000,7.00000,17.30000,4.00000,64.30000,7.00000,60.70000,4.00000,1.80000,
AVIBASE-FD391374,25.60000,12.00000,26.90000,10.00000,95.60000,24.00000,89.80000,8.00000,,,,,19.50000,10.00000,19.30000,10.00000,,,,,,2.75000
AVIBASE-EE8206E7,15.20000,332.00000,,,85.80000,25.00000,86.00000,21.00000,14.60000,19.00000,14.70000,17.00000,15.40000,24.00000,15.50000,21.00000,60.40000,28.00000,60.60000,25.00000,3.50000,1.92000
AVIBASE-7387E828,12.00000,1.00000,14.00000,1.00000,74.20000,5.00000,75.50000,5.00000,15.50000,7.00000,15.50000,2.00000,10.00000,7.00000,9.50000,2.00000,53.60000,5.00000,54.00000,5.00000,2.00000,1.46000
AVIBASE-119680B1,11.10000,5.00000,10.80000,3.00000,68.70000,88.00000,68.60000,28.00000,13.00000,88.00000,13.00000,28.00000,12.70000,28.00000,12.50000,18.00000,48.80000,13.00000,47.70000,8.00000,,
AVIBASE-79993B33,17.50000,3.00000,18.20000,3.00000,84.30000,9.00000,84.00000,8.00000,,,,,12.00000,3.00000,12.00000,3.00000,44.00000,9.00000,43.80000,8.00000,,
AVIBASE-AD9EBAC2,17.60000,6.00000,17.90000,7.00000,83.00000,8.00000,81.50000,4.00000,13.20000,8.00000,12.70000,4.00000,11.00000,8.00000,10.70000,4.00000,48.00000,8.00000,46.20000,4.00000,,
AVIBASE-D5629ECA,,,,,78.80000,5.00000,79.00000,5.00000,17.90000,5.00000,18.40000,5.00000,13.90000,5.00000,15.10000,5.00000,49.10000,5.00000,49.00000,5.00000,4.00000,1.95000
AVIBASE-77F0C62C,11.50000,3.00000,,,67.80000,12.00000,67.60000,7.00000,15.60000,12.00000,15.50000,7.00000,11.40000,12.00000,11.30000,7.00000,53.30000,12.00000,51.80000,7.00000,2.50000,1.27000
AVIBASE-809D08A6,,,,,75.20000,4.00000,72.20000,2.00000,17.40000,4.00000,15.70000,2.00000,14.10000,4.00000,14.00000,2.00000,56.70000,4.00000,55.00000,2.00000,,
AVIBASE-84E4178E,,,,,78.70000,3.00000,73.00000,3.00000,15.50000,3.00000,15.70000,3.00000,78.70000,3.00000,73.00000,3.00000,60.00000,3.00000,54.70000,3.00000,2.00000,
AVIBASE-6E95C4A9,,,,,68.90000,10.00000,66.50000,10.00000,,,,,15.20000,10.00000,14.50000,10.00000,55.10000,10.00000,52.70000,10.00000,2.70000,1.66000
AVIBASE-79574FC3,10.00000,2.00000,,,56.70000,6.00000,56.50000,7.00000,11.70000,6.00000,11.60000,7.00000,11.40000,6.00000,11.50000,7.00000,39.70000,6.00000,38.60000,7.00000,,
AVIBASE-E78D263C,8.80000,5.00000,9.60000,4.00000,57.40000,10.00000,55.50000,7.00000,11.20000,10.00000,11.50000,7.00000,11.60000,10.00000,11.10000,7.00000,36.70000,10.00000,35.10000,7.00000,2.00000,1.21000
AVIBASE-F21A8321,,,,,65.30000,7.00000,63.70000,4.00000,15.70000,7.00000,15.50000,4.00000,14.20000,7.00000,13.50000,4.00000,53.00000,7.00000,51.10000,4.00000,1.50000,1.83000
AVIBASE-6A0D9212,,,,,74.00000,3.00000,73.50000,2.00000,17.50000,3.00000,16.50000,2.00000,16.20000,3.00000,14.75000,2.00000,58.30000,3.00000,54.50000,2.00000,,
AVIBASE-A962CA14,19.00000,1.00000,17.00000,1.00000,73.10000,5.00000,71.10000,6.00000,14.40000,5.00000,14.00000,6.00000,16.80000,5.00000,16.50000,6.00000,55.60000,5.00000,55.20000,6.00000,1.90000,2.06000
AVIBASE-3B3A6911,13.90000,6.00000,14.70000,10.00000,70.40000,5.00000,68.60000,5.00000,16.20000,5.00000,15.30000,5.00000,14.90000,5.00000,13.90000,5.00000,49.60000,5.00000,48.70000,5.00000,2.80000,2.09000
AVIBASE-F563FE97,12.60000,29.00000,12.50000,14.00000,63.10000,4.00000,61.50000,5.00000,16.50000,4.00000,16.90000,5.00000,15.10000,4.00000,14.70000,5.00000,49.50000,4.00000,49.30000,5.00000,2.00000,2.07000
AVIBASE-5EA2B90C,13.30000,7.00000,12.40000,7.00000,67.50000,10.00000,64.00000,10.00000,17.90000,10.00000,17.50000,3.00000,14.70000,10.00000,14.20000,3.00000,59.20000,10.00000,57.50000,3.00000,2.00000,1.52000
AVIBASE-66F7EC4B,12.80000,,11.20000,,79.10000,,77.00000,,17.00000,28.00000,17.00000,16.00000,11.80000,44.00000,11.80000,19.00000,51.30000,10.00000,49.60000,10.00000,5.15000,1.70000
AVIBASE-0B2F8058,12.90000,,12.50000,,83.50000,,81.70000,,16.80000,25.00000,17.00000,17.00000,11.80000,32.00000,12.40000,19.00000,82.60000,10.00000,80.30000,10.00000,6.00000,1.60000
AVIBASE-BE56C141,14.40000,1.00000,13.90000,1.00000,82.10000,33.00000,79.60000,11.00000,17.00000,28.00000,16.90000,11.00000,12.10000,30.00000,12.10000,11.00000,50.00000,9.00000,49.40000,5.00000,5.50000,
AVIBASE-6A3CA06B,11.40000,5.00000,12.00000,1.00000,68.70000,32.00000,66.40000,16.00000,16.60000,22.00000,17.00000,14.00000,12.10000,25.00000,12.10000,15.00000,49.30000,10.00000,48.80000,10.00000,5.70000,1.45000
AVIBASE-1D1BD2CA,,,,,68.30000,3.00000,68.30000,3.00000,26.70000,3.00000,26.00000,3.00000,18.50000,3.00000,12.30000,3.00000,52.20000,3.00000,56.50000,3.00000,2.50000,
AVIBASE-230A0342,21.40000,143.00000,20.20000,90.00000,86.40000,5.00000,76.00000,1.00000,26.80000,5.00000,26.00000,1.00000,16.80000,5.00000,16.00000,1.00000,,,,,,3.05000
AVIBASE-3622BD28,15.80000,105.00000,16.30000,44.00000,70.40000,106.00000,67.30000,41.00000,,,,,,,,,,,,,,
AVIBASE-6711EB24,14.90000,17.00000,14.50000,7.00000,63.80000,20.00000,62.20000,9.00000,21.50000,20.00000,21.70000,9.00000,14.10000,20.00000,14.00000,9.00000,,,,,,2.31000
AVIBASE-09E90D06,17.50000,1.00000,,,72.00000,6.00000,67.80000,5.00000,24.60000,6.00000,23.60000,5.00000,16.60000,5.00000,16.40000,5.00000,,,,,,
AVIBASE-65C6355E,19.60000,9.00000,17.30000,2.00000,74.90000,9.00000,67.30000,3.00000,24.90000,9.00000,22.30000,3.00000,15.90000,9.00000,15.00000,3.00000,,,,,,
AVIBASE-C25F57BD,14.90000,7.00000,14.50000,7.00000,69.90000,8.00000,66.00000,6.00000,21.60000,8.00000,21.30000,6.00000,14.00000,8.00000,13.80000,6.00000,,,,,,
AVIBASE-9B35BE95,14.80000,3.00000,12.70000,3.00000,70.60000,5.00000,65.50000,2.00000,21.80000,5.00000,20.50000,2.00000,15.00000,5.00000,14.50000,2.00000,,,,,,2.45000
AVIBASE-3E4783BA,18.00000,8.00000,16.70000,3.00000,74.10000,13.00000,67.20000,4.00000,21.50000,2.00000,20.00000,2.00000,16.00000,4.00000,15.20000,3.00000,,,,,,
AVIBASE-F6E72DBC,24.20000,4.00000,21.30000,6.00000,77.00000,5.00000,75.00000,4.00000,30.00000,5.00000,30.00000,4.00000,16.50000,5.00000,16.50000,3.00000,,,,,,
AVIBASE-44A7DA22,19.30000,6.00000,17.50000,1.00000,75.00000,1.00000,69.50000,2.00000,31.00000,1.00000,,,16.00000,1.00000,17.00000,1.00000,,,,,,
AVIBASE-C809B2B9,16.60000,11.00000,18.50000,5.00000,72.80000,17.00000,70.50000,10.00000,25.10000,96.00000,25.20000,37.00000,14.40000,92.00000,14.20000,35.00000,56.40000,99.00000,55.10000,38.00000,5.17000,2.40000
AVIBASE-6EC66752,24.50000,6.00000,25.50000,2.00000,90.80000,17.00000,87.90000,18.00000,,,,,17.10000,14.00000,16.60000,17.00000,65.60000,14.00000,63.10000,18.00000,4.80000,3.06000
AVIBASE-7C7F0DEE,20.90000,9.00000,19.40000,3.00000,83.90000,28.00000,81.80000,23.00000,27.50000,25.00000,26.90000,20.00000,17.40000,26.00000,16.80000,16.00000,64.50000,29.00000,62.10000,20.00000,4.78000,2.65000
AVIBASE-786B0F98,26.90000,2.00000,22.50000,3.00000,79.70000,36.00000,75.80000,13.00000,30.50000,26.00000,29.20000,13.00000,,,,,60.40000,26.00000,56.20000,12.00000,5.00000,2.65000
AVIBASE-AFD6FD81,18.20000,108.00000,18.30000,34.00000,76.60000,11.00000,73.80000,5.00000,27.50000,27.00000,26.60000,11.00000,15.90000,28.00000,15.60000,10.00000,54.00000,34.00000,51.50000,15.00000,5.80000,1.98000
AVIBASE-A8AA7E19,15.80000,7.00000,13.50000,4.00000,76.20000,17.00000,76.10000,7.00000,25.70000,15.00000,26.20000,12.00000,15.60000,16.00000,15.20000,11.00000,47.10000,15.00000,46.20000,10.00000,,2.24000
AVIBASE-9F2611E8,13.80000,10.00000,15.10000,6.00000,80.00000,37.00000,76.40000,20.00000,22.50000,20.00000,22.60000,11.00000,13.90000,21.00000,13.70000,12.00000,58.50000,21.00000,55.90000,14.00000,6.00000,1.85000
AVIBASE-73BD4B29,24.50000,7.00000,24.30000,2.00000,96.20000,20.00000,94.60000,15.00000,25.90000,14.00000,25.50000,11.00000,19.00000,15.00000,19.00000,11.00000,70.20000,14.00000,68.90000,11.00000,4.00000,2.66000
AVIBASE-DB856F78,,,,,77.00000,10.00000,73.00000,9.00000,29.90000,9.00000,28.60000,9.00000,18.10000,10.00000,17.60000,8.00000,,,,,,2.87000
AVIBASE-96D9A285,22.50000,4.00000,23.50000,3.00000,78.00000,5.00000,73.00000,3.00000,32.10000,5.00000,29.50000,3.00000,17.60000,5.00000,17.00000,2.00000,,,,,,
AVIBASE-63CF0D74,26.90000,7.00000,23.80000,2.00000,78.00000,5.00000,77.00000,4.00000,32.20000,4.00000,32.40000,3.00000,18.60000,5.00000,18.20000,3.00000,,,,,,3.66000
AVIBASE-A38BABE1,28.90000,35.00000,28.00000,23.00000,85.20000,11.00000,79.20000,11.00000,29.20000,10.00000,29.10000,10.00000,18.30000,10.00000,17.80000,10.00000,,,,,,3.34000
AVIBASE-94932CDC,22.40000,14.00000,20.10000,8.00000,81.20000,5.00000,78.40000,7.00000,26.80000,5.00000,27.10000,7.00000,19.60000,5.00000,18.50000,6.00000,,,,,,2.50000
AVIBASE-9616C96E,30.60000,3.00000,29.00000,1.00000,87.50000,11.00000,81.80000,11.00000,28.10000,8.00000,26.60000,10.00000,19.60000,10.00000,18.40000,10.00000,,,,,,3.15000
AVIBASE-25C26AB9,18.50000,4.00000,16.00000,3.00000,80.30000,3.00000,75.60000,5.00000,25.50000,2.00000,24.00000,5.00000,16.50000,2.00000,16.00000,5.00000,,,,,,
AVIBASE-53EABB81,,,,,81.00000,10.00000,76.20000,10.00000,30.20000,10.00000,28.70000,10.00000,17.60000,10.00000,17.50000,10.00000,,,,,,3.05000
AVIBASE-16BD42DD,37.50000,14.00000,32.30000,10.00000,101.90000,10.00000,94.80000,10.00000,31.30000,10.00000,30.00000,10.00000,20.70000,9.00000,19.30000,10.00000,,,,,,3.30000
AVIBASE-3846F8A8,31.50000,25.00000,28.70000,14.00000,94.00000,10.00000,90.10000,10.00000,26.70000,9.00000,25.90000,10.00000,18.80000,10.00000,18.40000,10.00000,,,,,,3.38000
AVIBASE-68C54292,47.60000,28.00000,44.10000,34.00000,104.00000,24.00000,99.70000,25.00000,30.40000,5.00000,30.70000,6.00000,21.00000,5.00000,20.00000,6.00000,,,,,,4.13000
AVIBASE-B175F364,65.00000,2.00000,56.00000,2.00000,120.00000,4.00000,114.00000,3.00000,37.50000,2.00000,37.00000,1.00000,21.50000,2.00000,21.00000,1.00000,,,,,,
AVIBASE-BB05D1FC,,,,,105.00000,6.00000,100.00000,4.00000,30.20000,6.00000,30.00000,4.00000,21.30000,6.00000,20.20000,4.00000,,,,,,3.20000
AVIBASE-FA3C53B8,,,,,127.50000,13.00000,114.50000,6.00000,36.00000,13.00000,34.00000,6.00000,24.50000,6.00000,21.00000,1.00000,,,,,,4.48000
AVIBASE-70F693B6,,,,,99.30000,3.00000,93.00000,5.00000,30.30000,3.00000,29.30000,5.00000,22.70000,3.00000,22.00000,5.00000,,,,,,
AVIBASE-A0A3B03D,36.20000,5.00000,33.10000,8.00000,89.00000,36.00000,86.00000,37.00000,25.00000,33.00000,24.40000,33.00000,19.50000,32.00000,18.80000,33.00000,,,,,,3.45000
AVIBASE-A27D752A,30.00000,1.00000,30.00000,1.00000,88.00000,8.00000,86.00000,7.00000,24.30000,8.00000,24.00000,7.00000,19.00000,7.00000,19.00000,7.00000,,,,,,3.71000
AVIBASE-345658E9,24.40000,17.00000,21.90000,17.00000,85.00000,15.00000,84.00000,6.00000,24.50000,15.00000,25.10000,6.00000,18.60000,14.00000,18.30000,6.00000,,,,,,2.72000
AVIBASE-712C7EA0,26.60000,9.00000,24.30000,7.00000,78.70000,9.00000,72.90000,7.00000,26.40000,9.00000,25.30000,7.00000,18.60000,9.00000,18.10000,7.00000,,,,,,
AVIBASE-92908926,26.60000,20.00000,25.60000,12.00000,81.70000,18.00000,77.90000,13.00000,26.10000,18.00000,25.50000,13.00000,18.50000,18.00000,18.40000,13.00000,,,,,,2.46000
AVIBASE-8CFA2604,,,,,84.30000,10.00000,79.90000,10.00000,25.40000,10.00000,25.90000,10.00000,17.90000,10.00000,17.60000,10.00000,,,,,,
AVIBASE-231FD09E,,,,,86.10000,20.00000,80.50000,10.00000,26.80000,20.00000,26.50000,10.00000,22.50000,20.00000,22.30000,10.00000,,,,,,2.94000
AVIBASE-15B2DD49,20.50000,2.00000,18.30000,3.00000,66.00000,8.00000,,,25.00000,8.00000,,,17.70000,8.00000,,,,,,,,2.31000
AVIBASE-B5B6EC7B,17.00000,14.00000,16.00000,5.00000,67.50000,6.00000,64.20000,5.00000,23.30000,6.00000,22.60000,5.00000,16.50000,4.00000,16.20000,5.00000,,,,,,2.77000
AVIBASE-B68BD0D2,,,,,87.70000,17.00000,86.10000,16.00000,27.00000,17.00000,26.60000,16.00000,20.20000,16.00000,19.20000,14.00000,68.90000,18.00000,67.50000,16.00000,3.31000,3.20000
AVIBASE-C1EF6940,,,,,71.70000,9.00000,70.70000,10.00000,25.80000,9.00000,24.90000,10.00000,20.00000,9.00000,18.70000,10.00000,,,,,,2.23000
AVIBASE-6D92499B,25.70000,3.00000,25.00000,4.00000,93.10000,15.00000,88.70000,15.00000,29.30000,13.00000,28.10000,11.00000,20.00000,13.00000,18.90000,11.00000,109.90000,12.00000,101.40000,10.00000,,3.11000
AVIBASE-D17B7DA0,,,,,91.90000,7.00000,89.90000,8.00000,22.10000,4.00000,23.30000,3.00000,18.30000,4.00000,19.50000,3.00000,,,,,,
AVIBASE-612B5C24,15.10000,24.00000,16.40000,7.00000,82.80000,15.00000,80.20000,2.00000,23.90000,9.00000,23.20000,2.00000,15.50000,15.00000,15.30000,2.00000,60.80000,6.00000,58.40000,7.00000,4.90000,2.12000
AVIBASE-06DD9D95,15.20000,15.00000,15.30000,11.00000,80.80000,20.00000,78.30000,11.00000,21.80000,64.00000,22.00000,49.00000,14.70000,54.00000,14.50000,48.00000,55.60000,18.00000,53.90000,11.00000,6.16000,1.90000
AVIBASE-7A8D10C0,14.80000,2.00000,15.00000,2.00000,67.60000,20.00000,66.00000,15.00000,24.30000,19.00000,23.90000,16.00000,14.80000,17.00000,14.90000,15.00000,47.00000,20.00000,45.90000,15.00000,4.20000,1.90000
AVIBASE-A0EDAEA2,16.50000,14.00000,16.70000,6.00000,77.20000,44.00000,75.90000,20.00000,22.20000,45.00000,22.40000,18.00000,14.80000,43.00000,14.80000,18.00000,44.90000,46.00000,43.10000,17.00000,5.89000,2.06000
AVIBASE-FEA56E91,,,,,62.80000,23.00000,61.70000,12.00000,22.70000,23.00000,22.70000,12.00000,15.90000,23.00000,15.80000,12.00000,45.70000,23.00000,45.20000,12.00000,4.00000,1.88000
AVIBASE-A64A1FA2,14.50000,4.00000,15.30000,3.00000,76.50000,14.00000,75.40000,8.00000,22.30000,9.00000,22.40000,8.00000,15.20000,9.00000,14.70000,8.00000,52.80000,9.00000,50.90000,8.00000,,2.00000
AVIBASE-CAFA98EE,29.60000,5.00000,25.00000,3.00000,106.20000,35.00000,99.60000,8.00000,27.30000,35.00000,26.20000,13.00000,21.00000,48.00000,19.90000,18.00000,,,,,,3.23000
AVIBASE-17F2D08C,23.00000,1.00000,22.50000,1.00000,105.60000,13.00000,101.10000,10.00000,24.00000,13.00000,23.30000,10.00000,22.60000,13.00000,22.40000,10.00000,68.80000,13.00000,68.00000,10.00000,,2.60000
AVIBASE-1C98EA2F,38.00000,,,,99.80000,20.00000,94.10000,11.00000,27.60000,23.00000,27.10000,11.00000,21.50000,18.00000,20.90000,11.00000,66.30000,19.00000,61.80000,11.00000,4.10000,4.23000
AVIBASE-3B26A7B2,,,,,113.00000,91.00000,109.00000,32.00000,31.40000,89.00000,30.20000,30.00000,22.20000,88.00000,21.80000,30.00000,,,,,,3.22000
AVIBASE-631D27EF,,,,,83.90000,12.00000,80.70000,6.00000,25.20000,13.00000,23.80000,5.00000,17.50000,13.00000,17.30000,6.00000,,,,,,
AVIBASE-AB031597,24.10000,45.00000,23.80000,35.00000,98.10000,20.00000,94.70000,9.00000,27.20000,60.00000,26.70000,31.00000,17.50000,56.00000,17.10000,32.00000,54.50000,20.00000,51.50000,8.00000,6.15000,2.67000
AVIBASE-3CA06BE3,24.00000,3.00000,21.00000,3.00000,91.80000,17.00000,87.80000,14.00000,25.70000,15.00000,24.90000,14.00000,18.40000,17.00000,18.20000,14.00000,64.60000,7.00000,58.60000,4.00000,4.20000,2.63000
AVIBASE-3A712A25,27.30000,4.00000,26.50000,2.00000,88.70000,17.00000,84.40000,10.00000,26.10000,12.00000,25.10000,6.00000,18.40000,11.00000,17.80000,6.00000,57.40000,12.00000,53.90000,6.00000,5.00000,3.08000
AVIBASE-A9ADB78D,,,,,92.10000,22.00000,88.00000,11.00000,28.70000,22.00000,27.70000,11.00000,20.10000,22.00000,20.10000,11.00000,62.50000,22.00000,60.00000,11.00000,4.50000,3.30000
AVIBASE-CBB94183,16.40000,15.00000,13.80000,3.00000,89.00000,17.00000,88.30000,5.00000,23.30000,29.00000,23.50000,16.00000,17.10000,15.00000,17.10000,5.00000,59.30000,29.00000,56.70000,15.00000,5.29000,2.40000
AVIBASE-2FB34D83,18.30000,9.00000,18.90000,3.00000,94.90000,20.00000,91.60000,8.00000,23.30000,24.00000,23.20000,12.00000,,,,,59.40000,11.00000,58.80000,8.00000,5.28000,2.43000
AVIBASE-FB719320,21.50000,4.00000,22.00000,2.00000,94.30000,12.00000,89.90000,7.00000,25.10000,12.00000,24.50000,7.00000,18.90000,12.00000,18.40000,7.00000,58.80000,12.00000,56.50000,7.00000,5.00000,2.95000
AVIBASE-078BC0ED,19.00000,16.00000,20.60000,7.00000,91.20000,14.00000,86.80000,8.00000,24.90000,23.00000,24.80000,18.00000,17.90000,22.00000,17.40000,17.00000,59.80000,14.00000,58.10000,8.00000,4.10000,2.50000
AVIBASE-E6BD3258,,,,,98.50000,34.00000,95.80000,13.00000,32.40000,34.00000,31.80000,12.00000,20.20000,33.00000,19.30000,13.00000,,,,,,3.92000
AVIBASE-E6C6F746,28.50000,6.00000,30.00000,6.00000,101.70000,30.00000,96.10000,24.00000,32.40000,20.00000,29.80000,19.00000,20.60000,26.00000,19.50000,19.00000,57.80000,17.00000,53.70000,19.00000,6.19000,3.04000
AVIBASE-DB59BA9E,,,,,87.60000,60.00000,84.10000,27.00000,27.20000,59.00000,26.40000,28.00000,17.30000,56.00000,16.90000,24.00000,,,,,,
AVIBASE-BF0859C5,,,,,80.60000,8.00000,76.10000,7.00000,,,,,,,,,,,,,,2.46000
AVIBASE-EA459C8C,,,,,107.00000,4.00000,99.40000,4.00000,33.00000,4.00000,32.40000,4.00000,15.25000,4.00000,15.25000,4.00000,,,,,,2.24000
AVIBASE-17DEACED,,,,,84.20000,4.00000,85.20000,4.00000,27.00000,4.00000,29.50000,4.00000,13.50000,4.00000,13.70000,4.00000,,,,,,2.46000
AVIBASE-CD8DEBE3,,,,,88.00000,22.00000,82.00000,24.00000,,,,,,,,,,,,,,3.15000
AVIBASE-DA3F40DB,,,16.00000,1.00000,78.00000,3.00000,75.20000,3.00000,,,,,,,,,,,,,,
AVIBASE-10E5B18E,14.50000,4.00000,15.00000,2.00000,83.10000,16.00000,78.30000,12.00000,24.20000,11.00000,23.10000,10.00000,17.00000,12.00000,16.90000,9.00000,61.20000,11.00000,56.70000,10.00000,3.50000,2.26000
AVIBASE-8EB0AB41,,,18.50000,2.00000,74.70000,3.00000,72.00000,3.00000,,,,,,,,,,,,,,3.03000
AVIBASE-7631D1A3,,,,,105.00000,5.00000,100.00000,5.00000,34.40000,5.00000,32.70000,5.00000,22.00000,4.00000,20.60000,5.00000,,,,,,
AVIBASE-E09F7223,58.50000,20.00000,54.70000,11.00000,117.00000,20.00000,114.00000,11.00000,36.40000,15.00000,35.30000,7.00000,25.10000,19.00000,24.60000,10.00000,63.60000,8.00000,60.40000,8.00000,,5.09000
AVIBASE-400A83B9,42.00000,1.00000,38.00000,1.00000,101.00000,21.00000,96.20000,13.00000,33.70000,21.00000,32.90000,13.00000,21.90000,21.00000,20.90000,13.00000,,,,,,4.50000
AVIBASE-B55BADC1,44.70000,3.00000,37.70000,3.00000,99.00000,22.00000,93.30000,18.00000,30.40000,22.00000,29.70000,18.00000,19.20000,22.00000,18.50000,18.00000,,,,,,3.59000
AVIBASE-1B6016EC,,,,,89.30000,4.00000,89.60000,5.00000,28.30000,4.00000,28.50000,5.00000,18.00000,4.00000,18.60000,4.00000,,,,,,
AVIBASE-CC3B0B59,20.50000,1.00000,18.50000,1.00000,80.70000,10.00000,76.00000,7.00000,23.50000,10.00000,23.10000,7.00000,16.20000,10.00000,15.90000,7.00000,,,,,,
AVIBASE-AC5FC9B9,,,35.20000,1.00000,102.50000,25.00000,97.40000,20.00000,28.90000,25.00000,27.90000,20.00000,19.50000,25.00000,18.90000,20.00000,,,,,,3.60000
AVIBASE-F8B6EC31,,,,,115.00000,15.00000,109.00000,13.00000,,,,,,,,,,,,,,4.59000
AVIBASE-6A984F97,,,,,115.00000,6.00000,106.00000,6.00000,31.00000,3.00000,30.50000,3.00000,20.00000,3.00000,,,,,,,,
AVIBASE-ECCFBEB5,,,,,118.00000,4.00000,116.00000,5.00000,31.30000,4.00000,28.80000,5.00000,24.00000,4.00000,23.50000,5.00000,,,,,,4.71000
AVIBASE-5A358E52,,,,,,,,,,,,,,,,,,,,,,5.90000
AVIBASE-AEC1B69C,42.00000,16.00000,37.00000,4.00000,104.00000,10.00000,98.60000,8.00000,21.30000,10.00000,20.30000,8.00000,19.20000,10.00000,18.50000,8.00000,82.40000,10.00000,83.00000,8.00000,,
AVIBASE-295B9665,50.00000,4.00000,38.00000,5.00000,104.00000,6.00000,99.50000,2.00000,21.60000,6.00000,20.25000,2.00000,19.20000,6.00000,19.75000,2.00000,80.00000,6.00000,76.00000,2.00000,,
AVIBASE-E2FB8C49,40.80000,4.00000,37.50000,3.00000,90.50000,10.00000,85.60000,10.00000,20.00000,10.00000,18.70000,10.00000,18.90000,10.00000,17.80000,10.00000,111.00000,10.00000,95.60000,10.00000,3.00000,2.90000
AVIBASE-D9E58EA7,67.00000,1.00000,61.00000,1.00000,127.00000,6.00000,118.50000,2.00000,24.00000,6.00000,23.00000,2.00000,21.00000,6.00000,21.25000,2.00000,89.20000,6.00000,80.50000,2.00000,,
AVIBASE-E11D6D66,72.50000,8.00000,93.00000,1.00000,136.00000,10.00000,130.00000,10.00000,27.20000,10.00000,25.80000,10.00000,25.20000,10.00000,23.50000,10.00000,92.90000,10.00000,88.00000,10.00000,,
AVIBASE-975D0D5D,106.00000,5.00000,101.00000,13.00000,145.00000,50.00000,140.00000,42.00000,33.50000,50.00000,32.60000,42.00000,28.80000,50.00000,27.60000,42.00000,108.00000,50.00000,104.00000,42.00000,3.40000,8.90000
AVIBASE-0EDF9145,,,,,152.80000,8.00000,146.70000,7.00000,33.00000,11.00000,32.10000,15.00000,30.10000,10.00000,29.20000,14.00000,108.50000,9.00000,106.30000,6.00000,3.00000,5.60000
AVIBASE-508D5CA2,140.00000,40.00000,127.00000,60.00000,150.00000,50.00000,143.00000,50.00000,34.30000,50.00000,33.00000,50.00000,33.40000,50.00000,32.10000,50.00000,133.00000,50.00000,128.00000,50.00000,3.10000,9.40000
AVIBASE-9F79E839,,,,,174.00000,10.00000,164.00000,10.00000,37.70000,10.00000,35.80000,10.00000,30.20000,10.00000,29.50000,10.00000,175.00000,10.00000,162.00000,10.00000,4.50000,9.60000
AVIBASE-9AD060AA,,,,,158.00000,5.00000,149.00000,1.00000,38.20000,5.00000,35.00000,1.00000,36.20000,5.00000,34.00000,2.00000,135.00000,5.00000,129.50000,2.00000,,
AVIBASE-01D755E8,103.00000,1.00000,87.70000,4.00000,126.00000,10.00000,121.00000,10.00000,27.70000,10.00000,26.90000,10.00000,32.80000,10.00000,30.60000,10.00000,118.00000,10.00000,113.00000,10.00000,,
AVIBASE-F2C7AA06,134.50000,5.00000,117.50000,2.00000,155.00000,10.00000,146.00000,10.00000,32.10000,10.00000,31.40000,10.00000,29.70000,10.00000,30.10000,10.00000,173.00000,10.00000,155.00000,10.00000,3.10000,8.10000
AVIBASE-B3461BEC,137.50000,2.00000,132.50000,3.00000,161.00000,8.00000,149.00000,1.00000,33.10000,8.00000,30.00000,1.00000,27.70000,8.00000,27.00000,1.00000,116.00000,8.00000,107.00000,1.00000,4.00000,7.00000
AVIBASE-E8DEABBD,160.00000,1.00000,135.50000,3.00000,161.00000,7.00000,156.00000,5.00000,37.60000,7.00000,35.60000,5.00000,32.00000,7.00000,31.20000,5.00000,240.00000,7.00000,226.00000,5.00000,,
AVIBASE-86BC7EC3,,,,,109.00000,8.00000,105.00000,7.00000,26.10000,8.00000,25.00000,7.00000,24.50000,8.00000,23.10000,7.00000,,,,,,
AVIBASE-60B48D34,60.70000,9.00000,58.30000,3.00000,122.00000,10.00000,114.00000,5.00000,23.50000,10.00000,22.80000,5.00000,20.40000,10.00000,19.20000,5.00000,72.20000,10.00000,66.20000,5.00000,3.00000,
AVIBASE-A8BD788E,66.50000,14.00000,60.00000,4.00000,121.00000,10.00000,114.00000,7.00000,23.50000,10.00000,22.20000,7.00000,21.40000,10.00000,21.20000,7.00000,65.20000,10.00000,63.40000,7.00000,,4.00000
AVIBASE-40781028,56.20000,12.00000,49.20000,10.00000,111.00000,45.00000,105.00000,35.00000,26.30000,45.00000,25.30000,35.00000,22.10000,45.00000,21.40000,35.00000,82.30000,45.00000,79.00000,35.00000,2.90000,4.90000
AVIBASE-6A0BA87A,,,83.00000,1.00000,155.00000,10.00000,149.00000,10.00000,35.60000,10.00000,33.90000,10.00000,29.80000,10.00000,28.10000,10.00000,149.00000,10.00000,83.70000,10.00000,2.50000,5.90000
AVIBASE-57BBB7F1,88.50000,8.00000,88.70000,7.00000,134.00000,10.00000,128.00000,10.00000,34.30000,10.00000,32.50000,10.00000,26.70000,10.00000,26.30000,10.00000,88.30000,10.00000,85.60000,10.00000,2.80000,6.10000
AVIBASE-AEEED5D0,63.00000,1.00000,,,137.00000,10.00000,133.00000,10.00000,31.90000,10.00000,30.80000,8.00000,25.50000,9.00000,24.80000,8.00000,84.40000,10.00000,82.20000,10.00000,,4.10000
AVIBASE-7DDB347E,92.30000,68.00000,79.30000,44.00000,151.00000,10.00000,139.00000,10.00000,33.80000,10.00000,32.00000,10.00000,25.40000,10.00000,23.50000,10.00000,97.80000,10.00000,87.20000,10.00000,3.50000,5.90000
AVIBASE-0AA15ACA,65.00000,1.00000,63.50000,2.00000,122.00000,10.00000,115.00000,10.00000,27.80000,10.00000,27.40000,10.00000,23.70000,10.00000,21.30000,10.00000,72.20000,10.00000,68.90000,10.00000,4.00000,5.10000
AVIBASE-D5703E7A,68.20000,4.00000,67.10000,5.00000,123.00000,7.00000,123.00000,9.00000,29.80000,7.00000,28.60000,9.00000,24.10000,7.00000,24.60000,9.00000,95.10000,7.00000,93.90000,9.00000,3.00000,
AVIBASE-18B10CF9,133.00000,47.00000,117.50000,25.00000,158.00000,10.00000,143.00000,10.00000,34.40000,10.00000,31.60000,10.00000,27.10000,10.00000,25.20000,10.00000,120.00000,10.00000,110.00000,10.00000,2.50000,7.70000
AVIBASE-A7EA21CA,,,,,156.00000,10.00000,143.00000,11.00000,33.60000,10.00000,31.80000,11.00000,29.20000,10.00000,28.00000,11.00000,115.00000,10.00000,103.00000,11.00000,,
AVIBASE-996AF595,,,,,182.00000,10.00000,167.00000,10.00000,46.60000,10.00000,44.00000,10.00000,28.10000,10.00000,26.80000,10.00000,166.00000,10.00000,151.00000,10.00000,3.00000,7.90000
AVIBASE-75BAB34E,88.50000,8.00000,70.70000,7.00000,147.00000,8.00000,135.00000,5.00000,39.30000,8.00000,37.20000,5.00000,21.30000,8.00000,21.80000,5.00000,201.00000,8.00000,190.00000,5.00000,3.50000,6.30000
AVIBASE-56713D11,,,,,189.00000,10.00000,174.00000,10.00000,43.40000,10.00000,40.80000,10.00000,27.90000,10.00000,27.10000,10.00000,311.00000,10.00000,272.00000,10.00000,3.50000,5.50000
AVIBASE-405CCAAE,70.40000,12.00000,60.60000,8.00000,124.00000,10.00000,119.00000,10.00000,32.80000,10.00000,31.90000,10.00000,21.40000,10.00000,21.20000,10.00000,70.80000,10.00000,69.90000,10.00000,3.50000,4.50000
AVIBASE-B92C3566,68.00000,39.00000,66.60000,31.00000,116.00000,10.00000,114.00000,10.00000,32.50000,10.00000,32.50000,10.00000,23.80000,10.00000,21.70000,10.00000,67.50000,10.00000,66.10000,10.00000,4.00000,4.40000
AVIBASE-B24A13C7,,,45.00000,1.00000,116.00000,10.00000,109.00000,10.00000,30.40000,10.00000,29.10000,10.00000,19.50000,10.00000,19.00000,10.00000,80.00000,10.00000,75.40000,10.00000,5.00000,4.20000
AVIBASE-621F6E07,,,,,118.00000,10.00000,111.00000,5.00000,32.00000,10.00000,30.40000,5.00000,21.60000,10.00000,20.80000,5.00000,77.00000,4.00000,73.30000,4.00000,3.50000,4.00000
AVIBASE-D6F2837E,43.80000,2.00000,47.00000,1.00000,104.00000,10.00000,97.30000,10.00000,22.40000,10.00000,21.70000,10.00000,15.90000,10.00000,14.90000,10.00000,,,,,,
AVIBASE-1350773F,,,,,,,,,23.20000,6.00000,21.00000,1.00000,16.80000,6.00000,17.00000,1.00000,,,,,,
AVIBASE-B1A3AF6C,44.40000,4.00000,44.70000,5.00000,110.00000,10.00000,,,,,,,,,,,64.30000,10.00000,59.70000,10.00000,2.60000,3.90000
AVIBASE-D3390C6C,67.50000,2.00000,61.00000,2.00000,119.00000,8.00000,112.00000,5.00000,28.10000,8.00000,27.40000,5.00000,20.80000,8.00000,21.20000,5.00000,74.60000,8.00000,74.40000,5.00000,4.00000,5.40000
AVIBASE-3F941452,68.00000,2.00000,64.00000,1.00000,110.00000,3.00000,106.00000,3.00000,30.70000,3.00000,30.30000,3.00000,23.70000,3.00000,22.70000,3.00000,85.30000,3.00000,82.30000,3.00000,,
AVIBASE-4FF4CAF8,51.00000,1.00000,,,111.00000,11.00000,107.00000,10.00000,30.90000,11.00000,30.50000,10.00000,22.40000,11.00000,22.10000,10.00000,,,,,,4.20000
AVIBASE-C244BE28,105.00000,23.00000,102.00000,20.00000,154.00000,22.00000,150.00000,17.00000,41.60000,22.00000,40.80000,17.00000,28.90000,22.00000,27.80000,17.00000,100.00000,22.00000,97.00000,17.00000,4.20000,7.20000
AVIBASE-A77D4A77,,,,,157.00000,10.00000,150.50000,4.00000,39.10000,10.00000,37.50000,4.00000,27.50000,10.00000,26.50000,4.00000,116.00000,10.00000,114.50000,4.00000,4.50000,6.30000
AVIBASE-EE674721,62.00000,1.00000,43.00000,1.00000,136.50000,10.00000,127.00000,9.00000,33.30000,10.00000,30.60000,9.00000,23.60000,10.00000,22.20000,9.00000,,,,,,4.70000
AVIBASE-6BFEA7BE,60.20000,5.00000,62.00000,1.00000,126.00000,14.00000,122.00000,7.00000,34.20000,14.00000,33.60000,7.00000,22.00000,9.00000,20.60000,4.00000,,,,,,
AVIBASE-9D95139B,74.60000,63.00000,71.50000,50.00000,120.00000,63.00000,118.00000,50.00000,,,,,,,,,,,,,3.20000,6.50000
AVIBASE-2FC5C397,49.00000,8.00000,49.50000,3.00000,106.30000,49.00000,104.50000,30.00000,26.60000,19.00000,26.50000,20.00000,19.10000,19.00000,19.20000,20.00000,50.60000,18.00000,50.70000,20.00000,,4.20000
AVIBASE-24208346,79.60000,13.00000,66.90000,6.00000,132.30000,43.00000,128.80000,15.00000,32.10000,34.00000,30.90000,16.00000,24.60000,35.00000,23.80000,16.00000,69.50000,26.00000,68.70000,7.00000,5.52000,6.60000
AVIBASE-94A44032,82.70000,7.00000,78.30000,11.00000,132.50000,13.00000,129.10000,8.00000,30.50000,58.00000,29.70000,50.00000,29.80000,13.00000,28.30000,7.00000,64.10000,27.00000,61.80000,19.00000,4.50000,7.00000
AVIBASE-B0D81671,95.40000,20.00000,85.80000,12.00000,133.30000,20.00000,131.00000,27.00000,30.70000,12.00000,30.70000,13.00000,29.60000,12.00000,28.80000,12.00000,63.70000,12.00000,62.60000,12.00000,4.00000,7.70000
AVIBASE-F23A2F38,,,,,,,,,,,,,,,,,85.30000,21.00000,80.60000,14.00000,4.50000,7.10000
AVIBASE-645D0A23,,,,,,,,,,,,,,,,,,,,,,11.90000
AVIBASE-5D970425,58.50000,2.00000,62.00000,5.00000,122.50000,10.00000,121.50000,13.00000,,,,,15.00000,10.00000,15.00000,13.00000,93.00000,10.00000,93.00000,13.00000,2.50000,3.90000
AVIBASE-7471E71D,51.00000,61.00000,50.50000,55.00000,119.00000,,116.00000,,22.20000,60.00000,22.10000,55.00000,17.40000,61.00000,17.20000,55.00000,96.80000,59.00000,96.40000,,2.70000,4.10000
AVIBASE-95B77F08,35.70000,75.00000,39.60000,79.00000,91.40000,,88.60000,,,,,,,,,,90.20000,29.00000,87.50000,13.00000,3.68000,3.80000
AVIBASE-7EFF698D,50.50000,,46.40000,,111.50000,,103.70000,,33.30000,,32.50000,,,,,,117.50000,82.00000,110.60000,44.00000,3.71000,4.35000
AVIBASE-F6DF700B,44.00000,20.00000,44.50000,10.00000,99.50000,20.00000,98.00000,10.00000,31.30000,20.00000,31.20000,10.00000,12.40000,20.00000,12.00000,10.00000,84.00000,43.00000,84.00000,33.00000,3.66000,4.18000
AVIBASE-C8F9F2D0,69.00000,23.00000,68.00000,22.00000,105.70000,23.00000,104.50000,23.00000,34.00000,14.00000,33.30000,19.00000,24.90000,,24.40000,,130.50000,12.00000,128.40000,11.00000,3.45000,5.40000
AVIBASE-6CB9F53A,,,,,99.60000,,98.80000,,35.60000,,35.30000,,,,,,125.70000,,124.70000,,3.73000,5.45000
AVIBASE-E92F543E,,,,,,,,,,,,,,,,,,,,,,
AVIBASE-E866F8FA,,,,,105.70000,10.00000,103.20000,8.00000,33.80000,10.00000,33.20000,8.00000,24.30000,10.00000,23.40000,8.00000,111.40000,10.00000,107.80000,8.00000,3.50000,5.00000
AVIBASE-033B53E6,80.90000,,75.80000,,108.19000,74.00000,105.47000,38.00000,,,,,28.97000,71.00000,27.68000,34.00000,140.40000,71.00000,116.10000,37.00000,3.62000,6.00000
AVIBASE-6DF504ED,62.10000,104.00000,61.50000,68.00000,99.91000,317.00000,98.34000,204.00000,30.83000,319.00000,30.75000,206.00000,27.32000,251.00000,27.39000,149.00000,122.30000,263.00000,120.30000,158.00000,3.31000,5.50000
AVIBASE-20748450,,,,,,,,,38.20000,13.00000,37.20000,7.00000,36.30000,13.00000,36.20000,7.00000,129.70000,13.00000,127.20000,7.00000,3.09000,6.30000
AVIBASE-F4EE41F5,,,,,,,,,27.90000,13.00000,28.00000,12.00000,30.30000,13.00000,29.40000,12.00000,134.30000,13.00000,130.50000,12.00000,2.53000,
AVIBASE-3C468678,24.30000,,23.50000,,88.60000,,86.40000,,18.20000,10.00000,18.30000,5.00000,19.00000,10.00000,19.00000,5.00000,46.30000,16.00000,44.90000,17.00000,8.30000,2.25000
AVIBASE-BD0914CB,10.30000,85.00000,10.50000,48.00000,64.02000,52.00000,63.27000,30.00000,14.33000,52.00000,14.35000,30.00000,10.58000,47.00000,10.58000,28.00000,29.80000,34.00000,29.40000,22.00000,7.08000,1.10000
AVIBASE-AD7F307B,10.10000,,12.20000,,,,,,,,,,,,,,30.80000,23.00000,30.50000,10.00000,5.04000,1.10000
AVIBASE-7FD1FB23,,,11.80000,1.00000,73.20000,15.00000,71.50000,10.00000,17.80000,12.00000,17.40000,10.00000,18.20000,16.00000,17.70000,11.00000,39.70000,15.00000,38.20000,10.00000,6.00000,1.47000
AVIBASE-5415A0C3,18.00000,1.00000,16.50000,1.00000,81.30000,3.00000,79.00000,3.00000,20.70000,3.00000,20.00000,2.00000,16.70000,3.00000,16.50000,3.00000,,,,,,
AVIBASE-E29D7FB9,12.50000,7.00000,,,74.60000,20.00000,71.90000,14.00000,18.20000,18.00000,18.00000,12.00000,19.00000,18.00000,19.10000,13.00000,37.80000,18.00000,36.10000,12.00000,5.50000,1.45000
AVIBASE-0716A71C,11.00000,,10.00000,,68.10000,18.00000,65.90000,13.00000,16.10000,18.00000,15.70000,13.00000,14.10000,18.00000,13.50000,13.00000,36.30000,11.00000,35.70000,12.00000,5.78000,1.15000
AVIBASE-19CCBBD2,,,,,90.60000,,89.50000,,,,,,19.10000,,,,47.30000,,,,7.30000,1.95000
AVIBASE-C37C527F,31.50000,1.00000,33.00000,2.00000,82.20000,15.00000,80.40000,18.00000,23.90000,15.00000,24.10000,12.00000,24.50000,7.00000,24.20000,9.00000,46.80000,16.00000,45.10000,11.00000,9.00000,2.43000
AVIBASE-102758DF,34.80000,10.00000,35.70000,9.00000,,,,,,,,,,,,,51.60000,10.00000,49.40000,11.00000,6.50000,2.77000
AVIBASE-89C42590,13.00000,,19.00000,,102.30000,16.00000,100.00000,10.00000,23.00000,19.00000,22.70000,10.00000,30.30000,13.00000,31.20000,8.00000,54.10000,21.00000,52.60000,12.00000,4.00000,2.33000
AVIBASE-73BE9A87,9.20000,8.00000,9.10000,12.00000,65.40000,22.00000,63.00000,13.00000,15.20000,14.00000,15.10000,5.00000,17.50000,18.00000,16.20000,8.00000,,,,,5.50000,1.14000
AVIBASE-BAC33609,7.90000,16.00000,7.90000,5.00000,65.50000,13.00000,62.90000,17.00000,15.10000,13.00000,15.00000,17.00000,13.90000,13.00000,12.90000,17.00000,63.70000,13.00000,61.20000,17.00000,5.38000,
AVIBASE-552E2BA9,8.80000,11.00000,8.00000,11.00000,64.00000,19.00000,61.90000,19.00000,16.00000,1.00000,16.40000,1.00000,18.80000,6.00000,17.10000,4.00000,59.80000,8.00000,60.00000,3.00000,5.20000,1.16000
AVIBASE-0B9E1A38,,,,,94.10000,40.00000,92.10000,28.00000,16.00000,,,,22.70000,,22.50000,,47.70000,3.00000,50.30000,3.00000,3.00000,1.45000
AVIBASE-891F222F,,,,,84.30000,8.00000,80.30000,8.00000,27.50000,8.00000,26.30000,8.00000,21.40000,8.00000,20.10000,8.00000,84.30000,8.00000,80.30000,8.00000,3.18000,3.48000
AVIBASE-76DF73A9,,,,,71.30000,19.00000,69.40000,11.00000,21.20000,19.00000,20.70000,11.00000,17.80000,19.00000,17.50000,11.00000,53.90000,19.00000,52.20000,11.00000,5.34000,2.14000
AVIBASE-EAD14427,11.40000,42.00000,11.10000,13.00000,59.59000,74.00000,58.06000,36.00000,18.09000,75.00000,17.88000,36.00000,3.63000,75.00000,3.59000,36.00000,58.20000,5.00000,53.50000,4.00000,5.10000,1.66000
AVIBASE-CB4C1514,8.30000,10.00000,7.70000,10.00000,44.03000,18.00000,43.33000,9.00000,,,,,6.95000,52.00000,6.77000,28.00000,,,,,7.00000,1.44000
AVIBASE-787E0536,10.60000,52.00000,9.40000,25.00000,48.20000,34.00000,45.20000,19.00000,,,,,,,,,,,,,5.04000,1.25000
AVIBASE-603194D3,,,,,58.20000,13.00000,55.60000,23.00000,19.60000,6.00000,19.10000,10.00000,14.10000,6.00000,14.20000,11.00000,56.20000,6.00000,51.40000,12.00000,5.64000,1.40000
AVIBASE-CB5469E1,20.30000,,18.30000,,59.30000,30.00000,55.70000,34.00000,22.30000,30.00000,21.50000,36.00000,12.20000,30.00000,11.70000,35.00000,49.20000,28.00000,47.40000,29.00000,4.67000,2.25000
AVIBASE-AF700208,10.00000,12.00000,7.80000,8.00000,49.80000,73.00000,46.90000,30.00000,17.60000,29.00000,16.90000,24.00000,14.00000,25.00000,13.30000,21.00000,30.30000,10.00000,27.80000,9.00000,5.61000,1.32000
AVIBASE-A381417F,10.90000,10.00000,12.00000,42.00000,52.50000,99.00000,50.60000,76.00000,17.00000,,16.80000,,12.00000,23.00000,11.80000,152.00000,42.10000,98.00000,40.80000,75.00000,6.43000,1.39000
AVIBASE-A7667D10,18.10000,,17.80000,,,,,,,,,,,,,,,,,,,
AVIBASE-AC56BC49,,,,,,,,,,,,,,,,,,,,,,
AVIBASE-A5EFA84D,,,,,51.30000,8.00000,49.50000,5.00000,15.10000,8.00000,14.90000,5.00000,7.20000,8.00000,7.50000,5.00000,48.40000,7.00000,48.00000,10.00000,3.33000,0.98000
AVIBASE-32BF3F02,10.40000,,9.50000,,,,,,,,,,,,,,,,,,,1.15000
AVIBASE-A15C5071,6.10000,19.00000,6.40000,27.00000,52.10000,30.00000,50.90000,30.00000,,,,,9.90000,24.00000,9.70000,13.00000,54.00000,,50.00000,,4.43000,0.98000
AVIBASE-A0015FD7,6.10000,44.00000,5.90000,25.00000,46.50000,52.00000,45.50000,40.00000,,,,,9.80000,52.00000,9.70000,39.00000,49.60000,50.00000,48.50000,40.00000,3.70000,0.98000
AVIBASE-C05CE29C,5.10000,67.00000,5.30000,36.00000,46.10000,134.00000,44.90000,100.00000,,,,,8.90000,140.00000,8.80000,102.00000,52.60000,84.00000,51.80000,35.00000,4.21000,0.90000
AVIBASE-F81EB049,9.60000,9.00000,8.70000,3.00000,57.00000,14.00000,55.90000,13.00000,15.00000,14.00000,14.70000,14.00000,11.10000,14.00000,11.10000,13.00000,46.80000,14.00000,45.00000,13.00000,7.00000,0.95000
AVIBASE-5A636137,,,,,51.60000,10.00000,50.30000,10.00000,,,,,8.80000,10.00000,9.00000,10.00000,28.70000,10.00000,29.00000,10.00000,,
AVIBASE-1ED6D9B4,,,,,49.00000,2.00000,48.80000,5.00000,11.75000,2.00000,12.00000,5.00000,9.00000,2.00000,8.80000,5.00000,28.00000,2.00000,28.00000,5.00000,2.00000,0.86000
AVIBASE-6F967270,,,,,49.30000,10.00000,48.00000,10.00000,13.40000,10.00000,12.90000,10.00000,8.70000,10.00000,8.60000,10.00000,27.10000,10.00000,25.90000,10.00000,4.00000,0.66000
AVIBASE-515353F2,,,,,55.20000,5.00000,56.70000,3.00000,,,,,10.30000,5.00000,10.30000,3.00000,28.80000,5.00000,28.00000,3.00000,,
AVIBASE-F44BD4BE,,,,,52.50000,10.00000,53.60000,10.00000,13.50000,10.00000,13.40000,10.00000,8.70000,10.00000,8.70000,10.00000,29.70000,10.00000,30.10000,10.00000,4.40000,0.67000
AVIBASE-E6239363,,,,,50.10000,9.00000,51.00000,9.00000,13.80000,9.00000,13.90000,9.00000,8.70000,9.00000,8.40000,9.00000,33.80000,9.00000,34.40000,9.00000,4.90000,0.71000
AVIBASE-798648B9,5.00000,9.00000,5.30000,7.00000,45.20000,9.00000,44.40000,7.00000,,,,,8.20000,9.00000,8.00000,7.00000,17.30000,9.00000,16.90000,7.00000,2.00000,0.73000
AVIBASE-523763E5,11.90000,21.00000,11.90000,18.00000,67.40000,10.00000,63.30000,10.00000,16.90000,10.00000,16.60000,10.00000,10.10000,9.00000,10.10000,10.00000,54.40000,10.00000,52.00000,10.00000,8.50000,1.24000
AVIBASE-C3670DBE,17.50000,,16.00000,,74.90000,9.00000,73.00000,6.00000,20.10000,27.00000,19.90000,18.00000,12.70000,24.00000,12.50000,15.00000,61.10000,27.00000,59.60000,18.00000,7.13000,1.68000
AVIBASE-F87BD3E7,12.10000,,11.20000,,66.30000,,63.60000,,17.30000,18.00000,16.50000,18.00000,11.30000,20.00000,10.80000,20.00000,58.10000,23.00000,55.50000,21.00000,7.50000,1.25000
AVIBASE-F941AAD3,10.10000,32.00000,9.90000,30.00000,65.50000,32.00000,63.80000,7.00000,15.80000,33.00000,15.40000,26.00000,8.40000,33.00000,8.40000,26.00000,,,,,,1.02000
AVIBASE-B1F0CC82,13.50000,,12.40000,,66.00000,10.00000,63.30000,10.00000,16.50000,10.00000,16.90000,10.00000,9.00000,10.00000,9.10000,10.00000,,,,,,1.16000
AVIBASE-DE0971C1,11.60000,1398.00000,11.00000,1463.00000,68.80000,1398.00000,65.10000,1463.00000,18.80000,74.00000,18.30000,83.00000,8.62000,197.00000,8.68000,206.00000,,,,,,1.23000
AVIBASE-E0270E9E,10.30000,18.00000,10.30000,11.00000,,,,,17.90000,18.00000,17.80000,11.00000,8.90000,17.00000,9.40000,11.00000,,,,,,0.90000
AVIBASE-67504FA2,12.90000,3.00000,11.20000,4.00000,67.90000,15.00000,66.30000,11.00000,17.40000,15.00000,17.20000,11.00000,11.60000,11.00000,11.40000,10.00000,62.00000,15.00000,61.90000,11.00000,8.00000,1.38000
AVIBASE-68887DE7,,,,,66.20000,19.00000,65.30000,10.00000,16.90000,10.00000,16.70000,10.00000,9.00000,19.00000,8.70000,10.00000,,,,,,1.20000
AVIBASE-FF592882,9.70000,112.00000,9.10000,122.00000,61.30000,113.00000,57.50000,122.00000,17.10000,40.00000,16.70000,45.00000,7.40000,40.00000,7.60000,45.00000,,,,,,1.16000
AVIBASE-166CD440,9.90000,,9.00000,,63.30000,11.00000,60.70000,10.00000,16.60000,11.00000,16.40000,10.00000,10.50000,11.00000,10.40000,10.00000,45.50000,11.00000,45.10000,10.00000,5.70000,1.04000
AVIBASE-E5531933,11.40000,,10.70000,,67.00000,,63.20000,,19.10000,39.00000,18.60000,18.00000,11.30000,38.00000,11.10000,18.00000,49.80000,13.00000,48.10000,13.00000,6.50000,1.31000
AVIBASE-5C70AA7D,,,,,87.70000,10.00000,82.20000,6.00000,20.30000,10.00000,18.80000,6.00000,,,,,71.60000,10.00000,68.30000,6.00000,3.50000,2.01000
AVIBASE-6EF0803B,21.90000,11.00000,21.10000,11.00000,83.50000,,78.75000,,,,,,12.50000,,12.25000,,71.30000,,67.80000,,3.60000,1.94000
AVIBASE-C8880D28,,,,,83.40000,10.00000,77.80000,10.00000,19.30000,10.00000,19.20000,10.00000,12.30000,10.00000,12.00000,10.00000,66.20000,10.00000,64.50000,10.00000,4.00000,
AVIBASE-1A289D90,,,,,76.90000,10.00000,74.80000,7.00000,19.20000,10.00000,19.20000,7.00000,12.40000,10.00000,12.30000,7.00000,58.10000,10.00000,57.70000,7.00000,,
AVIBASE-5C54F8C9,25.60000,6.00000,25.20000,5.00000,87.20000,10.00000,84.00000,8.00000,18.90000,10.00000,18.60000,8.00000,11.80000,10.00000,12.10000,8.00000,57.30000,10.00000,55.60000,8.00000,3.00000,1.90000
AVIBASE-1CA37CDE,,,,,82.90000,10.00000,75.90000,6.00000,,,,,12.10000,10.00000,11.60000,6.00000,65.10000,4.00000,,,3.50000,1.78000
AVIBASE-92FDBAF0,,,,,73.50000,4.00000,69.70000,3.00000,18.80000,4.00000,18.00000,3.00000,12.00000,4.00000,12.00000,3.00000,49.80000,4.00000,46.00000,3.00000,3.00000,1.60000
AVIBASE-57C44300,14.00000,1.00000,14.50000,2.00000,78.80000,8.00000,76.80000,4.00000,19.10000,8.00000,18.50000,4.00000,11.40000,8.00000,11.00000,4.00000,61.30000,8.00000,58.50000,4.00000,3.00000,
AVIBASE-610FFD8E,,,,,67.20000,10.00000,63.90000,9.00000,18.20000,10.00000,17.70000,9.00000,11.60000,10.00000,10.90000,9.00000,49.50000,3.00000,47.00000,2.00000,,
AVIBASE-CC1DF030,,,,,77.90000,9.00000,75.70000,9.00000,,,,,11.40000,9.00000,11.40000,9.00000,54.90000,9.00000,52.90000,9.00000,4.00000,1.72000
AVIBASE-42478D2D,20.80000,3.00000,19.90000,3.00000,78.40000,14.00000,75.10000,8.00000,22.60000,5.00000,22.30000,3.00000,13.60000,11.00000,13.80000,6.00000,56.70000,10.00000,56.90000,6.00000,4.60000,
AVIBASE-3814F5D0,,,,,75.50000,10.00000,71.60000,10.00000,21.20000,10.00000,19.90000,10.00000,14.80000,10.00000,13.60000,10.00000,59.00000,10.00000,55.60000,10.00000,3.30000,2.00000
AVIBASE-99CF4A04,19.10000,,17.90000,,76.20000,,73.80000,,20.80000,54.00000,19.80000,53.00000,12.70000,13.00000,12.50000,12.00000,62.80000,9.00000,60.00000,10.00000,7.50000,1.68000
AVIBASE-9BE53D34,12.10000,,11.40000,,67.50000,,65.00000,,67.50000,129.00000,65.00000,90.00000,9.10000,37.00000,9.00000,36.00000,51.50000,62.00000,49.60000,39.00000,7.00000,1.14000
AVIBASE-184A6A8E,12.30000,4.00000,12.80000,3.00000,69.40000,9.00000,67.00000,5.00000,17.70000,9.00000,16.60000,4.00000,10.40000,9.00000,10.00000,5.00000,61.30000,15.00000,59.90000,7.00000,10.00000,1.33000
AVIBASE-547163C2,,,,,63.50000,32.00000,61.70000,25.00000,16.80000,16.00000,16.50000,21.00000,7.60000,22.00000,7.40000,19.00000,76.30000,8.00000,75.40000,6.00000,10.00000,0.88000
AVIBASE-AE37ED4D,,,,,46.50000,100.00000,45.50000,100.00000,51.50000,53.00000,50.00000,17.00000,,,,,,,,,6.30000,0.72000
AVIBASE-F0C6A985,,,,,123.50000,10.00000,122.50000,5.00000,,,,,14.50000,1.00000,15.00000,1.00000,,,,,,
AVIBASE-BBA2F9DF,21.70000,23.00000,20.70000,36.00000,119.26000,61.00000,115.26000,99.00000,12.50000,10.00000,,,6.84000,13.00000,6.59000,29.00000,55.80000,10.00000,,,5.46000,1.76000
AVIBASE-75DC49AD,14.40000,,13.90000,,113.90000,84.00000,107.90000,37.00000,11.70000,82.00000,11.80000,32.00000,5.10000,85.00000,5.20000,35.00000,46.00000,,43.70000,,4.40000,1.68000
AVIBASE-ACB9D1C6,50.00000,,47.00000,,144.20000,49.00000,141.00000,34.00000,15.60000,48.00000,15.40000,33.00000,11.40000,49.00000,11.20000,34.00000,71.40000,49.00000,69.20000,34.00000,4.68000,3.90000
AVIBASE-ECA64B18,42.00000,,42.00000,,,,,,,,,,,,,,,,,,,3.18000
AVIBASE-B90C04E9,14.50000,9.00000,13.30000,6.00000,108.60000,58.00000,103.20000,46.00000,11.30000,40.00000,11.00000,28.00000,5.02000,56.00000,5.06000,46.00000,47.60000,58.00000,45.70000,46.00000,6.11000,
AVIBASE-94A1C447,12.70000,19.00000,13.60000,32.00000,106.70000,25.00000,106.50000,16.00000,10.30000,13.00000,10.60000,18.00000,9.90000,10.00000,9.90000,15.00000,48.00000,,48.30000,,4.49000,1.43000
AVIBASE-D2854489,12.40000,3.00000,11.90000,3.00000,,,,,,,,,,,,,41.50000,7.00000,42.10000,7.00000,3.50000,1.36000
AVIBASE-635B5E24,,,,,94.00000,6.00000,92.30000,4.00000,10.30000,6.00000,10.75000,4.00000,9.30000,6.00000,8.80000,4.00000,,,,,,
AVIBASE-1AED683B,22.30000,4.00000,24.60000,5.00000,129.00000,26.00000,127.50000,19.00000,12.10000,26.00000,12.10000,19.00000,11.60000,26.00000,,,,,,,,2.79000
AVIBASE-6C7BEEC6,22.10000,4.00000,20.30000,5.00000,116.00000,5.00000,113.00000,5.00000,,,,,12.20000,5.00000,,,,,,,,2.50000
AVIBASE-118ACEB7,,,,,101.00000,4.00000,98.00000,4.00000,,,,,8.90000,4.00000,8.40000,4.00000,,,,,,1.50000
AVIBASE-6F2AF9D0,20.00000,12.00000,21.10000,6.00000,130.80000,21.00000,130.70000,12.00000,11.70000,15.00000,11.40000,8.00000,11.40000,15.00000,11.50000,8.00000,,,,,,2.08000
AVIBASE-21E0ADE5,,,,,119.80000,22.00000,117.90000,19.00000,10.90000,5.00000,10.50000,7.00000,11.00000,21.00000,10.70000,18.00000,,,,,,2.17000
AVIBASE-58C502EA,18.80000,125.00000,19.40000,137.00000,124.40000,64.00000,121.80000,26.00000,10.80000,20.00000,10.80000,12.00000,12.20000,25.00000,12.30000,11.00000,85.50000,73.00000,73.20000,63.00000,4.47000,1.90000
AVIBASE-F401ECCF,,,,,110.00000,10.00000,109.00000,10.00000,7.30000,10.00000,7.70000,10.00000,7.30000,10.00000,7.40000,10.00000,,,,,,1.72000
AVIBASE-42E93B64,14.00000,4.00000,15.30000,5.00000,105.00000,10.00000,105.00000,10.00000,8.30000,10.00000,7.80000,10.00000,6.90000,10.00000,6.70000,10.00000,,,,,,1.70000
AVIBASE-B418B155,15.60000,7.00000,18.00000,6.00000,118.00000,10.00000,117.00000,10.00000,8.30000,10.00000,8.40000,10.00000,8.10000,10.00000,8.20000,10.00000,,,,,,1.78000
AVIBASE-E7755BD1,22.80000,10.00000,,,129.00000,10.00000,129.00000,10.00000,8.70000,10.00000,9.90000,10.00000,8.50000,10.00000,8.90000,10.00000,,,,,,
AVIBASE-8C7E0230,,,,,,,,,,,,,,,,,,,,,,1.98000
AVIBASE-F8F6B795,,,,,,,,,,,,,,,,,,,,,,
AVIBASE-B79D6B3D,12.80000,10.00000,12.60000,12.00000,109.00000,10.00000,106.00000,10.00000,7.40000,10.00000,6.90000,10.00000,7.00000,10.00000,6.90000,10.00000,,,,,,1.60000
AVIBASE-0116C834,18.90000,3.00000,18.90000,3.00000,106.00000,10.00000,106.00000,10.00000,7.20000,10.00000,7.70000,10.00000,7.90000,10.00000,8.30000,10.00000,,,,,,1.73000
AVIBASE-10605B6E,14.50000,1.00000,14.00000,1.00000,108.00000,10.00000,105.00000,5.00000,7.80000,10.00000,7.40000,4.00000,6.10000,10.00000,6.40000,5.00000,,,,,,
AVIBASE-CB7FB32A,,,,,114.00000,10.00000,107.00000,10.00000,6.60000,10.00000,6.60000,10.00000,6.20000,10.00000,5.90000,10.00000,,,,,,1.67000
AVIBASE-29D93FC2,,,,,98.50000,10.00000,96.10000,10.00000,6.70000,10.00000,6.80000,10.00000,6.30000,10.00000,6.00000,10.00000,,,,,,1.77000
AVIBASE-BAAFB1BC,11.00000,1.00000,,,101.00000,6.00000,99.10000,4.00000,9.70000,6.00000,10.00000,4.00000,6.00000,6.00000,5.70000,4.00000,,,,,,
AVIBASE-0E5AB5F0,11.50000,2.00000,,,99.20000,10.00000,99.50000,10.00000,7.10000,10.00000,7.10000,10.00000,6.20000,10.00000,6.00000,10.00000,,,,,,1.40000
AVIBASE-3160A924,27.00000,23.00000,27.20000,24.00000,123.00000,10.00000,122.00000,10.00000,11.90000,10.00000,13.20000,10.00000,7.20000,10.00000,6.90000,10.00000,,,,,,2.45000
AVIBASE-5ACC908D,18.30000,8.00000,18.00000,2.00000,,,,,,,,,,,,,,,,,,2.03000
AVIBASE-958F4A5E,30.90000,22.00000,29.50000,28.00000,130.00000,10.00000,130.00000,10.00000,14.00000,10.00000,13.20000,10.00000,7.60000,10.00000,7.30000,10.00000,,,,,,2.90000
AVIBASE-9185D29D,43.40000,7.00000,44.80000,5.00000,,,,,,,,,,,,,,,,,,4.00000
AVIBASE-7F7470DA,22.10000,27.00000,22.40000,25.00000,118.50000,28.00000,116.70000,25.00000,14.10000,13.00000,13.80000,10.00000,11.20000,13.00000,10.90000,13.00000,101.90000,29.00000,95.60000,18.00000,4.13000,2.17000
AVIBASE-AC11EBBB,12.00000,1.00000,14.00000,2.00000,95.20000,9.00000,96.30000,8.00000,,,,,8.90000,9.00000,9.10000,8.00000,,,,,,1.63000
AVIBASE-D134B7F0,,,,,98.70000,3.00000,96.30000,6.00000,,,,,,,,,,,,,,
AVIBASE-7D1AE743,20.40000,500.00000,20.70000,500.00000,111.00000,226.00000,112.00000,136.00000,13.90000,127.00000,13.80000,77.00000,8.10000,47.00000,8.10000,29.00000,,,,,,2.20000
AVIBASE-CF1BEA6B,,,,,,,,,,,,,,,,,,,,,,1.60000
AVIBASE-91BD7FA4,,,,,87.30000,12.00000,89.40000,7.00000,10.10000,12.00000,10.60000,7.00000,6.10000,12.00000,6.10000,7.00000,,,,,,
AVIBASE-C780C198,,,10.00000,13.00000,95.20000,9.00000,89.40000,16.00000,8.60000,9.00000,8.50000,16.00000,4.40000,9.00000,5.10000,16.00000,,,,,,1.78000
AVIBASE-F9E192E8,12.60000,9.00000,12.50000,6.00000,105.00000,4.00000,98.80000,4.00000,8.10000,4.00000,8.10000,4.00000,5.60000,4.00000,5.80000,4.00000,,,,,,
AVIBASE-88AAE3D3,11.70000,17.00000,10.60000,6.00000,101.00000,10.00000,97.50000,9.00000,7.40000,10.00000,7.20000,9.00000,5.00000,10.00000,4.30000,9.00000,,,,,,1.69000
AVIBASE-4AC57370,12.00000,1.00000,12.00000,1.00000,102.00000,10.00000,98.70000,10.00000,6.90000,10.00000,7.50000,10.00000,4.60000,10.00000,5.00000,10.00000,,,,,,1.68000
AVIBASE-8CA8B659,,,,,97.00000,1.00000,91.00000,2.00000,9.00000,1.00000,9.00000,1.00000,4.50000,1.00000,4.50000,2.00000,,,,,,1.64000
AVIBASE-B60B1166,6.90000,1424.00000,6.40000,1094.00000,58.40000,62.00000,55.47000,96.00000,18.70000,62.00000,18.15000,96.00000,,,,,47.60000,28.00000,44.60000,13.00000,7.59000,0.82000
AVIBASE-1C51C109,5.90000,407.00000,5.70000,366.00000,54.40000,42.00000,52.40000,32.00000,16.80000,25.00000,16.40000,18.00000,10.30000,40.00000,10.60000,30.00000,41.30000,17.00000,39.90000,19.00000,9.78000,0.77000
AVIBASE-154BCCAE,6.30000,261.00000,6.10000,147.00000,,,,,,,,,,,,,,,,,7.96000,0.76000
AVIBASE-6ABDB635,36.80000,,33.30000,,103.40000,17.00000,96.80000,18.00000,23.50000,16.00000,22.80000,13.00000,20.20000,15.00000,19.50000,14.00000,90.20000,16.00000,85.60000,14.00000,2.50000,3.44000
AVIBASE-9EF3E079,,,,,94.80000,31.00000,91.20000,28.00000,21.70000,10.00000,21.40000,10.00000,19.10000,31.00000,18.60000,28.00000,,,,,,2.75000
AVIBASE-6234824B,,,,,95.60000,9.00000,90.80000,10.00000,22.20000,9.00000,21.50000,11.00000,20.20000,9.00000,20.00000,10.00000,,,,,,3.30000
AVIBASE-24B66475,,,,,99.40000,18.00000,92.80000,19.00000,23.60000,14.00000,22.80000,15.00000,,,,,89.10000,15.00000,84.60000,15.00000,3.00000,3.55000
AVIBASE-A1DD797F,31.00000,1.00000,30.00000,1.00000,86.00000,,84.00000,,21.50000,,21.50000,,16.50000,,15.00000,,85.20000,13.00000,81.40000,9.00000,3.10000,
AVIBASE-0802ADF1,32.20000,5.00000,30.00000,1.00000,81.20000,9.00000,77.40000,5.00000,23.20000,9.00000,22.90000,5.00000,17.70000,9.00000,17.30000,5.00000,,,,,,
AVIBASE-6FC57210,29.30000,3.00000,29.00000,2.00000,82.10000,13.00000,80.00000,4.00000,21.80000,13.00000,22.10000,4.00000,15.90000,13.00000,15.90000,4.00000,,,,,,
AVIBASE-3413C42C,28.50000,14.00000,26.20000,13.00000,75.70000,12.00000,72.30000,12.00000,19.30000,12.00000,19.60000,12.00000,14.30000,12.00000,14.20000,12.00000,,,,,,
AVIBASE-486103D7,20.90000,36.00000,22.40000,15.00000,73.60000,13.00000,72.10000,8.00000,18.20000,13.00000,17.30000,8.00000,14.90000,13.00000,14.50000,8.00000,,,,,,
AVIBASE-0EA5F2E1,17.90000,5.00000,18.20000,5.00000,74.10000,11.00000,70.00000,9.00000,16.90000,11.00000,16.30000,9.00000,14.70000,11.00000,14.60000,9.00000,,,,,,
AVIBASE-0B325B7F,25.00000,13.00000,25.00000,10.00000,77.30000,40.00000,73.30000,15.00000,18.90000,40.00000,19.00000,,15.40000,11.00000,15.30000,12.00000,,,,,,
AVIBASE-5D82C13B,30.70000,43.00000,31.80000,32.00000,86.30000,10.00000,85.10000,10.00000,21.20000,10.00000,20.80000,10.00000,18.30000,10.00000,18.40000,10.00000,,,,,,
AVIBASE-79A45DAF,27.30000,7.00000,25.50000,9.00000,85.90000,14.00000,82.80000,9.00000,21.10000,14.00000,20.60000,9.00000,17.60000,14.00000,16.10000,9.00000,,,,,,
AVIBASE-728B225E,27.90000,15.00000,25.10000,15.00000,87.10000,12.00000,80.30000,12.00000,21.20000,12.00000,20.70000,12.00000,16.20000,12.00000,15.20000,12.00000,,,,,,
AVIBASE-DA399CC6,33.10000,14.00000,30.30000,9.00000,88.50000,15.00000,85.80000,13.00000,23.30000,15.00000,23.00000,13.00000,17.60000,15.00000,16.80000,13.00000,,,,,,
AVIBASE-4996833A,45.10000,11.00000,39.80000,5.00000,96.60000,14.00000,92.70000,9.00000,23.00000,13.00000,22.40000,9.00000,19.60000,13.00000,19.40000,9.00000,,,,,,
AVIBASE-3B3C39F1,39.80000,6.00000,37.70000,7.00000,89.70000,10.00000,87.80000,10.00000,20.40000,10.00000,19.60000,10.00000,20.40000,10.00000,20.20000,10.00000,,,,,,
AVIBASE-E6A0D208,47.80000,13.00000,43.90000,6.00000,100.00000,12.00000,93.90000,7.00000,20.40000,12.00000,19.70000,7.00000,18.80000,12.00000,17.90000,7.00000,,,,,,
AVIBASE-C6833BA9,,,,,101.00000,9.00000,94.40000,7.00000,19.80000,9.00000,19.70000,7.00000,18.60000,9.00000,17.40000,7.00000,,,,,,
AVIBASE-33703E6F,35.20000,15.00000,36.00000,3.00000,90.90000,10.00000,87.20000,6.00000,18.10000,10.00000,18.30000,6.00000,17.00000,10.00000,16.50000,6.00000,,,,,,
AVIBASE-D3D4D1B7,47.80000,8.00000,45.10000,4.00000,103.00000,12.00000,95.50000,12.00000,25.00000,12.00000,24.10000,12.00000,22.30000,12.00000,20.30000,12.00000,,,,,,3.71000
AVIBASE-3C8E84A6,53.40000,5.00000,42.50000,2.00000,108.00000,12.00000,103.00000,10.00000,25.60000,12.00000,25.40000,10.00000,21.50000,12.00000,21.30000,10.00000,,,,,,4.18000
AVIBASE-FCA9F934,29.00000,1.00000,30.00000,3.00000,89.30000,8.00000,86.00000,7.00000,21.00000,8.00000,20.50000,7.00000,19.10000,8.00000,17.90000,7.00000,,,,,,3.55000
AVIBASE-D083BB3F,46.50000,8.00000,39.70000,3.00000,103.00000,27.00000,96.60000,21.00000,24.60000,17.00000,24.20000,11.00000,21.20000,27.00000,20.10000,21.00000,,,,,,4.04000
AVIBASE-4602AC01,50.60000,5.00000,50.00000,8.00000,106.00000,12.00000,103.00000,12.00000,23.80000,12.00000,23.10000,12.00000,21.80000,12.00000,21.50000,12.00000,,,,,,
AVIBASE-38652F17,,,,,94.00000,5.00000,88.30000,3.00000,21.60000,5.00000,21.50000,3.00000,18.00000,1.00000,17.00000,1.00000,,,,,,
AVIBASE-EBE56736,62.50000,13.00000,,,114.00000,12.00000,106.00000,12.00000,25.60000,12.00000,24.80000,12.00000,23.40000,12.00000,23.00000,12.00000,,,,,,
AVIBASE-E781F61C,47.20000,10.00000,40.70000,11.00000,105.00000,5.00000,98.80000,9.00000,26.20000,5.00000,24.70000,9.00000,23.00000,5.00000,21.60000,9.00000,,,,,,
AVIBASE-24F71192,27.50000,58.00000,23.50000,66.00000,85.00000,29.00000,78.60000,35.00000,22.80000,10.00000,22.30000,10.00000,19.60000,30.00000,18.60000,34.00000,,,,,,
AVIBASE-2DA2C52F,31.20000,25.00000,26.40000,26.00000,87.10000,27.00000,79.70000,23.00000,22.50000,6.00000,21.80000,5.00000,22.70000,12.00000,20.30000,11.00000,,,,,,2.95000
AVIBASE-07FD1D4C,33.90000,51.00000,28.50000,40.00000,86.90000,73.00000,78.50000,48.00000,22.90000,8.00000,22.90000,5.00000,22.80000,68.00000,21.10000,47.00000,,,,,,3.27000
AVIBASE-29820AD9,24.50000,9.00000,20.80000,13.00000,80.40000,19.00000,75.60000,19.00000,22.20000,19.00000,21.70000,19.00000,19.90000,19.00000,18.40000,19.00000,,,,,,
AVIBASE-146387FC,37.00000,1.00000,30.00000,1.00000,89.90000,12.00000,81.30000,9.00000,23.30000,12.00000,22.40000,9.00000,22.50000,12.00000,20.80000,9.00000,,,,,,
AVIBASE-7CE29E0E,30.90000,2.00000,23.50000,1.00000,85.00000,8.00000,77.60000,5.00000,22.50000,8.00000,21.40000,5.00000,20.80000,8.00000,19.30000,5.00000,,,,,,
AVIBASE-D5A35997,30.30000,5.00000,24.90000,4.00000,77.90000,10.00000,70.50000,4.00000,23.10000,10.00000,21.80000,4.00000,20.60000,10.00000,19.00000,4.00000,,,,,,
AVIBASE-B6EA8FA2,30.00000,5.00000,24.30000,3.00000,88.10000,13.00000,75.50000,8.00000,24.70000,13.00000,22.10000,8.00000,22.60000,13.00000,19.90000,8.00000,,,,,,
AVIBASE-2E3D5AAF,25.60000,14.00000,20.90000,11.00000,76.70000,12.00000,69.40000,9.00000,21.40000,12.00000,20.20000,9.00000,18.40000,12.00000,17.70000,9.00000,,,,,,
AVIBASE-4B94ECF0,,,19.00000,1.00000,75.20000,6.00000,70.40000,8.00000,,,,,,,,,,,,,,
AVIBASE-04A5B0F9,59.30000,2.00000,37.80000,1.00000,103.00000,10.00000,89.10000,8.00000,27.10000,10.00000,25.80000,8.00000,24.60000,10.00000,21.50000,8.00000,,,,,,
AVIBASE-651384DF,36.80000,13.00000,28.90000,16.00000,99.10000,27.00000,86.10000,30.00000,25.30000,6.00000,23.20000,10.00000,21.80000,27.00000,19.20000,30.00000,,,,,,3.20000
AVIBASE-FA137697,15.40000,32.00000,13.30000,25.00000,64.50000,12.00000,63.20000,6.00000,18.40000,12.00000,17.90000,6.00000,15.30000,12.00000,15.50000,6.00000,,,,,,
AVIBASE-7927D0DD,27.50000,23.00000,21.90000,24.00000,83.50000,12.00000,72.80000,12.00000,20.40000,12.00000,19.40000,12.00000,21.20000,12.00000,19.00000,12.00000,,,,,,2.35000
AVIBASE-DD741082,20.30000,28.00000,17.60000,19.00000,74.70000,12.00000,67.60000,12.00000,18.40000,12.00000,18.40000,12.00000,18.20000,12.00000,17.30000,12.00000,,,,,,2.20000
AVIBASE-1D1C9EDA,26.30000,28.00000,19.50000,27.00000,86.70000,12.00000,73.80000,12.00000,21.80000,12.00000,18.60000,12.00000,22.00000,12.00000,18.40000,12.00000,,,,,,2.73000
AVIBASE-6413CE1A,49.10000,26.00000,43.30000,17.00000,106.00000,10.00000,90.50000,10.00000,30.60000,10.00000,28.30000,10.00000,23.30000,10.00000,22.10000,10.00000,110.00000,10.00000,98.50000,10.00000,1.00000,3.55000
AVIBASE-7066D2F1,50.40000,18.00000,33.60000,7.00000,108.50000,10.00000,92.90000,10.00000,32.60000,10.00000,27.90000,10.00000,25.70000,10.00000,21.40000,10.00000,109.00000,10.00000,95.60000,10.00000,2.50000,3.70000
AVIBASE-E386D2EB,25.00000,2.00000,,,80.40000,10.00000,72.10000,7.00000,24.10000,10.00000,22.10000,7.00000,20.00000,10.00000,17.60000,7.00000,81.70000,10.00000,75.40000,7.00000,2.00000,
AVIBASE-0F97A356,44.40000,9.00000,40.80000,5.00000,103.50000,11.00000,96.30000,6.00000,23.00000,3.00000,22.40000,6.00000,23.30000,11.00000,20.30000,6.00000,,,,,,
AVIBASE-8A90BC6D,,,,,105.00000,12.00000,101.00000,4.00000,23.30000,12.00000,23.00000,4.00000,22.90000,12.00000,22.00000,4.00000,,,,,,
AVIBASE-F8104BC1,28.40000,6.00000,28.30000,4.00000,90.10000,12.00000,84.60000,9.00000,20.90000,12.00000,21.30000,9.00000,20.00000,12.00000,19.10000,9.00000,,,,,,2.92000
AVIBASE-439C4BC9,28.70000,8.00000,26.90000,2.00000,88.60000,7.00000,82.20000,6.00000,22.90000,7.00000,21.90000,6.00000,18.40000,7.00000,17.70000,6.00000,,,,,,
AVIBASE-6A110710,,,,,91.20000,8.00000,84.50000,8.00000,,,,,,,,,,,,,,2.70000
AVIBASE-B7F05102,21.80000,4.00000,23.20000,5.00000,72.90000,17.00000,72.70000,12.00000,20.80000,6.00000,21.00000,7.00000,15.60000,6.00000,14.50000,7.00000,64.80000,6.00000,61.60000,7.00000,2.00000,2.15000
AVIBASE-D08193E0,48.00000,1.00000,51.30000,3.00000,102.10000,15.00000,101.30000,17.00000,23.90000,14.00000,24.30000,14.00000,19.90000,14.00000,19.70000,15.00000,110.50000,14.00000,103.70000,17.00000,4.12000,
AVIBASE-47053A35,13.60000,8.00000,12.90000,4.00000,58.70000,15.00000,53.20000,12.00000,23.50000,15.00000,21.70000,12.00000,17.30000,15.00000,16.30000,12.00000,57.10000,15.00000,50.90000,12.00000,3.00000,1.47000
AVIBASE-6B64558B,,,,,54.70000,10.00000,49.60000,10.00000,20.80000,10.00000,20.40000,10.00000,16.70000,10.00000,15.60000,10.00000,47.20000,5.00000,43.20000,5.00000,2.50000,1.40000
AVIBASE-5A184029,20.70000,2.00000,12.40000,3.00000,66.60000,10.00000,53.70000,9.00000,23.60000,10.00000,20.80000,9.00000,16.20000,9.00000,14.90000,8.00000,56.40000,10.00000,44.20000,9.00000,2.50000,1.51000
AVIBASE-01CFA60A,15.50000,4.00000,12.50000,2.00000,61.40000,10.00000,53.90000,10.00000,22.80000,10.00000,21.60000,10.00000,16.00000,8.00000,14.90000,9.00000,53.60000,10.00000,47.00000,10.00000,2.80000,1.36000
AVIBASE-5BD1E605,,,13.50000,2.00000,66.50000,10.00000,54.50000,10.00000,23.00000,10.00000,21.00000,10.00000,15.30000,10.00000,13.90000,10.00000,54.20000,10.00000,45.20000,10.00000,2.50000,1.86000
AVIBASE-F550D7D6,,,,,64.60000,14.00000,54.20000,5.00000,24.50000,13.00000,21.60000,5.00000,16.80000,14.00000,14.80000,5.00000,55.00000,8.00000,46.00000,3.00000,3.00000,1.22000
AVIBASE-4849AA43,17.50000,24.00000,14.70000,22.00000,62.80000,10.00000,57.50000,10.00000,25.50000,10.00000,24.20000,10.00000,16.00000,10.00000,15.00000,10.00000,61.90000,10.00000,55.40000,10.00000,2.50000,1.69000
AVIBASE-373DCDF4,16.20000,13.00000,14.80000,11.00000,61.90000,10.00000,58.90000,10.00000,25.00000,10.00000,24.40000,10.00000,14.90000,10.00000,15.00000,10.00000,66.20000,10.00000,62.40000,10.00000,2.50000,1.73000
AVIBASE-9C320DCB,21.80000,2.00000,17.70000,1.00000,69.00000,10.00000,66.50000,10.00000,25.70000,12.00000,24.60000,12.00000,16.00000,2.00000,16.25000,2.00000,72.00000,10.00000,71.40000,10.00000,2.60000,
AVIBASE-2C8B24B6,15.20000,12.00000,13.70000,9.00000,56.20000,6.00000,50.80000,5.00000,20.20000,6.00000,19.80000,5.00000,14.20000,6.00000,14.20000,5.00000,54.80000,5.00000,50.20000,4.00000,3.00000,1.42000
AVIBASE-F8469E3F,21.00000,1.00000,14.00000,1.00000,66.80000,10.00000,54.00000,1.00000,24.00000,10.00000,,,14.70000,10.00000,13.00000,1.00000,58.50000,10.00000,49.00000,1.00000,4.00000,1.52000
AVIBASE-71F6A3F0,15.20000,4.00000,19.00000,1.00000,62.80000,10.00000,53.30000,10.00000,23.10000,10.00000,21.00000,10.00000,14.20000,10.00000,13.10000,10.00000,54.20000,10.00000,47.70000,10.00000,4.00000,
AVIBASE-8338F12F,,,,,55.90000,9.00000,51.60000,7.00000,19.70000,9.00000,19.30000,7.00000,14.00000,9.00000,13.60000,7.00000,40.20000,5.00000,35.70000,4.00000,4.00000,1.18000
AVIBASE-F7D5C201,,,,,60.00000,34.00000,55.00000,18.00000,20.30000,34.00000,19.50000,18.00000,14.00000,34.00000,13.40000,18.00000,58.30000,34.00000,53.00000,18.00000,3.00000,1.40000
AVIBASE-9AEEFA09,16.00000,3.00000,11.70000,3.00000,63.60000,10.00000,54.60000,10.00000,21.60000,10.00000,19.20000,10.00000,14.50000,10.00000,13.20000,9.00000,47.30000,6.00000,,,3.00000,1.41000
AVIBASE-3B7E808C,11.00000,1.00000,,,57.40000,7.00000,53.00000,3.00000,20.30000,7.00000,19.70000,3.00000,13.40000,7.00000,13.00000,3.00000,54.70000,8.00000,48.20000,4.00000,2.78000,1.42000
AVIBASE-D74437DE,18.40000,2.00000,18.50000,1.00000,62.30000,10.00000,56.70000,10.00000,24.80000,10.00000,22.20000,10.00000,16.70000,10.00000,16.00000,10.00000,54.20000,10.00000,47.80000,10.00000,3.13000,1.41000
AVIBASE-89A3C105,14.10000,5.00000,12.90000,6.00000,61.80000,44.00000,56.10000,32.00000,23.60000,44.00000,22.70000,32.00000,14.50000,44.00000,14.20000,32.00000,58.30000,44.00000,56.30000,32.00000,3.50000,1.40000
AVIBASE-2C6D5362,12.00000,4.00000,12.10000,5.00000,57.80000,5.00000,55.00000,6.00000,22.00000,5.00000,21.20000,6.00000,15.00000,5.00000,15.00000,5.00000,54.80000,5.00000,53.20000,6.00000,3.00000,
AVIBASE-F936B680,13.50000,2.00000,,,58.20000,6.00000,52.00000,5.00000,19.80000,5.00000,19.50000,4.00000,13.20000,5.00000,12.20000,5.00000,56.00000,5.00000,51.40000,5.00000,3.30000,1.24000
AVIBASE-D3B1A98B,19.30000,5.00000,15.10000,2.00000,67.30000,10.00000,59.40000,10.00000,25.70000,10.00000,22.90000,10.00000,15.40000,10.00000,14.60000,10.00000,60.80000,5.00000,47.20000,5.00000,3.00000,1.84000
AVIBASE-3C79F1AC,24.00000,1.00000,,,72.50000,10.00000,63.10000,10.00000,27.10000,10.00000,23.30000,10.00000,17.10000,9.00000,15.40000,10.00000,58.30000,9.00000,53.50000,10.00000,2.00000,
AVIBASE-FB740D14,20.80000,7.00000,13.00000,3.00000,68.80000,24.00000,58.10000,18.00000,26.80000,24.00000,24.10000,18.00000,16.00000,24.00000,14.10000,18.00000,49.00000,6.00000,44.00000,5.00000,2.50000,1.85000
AVIBASE-9CE4FC4C,,,,,48.10000,50.00000,45.40000,30.00000,16.20000,50.00000,16.50000,30.00000,10.00000,50.00000,9.90000,30.00000,53.00000,50.00000,47.40000,30.00000,3.50000,
AVIBASE-388BABD6,8.00000,1.00000,9.50000,1.00000,48.80000,5.00000,45.80000,6.00000,,,,,10.50000,5.00000,10.80000,6.00000,49.40000,5.00000,41.80000,6.00000,,
AVIBASE-FBDCA962,7.50000,7.00000,7.80000,3.00000,49.70000,10.00000,44.20000,9.00000,17.90000,10.00000,18.00000,9.00000,12.10000,10.00000,12.10000,9.00000,34.30000,6.00000,36.20000,4.00000,3.00000,1.01000
AVIBASE-81851E47,,,,,50.20000,9.00000,44.70000,4.00000,18.00000,9.00000,17.70000,4.00000,12.30000,9.00000,12.00000,4.00000,33.60000,5.00000,33.50000,2.00000,,1.13000
AVIBASE-844A290B,,,,,47.10000,15.00000,44.30000,10.00000,16.90000,15.00000,17.40000,8.00000,11.40000,13.00000,11.70000,10.00000,31.60000,10.00000,32.20000,5.00000,,
AVIBASE-BF29E8B6,,,5.00000,1.00000,46.80000,10.00000,43.40000,10.00000,16.90000,10.00000,17.00000,10.00000,10.90000,10.00000,11.50000,10.00000,32.20000,10.00000,33.70000,10.00000,3.80000,0.96000
AVIBASE-AEE2063F,,,,,52.00000,29.00000,48.10000,15.00000,19.80000,17.00000,18.60000,12.00000,12.20000,23.00000,12.40000,15.00000,40.50000,13.00000,39.80000,14.00000,3.30000,1.09000
AVIBASE-C08493AF,,,,,48.70000,3.00000,46.00000,1.00000,18.30000,3.00000,18.00000,1.00000,11.70000,3.00000,11.00000,1.00000,40.70000,3.00000,38.00000,1.00000,,
AVIBASE-A2C88219,8.30000,11.00000,10.20000,6.00000,52.20000,8.00000,47.20000,5.00000,18.60000,8.00000,18.40000,5.00000,11.80000,8.00000,12.00000,5.00000,37.40000,10.00000,35.30000,10.00000,4.50000,0.98000
AVIBASE-F9FA8D6B,11.90000,5.00000,9.00000,2.00000,53.30000,28.00000,48.30000,26.00000,20.80000,28.00000,19.50000,26.00000,11.50000,28.00000,11.10000,26.00000,,,,,,1.08000
AVIBASE-53E61277,,,,,49.90000,10.00000,46.10000,10.00000,18.60000,10.00000,18.00000,10.00000,11.40000,10.00000,11.30000,10.00000,34.60000,10.00000,33.30000,10.00000,2.96000,1.08000
AVIBASE-9F281377,9.30000,9.00000,8.70000,4.00000,54.70000,37.00000,47.80000,28.00000,20.90000,37.00000,20.00000,28.00000,11.10000,37.00000,10.90000,28.00000,43.90000,37.00000,37.70000,28.00000,2.00000,1.15000
AVIBASE-006667E7,,,,,55.50000,10.00000,49.90000,10.00000,20.70000,10.00000,19.00000,10.00000,12.20000,10.00000,12.30000,10.00000,31.20000,10.00000,29.00000,9.00000,3.00000,1.30000
AVIBASE-78573BB2,7.30000,3.00000,,,48.70000,10.00000,45.20000,10.00000,19.40000,10.00000,18.10000,10.00000,11.50000,10.00000,10.90000,10.00000,25.80000,6.00000,26.70000,6.00000,3.00000,1.03000
AVIBASE-7CB5F8B8,,,,,,,,,,,,,,,,,,,,,,0.99000
AVIBASE-FCF07F05,,,,,47.30000,9.00000,46.60000,10.00000,19.70000,6.00000,19.60000,8.00000,11.10000,7.00000,10.90000,10.00000,47.60000,10.00000,46.00000,9.00000,3.50000,1.06000
AVIBASE-F8885790,7.30000,52.00000,7.70000,41.00000,45.20000,31.00000,43.00000,12.00000,18.30000,21.00000,18.20000,12.00000,12.20000,21.00000,12.30000,11.00000,55.80000,16.00000,54.60000,10.00000,3.80000,0.93000
AVIBASE-63F72CA7,9.00000,37.00000,8.30000,25.00000,51.70000,80.00000,49.30000,60.00000,,,,,13.00000,80.00000,,12.90000,53.00000,40.00000,54.20000,40.00000,3.30000,1.07000
AVIBASE-319F6754,7.50000,1.00000,,,49.90000,14.00000,49.10000,10.00000,19.30000,14.00000,18.80000,10.00000,12.00000,14.00000,12.10000,10.00000,57.80000,14.00000,58.00000,10.00000,4.00000,0.98000
AVIBASE-1CB41EB5,,,,,48.50000,12.00000,,,18.60000,12.00000,,,13.00000,12.00000,,,48.00000,12.00000,,,4.00000,
AVIBASE-10988568,9.30000,14.00000,8.20000,10.00000,53.70000,35.00000,51.80000,20.00000,,,,,,,,,,,,,3.50000,1.13000
AVIBASE-4CDA27A3,9.10000,9.00000,8.70000,4.00000,53.00000,20.00000,50.50000,16.00000,21.30000,20.00000,20.50000,16.00000,11.90000,20.00000,12.00000,16.00000,69.80000,20.00000,61.80000,16.00000,3.50000,1.12000
AVIBASE-843FF082,8.50000,1.00000,9.00000,1.00000,54.50000,6.00000,51.50000,5.00000,22.50000,6.00000,22.00000,5.00000,12.70000,6.00000,12.60000,5.00000,74.00000,6.00000,66.00000,5.00000,1.50000,1.34000
AVIBASE-45411DD0,12.40000,4.00000,12.20000,1.00000,53.60000,6.00000,51.70000,4.00000,20.70000,6.00000,20.10000,4.00000,14.10000,6.00000,13.80000,4.00000,,,,,,
AVIBASE-95B6C7C5,12.30000,3.00000,,,58.40000,22.00000,56.00000,22.00000,21.30000,22.00000,20.90000,22.00000,14.80000,22.00000,14.80000,22.00000,,,,,,1.33000
AVIBASE-C54D2FEE,12.20000,4.00000,11.50000,4.00000,56.80000,16.00000,54.40000,14.00000,21.90000,16.00000,21.10000,14.00000,15.40000,16.00000,15.40000,14.00000,68.90000,16.00000,62.20000,14.00000,3.00000,1.33000
AVIBASE-23670191,12.30000,3.00000,10.10000,4.00000,55.20000,8.00000,52.00000,6.00000,20.50000,8.00000,20.30000,6.00000,12.90000,8.00000,11.70000,6.00000,68.20000,8.00000,62.20000,6.00000,3.00000,
AVIBASE-0B870352,10.30000,23.00000,9.70000,19.00000,51.70000,28.00000,50.20000,36.00000,22.80000,28.00000,22.60000,36.00000,14.30000,28.00000,14.40000,36.00000,61.80000,28.00000,61.80000,36.00000,2.38000,
AVIBASE-A1CA4EB2,10.70000,9.00000,9.60000,4.00000,51.40000,22.00000,49.40000,15.00000,20.10000,22.00000,20.00000,15.00000,11.80000,22.00000,11.60000,15.00000,74.00000,22.00000,67.00000,15.00000,3.82000,
AVIBASE-E1936846,10.00000,1.00000,10.00000,1.00000,58.40000,10.00000,56.10000,6.00000,20.50000,10.00000,20.40000,6.00000,11.70000,10.00000,11.80000,6.00000,54.00000,10.00000,52.20000,6.00000,,
AVIBASE-2A88D0BC,,,,,47.30000,10.00000,45.30000,10.00000,17.80000,10.00000,17.50000,10.00000,9.50000,10.00000,9.40000,10.00000,57.00000,10.00000,49.30000,10.00000,3.50000,
AVIBASE-B285E2B0,11.00000,70.00000,10.00000,60.00000,55.40000,60.00000,53.80000,40.00000,21.60000,60.00000,20.90000,40.00000,14.70000,60.00000,14.20000,40.00000,52.80000,60.00000,50.90000,40.00000,3.00000,1.34000
AVIBASE-DA2072A7,8.40000,8.00000,8.30000,3.00000,47.30000,17.00000,46.20000,8.00000,16.60000,17.00000,16.30000,8.00000,11.00000,17.00000,11.10000,8.00000,44.30000,17.00000,39.00000,8.00000,,
AVIBASE-1ABAB622,8.80000,14.00000,8.50000,9.00000,54.20000,14.00000,50.80000,9.00000,17.60000,15.00000,17.60000,12.00000,12.00000,15.00000,11.90000,12.00000,58.10000,15.00000,48.50000,12.00000,2.00000,
AVIBASE-184BA213,,,,,52.60000,5.00000,50.50000,2.00000,18.40000,5.00000,16.00000,2.00000,12.50000,5.00000,11.50000,2.00000,77.80000,5.00000,60.50000,2.00000,2.50000,1.05000
AVIBASE-1B4DA358,8.20000,8.00000,8.50000,1.00000,49.00000,12.00000,46.00000,8.00000,18.20000,12.00000,17.60000,8.00000,12.50000,12.00000,12.60000,8.00000,40.50000,12.00000,35.00000,8.00000,1.50000,1.00000
AVIBASE-0ABADB0F,11.00000,9.00000,10.90000,8.00000,56.10000,10.00000,54.30000,8.00000,18.60000,10.00000,18.10000,8.00000,13.20000,10.00000,13.00000,8.00000,46.00000,10.00000,42.80000,8.00000,,
AVIBASE-EADB2314,8.50000,22.00000,7.90000,14.00000,51.00000,50.00000,48.80000,50.00000,,,,,13.70000,50.00000,13.50000,50.00000,49.30000,50.00000,44.70000,50.00000,2.50000,0.86000
AVIBASE-32947D9C,9.90000,8.00000,9.50000,4.00000,,,,,,,,,,,,,58.00000,8.00000,46.80000,6.00000,2.00000,1.40000
AVIBASE-770308E9,9.10000,14.00000,8.30000,7.00000,49.10000,16.00000,47.50000,8.00000,17.30000,16.00000,16.90000,8.00000,13.50000,16.00000,12.90000,8.00000,47.50000,16.00000,42.60000,8.00000,,
AVIBASE-75E0430B,,,,,47.50000,14.00000,45.60000,12.00000,16.40000,14.00000,15.70000,12.00000,12.60000,14.00000,12.60000,12.00000,48.00000,14.00000,41.10000,12.00000,,
AVIBASE-C3B16DBB,,,,,54.50000,2.00000,50.00000,2.00000,17.00000,2.00000,17.25000,2.00000,13.00000,2.00000,13.75000,2.00000,45.00000,2.00000,36.50000,2.00000,,
AVIBASE-3D6CB174,,,,,47.70000,3.00000,44.20000,4.00000,16.80000,3.00000,15.90000,4.00000,12.80000,3.00000,12.20000,4.00000,41.70000,3.00000,32.50000,4.00000,,
AVIBASE-E8F03B18,8.80000,7.00000,8.00000,4.00000,53.20000,10.00000,52.00000,9.00000,17.60000,10.00000,17.70000,9.00000,12.50000,10.00000,12.50000,9.00000,59.80000,10.00000,52.40000,9.00000,,
AVIBASE-6687AA29,,,,,51.50000,14.00000,50.80000,12.00000,17.80000,14.00000,18.00000,12.00000,12.90000,14.00000,12.50000,12.00000,57.30000,14.00000,50.60000,12.00000,,
AVIBASE-4FE76868,9.00000,15.00000,8.40000,8.00000,49.00000,20.00000,47.50000,12.00000,18.00000,20.00000,17.60000,12.00000,14.10000,20.00000,14.00000,12.00000,61.90000,20.00000,49.50000,12.00000,2.50000,1.13000
AVIBASE-F3D1150D,8.70000,32.00000,8.40000,16.00000,50.40000,30.00000,48.00000,20.00000,,,,,14.60000,30.00000,13.70000,20.00000,61.30000,30.00000,49.60000,20.00000,,
AVIBASE-7A8A8FCF,,,,,56.10000,20.00000,53.00000,20.00000,19.20000,20.00000,18.50000,20.00000,14.30000,20.00000,13.40000,20.00000,60.30000,20.00000,51.60000,20.00000,3.00000,1.00000
AVIBASE-D6C2BFD2,12.20000,9.00000,11.80000,4.00000,58.20000,34.00000,54.70000,30.00000,20.60000,34.00000,18.80000,30.00000,14.40000,34.00000,13.60000,30.00000,58.40000,34.00000,48.50000,30.00000,,
AVIBASE-D029B521,,,9.00000,1.00000,,,,,,,,,,,,,,,,,,
AVIBASE-31557605,28.00000,2.00000,,,84.70000,10.00000,79.20000,10.00000,28.60000,10.00000,28.40000,10.00000,20.40000,10.00000,20.60000,10.00000,93.00000,10.00000,86.20000,10.00000,3.00000,2.99000
AVIBASE-31E5F1E9,20.00000,3.00000,18.40000,4.00000,69.60000,10.00000,66.70000,10.00000,25.40000,10.00000,25.60000,10.00000,16.40000,10.00000,15.80000,10.00000,63.50000,10.00000,58.00000,10.00000,2.50000,1.77000
AVIBASE-DC456636,,,,,54.60000,11.00000,49.80000,9.00000,21.50000,11.00000,19.50000,9.00000,12.40000,11.00000,12.00000,9.00000,34.30000,11.00000,32.00000,9.00000,2.74000,1.13000
AVIBASE-63220C79,9.20000,7.00000,8.30000,4.00000,48.90000,10.00000,46.00000,10.00000,18.40000,10.00000,17.30000,10.00000,12.90000,10.00000,11.90000,10.00000,25.70000,10.00000,25.80000,10.00000,3.00000,
AVIBASE-F58AF0FB,11.50000,7.00000,9.80000,5.00000,53.60000,10.00000,49.00000,9.00000,20.00000,10.00000,18.90000,9.00000,11.90000,10.00000,11.20000,9.00000,22.00000,10.00000,18.60000,9.00000,2.00000,1.42000
AVIBASE-0195CFDD,,,,,58.20000,10.00000,56.80000,10.00000,20.00000,10.00000,19.50000,10.00000,12.70000,10.00000,12.50000,10.00000,53.00000,10.00000,53.20000,10.00000,3.50000,
AVIBASE-A3265EBB,,,,,,,,,,,,,,,,,52.00000,7.00000,47.30000,3.00000,2.64000,
AVIBASE-216F11D6,,,,,52.30000,10.00000,52.70000,3.00000,19.40000,6.00000,18.80000,3.00000,11.80000,3.00000,12.00000,3.00000,55.80000,6.00000,56.00000,3.00000,2.50000,1.90000
AVIBASE-2F6AB5CF,,,,,62.10000,5.00000,62.70000,5.00000,21.50000,5.00000,20.80000,5.00000,15.40000,5.00000,14.20000,5.00000,42.00000,5.00000,40.10000,5.00000,,
AVIBASE-9A1A058C,,,,,76.40000,5.00000,74.25000,2.00000,23.20000,5.00000,22.50000,2.00000,16.40000,5.00000,15.75000,2.00000,46.50000,5.00000,45.80000,2.00000,2.50000,
AVIBASE-5784EE2F,,,,,,,,,,,,,,,,,,,,,,
AVIBASE-9A08376E,,,,,71.80000,4.00000,69.20000,4.00000,20.40000,4.00000,20.00000,4.00000,14.50000,4.00000,14.20000,4.00000,46.10000,4.00000,46.70000,1.00000,2.00000,
AVIBASE-28458566,,,,,55.50000,10.00000,54.90000,10.00000,15.10000,10.00000,15.10000,10.00000,11.20000,10.00000,11.30000,10.00000,36.80000,10.00000,35.50000,10.00000,2.80000,1.08000
AVIBASE-E359D080,,,,,52.30000,9.00000,51.80000,6.00000,15.50000,9.00000,15.60000,6.00000,12.90000,9.00000,13.00000,6.00000,34.90000,9.00000,34.50000,6.00000,2.00000,
AVIBASE-8C2C2D5B,,,,,55.60000,10.00000,54.90000,10.00000,15.60000,10.00000,15.30000,10.00000,11.20000,10.00000,11.00000,10.00000,38.40000,10.00000,37.90000,10.00000,3.00000,
AVIBASE-6AA90803,10.30000,20.00000,11.80000,31.00000,63.20000,10.00000,62.00000,10.00000,18.00000,10.00000,17.80000,10.00000,13.70000,10.00000,13.50000,10.00000,47.60000,10.00000,46.50000,10.00000,2.00000,1.20000
AVIBASE-59C09710,,,,,52.00000,1.00000,53.70000,3.00000,18.00000,1.00000,18.00000,1.00000,13.00000,1.00000,12.70000,3.00000,38.00000,1.00000,38.30000,3.00000,4.00000,
AVIBASE-19ABB1C4,,,,,63.00000,10.00000,60.00000,1.00000,20.20000,10.00000,21.00000,1.00000,14.90000,10.00000,15.00000,1.00000,49.30000,10.00000,49.00000,1.00000,2.00000,1.68000
AVIBASE-F2D16DB6,,,,,,,,,,,,,,,,,,,,,,
AVIBASE-559F03D2,,,,,,,,,,,,,,,,,,,,,,1.33000
AVIBASE-EA151AD8,,,,,,,,,,,,,,,,,,,,,,1.30000
AVIBASE-70419673,143.60000,,151.60000,,,,,,,,,,,,,,,,,,,2.25000
AVIBASE-F3E9CE95,15.90000,16.00000,13.00000,5.00000,61.90000,35.00000,54.00000,13.00000,22.10000,26.00000,19.40000,13.00000,14.40000,33.00000,13.70000,13.00000,58.50000,31.00000,51.30000,13.00000,4.80000,1.80000
AVIBASE-ED9EE880,,,,,59.20000,7.00000,58.40000,10.00000,20.40000,7.00000,20.80000,10.00000,13.10000,7.00000,12.90000,10.00000,63.60000,7.00000,62.50000,10.00000,2.40000,2.00000
AVIBASE-4761DFE7,,,,,65.50000,3.00000,,,25.30000,3.00000,,,17.00000,2.00000,,,75.00000,3.00000,,,,
AVIBASE-8CA1A851,23.50000,23.00000,21.30000,18.00000,71.40000,17.00000,68.40000,14.00000,28.50000,9.00000,27.50000,4.00000,18.75000,11.00000,17.60000,5.00000,73.80000,11.00000,70.00000,5.00000,,
AVIBASE-1DC48058,17.30000,9.00000,16.70000,6.00000,58.00000,7.00000,57.50000,5.00000,,,23.50000,1.00000,15.70000,7.00000,14.90000,5.00000,72.90000,7.00000,67.40000,5.00000,,
AVIBASE-A630DB2C,,,,,58.00000,4.00000,59.00000,4.00000,24.00000,2.00000,25.00000,3.00000,16.83000,3.00000,16.25000,2.00000,49.00000,3.00000,54.30000,3.00000,,
AVIBASE-D4F0437E,,,,,,,,,,,,,,,,,,,,,2.50000,
AVIBASE-8160D091,,,,,58.50000,7.00000,57.00000,5.00000,21.40000,5.00000,,,11.50000,5.00000,,,57.00000,7.00000,56.60000,5.00000,2.50000,
AVIBASE-6A8A9135,,,,,63.40000,43.00000,66.90000,36.00000,,,,,,,,,,,,,2.00000,2.54000
AVIBASE-523913AE,17.80000,23.00000,17.00000,7.00000,59.30000,8.00000,58.00000,6.00000,20.70000,8.00000,21.20000,6.00000,11.70000,8.00000,11.50000,6.00000,62.10000,8.00000,60.50000,6.00000,2.50000,2.55000
AVIBASE-E3C55435,,,,,,,,,,,,,,,,,,,,,2.50000,2.50000
AVIBASE-8EDC9B24,,,,,,,,,25.00000,3.00000,,,,,,,,,,,,1.60000
AVIBASE-438D0DFF,16.60000,54.00000,14.30000,25.00000,56.20000,10.00000,54.30000,10.00000,25.20000,10.00000,25.10000,10.00000,13.00000,10.00000,13.10000,10.00000,53.50000,10.00000,49.00000,10.00000,2.00000,
AVIBASE-31FB812A,20.00000,2.00000,11.00000,1.00000,58.25000,2.00000,54.50000,1.00000,21.50000,2.00000,22.00000,1.00000,17.25000,2.00000,15.00000,,,,,,,
AVIBASE-1478AA79,,,,,76.80000,17.00000,72.80000,16.00000,28.50000,17.00000,27.60000,16.00000,16.50000,17.00000,15.90000,16.00000,91.20000,17.00000,85.20000,16.00000,2.00000,2.83000
AVIBASE-35C5E4AF,26.00000,2.00000,29.00000,2.00000,67.60000,10.00000,65.90000,10.00000,24.20000,10.00000,24.10000,10.00000,16.20000,10.00000,16.10000,10.00000,,,,,,2.70000
AVIBASE-8EE724E4,30.30000,2.00000,31.40000,4.00000,,,,,,,,,,,,,101.00000,10.00000,98.50000,10.00000,2.00000,2.95000
AVIBASE-10A37318,11.80000,3.00000,11.10000,2.00000,57.00000,41.00000,56.30000,38.00000,18.70000,11.00000,18.40000,14.00000,13.30000,10.00000,12.90000,14.00000,,,,,,1.60000
AVIBASE-BC0E4C9F,11.90000,4.00000,11.70000,4.00000,58.30000,19.00000,54.10000,3.00000,,,,,,,,,55.60000,10.00000,53.70000,10.00000,,1.70000
AVIBASE-4C3CF429,15.50000,1.00000,14.50000,2.00000,68.00000,15.00000,64.30000,8.00000,23.00000,14.00000,22.00000,7.00000,16.30000,14.00000,15.80000,7.00000,,,,,,1.82000
AVIBASE-2B020CA0,18.90000,45.00000,18.70000,18.00000,76.60000,36.00000,74.40000,16.00000,21.70000,15.00000,21.70000,12.00000,15.80000,15.00000,15.30000,13.00000,59.00000,10.00000,58.00000,10.00000,,2.36000
AVIBASE-2D46BB98,14.80000,4.00000,14.70000,3.00000,70.50000,16.00000,68.70000,6.00000,21.50000,19.00000,21.30000,10.00000,16.10000,24.00000,15.30000,7.00000,58.80000,10.00000,57.20000,10.00000,4.50000,2.08000
AVIBASE-2F6F30EF,27.60000,24.00000,26.70000,4.00000,82.10000,10.00000,78.80000,11.00000,27.80000,17.00000,27.80000,16.00000,20.80000,18.00000,20.80000,17.00000,,,,,,3.10000
AVIBASE-E1559C49,11.80000,4.00000,14.00000,1.00000,59.30000,19.00000,57.30000,12.00000,21.20000,15.00000,20.70000,12.00000,15.30000,18.00000,15.00000,12.00000,51.60000,10.00000,50.70000,10.00000,4.00000,1.60000
AVIBASE-C15141A6,10.10000,,10.80000,,63.10000,120.00000,62.70000,80.00000,20.70000,27.00000,20.50000,21.00000,13.60000,26.00000,13.70000,22.00000,47.40000,10.00000,48.00000,10.00000,4.97000,1.49000
AVIBASE-FED5AED5,12.30000,19.00000,11.50000,11.00000,67.20000,72.00000,64.70000,37.00000,21.40000,38.00000,20.80000,23.00000,14.80000,63.00000,14.60000,36.00000,50.80000,10.00000,48.80000,10.00000,5.00000,1.65000
AVIBASE-781FE53F,11.20000,18.00000,10.90000,7.00000,58.70000,41.00000,57.50000,16.00000,22.10000,25.00000,21.60000,15.00000,14.80000,24.00000,14.60000,16.00000,52.60000,26.00000,50.80000,16.00000,4.68000,1.47000
AVIBASE-34E27C2A,11.80000,10.00000,11.80000,9.00000,66.80000,22.00000,66.00000,20.00000,23.10000,38.00000,22.80000,29.00000,17.20000,19.00000,16.90000,19.00000,54.00000,10.00000,51.70000,10.00000,4.00000,1.75000
AVIBASE-34E27C2A,,,,,60.20000,10.00000,59.50000,10.00000,22.60000,10.00000,22.30000,10.00000,17.30000,10.00000,16.80000,10.00000,44.50000,10.00000,42.70000,10.00000,2.70000,1.59000
AVIBASE-B22EAFC8,11.70000,17.00000,12.30000,5.00000,63.10000,47.00000,62.30000,14.00000,22.60000,14.00000,22.70000,13.00000,17.20000,36.00000,17.10000,13.00000,,,,,5.20000,1.68000
AVIBASE-B675E006,12.60000,15.00000,11.40000,15.00000,69.60000,26.00000,68.10000,21.00000,23.00000,20.00000,22.40000,18.00000,16.00000,27.00000,15.90000,20.00000,53.50000,10.00000,53.30000,10.00000,4.41000,1.85000
AVIBASE-B283E332,32.30000,18.00000,28.40000,23.00000,96.80000,48.00000,92.30000,14.00000,29.70000,39.00000,28.60000,13.00000,23.60000,45.00000,22.70000,14.00000,77.50000,10.00000,76.10000,10.00000,4.00000,3.15000
AVIBASE-D793DF5A,27.80000,6.00000,26.00000,2.00000,82.40000,15.00000,77.50000,11.00000,29.20000,11.00000,27.30000,10.00000,25.90000,14.00000,25.30000,11.00000,77.50000,10.00000,75.00000,10.00000,4.50000,2.90000
AVIBASE-0D42A253,,,,,83.00000,5.00000,81.00000,4.00000,25.80000,5.00000,24.80000,4.00000,22.40000,5.00000,22.30000,4.00000,64.60000,5.00000,62.00000,4.00000,,
AVIBASE-C8857CC8,23.20000,1.00000,,,74.40000,10.00000,71.30000,10.00000,29.40000,10.00000,28.20000,10.00000,22.40000,10.00000,21.80000,10.00000,71.30000,10.00000,68.20000,10.00000,2.50000,2.22000
AVIBASE-AAABFBE8,16.50000,2.00000,,,67.40000,10.00000,66.70000,3.00000,27.30000,15.00000,27.00000,6.00000,20.20000,13.00000,20.10000,6.00000,60.40000,11.00000,62.00000,4.00000,2.50000,
AVIBASE-4AA7817D,,,,,75.70000,10.00000,73.90000,10.00000,27.80000,10.00000,26.40000,10.00000,20.90000,10.00000,20.60000,10.00000,70.30000,10.00000,69.10000,10.00000,2.30000,2.13000
AVIBASE-213C212A,27.50000,1.00000,,,81.70000,21.00000,78.80000,15.00000,27.80000,12.00000,27.90000,13.00000,19.70000,11.00000,19.70000,13.00000,83.60000,11.00000,80.40000,12.00000,,3.00000
AVIBASE-1A6C6F17,10.00000,1.00000,10.00000,1.00000,61.90000,19.00000,59.20000,10.00000,20.30000,19.00000,20.00000,11.00000,13.90000,19.00000,13.40000,8.00000,46.80000,19.00000,45.20000,10.00000,5.00000,1.27000
AVIBASE-A8242804,8.90000,39.00000,8.10000,4.00000,62.30000,27.00000,60.20000,8.00000,20.60000,19.00000,20.50000,8.00000,15.50000,25.00000,15.60000,8.00000,,,,,,1.23000
AVIBASE-BAE527A2,11.50000,6.00000,10.40000,5.00000,67.40000,39.00000,64.70000,14.00000,21.30000,21.00000,20.80000,13.00000,17.10000,38.00000,17.00000,12.00000,55.30000,10.00000,52.90000,10.00000,3.30000,1.54000
AVIBASE-B10AD127,13.00000,1.00000,13.00000,1.00000,77.60000,26.00000,74.80000,17.00000,22.30000,19.00000,22.00000,17.00000,17.90000,13.00000,17.70000,12.00000,61.90000,10.00000,61.20000,10.00000,4.00000,1.79000
AVIBASE-791DED18,,,,,87.60000,18.00000,86.50000,14.00000,23.80000,18.00000,23.70000,14.00000,20.00000,18.00000,20.10000,13.00000,67.20000,10.00000,66.20000,10.00000,3.75000,2.25000
AVIBASE-DCDD1BCA,,,,,67.30000,25.00000,64.00000,15.00000,20.70000,21.00000,20.10000,10.00000,15.80000,21.00000,15.80000,11.00000,51.50000,10.00000,50.60000,10.00000,4.00000,1.60000
AVIBASE-869C978C,13.40000,12.00000,13.20000,8.00000,78.90000,49.00000,78.00000,14.00000,21.10000,21.00000,20.60000,16.00000,16.60000,51.00000,16.50000,14.00000,54.80000,10.00000,54.00000,10.00000,4.76000,1.70000
AVIBASE-EBBD09CA,11.00000,1.00000,10.60000,4.00000,63.10000,10.00000,60.00000,10.00000,21.40000,10.00000,21.20000,10.00000,15.70000,10.00000,15.50000,10.00000,59.70000,10.00000,55.90000,10.00000,1.40000,1.68000
AVIBASE-E999FD2D,10.90000,14.00000,11.30000,9.00000,59.10000,10.00000,57.60000,10.00000,22.30000,10.00000,22.30000,10.00000,15.60000,10.00000,15.60000,10.00000,56.20000,10.00000,54.00000,10.00000,2.00000,1.76000
AVIBASE-CB79F02F,,,,,63.00000,4.00000,57.00000,1.00000,23.30000,4.00000,23.50000,1.00000,15.80000,3.00000,16.00000,1.00000,60.80000,3.00000,59.00000,1.00000,,
AVIBASE-D6F5D224,,,,,48.50000,2.00000,49.75000,2.00000,18.60000,3.00000,19.35000,2.00000,12.70000,3.00000,11.65000,2.00000,49.00000,4.00000,50.30000,2.00000,2.30000,1.02000
AVIBASE-DFC5A27D,6.00000,1.00000,6.00000,1.00000,45.80000,10.00000,44.10000,10.00000,15.50000,10.00000,15.70000,10.00000,8.50000,10.00000,8.50000,10.00000,43.00000,10.00000,41.00000,10.00000,2.50000,
AVIBASE-D083C7B8,12.10000,3.00000,12.20000,1.00000,53.70000,10.00000,49.10000,10.00000,22.80000,10.00000,22.60000,10.00000,12.70000,10.00000,12.60000,10.00000,34.20000,10.00000,27.30000,10.00000,1.50000,
AVIBASE-07AE29DF,15.80000,6.00000,15.30000,4.00000,60.40000,12.00000,60.30000,7.00000,19.30000,12.00000,19.10000,7.00000,16.30000,12.00000,16.30000,7.00000,56.90000,12.00000,56.10000,7.00000,,
AVIBASE-77FE6CF2,7.30000,10.00000,7.80000,7.00000,61.00000,3.00000,59.80000,4.00000,,,,,,,,,35.70000,15.00000,33.60000,15.00000,2.30000,1.08000
AVIBASE-77FE6CF2,,,,,57.80000,4.00000,53.50000,2.00000,18.20000,4.00000,16.95000,2.00000,11.90000,4.00000,11.05000,2.00000,34.30000,4.00000,30.00000,2.00000,,
AVIBASE-D46EE5F8,,,4.50000,1.00000,50.30000,3.00000,49.00000,2.00000,16.70000,3.00000,16.35000,2.00000,10.00000,3.00000,9.75000,2.00000,26.00000,3.00000,25.00000,2.00000,1.50000,
AVIBASE-330BEC7E,,,,,49.20000,10.00000,47.90000,10.00000,16.30000,10.00000,15.90000,10.00000,12.50000,10.00000,11.80000,10.00000,42.30000,10.00000,39.60000,10.00000,2.00000,0.84000
AVIBASE-75932535,6.00000,1.00000,8.00000,1.00000,54.50000,10.00000,53.40000,7.00000,17.20000,10.00000,16.70000,7.00000,13.00000,10.00000,12.90000,7.00000,41.80000,10.00000,38.70000,6.00000,1.50000,
AVIBASE-0394BA0B,8.80000,21.00000,9.20000,12.00000,58.10000,10.00000,56.50000,10.00000,19.20000,10.00000,19.10000,10.00000,13.90000,10.00000,13.50000,10.00000,47.10000,10.00000,46.40000,10.00000,,1.25000
AVIBASE-728CFC23,,,,,52.30000,6.00000,50.90000,9.00000,18.50000,6.00000,17.70000,9.00000,11.50000,6.00000,11.30000,9.00000,51.30000,6.00000,48.40000,9.00000,3.50000,
AVIBASE-17767237,10.30000,10.00000,10.90000,4.00000,52.60000,19.00000,54.60000,17.00000,17.30000,19.00000,17.90000,17.00000,13.10000,19.00000,13.40000,17.00000,38.00000,19.00000,38.50000,17.00000,,
AVIBASE-7D340BF9,6.00000,1.00000,9.00000,1.00000,47.20000,7.00000,45.25000,2.00000,,,16.30000,2.00000,,,,,30.50000,7.00000,29.80000,2.00000,,
AVIBASE-A6275491,11.30000,4.00000,9.70000,3.00000,59.30000,3.00000,58.30000,4.00000,19.30000,3.00000,19.20000,4.00000,13.90000,3.00000,14.30000,4.00000,47.00000,3.00000,49.30000,4.00000,2.00000,0.96000
AVIBASE-35C0145B,8.60000,23.00000,8.20000,16.00000,56.00000,12.00000,54.50000,6.00000,20.20000,12.00000,19.80000,6.00000,12.20000,12.00000,12.10000,6.00000,43.40000,12.00000,42.80000,6.00000,2.60000,0.99000
AVIBASE-83E5801B,7.80000,5.00000,7.90000,8.00000,50.30000,11.00000,47.60000,10.00000,17.40000,11.00000,17.00000,10.00000,11.80000,11.00000,11.70000,10.00000,18.10000,11.00000,16.90000,10.00000,2.00000,1.03000
AVIBASE-AA48D853,8.10000,1.00000,8.70000,1.00000,49.00000,5.00000,46.20000,11.00000,15.10000,5.00000,15.40000,11.00000,9.90000,5.00000,9.80000,11.00000,18.40000,5.00000,16.90000,11.00000,1.00000,1.20000
AVIBASE-2F29A1B1,11.70000,16.00000,11.00000,12.00000,64.20000,5.00000,58.30000,6.00000,21.50000,5.00000,21.40000,6.00000,11.50000,1.00000,10.60000,1.00000,24.40000,5.00000,22.30000,6.00000,2.00000,1.10000
AVIBASE-0C8B9FA4,5.30000,3.00000,6.80000,3.00000,56.10000,46.00000,53.10000,35.00000,17.80000,46.00000,17.00000,35.00000,12.30000,46.00000,12.40000,35.00000,23.50000,10.00000,20.80000,10.00000,2.00000,1.15000
AVIBASE-0B44E704,7.40000,1.00000,7.90000,1.00000,54.10000,5.00000,52.10000,7.00000,16.60000,1.00000,16.40000,1.00000,11.10000,1.00000,11.30000,1.00000,21.00000,1.00000,24.00000,1.00000,,
AVIBASE-98D10978,12.00000,1.00000,11.00000,1.00000,66.50000,8.00000,65.00000,8.00000,19.70000,8.00000,20.10000,8.00000,13.30000,8.00000,13.00000,8.00000,66.50000,8.00000,65.00000,8.00000,2.00000,1.21000
AVIBASE-A9030503,11.10000,5.00000,10.70000,6.00000,58.10000,9.00000,55.60000,5.00000,18.50000,9.00000,17.60000,5.00000,12.90000,9.00000,12.30000,5.00000,24.00000,9.00000,20.00000,5.00000,2.00000,1.47000
AVIBASE-6B9529AE,10.00000,1.00000,10.00000,1.00000,58.90000,9.00000,54.90000,7.00000,19.00000,9.00000,18.30000,7.00000,15.60000,8.00000,14.90000,7.00000,26.20000,9.00000,22.60000,7.00000,2.00000,1.28000
AVIBASE-BA12CD7F,11.30000,6.00000,10.80000,3.00000,61.30000,11.00000,59.60000,10.00000,18.80000,11.00000,19.20000,10.00000,15.80000,11.00000,15.40000,10.00000,28.40000,11.00000,25.10000,10.00000,1.91000,1.64000
AVIBASE-D86EAD92,15.80000,2.00000,14.20000,3.00000,60.20000,5.00000,61.00000,2.00000,22.80000,5.00000,25.00000,2.00000,14.30000,4.00000,14.00000,2.00000,30.00000,4.00000,29.00000,2.00000,,
AVIBASE-CE04A51B,13.40000,15.00000,11.90000,4.00000,59.50000,16.00000,55.50000,5.00000,20.70000,3.00000,20.00000,1.00000,21.00000,16.00000,20.70000,5.00000,33.60000,16.00000,29.80000,5.00000,,
AVIBASE-931B81D9,14.30000,18.00000,12.50000,6.00000,61.00000,10.00000,55.60000,5.00000,20.60000,10.00000,19.10000,5.00000,18.80000,10.00000,18.10000,5.00000,43.90000,10.00000,36.20000,5.00000,,
AVIBASE-E5CA98CA,13.90000,9.00000,13.90000,6.00000,57.20000,8.00000,55.60000,5.00000,19.80000,8.00000,19.00000,5.00000,16.60000,8.00000,16.30000,5.00000,40.40000,8.00000,37.60000,5.00000,,
AVIBASE-D8BFA987,21.30000,2.00000,17.50000,1.00000,65.10000,10.00000,63.90000,8.00000,19.70000,10.00000,21.60000,8.00000,19.50000,2.00000,18.30000,3.00000,63.80000,10.00000,61.30000,8.00000,,
AVIBASE-47CB67FD,,,,,66.50000,2.00000,64.50000,2.00000,24.75000,2.00000,24.50000,2.00000,16.25000,2.00000,16.00000,2.00000,37.50000,2.00000,35.50000,2.00000,,
AVIBASE-98BA31AA,12.70000,10.00000,10.50000,11.00000,64.20000,5.00000,57.40000,4.00000,19.10000,5.00000,18.80000,4.00000,13.70000,5.00000,12.90000,4.00000,45.20000,5.00000,40.50000,4.00000,1.00000,1.98000
AVIBASE-A75DF142,9.90000,17.00000,9.20000,11.00000,58.40000,9.00000,53.80000,6.00000,20.20000,9.00000,19.80000,6.00000,12.60000,9.00000,12.80000,6.00000,43.50000,9.00000,41.20000,6.00000,2.00000,1.57000
AVIBASE-A10F5F87,,,,,58.70000,9.00000,56.00000,12.00000,19.00000,1.00000,,,13.00000,1.00000,,,42.00000,1.00000,,,,
AVIBASE-7CECD0FB,,,9.00000,1.00000,55.40000,10.00000,49.50000,10.00000,18.90000,10.00000,17.90000,10.00000,13.00000,10.00000,11.90000,10.00000,39.50000,10.00000,37.40000,10.00000,,
AVIBASE-132E0773,,,,,55.00000,5.00000,53.70000,3.00000,18.80000,5.00000,18.30000,3.00000,12.20000,5.00000,11.30000,3.00000,36.60000,5.00000,34.30000,3.00000,3.00000,
AVIBASE-E22B8495,,,,,61.10000,10.00000,57.10000,10.00000,21.00000,10.00000,20.70000,10.00000,12.70000,10.00000,12.80000,10.00000,48.60000,10.00000,45.30000,10.00000,2.50000,1.26000
AVIBASE-88F4B969,8.90000,93.00000,8.80000,59.00000,67.60000,29.00000,62.70000,29.00000,19.50000,29.00000,18.80000,24.00000,11.90000,27.00000,11.50000,25.00000,50.70000,10.00000,48.10000,10.00000,6.23000,1.20000
AVIBASE-458C8CBE,8.20000,10.00000,7.20000,6.00000,60.80000,34.00000,55.50000,12.00000,19.50000,27.00000,18.80000,11.00000,11.20000,32.00000,11.00000,11.00000,48.10000,10.00000,46.60000,10.00000,5.50000,1.12000
AVIBASE-116192F7,,,,,51.50000,15.00000,49.40000,15.00000,16.90000,13.00000,16.70000,13.00000,10.20000,15.00000,10.10000,13.00000,39.70000,13.00000,38.80000,14.00000,,1.06000
AVIBASE-C00674ED,8.50000,209.00000,8.90000,8.00000,64.50000,12.00000,60.20000,10.00000,18.80000,11.00000,18.20000,9.00000,12.70000,12.00000,12.40000,10.00000,49.40000,10.00000,47.80000,10.00000,4.43000,1.20000
AVIBASE-572C4C7F,9.80000,27.00000,10.10000,27.00000,76.70000,17.00000,73.40000,12.00000,17.80000,12.00000,18.10000,8.00000,12.80000,14.00000,13.00000,10.00000,52.20000,10.00000,47.40000,10.00000,5.90000,1.32000
AVIBASE-96819591,11.00000,10.00000,9.70000,9.00000,62.00000,19.00000,57.60000,8.00000,22.10000,18.00000,20.30000,8.00000,12.30000,18.00000,12.00000,8.00000,52.80000,10.00000,49.10000,10.00000,,1.32000
AVIBASE-9A536399,13.00000,15.00000,10.00000,11.00000,63.80000,16.00000,60.90000,8.00000,21.70000,16.00000,21.10000,8.00000,12.80000,15.00000,12.60000,7.00000,54.00000,16.00000,52.90000,7.00000,,
AVIBASE-943E36CA,6.00000,35.00000,6.00000,15.00000,52.40000,13.00000,49.70000,10.00000,16.20000,9.00000,15.80000,9.00000,10.30000,9.00000,9.80000,9.00000,38.70000,10.00000,36.30000,10.00000,,0.93000
AVIBASE-0C120038,6.60000,7.00000,7.20000,5.00000,56.90000,20.00000,55.20000,16.00000,17.40000,15.00000,17.20000,9.00000,11.10000,17.00000,10.80000,16.00000,41.90000,10.00000,39.20000,10.00000,4.88000,0.91000
AVIBASE-ECFC7E6C,9.70000,12.00000,9.30000,3.00000,67.30000,13.00000,64.00000,3.00000,18.40000,13.00000,18.70000,3.00000,13.80000,13.00000,14.20000,3.00000,48.00000,12.00000,45.50000,3.00000,6.10000,1.32000
AVIBASE-23EF1BD9,7.40000,12.00000,6.70000,9.00000,61.10000,30.00000,57.80000,22.00000,18.40000,27.00000,17.70000,19.00000,12.30000,28.00000,12.20000,21.00000,,,,,4.70000,1.05000
AVIBASE-0F82D614,14.00000,2.00000,12.50000,1.00000,70.10000,5.00000,66.00000,5.00000,16.20000,5.00000,17.00000,5.00000,16.30000,5.00000,16.10000,5.00000,43.80000,5.00000,40.70000,5.00000,2.00000,1.62000
AVIBASE-F840409E,10.40000,4.00000,10.70000,5.00000,69.10000,5.00000,66.30000,5.00000,19.40000,5.00000,18.80000,5.00000,12.80000,5.00000,13.90000,5.00000,44.30000,5.00000,40.00000,5.00000,3.00000,1.26000
AVIBASE-9187C7FC,15.70000,4.00000,15.80000,5.00000,77.80000,6.00000,74.10000,5.00000,18.40000,6.00000,18.30000,5.00000,15.40000,6.00000,15.30000,5.00000,42.70000,6.00000,40.90000,5.00000,,
AVIBASE-55BCBFAF,,,,,,,,,,,,,,,,,,,,,,2.98000
AVIBASE-297C0D49,,,,,,,,,,,,,,,,,,,,,,1.72000
AVIBASE-E4A62726,74.80000,21.00000,32.40000,141.00000,105.70000,22.00000,82.20000,143.00000,40.40000,22.00000,30.80000,143.00000,17.80000,9.00000,14.40000,49.00000,99.50000,22.00000,73.60000,141.00000,,3.61000
AVIBASE-D6C5E52E,,,,,,,,,,,,,,,,,,,,,,2.80000
AVIBASE-3ADCF52E,33.50000,3.00000,32.50000,1.00000,80.50000,8.00000,78.00000,5.00000,31.90000,4.00000,31.40000,4.00000,20.20000,5.00000,19.50000,4.00000,,,,,,
AVIBASE-D2E8BF1B,30.00000,3.00000,32.00000,1.00000,90.50000,4.00000,88.00000,2.00000,29.00000,1.00000,,,23.30000,1.00000,,,,,,,,
AVIBASE-58BB1A14,26.50000,14.00000,26.40000,5.00000,,,,,,,,,,,,,59.80000,10.00000,56.20000,10.00000,2.00000,3.70000
AVIBASE-2D157C82,35.20000,4.00000,32.30000,3.00000,75.80000,10.00000,71.30000,8.00000,27.80000,10.00000,27.50000,8.00000,17.60000,11.00000,16.80000,8.00000,58.10000,9.00000,52.50000,8.00000,2.00000,
AVIBASE-640FA04F,35.00000,9.00000,35.00000,6.00000,79.00000,10.00000,75.80000,7.00000,28.70000,10.00000,28.00000,7.00000,18.90000,10.00000,18.60000,7.00000,70.10000,10.00000,63.60000,7.00000,,
AVIBASE-0058E798,43.00000,1.00000,39.00000,2.00000,90.00000,7.00000,81.20000,5.00000,32.30000,7.00000,30.00000,5.00000,20.10000,7.00000,19.40000,5.00000,73.50000,7.00000,65.00000,5.00000,,
AVIBASE-64078193,19.70000,3.00000,20.00000,4.00000,74.30000,12.00000,69.70000,10.00000,25.50000,12.00000,24.40000,10.00000,18.60000,12.00000,17.40000,10.00000,56.60000,12.00000,52.70000,10.00000,2.00000,3.08000
AVIBASE-3805ACAD,,,,,76.10000,10.00000,68.50000,6.00000,25.00000,10.00000,23.20000,6.00000,21.10000,10.00000,19.90000,6.00000,67.50000,10.00000,60.60000,6.00000,2.00000,2.75000
AVIBASE-596BDE51,24.80000,13.00000,22.10000,8.00000,71.60000,10.00000,69.80000,8.00000,24.90000,10.00000,24.70000,8.00000,18.00000,10.00000,17.50000,8.00000,55.70000,10.00000,53.60000,8.00000,2.00000,
AVIBASE-FC1BE879,35.00000,1.00000,,,86.10000,10.00000,80.20000,10.00000,31.70000,10.00000,30.40000,10.00000,20.70000,10.00000,20.40000,10.00000,73.30000,10.00000,69.70000,10.00000,,
AVIBASE-874C8B3C,69.30000,2.00000,59.00000,1.00000,107.00000,3.00000,93.50000,3.00000,38.00000,1.00000,33.30000,3.00000,24.70000,3.00000,23.00000,1.00000,78.00000,3.00000,69.00000,3.00000,,
AVIBASE-FE13475E,,,,,79.00000,10.00000,74.90000,6.00000,30.80000,10.00000,28.50000,6.00000,22.50000,10.00000,21.30000,6.00000,,,,,3.60000,
AVIBASE-E99FE2FE,,,,,112.90000,14.00000,111.30000,16.00000,35.40000,14.00000,35.00000,16.00000,25.70000,14.00000,25.30000,16.00000,139.30000,13.00000,140.30000,17.00000,4.00000,
AVIBASE-987C8F6E,,,,,74.80000,10.00000,72.00000,6.00000,26.90000,10.00000,25.70000,6.00000,21.40000,10.00000,20.70000,6.00000,114.00000,10.00000,112.00000,6.00000,2.00000,
AVIBASE-D5BF7D2F,,,,,118.00000,10.00000,113.00000,10.00000,36.60000,10.00000,35.70000,10.00000,27.50000,10.00000,26.80000,10.00000,111.00000,10.00000,108.00000,10.00000,2.00000,5.10000
AVIBASE-3D55152D,77.00000,2.00000,,,114.00000,7.00000,114.00000,4.00000,34.90000,7.00000,35.80000,4.00000,25.40000,7.00000,24.40000,4.00000,119.00000,7.00000,122.00000,4.00000,3.50000,4.40000
AVIBASE-CD65BECB,77.30000,3.00000,,,111.00000,8.00000,113.00000,9.00000,36.00000,8.00000,35.20000,9.00000,23.60000,8.00000,23.10000,9.00000,110.00000,8.00000,112.00000,9.00000,3.50000,5.08000
AVIBASE-1481EF1F,78.70000,3.00000,73.70000,3.00000,114.00000,10.00000,112.00000,10.00000,36.30000,10.00000,35.00000,10.00000,28.60000,10.00000,29.20000,10.00000,112.00000,10.00000,111.00000,10.00000,3.30000,5.20000
AVIBASE-7350FE4C,82.00000,3.00000,82.30000,2.00000,114.00000,10.00000,113.00000,10.00000,36.70000,10.00000,36.80000,10.00000,24.10000,10.00000,23.70000,10.00000,113.00000,5.00000,106.50000,2.00000,3.50000,
AVIBASE-224B2B08,70.00000,1.00000,,,100.50000,9.00000,97.80000,10.00000,32.20000,9.00000,33.10000,10.00000,22.80000,9.00000,22.30000,10.00000,102.00000,9.00000,101.00000,10.00000,2.50000,4.52000
AVIBASE-6EBDD2D5,,,,,103.00000,10.00000,101.00000,10.00000,33.70000,10.00000,33.60000,10.00000,25.40000,10.00000,24.00000,10.00000,100.00000,10.00000,98.60000,10.00000,3.00000,3.65000
AVIBASE-E6576A8D,71.20000,4.00000,56.30000,1.00000,105.00000,10.00000,106.00000,10.00000,33.80000,10.00000,34.30000,10.00000,26.40000,10.00000,25.30000,10.00000,101.00000,10.00000,102.00000,10.00000,3.10000,4.94000
AVIBASE-7AB9D354,75.30000,3.00000,76.00000,2.00000,111.00000,5.00000,111.00000,7.00000,34.00000,5.00000,34.10000,7.00000,25.80000,5.00000,26.70000,7.00000,102.00000,5.00000,98.40000,7.00000,2.00000,
AVIBASE-015542ED,,,,,,,,,,,,,,,,,,,,,2.00000,3.75000
AVIBASE-AD7B6E81,,,,,109.00000,13.00000,106.00000,10.00000,32.60000,13.00000,32.30000,10.00000,17.60000,13.00000,16.50000,10.00000,72.10000,13.00000,73.30000,10.00000,,
AVIBASE-27E0131C,,,,,106.00000,5.00000,107.00000,5.00000,28.00000,5.00000,26.50000,5.00000,18.50000,5.00000,18.70000,5.00000,81.00000,5.00000,82.80000,5.00000,,
AVIBASE-B1400E68,,,,,83.80000,6.00000,85.00000,4.00000,27.80000,3.00000,27.40000,3.00000,17.20000,5.00000,17.80000,4.00000,77.00000,5.00000,73.20000,4.00000,2.00000,
AVIBASE-0179C599,83.90000,8.00000,86.40000,7.00000,117.30000,8.00000,119.30000,7.00000,,,,,36.50000,3.00000,37.50000,2.00000,79.90000,8.00000,81.30000,7.00000,,
AVIBASE-7D59F91D,16.20000,8.00000,14.40000,5.00000,60.70000,35.00000,59.40000,46.00000,21.10000,27.00000,20.40000,37.00000,10.80000,28.00000,10.60000,37.00000,79.90000,49.00000,74.40000,42.00000,6.00000,1.88000
AVIBASE-989B57D8,15.30000,72.00000,14.20000,43.00000,55.60000,74.00000,54.40000,43.00000,25.40000,66.00000,24.90000,54.00000,7.67000,61.00000,7.29000,51.00000,78.30000,62.00000,76.40000,50.00000,3.57000,1.95000
AVIBASE-16FEF081,14.70000,3.00000,15.70000,8.00000,62.00000,3.00000,62.00000,8.00000,,,,,11.70000,3.00000,11.90000,8.00000,,,,,,1.72000
AVIBASE-982C918E,,,,,60.90000,5.00000,60.50000,5.00000,20.70000,5.00000,21.30000,5.00000,13.30000,5.00000,13.20000,5.00000,,,,,,1.40000
AVIBASE-697DE8A6,14.30000,3.00000,,,64.80000,5.00000,65.75000,3.00000,,,,,14.20000,5.00000,,,,,,,,1.70000
AVIBASE-61F9065B,18.10000,373.00000,18.00000,205.00000,74.40000,66.00000,74.10000,41.00000,20.60000,31.00000,20.80000,22.00000,14.30000,52.00000,14.60000,34.00000,58.00000,10.00000,55.20000,10.00000,4.50000,2.19000
AVIBASE-A6A4FC63,18.70000,78.00000,19.40000,68.00000,81.90000,71.00000,81.20000,64.00000,20.60000,31.00000,20.30000,22.00000,14.60000,61.00000,14.40000,45.00000,53.60000,10.00000,53.80000,10.00000,4.32000,2.23000
AVIBASE-14AFBA82,14.60000,10.00000,14.40000,21.00000,73.40000,34.00000,71.30000,25.00000,21.90000,28.00000,21.30000,25.00000,14.00000,18.00000,14.00000,21.00000,59.90000,10.00000,57.40000,10.00000,4.50000,1.78000
AVIBASE-0DCD05BE,12.40000,10.00000,12.40000,7.00000,66.60000,16.00000,65.60000,7.00000,19.90000,22.00000,19.60000,19.00000,13.20000,17.00000,13.20000,15.00000,52.60000,10.00000,50.20000,10.00000,4.80000,1.40000
AVIBASE-58F3D3E5,9.80000,6.00000,10.00000,2.00000,59.80000,15.00000,56.50000,16.00000,18.90000,13.00000,18.60000,14.00000,11.80000,13.00000,11.50000,14.00000,47.90000,12.00000,46.10000,12.00000,3.00000,1.18000
AVIBASE-1EA60B94,22.80000,10.00000,26.30000,3.00000,90.90000,6.00000,88.40000,6.00000,25.20000,12.00000,25.20000,17.00000,17.70000,16.00000,17.80000,19.00000,70.00000,10.00000,68.30000,10.00000,4.88000,2.63000
AVIBASE-95E7E0E5,22.90000,7.00000,22.20000,4.00000,82.20000,27.00000,79.40000,10.00000,23.40000,13.00000,23.50000,12.00000,17.80000,25.00000,17.80000,9.00000,64.30000,10.00000,62.20000,10.00000,4.20000,2.35000
AVIBASE-51DD2ADA,14.30000,2.00000,15.50000,2.00000,72.40000,11.00000,69.60000,9.00000,21.90000,11.00000,21.30000,7.00000,16.00000,9.00000,16.40000,8.00000,64.70000,12.00000,61.10000,8.00000,2.70000,
AVIBASE-A1B09A86,13.60000,8.00000,13.40000,5.00000,70.00000,70.00000,68.80000,19.00000,21.20000,38.00000,21.10000,14.00000,15.00000,38.00000,15.00000,13.00000,59.80000,40.00000,57.80000,14.00000,4.50000,1.76000
AVIBASE-B0D09483,11.60000,40.00000,11.90000,32.00000,60.40000,39.00000,59.20000,25.00000,20.80000,24.00000,20.90000,24.00000,14.20000,39.00000,14.20000,21.00000,60.80000,28.00000,58.30000,23.00000,4.20000,1.73000
AVIBASE-94E23F51,11.30000,54.00000,11.50000,39.00000,60.50000,13.00000,61.30000,5.00000,19.60000,12.00000,19.40000,15.00000,13.70000,12.00000,13.40000,15.00000,55.30000,7.00000,50.50000,5.00000,4.12000,1.68000
AVIBASE-5F33823D,8.20000,11.00000,8.60000,2.00000,60.40000,21.00000,58.90000,8.00000,19.10000,17.00000,18.90000,8.00000,12.50000,21.00000,12.20000,8.00000,48.70000,10.00000,48.30000,8.00000,4.20000,1.42000
AVIBASE-AA027706,10.30000,6.00000,9.50000,2.00000,60.30000,14.00000,59.80000,10.00000,19.10000,14.00000,19.00000,10.00000,12.90000,14.00000,13.00000,10.00000,53.00000,14.00000,52.60000,10.00000,4.50000,1.50000
AVIBASE-BFECF5F8,9.00000,,7.30000,,55.70000,17.00000,55.30000,13.00000,18.40000,16.00000,18.60000,13.00000,12.40000,16.00000,12.20000,13.00000,49.50000,16.00000,48.90000,13.00000,5.00000,1.37000
AVIBASE-D1EF4402,9.10000,5.00000,8.10000,3.00000,55.40000,19.00000,55.00000,15.00000,18.90000,13.00000,18.90000,13.00000,12.20000,17.00000,12.50000,13.00000,52.90000,15.00000,53.10000,13.00000,3.90000,1.25000
AVIBASE-85629EF4,,,,,53.00000,13.00000,52.20000,6.00000,,,,,12.80000,11.00000,13.20000,5.00000,62.50000,5.00000,60.00000,11.00000,4.00000,1.56000
AVIBASE-6E1206E4,9.00000,1.00000,10.20000,4.00000,50.80000,18.00000,49.90000,7.00000,,,,,12.80000,13.00000,12.80000,6.00000,58.50000,21.00000,57.80000,13.00000,3.06000,1.52000
AVIBASE-86E9D9F4,25.40000,4.00000,24.00000,1.00000,85.00000,7.00000,78.00000,6.00000,21.70000,7.00000,21.10000,6.00000,15.00000,7.00000,14.30000,6.00000,,,,,,2.38000
AVIBASE-6B089785,18.60000,24.00000,18.80000,9.00000,76.50000,11.00000,71.50000,7.00000,20.10000,11.00000,19.80000,7.00000,14.00000,11.00000,13.50000,7.00000,,,,,,
AVIBASE-AB507233,,,,,74.00000,10.00000,74.00000,7.00000,19.90000,10.00000,19.50000,7.00000,13.80000,10.00000,13.70000,7.00000,,,,,,1.71000
AVIBASE-8E612CF6,25.00000,1.00000,21.30000,3.00000,82.60000,5.00000,77.60000,3.00000,21.60000,5.00000,21.60000,3.00000,15.40000,5.00000,14.70000,3.00000,,,,,,
AVIBASE-67F96AAB,,,,,82.30000,3.00000,80.70000,4.00000,22.10000,3.00000,22.80000,4.00000,14.30000,3.00000,14.10000,4.00000,,,,,,
AVIBASE-F22CCF78,21.40000,2.00000,,,,,,,,,,,,,,,,,,,,
AVIBASE-BAA83B0C,67.90000,1.00000,,,117.00000,7.00000,103.00000,1.00000,34.40000,7.00000,31.00000,1.00000,23.10000,7.00000,22.00000,,,,,,,
AVIBASE-3F711542,43.60000,1.00000,,,100.60000,12.00000,97.00000,9.00000,31.40000,12.00000,31.10000,9.00000,26.10000,12.00000,24.40000,9.00000,,,,,,2.95000
AVIBASE-6F4F7281,,,,,,,,,,,,,,,,,,,,,,
AVIBASE-32F78ABD,44.00000,25.00000,40.30000,12.00000,95.40000,26.00000,87.50000,21.00000,29.00000,23.00000,27.60000,21.00000,21.80000,23.00000,19.40000,20.00000,,,,,,3.24000
AVIBASE-CA07B8DE,38.80000,12.00000,33.80000,11.00000,85.00000,24.00000,78.00000,20.00000,24.70000,14.00000,23.70000,12.00000,18.90000,24.00000,17.60000,22.00000,,,,,,
AVIBASE-C49FA9A8,25.70000,15.00000,26.90000,6.00000,78.50000,14.00000,75.30000,16.00000,23.40000,14.00000,24.30000,16.00000,15.90000,14.00000,15.50000,16.00000,,,,,,2.80000
AVIBASE-6E24D502,29.00000,32.00000,24.90000,10.00000,84.00000,12.00000,78.00000,4.00000,23.90000,12.00000,23.90000,4.00000,16.30000,10.00000,15.30000,4.00000,,,,,,2.28000
AVIBASE-D0EAD8A3,,,,,86.40000,5.00000,81.00000,3.00000,22.60000,5.00000,23.00000,3.00000,15.60000,5.00000,15.00000,3.00000,,,,,,2.28000
AVIBASE-B14CE06F,23.50000,34.00000,23.10000,11.00000,92.50000,34.00000,87.20000,4.00000,21.40000,34.00000,20.70000,4.00000,16.20000,34.00000,15.70000,4.00000,,,,,,2.26000
AVIBASE-DA66F809,,,,,84.00000,7.00000,83.00000,4.00000,21.80000,7.00000,22.70000,4.00000,15.50000,6.00000,15.40000,4.00000,,,,,,
AVIBASE-A3E077E6,,,,,85.10000,12.00000,82.50000,8.00000,21.50000,12.00000,21.20000,8.00000,17.00000,12.00000,16.70000,8.00000,,,,,,2.26000
AVIBASE-99F447AD,24.40000,4.00000,,,91.40000,18.00000,87.60000,9.00000,23.30000,18.00000,23.10000,7.00000,15.50000,18.00000,15.40000,7.00000,,,,,,
AVIBASE-DC38D1DA,25.00000,45.00000,24.00000,16.00000,84.50000,8.00000,76.70000,9.00000,21.20000,8.00000,21.00000,9.00000,15.40000,8.00000,14.30000,9.00000,,,,,,2.39000
AVIBASE-148AA192,30.10000,1.00000,,,108.00000,15.00000,103.00000,10.00000,24.50000,15.00000,24.30000,10.00000,18.30000,15.00000,17.60000,10.00000,,,,,,
AVIBASE-511C1E5A,39.70000,7.00000,36.60000,8.00000,119.00000,46.00000,111.00000,60.00000,26.00000,45.00000,25.00000,60.00000,18.30000,43.00000,17.70000,60.00000,,,,,,
AVIBASE-216207A9,,,,,79.50000,6.00000,78.50000,5.00000,28.10000,6.00000,26.80000,5.00000,15.60000,6.00000,15.80000,5.00000,,,,,,
AVIBASE-216207A9,30.20000,1.00000,,,86.50000,2.00000,,,29.00000,2.00000,,,14.75000,2.00000,,,,,,,,
AVIBASE-2B8E5C63,,,26.60000,2.00000,75.00000,5.00000,71.00000,6.00000,25.20000,5.00000,25.30000,6.00000,15.90000,5.00000,15.40000,6.00000,,,,,,
AVIBASE-BEC2F8B6,,,,,108.00000,5.00000,100.50000,2.00000,30.20000,5.00000,28.00000,2.00000,33.40000,5.00000,27.50000,2.00000,,,,,,3.38000
AVIBASE-3244C204,44.10000,1.00000,,,102.00000,10.00000,91.00000,2.00000,28.80000,10.00000,26.50000,2.00000,20.90000,9.00000,18.85000,2.00000,,,,,,
AVIBASE-214FC464,29.40000,8.00000,26.80000,10.00000,91.50000,6.00000,86.00000,6.00000,27.80000,6.00000,25.30000,6.00000,19.50000,6.00000,17.90000,6.00000,,,,,,
AVIBASE-DD338581,32.60000,3.00000,,,88.30000,16.00000,84.60000,16.00000,23.50000,16.00000,23.20000,16.00000,19.10000,16.00000,17.90000,15.00000,,,,,,2.58000
AVIBASE-E591A2D7,40.50000,7.00000,34.50000,4.00000,105.00000,7.00000,94.40000,7.00000,27.20000,7.00000,25.50000,7.00000,17.60000,7.00000,16.30000,7.00000,,,,,,
AVIBASE-9BEA5037,26.70000,14.00000,22.70000,7.00000,88.00000,20.00000,80.00000,25.00000,27.00000,20.00000,25.00000,25.00000,23.00000,20.00000,18.50000,25.00000,,,,,,
AVIBASE-9164F314,,,,,78.00000,10.00000,76.10000,10.00000,15.70000,10.00000,15.70000,10.00000,11.30000,10.00000,10.80000,10.00000,,,,,,
AVIBASE-7391E633,14.00000,6.00000,15.00000,1.00000,78.00000,10.00000,75.30000,6.00000,16.40000,10.00000,17.50000,6.00000,10.80000,10.00000,11.10000,6.00000,,,,,,1.59000
AVIBASE-86EA668E,17.00000,27.00000,17.00000,30.00000,80.40000,14.00000,77.70000,12.00000,17.00000,14.00000,17.50000,12.00000,12.40000,14.00000,12.30000,12.00000,,,,,,2.00000
AVIBASE-97D7865F,,,,,76.10000,25.00000,74.10000,19.00000,17.30000,25.00000,17.10000,19.00000,11.90000,25.00000,11.60000,19.00000,,,,,,1.42000
AVIBASE-8C357822,15.00000,3.00000,12.00000,1.00000,80.30000,15.00000,76.60000,9.00000,16.50000,13.00000,16.60000,12.00000,12.90000,13.00000,13.40000,11.00000,43.60000,14.00000,42.20000,14.00000,2.00000,1.67000
AVIBASE-A977348D,26.80000,25.00000,24.00000,16.00000,106.50000,19.00000,98.50000,17.00000,23.90000,10.00000,23.20000,9.00000,18.40000,10.00000,17.10000,7.00000,63.50000,26.00000,58.20000,13.00000,3.69000,2.50000
AVIBASE-9E0E6D4E,22.70000,37.00000,20.20000,35.00000,81.00000,20.00000,77.00000,18.00000,22.10000,20.00000,21.70000,18.00000,15.10000,20.00000,14.60000,18.00000,,,,,,2.55000
AVIBASE-3E4513D9,43.00000,10.00000,34.50000,6.00000,128.00000,20.00000,115.00000,13.00000,34.30000,28.00000,31.20000,15.00000,32.40000,26.00000,29.00000,14.00000,84.40000,23.00000,76.40000,12.00000,2.88000,3.65000
AVIBASE-8A913C34,,,,,104.00000,6.00000,91.50000,2.00000,30.50000,6.00000,22.25000,2.00000,20.20000,6.00000,18.00000,2.00000,,,,,,
AVIBASE-9ADB6BA5,53.50000,2.00000,45.00000,2.00000,129.60000,26.00000,122.30000,12.00000,23.30000,10.00000,22.90000,15.00000,20.00000,10.00000,19.30000,15.00000,,,,,,4.36000
AVIBASE-BDC24A8A,63.80000,2.00000,59.00000,2.00000,132.40000,63.00000,118.70000,31.00000,28.60000,39.00000,26.90000,26.00000,20.80000,37.00000,18.10000,24.00000,63.80000,36.00000,56.50000,25.00000,4.20000,4.09000
AVIBASE-36780791,54.10000,13.00000,54.10000,7.00000,123.50000,19.00000,114.40000,10.00000,26.70000,17.00000,26.60000,11.00000,21.30000,19.00000,20.10000,18.00000,53.20000,17.00000,49.60000,11.00000,3.96000,4.04000
AVIBASE-400B3679,46.50000,18.00000,41.60000,6.00000,122.40000,20.00000,113.00000,15.00000,24.60000,18.00000,23.60000,14.00000,,,,,63.70000,20.00000,59.20000,15.00000,5.50000,3.09000
AVIBASE-811FC719,63.70000,44.00000,56.40000,20.00000,136.10000,40.00000,128.60000,19.00000,24.70000,12.00000,24.00000,18.00000,19.20000,12.00000,17.50000,18.00000,70.60000,12.00000,60.50000,19.00000,4.70000,4.34000
AVIBASE-4091A51E,21.80000,9.00000,22.70000,3.00000,96.20000,37.00000,90.10000,17.00000,21.10000,7.00000,20.20000,7.00000,14.30000,6.00000,14.20000,7.00000,56.90000,11.00000,53.90000,9.00000,3.51000,2.24000
AVIBASE-FCDA4F09,24.10000,19.00000,23.10000,14.00000,95.00000,8.00000,89.50000,12.00000,21.30000,8.00000,21.00000,12.00000,14.60000,8.00000,14.20000,12.00000,,,,,,2.90000
AVIBASE-FE1FE185,24.40000,19.00000,23.20000,4.00000,97.70000,23.00000,91.20000,12.00000,,,,,12.30000,4.00000,11.90000,9.00000,51.70000,12.00000,47.60000,7.00000,3.53000,2.04000
AVIBASE-61CECCA7,,,,,85.70000,11.00000,85.20000,11.00000,20.50000,11.00000,20.30000,11.00000,13.80000,11.00000,13.50000,11.00000,,,,,,
AVIBASE-1E4143F8,14.00000,11.00000,14.60000,13.00000,76.10000,18.00000,72.50000,17.00000,17.90000,18.00000,18.20000,17.00000,12.20000,18.00000,12.10000,17.00000,,,,,,
AVIBASE-527EE4D4,21.00000,,,,82.90000,10.00000,80.30000,12.00000,17.00000,10.00000,16.60000,12.00000,14.20000,10.00000,14.40000,12.00000,,,,,,
AVIBASE-D7A55FB3,14.80000,5.00000,12.30000,1.00000,69.90000,5.00000,64.00000,1.00000,19.40000,5.00000,17.20000,1.00000,14.20000,5.00000,13.20000,1.00000,,,,,,
AVIBASE-419AEB97,,,,,85.50000,2.00000,81.50000,2.00000,20.50000,2.00000,20.50000,2.00000,15.45000,2.00000,16.00000,1.00000,,,,,,
AVIBASE-53C0293A,17.90000,6.00000,20.50000,3.00000,79.60000,5.00000,79.00000,4.00000,19.80000,5.00000,19.70000,4.00000,13.50000,5.00000,12.80000,4.00000,,,,,,
AVIBASE-352A5391,18.50000,40.00000,18.60000,30.00000,83.00000,8.00000,79.60000,6.00000,20.30000,8.00000,19.10000,7.00000,13.50000,8.00000,13.10000,7.00000,,,,,,
AVIBASE-E75ECF62,,,,,97.10000,16.00000,87.90000,9.00000,22.10000,15.00000,21.80000,9.00000,,,,,54.90000,15.00000,49.70000,9.00000,2.50000,
AVIBASE-504B0218,,,,,103.30000,15.00000,91.70000,10.00000,24.30000,8.00000,23.00000,6.00000,23.90000,14.00000,21.60000,9.00000,62.50000,8.00000,54.60000,6.00000,2.76000,3.59000
AVIBASE-FC79EB47,45.20000,17.00000,44.10000,11.00000,107.80000,31.00000,101.30000,14.00000,25.30000,28.00000,25.00000,14.00000,19.90000,30.00000,19.00000,13.00000,62.40000,31.00000,58.30000,13.00000,4.05000,3.24000
AVIBASE-5351025C,34.00000,3.00000,37.20000,4.00000,104.70000,22.00000,99.10000,24.00000,25.30000,15.00000,25.20000,14.00000,18.00000,19.00000,17.20000,19.00000,57.40000,15.00000,54.60000,15.00000,4.07000,3.21000
AVIBASE-DA29B24C,35.00000,4.00000,33.30000,3.00000,104.00000,4.00000,96.50000,3.00000,,,,,17.00000,4.00000,,,,,,,,
AVIBASE-0E6D5DBE,21.80000,2.00000,18.00000,1.00000,80.20000,5.00000,78.20000,5.00000,16.00000,5.00000,18.00000,5.00000,12.40000,5.00000,12.30000,5.00000,,,,,,
AVIBASE-6CC67AB9,45.00000,3.00000,39.00000,2.00000,104.00000,7.00000,98.00000,8.00000,24.50000,7.00000,24.70000,8.00000,20.70000,7.00000,20.30000,8.00000,,,,,,3.26000
AVIBASE-1AF3034A,25.00000,5.00000,21.90000,4.00000,84.90000,10.00000,83.20000,11.00000,19.70000,10.00000,19.10000,9.00000,18.80000,10.00000,18.50000,11.00000,,,,,,
AVIBASE-742EC2F1,27.40000,513.00000,26.30000,448.00000,97.20000,46.00000,93.40000,37.00000,21.50000,27.00000,21.20000,17.00000,14.70000,27.00000,14.40000,17.00000,51.50000,24.00000,48.50000,17.00000,3.97000,2.79000
AVIBASE-ED2AC04E,38.20000,7.00000,34.60000,3.00000,113.50000,55.00000,104.80000,52.00000,24.90000,37.00000,24.00000,21.00000,15.60000,38.00000,14.80000,20.00000,66.20000,37.00000,61.50000,19.00000,4.00000,3.35000
AVIBASE-E988F1D5,26.60000,13.00000,25.50000,4.00000,98.30000,16.00000,91.50000,12.00000,24.90000,10.00000,24.50000,12.00000,16.40000,16.00000,16.00000,12.00000,54.10000,10.00000,51.70000,12.00000,,3.11000
AVIBASE-359C16F5,,,,,85.40000,13.00000,78.60000,9.00000,21.90000,9.00000,20.20000,10.00000,18.00000,10.00000,14.80000,10.00000,48.10000,10.00000,43.80000,10.00000,3.00000,
AVIBASE-FC0A1D95,39.90000,36.00000,36.80000,15.00000,111.80000,47.00000,103.00000,33.00000,22.60000,38.00000,21.80000,32.00000,14.70000,40.00000,13.80000,32.00000,71.20000,,63.60000,,3.04000,3.20000
AVIBASE-89FCE277,38.50000,2.00000,,,100.20000,21.00000,92.40000,9.00000,21.20000,16.00000,20.30000,10.00000,15.10000,17.00000,13.90000,9.00000,65.60000,18.00000,60.00000,9.00000,2.88000,2.65000
AVIBASE-EDEE3E5C,32.50000,62.00000,,,94.50000,62.00000,87.40000,80.00000,21.70000,62.00000,20.80000,80.00000,34.10000,97.00000,32.50000,115.00000,150.00000,62.00000,112.00000,80.00000,2.00000,3.59000
AVIBASE-AEE09552,37.50000,57.00000,32.20000,46.00000,93.50000,67.00000,82.70000,46.00000,,,,,31.40000,52.00000,30.10000,40.00000,259.00000,59.00000,125.00000,40.00000,2.00000,3.81000
AVIBASE-00242897,,,,,,,,,,,,,,,,,,,,,,
AVIBASE-7CCB0FB6,,,,,,,,,,,,,,,,,,,,,,1.16000
AVIBASE-D34970F5,,,,,69.40000,20.00000,59.90000,20.00000,16.20000,20.00000,15.90000,20.00000,19.80000,20.00000,17.50000,20.00000,,,,,,
AVIBASE-67F06823,7.80000,11.00000,7.10000,7.00000,55.20000,21.00000,51.80000,13.00000,14.90000,21.00000,15.90000,13.00000,16.60000,21.00000,15.40000,13.00000,38.20000,21.00000,35.60000,13.00000,2.00000,0.91000
AVIBASE-1DA9FFC9,,,,,64.30000,42.00000,61.60000,16.00000,16.00000,42.00000,15.80000,16.00000,16.50000,42.00000,15.80000,16.00000,42.60000,42.00000,39.70000,16.00000,2.00000,1.22000
AVIBASE-C13861D6,,,,,57.80000,11.00000,54.80000,7.00000,15.00000,11.00000,14.30000,7.00000,14.20000,11.00000,14.20000,7.00000,37.30000,11.00000,34.10000,7.00000,2.00000,1.34000
AVIBASE-857DCDD5,12.60000,5.00000,11.30000,10.00000,78.60000,44.00000,69.20000,24.00000,17.00000,44.00000,16.80000,24.00000,17.10000,44.00000,16.70000,24.00000,53.90000,44.00000,46.00000,24.00000,2.00000,1.67000
AVIBASE-2D0C83B2,10.40000,15.00000,10.20000,9.00000,67.00000,33.00000,61.30000,26.00000,16.50000,33.00000,16.20000,26.00000,16.50000,33.00000,15.80000,26.00000,49.00000,33.00000,43.00000,26.00000,1.50000,1.37000
AVIBASE-56C6CBA8,10.00000,3.00000,9.00000,2.00000,71.30000,10.00000,64.80000,6.00000,17.40000,10.00000,,,17.20000,10.00000,,,52.60000,10.00000,,,,
AVIBASE-74D67BDB,,,,,65.90000,12.00000,60.30000,6.00000,16.30000,12.00000,16.00000,6.00000,16.50000,12.00000,16.30000,6.00000,46.30000,12.00000,40.60000,6.00000,2.00000,1.51000
AVIBASE-0B4F3AA2,6.80000,4.00000,7.20000,3.00000,52.10000,8.00000,50.00000,3.00000,,,,,13.20000,8.00000,13.00000,3.00000,,,,,,
AVIBASE-3429B283,11.30000,34.00000,9.90000,16.00000,57.00000,22.00000,55.00000,23.00000,14.20000,22.00000,14.00000,23.00000,14.10000,22.00000,14.10000,23.00000,31.80000,22.00000,30.20000,23.00000,2.00000,
AVIBASE-8C506F22,10.60000,2.00000,,,60.60000,6.00000,56.00000,1.00000,13.80000,6.00000,13.50000,1.00000,14.00000,6.00000,13.50000,1.00000,35.10000,6.00000,31.00000,1.00000,2.00000,
AVIBASE-1611F295,7.80000,167.00000,7.00000,113.00000,52.90000,10.00000,49.40000,10.00000,16.30000,10.00000,16.00000,10.00000,14.90000,10.00000,14.70000,10.00000,,,,,,1.16000
AVIBASE-B0E7740F,6.50000,5.00000,6.00000,2.00000,57.60000,22.00000,55.10000,9.00000,14.20000,18.00000,13.70000,10.00000,12.20000,22.00000,11.60000,10.00000,34.30000,19.00000,33.00000,10.00000,1.75000,0.88000
AVIBASE-8333D907,7.00000,2.00000,7.00000,1.00000,56.80000,30.00000,53.80000,13.00000,15.30000,12.00000,14.60000,11.00000,13.60000,29.00000,13.20000,13.00000,38.10000,14.00000,33.50000,13.00000,2.50000,1.13000
AVIBASE-1B29AD28,7.60000,16.00000,5.70000,5.00000,53.50000,22.00000,49.50000,19.00000,15.40000,22.00000,15.00000,19.00000,15.70000,22.00000,14.90000,19.00000,,,,,,0.93000
AVIBASE-DD180188,,,,,50.30000,10.00000,47.30000,10.00000,13.70000,10.00000,13.50000,10.00000,16.40000,10.00000,15.50000,10.00000,,,,,,0.96000
AVIBASE-EE79A5EF,12.60000,126.00000,9.80000,112.00000,65.10000,10.00000,61.20000,10.00000,17.10000,10.00000,16.30000,10.00000,28.10000,10.00000,27.70000,10.00000,,,,,,1.38000
AVIBASE-02B06535,10.00000,15.00000,9.10000,3.00000,55.60000,10.00000,52.20000,5.00000,16.90000,10.00000,16.00000,5.00000,24.50000,10.00000,22.40000,5.00000,,,,,,1.29000
AVIBASE-C1CBA33A,10.40000,8.00000,9.70000,10.00000,65.50000,6.00000,59.00000,8.00000,16.80000,6.00000,16.00000,8.00000,26.50000,6.00000,25.10000,8.00000,,,,,,1.44000
AVIBASE-9B953393,9.80000,1.00000,,,59.10000,10.00000,55.90000,10.00000,17.50000,10.00000,16.40000,10.00000,18.20000,10.00000,18.00000,10.00000,,,,,,1.37000
AVIBASE-4834AB04,,,,,62.50000,10.00000,58.40000,8.00000,20.00000,10.00000,18.40000,8.00000,23.50000,10.00000,20.00000,8.00000,,,,,,
AVIBASE-BFA9B759,7.00000,1.00000,6.00000,1.00000,54.30000,9.00000,49.00000,7.00000,18.00000,9.00000,16.50000,7.00000,17.60000,9.00000,16.80000,7.00000,,,,,,0.91000
AVIBASE-1DEA5DEA,26.20000,1.00000,18.50000,4.00000,91.70000,11.00000,81.90000,10.00000,29.50000,11.00000,26.30000,10.00000,40.60000,11.00000,32.90000,10.00000,,,,,,2.43000
AVIBASE-B76E3DA1,12.00000,73.00000,10.40000,41.00000,61.50000,10.00000,55.80000,10.00000,19.50000,10.00000,18.60000,10.00000,27.90000,10.00000,26.20000,10.00000,,,,,,1.32000
AVIBASE-AE0035FF,13.50000,5.00000,11.30000,8.00000,64.00000,10.00000,62.80000,4.00000,18.60000,10.00000,18.50000,4.00000,29.70000,10.00000,28.80000,4.00000,,,,,,1.49000
AVIBASE-6DE16262,12.50000,5.00000,10.70000,1.00000,64.90000,10.00000,61.90000,10.00000,17.90000,10.00000,17.30000,10.00000,26.50000,10.00000,24.80000,10.00000,,,,,,1.90000
AVIBASE-ED6CD9D5,,,14.10000,1.00000,70.00000,4.00000,65.20000,5.00000,18.30000,4.00000,,,22.50000,4.00000,22.75000,5.00000,,,,,,
AVIBASE-36A24C79,16.90000,16.00000,17.00000,12.00000,68.40000,10.00000,65.00000,10.00000,16.60000,10.00000,16.50000,10.00000,24.00000,10.00000,23.20000,10.00000,,,,,,1.48000
AVIBASE-98E4ABFF,,,,,65.60000,12.00000,59.20000,6.00000,20.90000,12.00000,18.30000,6.00000,23.10000,12.00000,20.70000,6.00000,,,,,,
AVIBASE-23BEFB19,,,12.20000,,70.20000,10.00000,64.30000,8.00000,17.00000,10.00000,17.00000,1.00000,24.60000,10.00000,23.30000,8.00000,,,,,,1.88000
AVIBASE-B022292C,11.00000,23.00000,9.80000,11.00000,66.60000,10.00000,61.80000,10.00000,16.30000,10.00000,15.70000,10.00000,25.50000,10.00000,23.50000,10.00000,,,,,,1.72000
AVIBASE-2E2DE0B6,11.20000,15.00000,10.50000,2.00000,68.50000,10.00000,60.50000,10.00000,15.60000,10.00000,15.50000,10.00000,21.40000,10.00000,20.90000,10.00000,,,,,,1.33000
AVIBASE-0059A2E0,10.30000,16.00000,8.40000,7.00000,67.20000,10.00000,61.60000,9.00000,16.30000,10.00000,15.50000,9.00000,22.30000,10.00000,21.60000,9.00000,,,,,,1.47000
AVIBASE-8F052626,11.90000,12.00000,10.00000,1.00000,70.00000,10.00000,62.40000,5.00000,17.20000,10.00000,16.60000,5.00000,25.80000,10.00000,26.20000,5.00000,,,,,,1.29000
AVIBASE-59EE3B94,10.10000,7.00000,9.40000,4.00000,63.20000,10.00000,58.80000,6.00000,15.00000,10.00000,14.80000,6.00000,18.90000,10.00000,19.30000,6.00000,,,,,,
AVIBASE-B9D5E209,,,,,,,,,,,,,,,,,,,,,,1.17000
AVIBASE-8E9E45B5,5.90000,14.00000,5.30000,5.00000,50.70000,10.00000,47.50000,10.00000,15.10000,10.00000,14.10000,10.00000,18.00000,10.00000,16.90000,10.00000,,,,,,0.99000
AVIBASE-6781CD7F,,,,,48.10000,10.00000,46.30000,10.00000,14.50000,10.00000,14.20000,10.00000,19.40000,10.00000,18.00000,10.00000,,,,,,0.98000
AVIBASE-8D3818DB,8.20000,163.00000,7.10000,79.00000,53.40000,10.00000,50.60000,10.00000,16.10000,10.00000,15.20000,10.00000,21.20000,10.00000,19.60000,10.00000,,,,,,1.12000
AVIBASE-F2C131F9,,,,,56.20000,13.00000,52.40000,6.00000,15.40000,13.00000,14.80000,6.00000,20.60000,13.00000,19.70000,6.00000,,,,,,
AVIBASE-693FC6FD,8.50000,7.00000,,,57.50000,10.00000,53.50000,10.00000,16.80000,10.00000,15.60000,10.00000,20.90000,10.00000,19.20000,10.00000,,,,,,
AVIBASE-783E492C,7.60000,,6.80000,,54.50000,18.00000,51.00000,16.00000,15.30000,17.00000,14.80000,11.00000,20.20000,16.00000,18.90000,16.00000,38.00000,18.00000,34.60000,12.00000,2.40000,0.98000
AVIBASE-36D2C0CD,10.00000,8.00000,9.10000,13.00000,68.50000,10.00000,59.60000,10.00000,15.80000,10.00000,15.40000,10.00000,22.70000,10.00000,20.80000,10.00000,15.80000,20.00000,15.40000,8.00000,,1.33000
AVIBASE-4E7287C8,9.80000,15.00000,8.40000,8.00000,63.00000,10.00000,58.80000,10.00000,16.90000,10.00000,16.50000,10.00000,24.30000,10.00000,22.10000,10.00000,,,,,,
AVIBASE-679F9748,8.60000,26.00000,7.30000,21.00000,56.60000,10.00000,51.60000,10.00000,16.80000,10.00000,15.80000,10.00000,21.90000,10.00000,19.30000,10.00000,,,,,,1.16000
AVIBASE-35BD0745,9.30000,29.00000,8.10000,13.00000,61.50000,10.00000,,,,,,,19.30000,10.00000,,,,,,,,
AVIBASE-E0C82A32,10.90000,7.00000,10.00000,4.00000,67.10000,8.00000,59.70000,3.00000,19.50000,4.00000,19.00000,1.00000,26.60000,8.00000,23.00000,3.00000,,,,,,
AVIBASE-A6083057,,,,,58.30000,10.00000,53.40000,10.00000,17.00000,10.00000,16.60000,10.00000,16.90000,13.00000,15.90000,4.00000,,,,,,0.95000
AVIBASE-5D8A4ACA,12.10000,3.00000,9.80000,1.00000,68.90000,10.00000,61.40000,10.00000,18.60000,10.00000,17.80000,10.00000,31.00000,10.00000,27.70000,10.00000,,,,,,1.60000
AVIBASE-CBA39A29,8.70000,54.00000,7.60000,38.00000,55.70000,10.00000,50.30000,10.00000,17.90000,10.00000,16.60000,10.00000,20.40000,10.00000,18.10000,10.00000,,,,,,1.19000
AVIBASE-D2B15B3F,7.10000,1.00000,,,48.20000,10.00000,44.60000,10.00000,15.50000,10.00000,13.90000,10.00000,19.50000,10.00000,18.50000,10.00000,,,,,,0.84000
AVIBASE-6F3E5C98,,,5.80000,6.00000,48.00000,10.00000,45.00000,7.00000,14.10000,10.00000,13.90000,7.00000,16.50000,10.00000,16.50000,7.00000,,,,,,0.77000
AVIBASE-F995313F,7.00000,34.00000,6.20000,12.00000,54.80000,10.00000,50.20000,6.00000,16.70000,10.00000,16.40000,6.00000,19.50000,10.00000,18.30000,6.00000,,,,,,1.30000
AVIBASE-85666B49,10.80000,6.00000,9.30000,8.00000,58.00000,9.00000,56.00000,3.00000,19.60000,7.00000,18.30000,3.00000,25.90000,7.00000,23.70000,3.00000,,,,,,
AVIBASE-B929416B,8.60000,36.00000,7.90000,28.00000,56.00000,20.00000,51.50000,15.00000,18.00000,20.00000,17.80000,15.00000,24.00000,20.00000,20.80000,15.00000,,,,,,
AVIBASE-D88A2E02,5.30000,3.00000,,,57.20000,10.00000,51.30000,3.00000,18.80000,9.00000,17.00000,2.00000,22.40000,9.00000,22.00000,2.00000,,,,,,
AVIBASE-1F21FFE9,9.00000,63.00000,8.10000,10.00000,59.60000,10.00000,52.00000,10.00000,15.50000,10.00000,14.50000,10.00000,21.00000,10.00000,17.80000,10.00000,,,,,,1.06000
AVIBASE-427683B4,10.00000,,,,58.60000,10.00000,52.50000,10.00000,18.00000,10.00000,16.20000,10.00000,22.40000,10.00000,19.80000,10.00000,,,,,,0.97000
AVIBASE-E3B9A841,10.00000,1.00000,8.70000,1.00000,57.00000,1.00000,55.00000,1.00000,16.00000,1.00000,15.00000,1.00000,23.50000,1.00000,21.50000,1.00000,,,,,,
AVIBASE-FAFA576B,15.70000,29.00000,14.10000,19.00000,79.80000,10.00000,70.50000,10.00000,19.30000,10.00000,18.00000,10.00000,32.50000,10.00000,29.70000,10.00000,79.80000,10.00000,70.50000,10.00000,1.00000,1.88000
AVIBASE-0F533AC6,11.70000,32.00000,11.20000,9.00000,66.70000,9.00000,59.40000,8.00000,16.20000,9.00000,15.60000,8.00000,22.00000,9.00000,20.00000,8.00000,139.00000,9.00000,59.40000,8.00000,2.00000,1.89000
AVIBASE-F500EA53,,,,,74.50000,2.00000,68.50000,6.00000,17.50000,2.00000,17.30000,6.00000,26.00000,2.00000,24.30000,6.00000,93.00000,2.00000,53.70000,6.00000,2.00000,1.96000
AVIBASE-D4F9B273,16.70000,108.00000,14.60000,68.00000,77.00000,10.00000,67.50000,10.00000,19.20000,10.00000,18.40000,10.00000,29.00000,10.00000,28.10000,10.00000,125.00000,10.00000,55.50000,10.00000,1.00000,1.86000
AVIBASE-D33D2F6D,15.70000,61.00000,13.80000,23.00000,81.60000,10.00000,69.60000,10.00000,17.50000,10.00000,16.70000,10.00000,28.80000,10.00000,26.80000,10.00000,130.00000,10.00000,54.80000,10.00000,1.00000,2.02000
AVIBASE-26F27894,15.50000,24.00000,13.90000,14.00000,78.40000,10.00000,70.20000,10.00000,17.40000,10.00000,16.50000,10.00000,35.00000,10.00000,32.30000,10.00000,126.00000,10.00000,48.00000,10.00000,2.00000,1.60000
AVIBASE-D91BCC1B,15.70000,3.00000,,,84.40000,8.00000,75.30000,4.00000,20.00000,8.00000,20.00000,4.00000,28.10000,8.00000,26.30000,4.00000,144.00000,8.00000,48.40000,4.00000,1.00000,1.90000
AVIBASE-68352820,,,,,64.10000,10.00000,59.00000,3.00000,15.90000,10.00000,15.70000,3.00000,21.90000,10.00000,21.30000,3.00000,,,,,,1.07000
AVIBASE-4C428439,9.20000,56.00000,8.40000,51.00000,63.70000,10.00000,57.00000,10.00000,16.40000,10.00000,15.50000,10.00000,19.70000,10.00000,18.30000,10.00000,,,,,,1.11000
AVIBASE-6A9FC674,,,,,63.70000,15.00000,57.25000,4.00000,16.30000,6.00000,16.25000,2.00000,21.70000,7.00000,19.25000,2.00000,,,,,,
AVIBASE-5AC9F737,12.30000,14.00000,11.10000,11.00000,68.20000,10.00000,63.00000,7.00000,18.10000,10.00000,17.40000,7.00000,23.70000,10.00000,22.80000,7.00000,,,,,,1.20000
AVIBASE-71C72002,7.60000,73.00000,6.80000,22.00000,,,,,,,,,18.40000,26.00000,,,,,,,,0.88000
AVIBASE-8427E71F,,,,,53.00000,8.00000,49.00000,2.00000,15.00000,8.00000,15.50000,2.00000,17.30000,8.00000,17.00000,2.00000,,,,,,
AVIBASE-48EC6C78,14.30000,2.00000,,,71.10000,10.00000,64.30000,10.00000,17.10000,10.00000,16.60000,10.00000,25.70000,10.00000,24.40000,10.00000,,,,,,1.59000
AVIBASE-3D3EF8AC,13.70000,11.00000,12.40000,3.00000,65.10000,10.00000,62.00000,6.00000,16.70000,10.00000,16.50000,6.00000,31.80000,10.00000,30.70000,6.00000,,,,,,2.02000
AVIBASE-7C8BC7CF,18.00000,1.00000,15.40000,1.00000,74.80000,10.00000,69.70000,10.00000,19.80000,10.00000,19.80000,10.00000,35.30000,10.00000,35.30000,10.00000,,,,,,2.18000
AVIBASE-375BAF53,7.30000,17.00000,6.50000,18.00000,58.40000,10.00000,52.20000,10.00000,14.90000,10.00000,14.60000,10.00000,18.20000,10.00000,17.20000,10.00000,,,,,,1.11000
AVIBASE-7C822074,5.00000,5.00000,4.00000,1.00000,53.80000,10.00000,48.00000,4.00000,14.40000,10.00000,14.00000,4.00000,18.00000,10.00000,17.30000,4.00000,,,,,,1.20000
AVIBASE-98A83626,,,,,,,,,,,,,,,,,,,,,,
AVIBASE-9ABE8154,,,,,,,,,,,,,,,,,,,,,,
AVIBASE-DE3D9993,,,,,,,,,,,,,,,,,,,,,,
AVIBASE-4695BA79,,,,,,,,,,,,,,,,,,,,,,
AVIBASE-8A30D607,,,,,,,,,,,,,,,,,,,,,,4.15000
AVIBASE-B6FE975F,,,,,,,,,,,,,,,,,,,,,,
AVIBASE-240E3390,30.20000,108.00000,30.20000,33.00000,80.70000,56.00000,77.80000,27.00000,19.90000,81.00000,19.60000,36.00000,15.30000,69.00000,15.30000,36.00000,56.10000,10.00000,53.70000,7.00000,4.00000,2.89000
AVIBASE-5A8E09A1,27.90000,4.00000,27.50000,3.00000,78.80000,8.00000,77.10000,5.00000,20.40000,17.00000,20.30000,19.00000,15.60000,8.00000,15.90000,5.00000,58.40000,10.00000,56.60000,10.00000,4.60000,2.74000
AVIBASE-1D25E0DB,,,,,70.40000,10.00000,68.70000,10.00000,17.00000,10.00000,17.20000,10.00000,13.60000,10.00000,13.60000,10.00000,51.00000,10.00000,48.30000,10.00000,5.50000,1.67000
AVIBASE-7D19D9ED,16.30000,10.00000,20.00000,1.00000,65.60000,10.00000,62.50000,1.00000,17.40000,9.00000,17.40000,7.00000,12.00000,10.00000,11.90000,7.00000,47.30000,8.00000,45.70000,12.00000,4.50000,1.60000
AVIBASE-ECD1267B,,,,,64.50000,6.00000,58.90000,5.00000,19.20000,6.00000,18.30000,4.00000,15.30000,6.00000,13.80000,4.00000,51.40000,15.00000,47.60000,7.00000,4.00000,1.70000
AVIBASE-DBAB527C,27.50000,27.00000,28.10000,37.00000,77.60000,10.00000,76.70000,10.00000,20.00000,10.00000,20.20000,10.00000,14.40000,10.00000,14.10000,10.00000,51.20000,10.00000,51.50000,10.00000,3.60000,
AVIBASE-E2E3F3F4,27.50000,4.00000,27.10000,4.00000,76.60000,8.00000,74.50000,6.00000,21.30000,6.00000,21.30000,5.00000,16.10000,6.00000,16.10000,6.00000,57.50000,8.00000,53.80000,6.00000,3.00000,
AVIBASE-3E2EFDA6,34.70000,3.00000,31.50000,4.00000,86.80000,6.00000,85.20000,5.00000,21.20000,6.00000,21.40000,5.00000,16.50000,6.00000,16.00000,5.00000,58.70000,6.00000,58.20000,5.00000,3.30000,
AVIBASE-DEE88DF6,29.60000,56.00000,29.40000,34.00000,77.60000,10.00000,76.40000,10.00000,20.80000,10.00000,20.30000,10.00000,14.00000,10.00000,14.30000,10.00000,58.80000,10.00000,56.90000,10.00000,3.50000,2.19000
AVIBASE-E10D0809,,,,,86.00000,10.00000,84.50000,10.00000,20.80000,10.00000,20.60000,10.00000,15.70000,10.00000,15.30000,10.00000,65.70000,10.00000,63.90000,10.00000,3.50000,2.28000
AVIBASE-F375B25B,,,,,86.00000,10.00000,84.60000,10.00000,20.40000,10.00000,20.10000,10.00000,15.40000,10.00000,15.40000,10.00000,66.20000,10.00000,64.50000,10.00000,4.50000,
AVIBASE-DB4998D1,,,,,97.20000,10.00000,93.00000,10.00000,21.70000,10.00000,21.30000,10.00000,17.50000,10.00000,16.80000,10.00000,67.90000,10.00000,61.40000,10.00000,2.00000,
AVIBASE-2B55E679,,,,,87.40000,5.00000,86.20000,5.00000,20.00000,5.00000,19.80000,5.00000,15.10000,10.00000,15.20000,10.00000,65.20000,5.00000,64.20000,5.00000,1.00000,
AVIBASE-7EB3ECC4,,,,,82.90000,8.00000,78.50000,10.00000,19.10000,8.00000,18.50000,10.00000,13.90000,8.00000,13.70000,10.00000,62.50000,8.00000,59.20000,10.00000,3.30000,
AVIBASE-B4037E8F,19.50000,2.00000,19.50000,2.00000,80.00000,37.00000,76.20000,29.00000,20.40000,19.00000,20.10000,11.00000,12.90000,25.00000,13.00000,19.00000,56.00000,10.00000,54.10000,10.00000,3.50000,1.98000
AVIBASE-C22FBF8D,22.60000,5.00000,21.60000,5.00000,71.30000,81.00000,68.60000,51.00000,18.00000,18.00000,17.90000,15.00000,13.30000,51.00000,13.10000,35.00000,53.80000,10.00000,54.00000,10.00000,5.00000,2.09000
AVIBASE-4C373DA1,15.20000,3.00000,15.00000,2.00000,64.60000,57.00000,62.90000,47.00000,17.20000,25.00000,17.10000,13.00000,12.50000,26.00000,12.70000,13.00000,50.10000,10.00000,48.00000,10.00000,4.00000,1.70000
AVIBASE-24E0C8A6,,,,,60.90000,10.00000,58.80000,10.00000,16.40000,10.00000,16.50000,10.00000,11.00000,10.00000,11.40000,10.00000,45.20000,10.00000,43.90000,10.00000,2.50000,
AVIBASE-D8F2F78B,14.10000,16.00000,13.70000,20.00000,61.20000,10.00000,59.80000,10.00000,15.40000,10.00000,15.90000,10.00000,11.10000,10.00000,11.30000,10.00000,40.50000,10.00000,38.00000,10.00000,3.50000,1.51000
AVIBASE-FCD72CEE,26.00000,1.00000,29.90000,1.00000,87.50000,10.00000,83.40000,10.00000,19.60000,10.00000,19.10000,10.00000,15.20000,10.00000,15.30000,10.00000,60.50000,10.00000,58.40000,10.00000,4.00000,
AVIBASE-77CBF484,18.50000,5.00000,18.00000,9.00000,83.70000,11.00000,80.00000,6.00000,17.10000,12.00000,16.60000,6.00000,15.40000,11.00000,14.80000,5.00000,52.60000,13.00000,49.00000,6.00000,3.50000,1.95000
AVIBASE-E323BF95,25.40000,1.00000,,,95.00000,10.00000,92.40000,8.00000,19.40000,10.00000,19.40000,8.00000,16.20000,10.00000,16.30000,8.00000,58.10000,10.00000,56.10000,8.00000,3.00000,2.06000
AVIBASE-969A369C,18.60000,37.00000,18.10000,20.00000,79.40000,10.00000,77.50000,10.00000,16.60000,10.00000,16.50000,10.00000,13.60000,10.00000,13.30000,10.00000,46.90000,10.00000,45.10000,10.00000,2.50000,1.75000
AVIBASE-F8748F12,33.70000,12.00000,32.10000,4.00000,101.50000,18.00000,96.50000,6.00000,19.20000,10.00000,19.30000,2.00000,18.10000,18.00000,18.40000,6.00000,56.40000,13.00000,53.50000,5.00000,5.76000,2.82000
AVIBASE-B1A5B22C,21.40000,3.00000,,,98.50000,13.00000,93.50000,13.00000,19.30000,16.00000,19.00000,17.00000,15.40000,16.00000,15.00000,17.00000,51.80000,10.00000,49.80000,10.00000,4.50000,
AVIBASE-3E389D03,36.00000,11.00000,36.00000,5.00000,119.50000,7.00000,113.40000,8.00000,,,,,19.60000,6.00000,20.00000,8.00000,71.30000,12.00000,67.00000,11.00000,4.50000,3.00000
AVIBASE-400E032C,21.60000,27.00000,19.90000,23.00000,91.60000,44.00000,88.20000,18.00000,23.80000,38.00000,23.20000,23.00000,16.20000,40.00000,16.00000,21.00000,85.00000,80.00000,82.00000,42.00000,5.55000,2.30000
AVIBASE-CE7D41A6,27.30000,13.00000,26.10000,6.00000,96.40000,10.00000,91.30000,11.00000,25.20000,9.00000,25.20000,11.00000,18.30000,10.00000,17.90000,11.00000,90.00000,10.00000,87.10000,11.00000,,2.71000
AVIBASE-4F2CC293,,,,,82.50000,14.00000,82.10000,11.00000,22.75000,14.00000,,,,,,,,,,,,2.42000
AVIBASE-5B0295C1,22.20000,13.00000,21.10000,8.00000,87.90000,17.00000,82.30000,7.00000,26.30000,17.00000,24.60000,7.00000,17.50000,17.00000,16.80000,7.00000,76.60000,17.00000,72.60000,7.00000,5.00000,2.00000
AVIBASE-5983D677,17.70000,113.00000,17.20000,49.00000,81.80000,127.00000,78.50000,67.00000,24.00000,36.00000,23.50000,26.00000,15.90000,34.00000,15.60000,21.00000,70.20000,25.00000,68.10000,7.00000,5.40000,1.80000
AVIBASE-AE073221,17.40000,19.00000,17.30000,5.00000,85.00000,13.00000,83.80000,10.00000,20.80000,35.00000,20.60000,31.00000,16.10000,29.00000,15.90000,24.00000,97.90000,14.00000,95.80000,10.00000,4.98000,1.91000
AVIBASE-747B3A52,19.30000,3.00000,15.00000,1.00000,,,,,,,,,,,,,,,,,,2.63000
AVIBASE-B9104F62,20.10000,14.00000,20.00000,10.00000,84.10000,10.00000,80.50000,6.00000,27.10000,10.00000,27.60000,6.00000,16.20000,10.00000,16.20000,6.00000,,,,,,
AVIBASE-0D9BFED1,49.20000,11.00000,48.00000,16.00000,99.60000,111.00000,96.40000,124.00000,36.90000,111.00000,36.70000,124.00000,20.30000,111.00000,20.10000,124.00000,,,,,,3.84000
AVIBASE-14CFB78A,57.90000,9.00000,52.60000,7.00000,105.50000,15.00000,99.80000,24.00000,41.40000,8.00000,40.10000,16.00000,21.70000,9.00000,21.40000,17.00000,,,,,,3.83000
AVIBASE-CA742F9D,52.50000,7.00000,47.70000,11.00000,101.00000,35.00000,95.60000,20.00000,36.70000,35.00000,35.60000,20.00000,21.40000,35.00000,20.90000,20.00000,,,,,,4.03000
AVIBASE-05AE5DFF,,,,,91.00000,32.00000,87.40000,19.00000,32.50000,32.00000,31.50000,19.00000,17.50000,32.00000,17.10000,19.00000,,,,,,3.56000
AVIBASE-70129CB1,34.40000,9.00000,32.60000,4.00000,90.50000,36.00000,87.30000,22.00000,30.50000,33.00000,29.70000,18.00000,18.80000,32.00000,18.70000,18.00000,,,,,,3.15000
AVIBASE-F774B577,36.60000,1.00000,42.30000,2.00000,92.50000,8.00000,88.70000,9.00000,34.50000,8.00000,33.10000,9.00000,19.80000,8.00000,20.10000,9.00000,,,,,,3.41000
AVIBASE-E05608A4,,,,,94.60000,7.00000,94.00000,3.00000,37.00000,7.00000,35.70000,3.00000,21.90000,7.00000,20.20000,3.00000,,,,,,
AVIBASE-71F12B23,,,,,85.00000,9.00000,82.80000,6.00000,24.90000,9.00000,24.70000,6.00000,16.70000,9.00000,16.80000,6.00000,,,,,,2.60000
AVIBASE-C69E0E28,,,,,87.50000,10.00000,83.90000,10.00000,29.30000,10.00000,27.50000,10.00000,20.10000,10.00000,19.00000,10.00000,,,,,,3.26000
AVIBASE-56CB3F84,,,,,89.30000,7.00000,86.80000,5.00000,29.70000,7.00000,29.00000,5.00000,20.90000,7.00000,20.40000,5.00000,,,,,,2.55000
AVIBASE-B855F1E4,,,,,95.10000,9.00000,89.70000,6.00000,29.00000,3.00000,28.00000,2.00000,18.60000,9.00000,17.50000,6.00000,,,,,,
AVIBASE-41ECD10E,33.30000,10.00000,31.60000,4.00000,99.80000,27.00000,95.00000,10.00000,32.20000,6.00000,31.50000,4.00000,17.80000,8.00000,17.80000,8.00000,,,,,,
AVIBASE-7BF0555A,33.30000,,31.60000,,,,,,,,,,,,,,75.50000,20.00000,73.30000,14.00000,,3.36000
AVIBASE-ECC3F122,,,,,97.20000,10.00000,95.10000,10.00000,30.60000,10.00000,29.50000,10.00000,18.70000,10.00000,17.90000,10.00000,,,,,,2.50000
AVIBASE-3BC778CE,,,,,106.00000,8.00000,101.00000,8.00000,30.10000,8.00000,29.40000,8.00000,19.40000,8.00000,19.10000,8.00000,,,,,,2.67000
AVIBASE-1DD0949C,,,,,96.00000,9.00000,91.60000,7.00000,32.20000,9.00000,31.00000,7.00000,19.70000,9.00000,18.40000,7.00000,,,,,,
AVIBASE-D8A51184,,,,,84.30000,9.00000,82.30000,3.00000,26.80000,9.00000,25.30000,3.00000,17.90000,9.00000,17.00000,3.00000,,,,,,
AVIBASE-250CDA58,23.10000,30.00000,22.70000,14.00000,94.80000,8.00000,88.00000,2.00000,26.70000,19.00000,25.60000,9.00000,19.60000,19.00000,18.40000,9.00000,67.70000,24.00000,64.20000,18.00000,4.19000,2.73000
AVIBASE-9F65782F,25.20000,5.00000,27.20000,5.00000,93.40000,27.00000,89.10000,29.00000,26.90000,16.00000,26.50000,12.00000,17.10000,15.00000,16.60000,12.00000,68.20000,27.00000,64.90000,29.00000,,
AVIBASE-B17CFF22,17.00000,1.00000,16.00000,1.00000,78.00000,20.00000,74.70000,16.00000,22.80000,20.00000,22.70000,16.00000,16.50000,20.00000,16.80000,16.00000,59.50000,16.00000,57.10000,9.00000,3.90000,2.28000
AVIBASE-ECFF22D2,,,,,99.00000,10.00000,93.60000,10.00000,26.30000,10.00000,26.00000,10.00000,19.40000,10.00000,19.00000,10.00000,72.60000,5.00000,69.10000,6.00000,3.00000,3.36000
AVIBASE-E6629C69,,,,,66.20000,10.00000,64.20000,10.00000,17.60000,10.00000,17.30000,10.00000,13.90000,10.00000,13.50000,10.00000,,,,,,1.48000
AVIBASE-4C7B3D81,,,,,75.40000,13.00000,73.30000,8.00000,18.00000,3.00000,18.00000,5.00000,15.00000,3.00000,15.00000,5.00000,,,,,,1.92000
AVIBASE-365F5E97,21.70000,413.00000,25.10000,23.00000,89.10000,554.00000,85.80000,38.00000,21.10000,26.00000,21.20000,26.00000,15.30000,23.00000,14.90000,25.00000,59.30000,27.00000,56.80000,27.00000,4.64000,2.44000
AVIBASE-25F7AF65,22.30000,5.00000,23.00000,,86.60000,20.00000,83.90000,12.00000,21.30000,20.00000,20.80000,11.00000,15.00000,17.00000,14.60000,11.00000,59.80000,19.00000,57.30000,12.00000,4.50000,2.76000
AVIBASE-9DC4CC54,,,,,84.50000,12.00000,80.80000,12.00000,23.40000,12.00000,22.70000,12.00000,16.30000,12.00000,15.50000,12.00000,52.40000,12.00000,52.30000,12.00000,4.50000,2.50000
AVIBASE-14873249,19.00000,23.00000,19.50000,15.00000,81.30000,31.00000,77.60000,10.00000,21.40000,26.00000,20.90000,15.00000,14.70000,25.00000,14.20000,15.00000,58.00000,27.00000,54.70000,15.00000,5.05000,2.06000
AVIBASE-319D044A,20.50000,29.00000,20.30000,24.00000,87.70000,18.00000,84.40000,5.00000,21.70000,18.00000,20.70000,5.00000,14.70000,18.00000,14.50000,5.00000,58.80000,18.00000,56.20000,5.00000,5.36000,2.01000
AVIBASE-E1CBB1C2,,,,,90.80000,18.00000,83.50000,6.00000,23.00000,35.00000,22.40000,20.00000,18.00000,32.00000,17.30000,21.00000,,,,,,2.73000
AVIBASE-0A3FA185,21.30000,,20.10000,,91.50000,61.00000,85.40000,36.00000,24.20000,34.00000,23.70000,23.00000,16.90000,34.00000,16.40000,21.00000,62.20000,35.00000,57.30000,21.00000,4.92000,2.73000
AVIBASE-8F268682,21.60000,28.00000,20.10000,8.00000,83.60000,10.00000,81.30000,7.00000,21.50000,10.00000,21.80000,7.00000,11.90000,10.00000,11.90000,7.00000,64.70000,30.00000,62.20000,20.00000,5.46000,
AVIBASE-BF380B5D,22.80000,4.00000,24.10000,4.00000,81.20000,65.00000,78.30000,61.00000,21.70000,65.00000,22.00000,60.00000,,,,,57.30000,63.00000,56.40000,21.00000,4.50000,2.47000
AVIBASE-A783468F,40.80000,,38.30000,,104.60000,18.00000,97.40000,10.00000,25.40000,15.00000,24.80000,4.00000,17.40000,13.00000,17.40000,4.00000,65.10000,17.00000,58.70000,7.00000,3.50000,3.38000
AVIBASE-D3220040,17.40000,3.00000,17.50000,1.00000,74.60000,13.00000,71.70000,8.00000,19.60000,12.00000,19.20000,8.00000,13.50000,12.00000,13.30000,8.00000,64.00000,12.00000,61.20000,8.00000,5.00000,
AVIBASE-14C13A71,22.50000,2.00000,,,78.10000,6.00000,73.50000,3.00000,22.00000,6.00000,20.80000,3.00000,14.20000,6.00000,14.30000,3.00000,64.60000,5.00000,60.50000,3.00000,3.50000,
AVIBASE-C68A31C1,19.00000,6.00000,18.80000,5.00000,74.90000,7.00000,72.20000,7.00000,20.20000,4.00000,18.90000,3.00000,12.60000,6.00000,12.30000,5.00000,60.40000,5.00000,59.20000,3.00000,4.04000,
AVIBASE-26530C86,21.40000,10.00000,21.10000,6.00000,71.10000,78.00000,68.60000,48.00000,20.60000,29.00000,20.30000,26.00000,14.60000,27.00000,14.40000,23.00000,57.90000,18.00000,57.50000,23.00000,5.10000,2.13000
AVIBASE-864D4A4F,71.00000,1.00000,,,124.00000,13.00000,112.00000,10.00000,27.60000,13.00000,26.80000,10.00000,25.80000,13.00000,24.20000,10.00000,107.00000,13.00000,91.40000,10.00000,3.50000,5.75000
AVIBASE-9EB53638,79.00000,2.00000,,,122.00000,12.00000,113.00000,11.00000,29.40000,12.00000,27.90000,11.00000,25.10000,12.00000,24.40000,11.00000,103.00000,12.00000,97.50000,11.00000,3.30000,5.78000
AVIBASE-00B07B12,68.80000,6.00000,71.50000,2.00000,111.00000,11.00000,113.00000,12.00000,28.70000,11.00000,29.00000,12.00000,24.50000,11.00000,23.80000,12.00000,76.40000,11.00000,75.80000,12.00000,3.50000,4.52000
AVIBASE-C90890A3,16.00000,1.00000,,,64.90000,8.00000,66.40000,7.00000,17.10000,8.00000,17.20000,7.00000,12.20000,8.00000,12.30000,7.00000,45.40000,8.00000,45.70000,7.00000,3.00000,1.26000
AVIBASE-49802951,11.30000,2.00000,,,57.70000,12.00000,56.60000,14.00000,15.70000,12.00000,15.90000,14.00000,10.90000,12.00000,11.20000,14.00000,40.00000,12.00000,39.90000,14.00000,4.10000,
AVIBASE-94C71DF6,49.50000,13.00000,48.90000,13.00000,101.00000,14.00000,100.00000,11.00000,25.90000,14.00000,26.00000,11.00000,20.40000,14.00000,20.10000,11.00000,66.60000,14.00000,64.70000,11.00000,2.50000,3.31000
AVIBASE-2C504059,34.00000,1.00000,,,92.30000,12.00000,87.10000,9.00000,21.30000,12.00000,20.80000,9.00000,19.00000,12.00000,18.30000,9.00000,68.80000,12.00000,63.30000,9.00000,2.00000,2.63000
AVIBASE-B8B882AE,46.50000,2.00000,39.00000,1.00000,96.70000,10.00000,94.10000,7.00000,21.40000,10.00000,20.30000,7.00000,19.90000,10.00000,19.50000,7.00000,65.30000,10.00000,64.30000,7.00000,,
AVIBASE-5011E123,42.00000,2.00000,41.50000,1.00000,92.40000,13.00000,88.00000,5.00000,22.20000,13.00000,21.60000,5.00000,21.40000,13.00000,20.60000,5.00000,53.80000,13.00000,52.00000,5.00000,,2.81000
AVIBASE-FD2FEFFD,,,69.00000,1.00000,124.00000,3.00000,121.00000,8.00000,26.70000,3.00000,26.50000,8.00000,23.20000,3.00000,22.60000,8.00000,94.70000,3.00000,90.60000,8.00000,2.50000,4.18000
AVIBASE-573C3683,20.30000,4.00000,19.50000,4.00000,66.50000,12.00000,66.00000,12.00000,17.90000,12.00000,17.60000,12.00000,14.20000,12.00000,14.60000,12.00000,35.80000,12.00000,35.30000,12.00000,3.50000,1.84000
AVIBASE-65856D49,23.00000,4.00000,18.50000,4.00000,67.50000,11.00000,65.30000,10.00000,17.00000,11.00000,16.60000,10.00000,16.00000,11.00000,15.50000,10.00000,46.90000,11.00000,45.40000,10.00000,3.00000,1.86000
AVIBASE-7799DC8B,27.50000,73.00000,27.30000,43.00000,74.90000,12.00000,74.60000,12.00000,20.10000,12.00000,20.20000,12.00000,17.60000,12.00000,17.80000,12.00000,45.60000,12.00000,44.30000,12.00000,3.60000,2.57000
AVIBASE-8F52076C,,,,,78.60000,5.00000,76.20000,8.00000,23.40000,1.00000,22.70000,5.00000,18.70000,5.00000,19.20000,8.00000,58.00000,5.00000,54.40000,8.00000,2.00000,
AVIBASE-8395D0B4,,,,,74.00000,2.00000,74.00000,5.00000,18.55000,2.00000,17.20000,5.00000,18.90000,2.00000,17.80000,5.00000,48.50000,2.00000,49.00000,5.00000,,
AVIBASE-BE1FE156,32.40000,52.00000,29.90000,56.00000,82.20000,76.00000,79.50000,43.00000,27.50000,72.00000,26.80000,44.00000,19.00000,4.00000,19.20000,6.00000,57.00000,4.00000,54.00000,3.00000,2.00000,2.74000
AVIBASE-42F3647E,39.00000,14.00000,38.40000,15.00000,83.20000,12.00000,79.60000,12.00000,22.40000,12.00000,22.00000,12.00000,21.50000,12.00000,21.40000,12.00000,59.50000,12.00000,57.80000,12.00000,2.00000,2.34000
AVIBASE-36C24C3D,14.10000,28.00000,12.50000,18.00000,62.30000,12.00000,59.50000,12.00000,18.40000,12.00000,18.40000,12.00000,17.50000,12.00000,16.80000,12.00000,42.80000,12.00000,42.70000,12.00000,2.50000,1.71000
AVIBASE-1373D324,13.70000,9.00000,13.10000,7.00000,61.70000,12.00000,60.60000,10.00000,16.10000,12.00000,15.70000,10.00000,14.10000,12.00000,13.50000,10.00000,39.10000,12.00000,38.20000,10.00000,2.50000,1.70000
AVIBASE-E069A0BB,23.30000,50.00000,22.00000,42.00000,73.30000,10.00000,69.20000,10.00000,21.20000,10.00000,20.20000,10.00000,18.00000,10.00000,17.00000,10.00000,46.40000,10.00000,43.30000,10.00000,2.30000,
AVIBASE-CA4839B2,29.60000,11.00000,25.00000,6.00000,76.70000,24.00000,73.20000,24.00000,24.40000,24.00000,23.40000,24.00000,21.80000,24.00000,21.20000,24.00000,63.90000,24.00000,62.50000,24.00000,2.50000,2.62000
AVIBASE-55997100,28.00000,5.00000,27.00000,6.00000,76.60000,55.00000,73.30000,38.00000,22.00000,55.00000,21.20000,38.00000,19.80000,55.00000,19.00000,38.00000,56.50000,55.00000,54.50000,38.00000,2.00000,2.32000
AVIBASE-B38CE692,23.20000,17.00000,22.60000,9.00000,70.70000,30.00000,68.00000,12.00000,21.50000,30.00000,20.90000,12.00000,20.00000,30.00000,19.70000,12.00000,52.20000,30.00000,51.30000,12.00000,2.00000,2.74000
AVIBASE-63A997EA,22.80000,2.00000,21.10000,2.00000,69.90000,12.00000,68.90000,12.00000,20.20000,12.00000,19.30000,12.00000,19.20000,12.00000,18.90000,12.00000,52.30000,12.00000,52.20000,12.00000,2.00000,2.59000
AVIBASE-476A437E,,,,,83.40000,13.00000,76.50000,4.00000,22.50000,13.00000,20.90000,4.00000,18.60000,13.00000,17.90000,4.00000,49.90000,13.00000,45.00000,4.00000,2.30000,
AVIBASE-9526D2F3,47.90000,57.00000,40.40000,46.00000,91.50000,20.00000,85.00000,10.00000,26.80000,20.00000,25.50000,10.00000,24.00000,20.00000,22.90000,10.00000,60.30000,20.00000,56.20000,10.00000,2.60000,3.69000
AVIBASE-86BEAFA6,35.00000,22.00000,26.40000,24.00000,84.30000,13.00000,77.10000,11.00000,23.10000,13.00000,21.10000,11.00000,21.00000,13.00000,19.60000,11.00000,59.50000,13.00000,54.90000,11.00000,2.40000,2.82000
AVIBASE-2D86B0D2,46.00000,6.00000,39.00000,5.00000,92.20000,12.00000,85.20000,11.00000,25.80000,12.00000,24.50000,11.00000,22.50000,12.00000,21.70000,11.00000,70.20000,12.00000,65.10000,11.00000,2.00000,3.41000
AVIBASE-CFC74E20,,,,,87.30000,10.00000,81.00000,2.00000,23.00000,10.00000,21.45000,2.00000,24.50000,10.00000,23.65000,2.00000,55.50000,10.00000,51.00000,2.00000,1.50000,
AVIBASE-2C42345F,23.70000,10.00000,25.00000,1.00000,71.50000,12.00000,65.80000,12.00000,18.00000,12.00000,16.90000,12.00000,17.70000,12.00000,16.60000,12.00000,43.80000,12.00000,39.60000,12.00000,2.00000,2.22000
AVIBASE-F40197D6,25.50000,37.00000,19.70000,14.00000,76.10000,12.00000,65.80000,12.00000,22.00000,12.00000,18.60000,12.00000,17.80000,12.00000,17.10000,12.00000,53.10000,12.00000,44.40000,12.00000,2.00000,2.29000
AVIBASE-2379E3EB,,,18.50000,3.00000,76.40000,8.00000,69.70000,9.00000,22.10000,8.00000,20.20000,9.00000,18.90000,8.00000,17.30000,9.00000,52.40000,8.00000,47.00000,9.00000,3.00000,2.63000
AVIBASE-E72166BD,25.10000,394.00000,19.20000,342.00000,72.80000,384.00000,64.90000,322.00000,22.10000,4.00000,19.30000,4.00000,18.30000,150.00000,17.00000,142.00000,47.50000,150.00000,42.90000,142.00000,2.40000,2.37000
AVIBASE-F9FB0226,23.50000,28.00000,19.50000,13.00000,73.20000,12.00000,65.40000,8.00000,22.40000,12.00000,20.60000,8.00000,19.60000,12.00000,18.00000,8.00000,47.10000,12.00000,42.80000,8.00000,2.50000,2.33000
AVIBASE-9F7489D0,23.80000,9.00000,18.10000,5.00000,73.10000,8.00000,69.00000,2.00000,19.90000,8.00000,18.55000,2.00000,17.80000,8.00000,16.90000,2.00000,46.60000,8.00000,45.00000,2.00000,2.50000,2.14000
AVIBASE-D8E67602,23.90000,5.00000,35.00000,1.00000,74.10000,11.00000,68.50000,2.00000,19.90000,11.00000,19.00000,2.00000,19.00000,11.00000,17.55000,2.00000,43.50000,11.00000,41.00000,2.00000,2.20000,2.35000
AVIBASE-6A84BDB8,,,,,72.20000,9.00000,65.20000,8.00000,21.30000,9.00000,18.30000,8.00000,18.60000,9.00000,17.20000,8.00000,46.00000,9.00000,42.10000,8.00000,2.50000,2.20000
AVIBASE-FC6C191F,20.00000,1.00000,,,70.10000,7.00000,65.60000,5.00000,19.80000,7.00000,18.00000,5.00000,17.20000,7.00000,16.40000,5.00000,43.60000,7.00000,42.30000,5.00000,2.40000,1.90000
AVIBASE-A36C5049,28.10000,73.00000,24.50000,35.00000,79.70000,26.00000,72.70000,26.00000,23.75000,2.00000,22.75000,2.00000,15.25000,2.00000,15.25000,2.00000,53.50000,4.00000,,,2.50000,
AVIBASE-EF5ED87B,20.00000,9.00000,16.50000,2.00000,67.80000,3.00000,62.50000,,20.00000,1.00000,,,18.00000,3.00000,,,45.00000,1.00000,,,1.80000,
AVIBASE-A23369E3,,,,,69.60000,13.00000,64.00000,1.00000,21.00000,13.00000,19.00000,1.00000,16.70000,13.00000,15.50000,1.00000,44.80000,13.00000,40.00000,1.00000,2.50000,
AVIBASE-E8AA9E1C,41.30000,621.00000,33.80000,708.00000,88.70000,10.00000,77.40000,10.00000,23.80000,10.00000,21.70000,10.00000,20.80000,10.00000,18.30000,10.00000,53.40000,10.00000,46.20000,10.00000,2.30000,3.09000
AVIBASE-9569D117,,,,,112.00000,7.00000,106.00000,6.00000,28.90000,7.00000,28.00000,6.00000,31.50000,7.00000,30.10000,6.00000,72.10000,7.00000,67.30000,6.00000,1.50000,
AVIBASE-4DC2B23C,38.30000,44.00000,32.10000,26.00000,82.90000,9.00000,79.60000,7.00000,21.50000,9.00000,20.50000,7.00000,20.90000,9.00000,20.50000,7.00000,46.80000,9.00000,46.30000,7.00000,2.10000,3.00000
AVIBASE-4436DD6C,,,,,74.30000,9.00000,71.50000,7.00000,21.10000,9.00000,20.20000,7.00000,21.50000,9.00000,21.00000,7.00000,38.70000,9.00000,37.00000,7.00000,,
AVIBASE-20D915AD,37.50000,13.00000,44.00000,1.00000,83.30000,12.00000,77.50000,12.00000,21.30000,12.00000,20.30000,12.00000,21.30000,12.00000,20.20000,12.00000,53.60000,12.00000,50.80000,12.00000,2.00000,
AVIBASE-341298B9,30.90000,31.00000,27.30000,28.00000,80.60000,12.00000,74.00000,12.00000,20.50000,12.00000,19.10000,12.00000,20.20000,12.00000,19.30000,12.00000,47.30000,12.00000,43.90000,12.00000,,
AVIBASE-2A2CC7B3,24.60000,17.00000,22.50000,16.00000,73.80000,4.00000,71.00000,4.00000,20.60000,4.00000,18.90000,3.00000,19.00000,4.00000,17.80000,3.00000,44.80000,4.00000,44.30000,3.00000,,
AVIBASE-19D053B3,28.70000,57.00000,26.70000,35.00000,,,,,,,,,,,,,50.10000,12.00000,42.70000,10.00000,2.50000,2.10000
AVIBASE-DF0759C0,26.70000,38.00000,27.40000,22.00000,75.70000,12.00000,70.80000,12.00000,20.30000,12.00000,19.30000,12.00000,17.50000,12.00000,16.80000,12.00000,49.00000,12.00000,47.40000,12.00000,2.50000,2.36000
AVIBASE-6E00B2C6,,,,,73.10000,12.00000,66.00000,5.00000,20.20000,12.00000,17.70000,5.00000,17.90000,12.00000,17.40000,5.00000,46.80000,12.00000,40.80000,5.00000,2.50000,2.99000
AVIBASE-01BFAE61,32.40000,15.00000,28.00000,8.00000,82.50000,12.00000,75.30000,12.00000,21.30000,12.00000,20.00000,12.00000,20.40000,12.00000,19.10000,12.00000,56.10000,12.00000,50.20000,12.00000,2.90000,2.90000
AVIBASE-BE85C81E,37.40000,7.00000,35.50000,3.00000,87.30000,12.00000,81.80000,10.00000,19.10000,12.00000,18.70000,10.00000,20.20000,12.00000,20.20000,10.00000,52.10000,12.00000,48.90000,10.00000,,3.12000
AVIBASE-E6E4F15D,28.00000,1.00000,25.50000,1.00000,80.50000,11.00000,77.40000,12.00000,18.10000,11.00000,17.40000,12.00000,19.60000,11.00000,19.30000,12.00000,47.20000,11.00000,45.90000,12.00000,,
AVIBASE-29FF745B,17.40000,2.00000,,,71.20000,19.00000,68.20000,5.00000,22.00000,9.00000,20.80000,5.00000,19.10000,9.00000,18.30000,5.00000,42.90000,9.00000,41.90000,5.00000,2.50000,2.32000
AVIBASE-03DE2091,,,,,,,,,,,,,,,,,,,,,,2.36000
AVIBASE-70312286,,,,,88.20000,12.00000,85.10000,12.00000,23.60000,12.00000,23.20000,12.00000,22.10000,12.00000,21.60000,12.00000,61.00000,12.00000,58.80000,12.00000,3.00000,2.79000
AVIBASE-38D07CD0,31.70000,1.00000,31.40000,1.00000,83.00000,18.00000,78.90000,18.00000,20.30000,18.00000,19.40000,18.00000,18.40000,18.00000,17.10000,18.00000,45.30000,18.00000,41.90000,18.00000,,
AVIBASE-C34E4EF3,,,,,79.60000,7.00000,77.00000,6.00000,20.80000,7.00000,19.60000,6.00000,18.60000,7.00000,18.10000,6.00000,49.40000,7.00000,48.20000,6.00000,,
AVIBASE-ECDFEAF6,31.80000,2.00000,28.00000,3.00000,85.00000,4.00000,84.00000,5.00000,19.90000,4.00000,19.10000,5.00000,19.70000,4.00000,18.70000,5.00000,48.00000,4.00000,46.50000,5.00000,,
AVIBASE-6B5D78CE,22.30000,11.00000,19.60000,8.00000,84.60000,10.00000,77.80000,6.00000,19.80000,10.00000,18.50000,6.00000,18.80000,10.00000,18.10000,6.00000,44.80000,10.00000,42.80000,6.00000,2.50000,
AVIBASE-C649EA57,28.50000,6.00000,26.50000,6.00000,82.70000,12.00000,79.40000,12.00000,20.10000,12.00000,19.90000,12.00000,17.70000,12.00000,17.60000,12.00000,47.80000,12.00000,46.50000,12.00000,2.00000,2.78000
AVIBASE-7BB02508,,,,,84.50000,4.00000,81.80000,4.00000,18.90000,4.00000,18.80000,4.00000,18.60000,4.00000,18.20000,4.00000,44.30000,4.00000,43.50000,4.00000,2.00000,2.52000
AVIBASE-A1709D2B,,,,,79.70000,7.00000,72.60000,5.00000,23.20000,7.00000,21.10000,5.00000,20.30000,7.00000,18.80000,5.00000,48.80000,7.00000,45.60000,5.00000,1.00000,
AVIBASE-0405CA69,19.60000,2.00000,21.80000,3.00000,68.60000,11.00000,67.30000,13.00000,18.40000,11.00000,18.50000,13.00000,18.20000,11.00000,18.10000,13.00000,43.90000,11.00000,43.50000,13.00000,3.50000,
AVIBASE-7B17318C,,,,,86.20000,10.00000,83.80000,9.00000,21.80000,10.00000,20.90000,9.00000,18.70000,10.00000,18.00000,9.00000,53.10000,10.00000,53.20000,9.00000,2.00000,
AVIBASE-6E20B613,,,,,90.70000,9.00000,89.00000,5.00000,21.80000,9.00000,22.20000,5.00000,20.00000,9.00000,19.20000,5.00000,51.90000,9.00000,53.40000,5.00000,2.00000,
AVIBASE-50D17C91,,,,,89.50000,10.00000,88.00000,7.00000,21.25000,8.00000,20.75000,5.00000,17.00000,8.00000,16.75000,5.00000,60.50000,10.00000,62.00000,7.00000,,
AVIBASE-EA26AF30,,,,,79.60000,8.00000,79.20000,7.00000,20.20000,8.00000,20.30000,7.00000,18.70000,8.00000,18.30000,7.00000,46.20000,8.00000,45.40000,7.00000,,
AVIBASE-13AA5A5C,30.00000,3.00000,30.00000,3.00000,90.80000,10.00000,88.70000,10.00000,23.00000,10.00000,22.20000,10.00000,19.30000,10.00000,19.30000,10.00000,53.40000,10.00000,50.70000,10.00000,2.00000,2.68000
AVIBASE-228DDFAD,41.80000,5.00000,36.30000,6.00000,93.50000,8.00000,87.50000,9.00000,24.00000,1.00000,23.50000,2.00000,22.00000,8.00000,21.00000,9.00000,54.00000,8.00000,52.00000,9.00000,1.50000,2.72000
AVIBASE-A41AEDC9,,,,,92.50000,2.00000,89.00000,2.00000,23.50000,2.00000,23.50000,2.00000,23.00000,2.00000,23.50000,2.00000,52.50000,2.00000,52.50000,2.00000,,
AVIBASE-E27AFD14,42.60000,8.00000,33.60000,11.00000,89.80000,10.00000,81.80000,10.00000,23.10000,10.00000,22.10000,10.00000,23.20000,10.00000,22.10000,10.00000,56.40000,10.00000,52.50000,10.00000,1.92000,3.14000
AVIBASE-D0203B65,36.00000,1.00000,32.00000,2.00000,84.00000,10.00000,78.60000,10.00000,22.40000,10.00000,21.10000,10.00000,20.90000,10.00000,20.10000,10.00000,58.00000,10.00000,52.80000,10.00000,1.50000,3.28000
AVIBASE-960B56F2,60.00000,1.00000,54.00000,2.00000,106.00000,10.00000,103.00000,10.00000,26.00000,10.00000,24.70000,10.00000,24.20000,10.00000,24.00000,10.00000,63.90000,10.00000,61.80000,10.00000,2.00000,3.05000
AVIBASE-6F711277,22.00000,1.00000,,,84.30000,10.00000,78.70000,10.00000,20.90000,10.00000,19.60000,10.00000,19.80000,10.00000,18.00000,10.00000,49.30000,10.00000,47.90000,10.00000,2.60000,2.11000
AVIBASE-D76AC221,25.30000,3.00000,,,60.60000,28.00000,57.80000,11.00000,21.20000,28.00000,20.00000,11.00000,14.80000,28.00000,14.00000,11.00000,30.00000,28.00000,28.90000,11.00000,3.00000,
AVIBASE-9387DC41,12.50000,13.00000,12.90000,19.00000,58.80000,12.00000,56.50000,11.00000,16.30000,12.00000,15.20000,11.00000,13.70000,12.00000,13.20000,11.00000,32.20000,12.00000,30.10000,11.00000,3.00000,1.39000
AVIBASE-F8041931,21.10000,36.00000,17.70000,63.00000,64.20000,12.00000,60.90000,12.00000,18.30000,12.00000,17.10000,12.00000,15.50000,12.00000,15.00000,12.00000,34.20000,12.00000,31.40000,12.00000,2.50000,1.78000
AVIBASE-2B6DE136,19.60000,1164.00000,17.90000,30.00000,66.00000,12.00000,64.20000,12.00000,17.80000,12.00000,17.60000,12.00000,15.10000,12.00000,14.60000,12.00000,37.90000,12.00000,35.80000,12.00000,2.80000,1.78000
AVIBASE-4A58452B,14.70000,81.00000,14.20000,41.00000,57.50000,42.00000,55.60000,11.00000,18.10000,42.00000,17.20000,11.00000,14.00000,42.00000,13.50000,11.00000,34.50000,42.00000,33.50000,11.00000,3.10000,1.39000
AVIBASE-95A724BE,14.00000,6.00000,13.50000,2.00000,60.30000,20.00000,56.50000,4.00000,19.40000,20.00000,18.20000,4.00000,13.10000,20.00000,12.10000,4.00000,34.50000,20.00000,34.70000,4.00000,3.50000,1.38000
AVIBASE-CC7862AF,29.60000,17.00000,27.00000,7.00000,87.00000,51.00000,75.30000,20.00000,27.00000,51.00000,24.90000,20.00000,19.20000,51.00000,18.40000,20.00000,62.00000,51.00000,53.10000,20.00000,3.00000,
AVIBASE-7B414273,25.50000,14.00000,19.60000,7.00000,75.70000,137.00000,66.60000,87.00000,22.40000,137.00000,21.00000,87.00000,17.10000,137.00000,16.30000,87.00000,46.00000,137.00000,39.00000,87.00000,3.00000,1.83000
AVIBASE-3D122849,17.00000,30.00000,,,62.90000,94.00000,56.20000,65.00000,19.70000,94.00000,18.30000,65.00000,14.20000,94.00000,13.80000,65.00000,36.50000,94.00000,32.90000,65.00000,3.00000,
AVIBASE-95F08BC3,25.50000,704.00000,20.70000,445.00000,70.60000,257.00000,64.80000,118.00000,21.50000,257.00000,19.50000,118.00000,15.40000,257.00000,14.50000,118.00000,40.20000,257.00000,36.40000,118.00000,3.00000,1.66000
AVIBASE-A31AC101,13.60000,1.00000,10.80000,2.00000,58.80000,58.00000,53.90000,24.00000,18.10000,58.00000,17.10000,24.00000,13.90000,58.00000,13.40000,24.00000,35.40000,58.00000,31.50000,24.00000,2.40000,1.40000
AVIBASE-2B94D2D5,,,,,68.50000,30.00000,63.70000,12.00000,22.10000,30.00000,20.50000,12.00000,17.20000,30.00000,16.40000,12.00000,42.30000,30.00000,38.10000,12.00000,2.50000,
AVIBASE-97A73D9F,37.50000,67.00000,30.40000,68.00000,85.00000,82.00000,73.40000,11.00000,25.60000,82.00000,23.40000,11.00000,19.80000,82.00000,17.60000,11.00000,61.30000,82.00000,50.20000,11.00000,3.00000,2.60000
AVIBASE-B08FF959,29.50000,268.00000,22.00000,406.00000,88.80000,38.00000,68.00000,16.00000,25.00000,38.00000,21.60000,16.00000,18.20000,38.00000,16.50000,16.00000,75.50000,20.00000,44.90000,16.00000,2.80000,2.09000
AVIBASE-749E7B3C,23.20000,31.00000,19.10000,21.00000,76.00000,32.00000,66.10000,22.00000,22.00000,32.00000,19.90000,22.00000,15.80000,32.00000,14.80000,22.00000,84.50000,28.00000,45.00000,22.00000,2.60000,1.76000
AVIBASE-26618AA1,22.70000,187.00000,19.70000,211.00000,74.40000,77.00000,64.60000,69.00000,22.40000,77.00000,20.60000,69.00000,15.40000,77.00000,14.80000,69.00000,228.00000,55.00000,44.20000,69.00000,2.20000,1.88000
AVIBASE-59E7ABE5,,,,,109.00000,27.00000,83.70000,28.00000,28.90000,27.00000,25.50000,28.00000,19.70000,27.00000,17.90000,28.00000,177.00000,13.00000,64.20000,28.00000,2.00000,2.75000
AVIBASE-F7C77F74,,,,,103.00000,19.00000,79.20000,9.00000,28.00000,19.00000,24.70000,9.00000,18.70000,19.00000,17.20000,9.00000,247.00000,11.00000,56.30000,9.00000,2.00000,
AVIBASE-3153FE22,41.60000,29.00000,32.00000,32.00000,138.00000,82.00000,90.80000,28.00000,28.60000,82.00000,28.50000,28.00000,19.00000,82.00000,17.50000,28.00000,411.00000,82.00000,62.30000,28.00000,2.10000,2.70000
AVIBASE-87071086,42.70000,212.00000,29.70000,80.00000,89.90000,56.00000,77.60000,21.00000,29.50000,56.00000,26.40000,21.00000,18.30000,56.00000,17.00000,21.00000,212.00000,26.00000,52.00000,21.00000,3.00000,2.70000
AVIBASE-C97A5C39,17.40000,2.00000,,,65.60000,29.00000,63.70000,7.00000,16.30000,26.00000,16.10000,7.00000,11.60000,26.00000,11.30000,7.00000,38.70000,56.00000,37.50000,31.00000,2.90000,1.31000
AVIBASE-C7708C70,38.50000,7.00000,36.30000,3.00000,96.70000,10.00000,88.50000,10.00000,23.20000,10.00000,21.50000,10.00000,23.70000,10.00000,21.80000,10.00000,65.30000,10.00000,60.70000,10.00000,3.00000,3.31000
AVIBASE-6B6E52A1,9.20000,19.00000,9.80000,13.00000,50.20000,10.00000,50.30000,10.00000,15.00000,10.00000,15.10000,10.00000,11.80000,10.00000,11.90000,10.00000,40.40000,10.00000,40.30000,10.00000,,
AVIBASE-06C33419,9.50000,1.00000,,,50.50000,10.00000,50.50000,10.00000,14.60000,10.00000,14.80000,10.00000,11.90000,10.00000,11.80000,10.00000,38.60000,10.00000,38.20000,10.00000,4.00000,0.77000
AVIBASE-AD1CBF5A,10.70000,6.00000,10.20000,4.00000,54.90000,10.00000,54.50000,8.00000,14.40000,10.00000,14.10000,8.00000,11.10000,10.00000,11.10000,8.00000,42.10000,10.00000,41.60000,8.00000,3.50000,0.98000
AVIBASE-AE4727FB,13.00000,1.00000,,,58.70000,10.00000,57.90000,10.00000,,,,,11.20000,10.00000,11.40000,10.00000,37.80000,10.00000,37.40000,10.00000,4.00000,1.17000
AVIBASE-BD9A8EF4,8.00000,2.00000,,,44.50000,10.00000,44.10000,8.00000,13.50000,10.00000,13.80000,8.00000,10.20000,10.00000,9.90000,8.00000,25.00000,10.00000,24.80000,8.00000,3.00000,0.75000
AVIBASE-99453701,8.40000,5.00000,8.30000,3.00000,51.00000,1.00000,,,13.50000,1.00000,,,11.00000,1.00000,,,39.00000,1.00000,,,2.80000,0.92000
AVIBASE-2AD189C1,,,,,57.30000,9.00000,56.50000,9.00000,16.70000,9.00000,16.50000,9.00000,11.60000,9.00000,11.30000,9.00000,46.20000,9.00000,45.70000,9.00000,4.00000,
AVIBASE-C7891867,15.00000,5.00000,13.80000,4.00000,,,,,,,,,,,,,,,,,,1.27000
AVIBASE-2F790B56,,,,,59.30000,3.00000,,,16.00000,3.00000,,,13.20000,3.00000,,,38.70000,3.00000,,,,
AVIBASE-6A1ED1C2,16.50000,6.00000,16.60000,7.00000,60.50000,10.00000,60.10000,10.00000,15.00000,10.00000,15.10000,10.00000,12.50000,10.00000,12.10000,10.00000,35.70000,10.00000,35.00000,10.00000,3.00000,1.25000
AVIBASE-01A3BE3C,15.50000,280.00000,15.40000,284.00000,,,,,,,,,,,,,,,,,,1.27000
AVIBASE-1AAAEAFD,14.30000,1.00000,,,58.30000,10.00000,56.40000,10.00000,15.40000,10.00000,15.10000,10.00000,12.90000,10.00000,12.80000,10.00000,37.00000,10.00000,36.20000,10.00000,3.50000,1.05000
AVIBASE-1A6B766A,10.90000,11.00000,11.70000,5.00000,53.40000,10.00000,53.30000,10.00000,15.30000,10.00000,15.30000,10.00000,12.30000,10.00000,12.10000,10.00000,32.40000,10.00000,32.50000,10.00000,4.50000,1.15000
AVIBASE-E034D9D9,13.50000,152.00000,13.30000,125.00000,,,,,,,,,,,,,38.30000,10.00000,39.40000,5.00000,4.00000,1.42000
AVIBASE-98B15EE7,12.20000,25.00000,12.80000,28.00000,57.90000,10.00000,57.00000,10.00000,17.90000,10.00000,17.50000,10.00000,12.60000,10.00000,12.40000,10.00000,42.80000,10.00000,41.90000,10.00000,4.00000,1.38000
AVIBASE-7E6DF5D5,,,,,58.30000,6.00000,57.20000,6.00000,19.40000,6.00000,19.80000,6.00000,13.10000,6.00000,12.80000,6.00000,43.20000,6.00000,44.30000,6.00000,2.00000,1.34000
AVIBASE-1C1A87C4,19.00000,4.00000,18.30000,6.00000,64.00000,1.00000,,,21.50000,1.00000,,,15.00000,1.00000,,,48.00000,1.00000,,,,
AVIBASE-E617A8C3,19.80000,8.00000,18.60000,6.00000,61.50000,10.00000,61.20000,9.00000,18.50000,10.00000,18.20000,9.00000,15.80000,10.00000,16.10000,9.00000,,,,,,1.55000
AVIBASE-2CC91390,18.60000,624.00000,,,60.10000,618.00000,,,10.60000,624.00000,,,,,,,51.90000,675.00000,50.90000,431.00000,3.70000,1.87000
AVIBASE-A24ED820,,,,,59.60000,5.00000,59.00000,3.00000,17.60000,4.00000,18.10000,3.00000,14.10000,4.00000,14.40000,5.00000,53.00000,5.00000,54.30000,3.00000,4.50000,1.55000
AVIBASE-AEAD40DD,,,,,69.00000,4.00000,66.00000,1.00000,21.30000,4.00000,21.00000,1.00000,19.40000,4.00000,18.00000,1.00000,54.00000,4.00000,58.00000,1.00000,3.00000,
AVIBASE-3817DA4A,22.50000,9.00000,21.90000,7.00000,67.20000,10.00000,66.60000,10.00000,21.00000,10.00000,20.40000,10.00000,18.90000,10.00000,18.60000,10.00000,54.50000,10.00000,54.30000,10.00000,4.00000,1.90000
AVIBASE-46A1FC77,24.10000,21.00000,23.20000,24.00000,72.10000,10.00000,69.80000,10.00000,22.40000,10.00000,21.60000,10.00000,17.80000,10.00000,17.70000,10.00000,56.70000,10.00000,54.60000,10.00000,2.50000,2.25000
AVIBASE-BD7558AD,14.70000,12.00000,15.40000,12.00000,57.80000,10.00000,58.10000,10.00000,16.80000,10.00000,17.10000,10.00000,14.10000,10.00000,13.80000,10.00000,49.60000,10.00000,47.90000,10.00000,6.00000,1.23000
AVIBASE-50490520,14.80000,29.00000,14.40000,31.00000,57.50000,10.00000,55.70000,10.00000,17.30000,10.00000,17.00000,10.00000,13.80000,10.00000,13.40000,10.00000,52.90000,10.00000,51.10000,10.00000,4.50000,1.28000
AVIBASE-7970DC5F,13.50000,1.00000,12.50000,2.00000,53.30000,3.00000,52.50000,2.00000,16.75000,2.00000,16.25000,2.00000,11.70000,3.00000,11.00000,1.00000,52.00000,2.00000,47.00000,1.00000,3.00000,0.97000
AVIBASE-76B35118,13.00000,1.00000,12.00000,1.00000,53.20000,10.00000,52.00000,6.00000,15.80000,10.00000,15.40000,6.00000,12.60000,10.00000,12.50000,6.00000,45.90000,10.00000,44.00000,6.00000,5.00000,
AVIBASE-F729393B,9.00000,1.00000,13.00000,1.00000,52.70000,3.00000,52.00000,2.00000,15.80000,3.00000,16.00000,2.00000,11.70000,3.00000,11.75000,2.00000,50.30000,3.00000,50.50000,2.00000,3.00000,1.30000
AVIBASE-43FE4788,9.00000,5.00000,7.50000,2.00000,49.90000,15.00000,48.70000,7.00000,14.30000,14.00000,14.60000,7.00000,10.40000,15.00000,10.40000,7.00000,39.30000,12.00000,38.70000,9.00000,4.50000,0.92000
AVIBASE-995975D1,10.00000,2.00000,10.30000,3.00000,51.50000,24.00000,50.90000,15.00000,14.00000,23.00000,13.70000,14.00000,10.20000,23.00000,10.00000,15.00000,42.20000,23.00000,41.20000,15.00000,4.00000,0.95000
AVIBASE-B4A4E4BF,8.60000,3.00000,8.60000,3.00000,49.10000,24.00000,48.60000,19.00000,11.40000,24.00000,11.50000,17.00000,9.00000,24.00000,8.60000,17.00000,35.40000,24.00000,34.60000,19.00000,3.50000,0.82000
AVIBASE-27012CC9,9.60000,3.00000,9.70000,1.00000,50.40000,11.00000,49.20000,6.00000,14.60000,11.00000,14.40000,6.00000,11.00000,11.00000,10.50000,5.00000,40.90000,11.00000,39.70000,6.00000,3.50000,1.18000
AVIBASE-8153E1B0,10.40000,3.00000,12.00000,1.00000,48.00000,33.00000,47.40000,15.00000,14.60000,33.00000,14.40000,15.00000,11.30000,33.00000,11.40000,15.00000,40.00000,33.00000,38.30000,15.00000,3.70000,1.01000
AVIBASE-8AC4DC43,9.10000,3.00000,9.50000,3.00000,48.80000,11.00000,48.90000,9.00000,13.80000,11.00000,14.00000,9.00000,11.60000,11.00000,12.00000,6.00000,40.70000,11.00000,40.80000,9.00000,3.50000,
AVIBASE-D2EDC42A,,,,,51.40000,4.00000,49.00000,1.00000,14.00000,4.00000,14.00000,1.00000,11.50000,4.00000,11.00000,1.00000,44.10000,4.00000,44.50000,1.00000,,
AVIBASE-871F32D9,9.30000,72.00000,9.30000,87.00000,47.30000,9.00000,47.10000,7.00000,12.70000,9.00000,13.30000,7.00000,10.10000,9.00000,10.10000,7.00000,41.20000,9.00000,39.70000,7.00000,4.00000,1.13000
AVIBASE-868766DD,10.40000,11.00000,9.40000,6.00000,51.30000,32.00000,51.10000,14.00000,14.20000,14.00000,13.90000,6.00000,12.40000,23.00000,11.40000,16.00000,41.20000,11.00000,40.70000,7.00000,3.50000,0.79000
AVIBASE-B40A6BCD,10.60000,83.00000,11.00000,87.00000,,,,,,,,,,,,,50.60000,10.00000,48.10000,8.00000,3.80000,0.96000
AVIBASE-EAE77D96,9.80000,36.00000,10.00000,26.00000,52.60000,10.00000,52.20000,16.00000,13.90000,19.00000,13.60000,16.00000,9.40000,19.00000,9.70000,15.00000,57.60000,20.00000,49.90000,16.00000,4.70000,0.89000
AVIBASE-5CAE6778,9.80000,15.00000,9.70000,12.00000,55.10000,10.00000,54.40000,8.00000,14.40000,10.00000,14.50000,11.00000,9.60000,10.00000,9.40000,9.00000,55.40000,10.00000,52.60000,10.00000,5.00000,0.88000
AVIBASE-DE689967,14.30000,16.00000,13.90000,15.00000,58.50000,19.00000,57.30000,16.00000,16.60000,19.00000,16.10000,16.00000,10.90000,18.00000,10.40000,16.00000,,,,,,1.18000
AVIBASE-174BFAB6,,,,,52.00000,9.00000,51.20000,6.00000,14.70000,9.00000,14.70000,6.00000,11.80000,9.00000,11.70000,6.00000,38.80000,9.00000,38.30000,6.00000,5.00000,0.95000
AVIBASE-BC75EA9A,7.40000,2.00000,7.50000,1.00000,,,,,,,,,,,,,45.90000,10.00000,45.60000,10.00000,4.30000,0.95000
AVIBASE-3161DF72,7.00000,19.00000,7.00000,10.00000,,,,,,,,,,,,,50.00000,22.00000,49.00000,18.00000,3.50000,
AVIBASE-B9BE800C,,,,,46.10000,10.00000,45.60000,10.00000,14.60000,10.00000,14.40000,10.00000,9.80000,10.00000,9.60000,10.00000,,,,,,
AVIBASE-7CB6CE7B,7.50000,12.00000,8.00000,8.00000,47.20000,10.00000,47.00000,8.00000,13.80000,10.00000,13.70000,8.00000,10.30000,10.00000,10.20000,8.00000,,,,,,0.79000
AVIBASE-A25AFBEA,,,,,48.50000,10.00000,47.20000,10.00000,14.70000,10.00000,14.50000,10.00000,10.90000,10.00000,10.70000,10.00000,40.00000,10.00000,37.90000,10.00000,,
AVIBASE-1066028B,7.20000,3.00000,7.60000,3.00000,48.00000,10.00000,46.80000,10.00000,14.90000,10.00000,14.20000,10.00000,9.80000,10.00000,9.90000,10.00000,44.60000,10.00000,42.80000,10.00000,4.50000,0.67000
AVIBASE-1E79A7D7,7.90000,7.00000,7.60000,6.00000,47.30000,10.00000,45.90000,10.00000,14.60000,10.00000,14.40000,10.00000,10.80000,10.00000,10.60000,10.00000,45.30000,10.00000,42.60000,10.00000,5.00000,0.68000
AVIBASE-6DD8F10F,,,,,47.60000,10.00000,47.80000,8.00000,13.90000,10.00000,13.80000,8.00000,10.80000,10.00000,10.70000,8.00000,43.00000,10.00000,40.40000,8.00000,4.00000,0.84000
AVIBASE-D30DC715,,,,,48.20000,10.00000,48.00000,10.00000,13.40000,10.00000,13.40000,10.00000,9.90000,10.00000,9.70000,10.00000,39.70000,10.00000,38.00000,10.00000,4.50000,0.72000
AVIBASE-61CB98C0,8.20000,118.00000,8.10000,97.00000,51.00000,10.00000,48.80000,8.00000,14.40000,10.00000,14.60000,8.00000,11.00000,10.00000,10.70000,8.00000,52.80000,10.00000,52.90000,8.00000,4.90000,0.73000
AVIBASE-2680F124,,,,,49.10000,10.00000,46.90000,10.00000,14.50000,10.00000,14.60000,10.00000,11.00000,10.00000,10.90000,10.00000,44.80000,10.00000,43.40000,10.00000,5.50000,0.81000
AVIBASE-16E6A0F3,,,,,45.90000,10.00000,45.00000,6.00000,14.20000,10.00000,14.30000,6.00000,10.30000,10.00000,10.20000,6.00000,42.00000,10.00000,40.00000,6.00000,4.50000,0.76000
AVIBASE-C38DEB1A,,,,,47.30000,3.00000,46.00000,2.00000,16.70000,3.00000,16.50000,2.00000,10.20000,3.00000,10.00000,2.00000,47.00000,3.00000,43.00000,2.00000,4.00000,
AVIBASE-842FF43C,9.30000,51.00000,9.10000,50.00000,53.70000,9.00000,53.30000,6.00000,15.40000,9.00000,15.50000,6.00000,11.70000,9.00000,11.80000,6.00000,59.20000,9.00000,58.20000,6.00000,4.50000,0.95000
AVIBASE-50BF77FB,9.20000,1.00000,8.30000,1.00000,52.30000,10.00000,50.90000,7.00000,14.50000,10.00000,14.10000,7.00000,10.90000,10.00000,10.60000,7.00000,56.30000,10.00000,53.80000,7.00000,,
AVIBASE-F30FC757,10.00000,,9.80000,,49.00000,15.00000,47.60000,12.00000,14.00000,15.00000,14.00000,12.00000,11.00000,15.00000,10.70000,12.00000,37.00000,15.00000,36.30000,12.00000,5.30000,0.96000
AVIBASE-ECC40D44,,,4.00000,1.00000,42.90000,10.00000,42.10000,10.00000,12.00000,10.00000,11.90000,10.00000,9.00000,10.00000,9.20000,10.00000,,,,,,0.74000
AVIBASE-8E5252EB,,,,,52.20000,10.00000,51.70000,10.00000,14.30000,10.00000,14.60000,10.00000,9.00000,10.00000,9.20000,10.00000,25.70000,10.00000,25.20000,10.00000,3.50000,0.86000
AVIBASE-EF6293B7,,,,,44.10000,10.00000,44.40000,10.00000,14.60000,10.00000,14.60000,10.00000,9.90000,10.00000,9.70000,10.00000,,,,,,
AVIBASE-82ABFD7F,,,,,,,,,,,,,,,,,,,,,,1.55000
AVIBASE-AA0BCF4A,,,,,,,,,,,,,,,,,,,,,,1.46000
AVIBASE-00AF5DA1,,,,,,,,,,,,,,,,,,,,,,1.60000
AVIBASE-4359B503,,,,,,,,,,,,,,,,,,,,,,1.02000
AVIBASE-27E88DB9,,,,,,,,,,,,,,,,,,,,,,1.15000
AVIBASE-FC54497E,,,,,,,,,,,,,,,,,,,,,,1.08000
AVIBASE-80FEE3DC,,,,,,,,,,,,,,,,,,,,,,
AVIBASE-CF7D71B0,11.90000,,11.90000,,,,,,,,,,,,,,,,,,,0.98000
AVIBASE-72840F17,,,,,,,,,,,,,,,,,,,,,,1.30000
AVIBASE-FC6A9CD0,,,,,54.20000,10.00000,54.30000,10.00000,13.40000,10.00000,13.40000,10.00000,11.70000,10.00000,11.60000,10.00000,,,,,,0.93000
AVIBASE-7D6F12FE,,,,,59.40000,10.00000,59.10000,10.00000,15.20000,10.00000,14.90000,10.00000,11.90000,10.00000,12.00000,10.00000,,,,,,1.21000
AVIBASE-142E4CB7,,,,,48.90000,10.00000,48.00000,10.00000,12.30000,10.00000,12.40000,10.00000,11.20000,10.00000,11.00000,10.00000,,,,,,0.77000
AVIBASE-E358EC8A,9.10000,4.00000,8.60000,6.00000,,,,,,,,,,,,,,,,,,0.85000
AVIBASE-64E386FE,16.00000,5.00000,15.30000,3.00000,60.80000,10.00000,60.20000,10.00000,15.50000,10.00000,15.30000,10.00000,17.60000,10.00000,16.90000,10.00000,,,,,,1.06000
AVIBASE-22BE6FC5,,,,,,,,,,,,,,,,,,,,,,0.95000
AVIBASE-6D4F72B1,,,,,,,,,,,,,,,,,,,,,,1.15000
AVIBASE-982303AD,,,,,,,,,,,,,,,,,,,,,,
AVIBASE-083AA376,,,,,,,,,,,,,,,,,,,,,,
AVIBASE-68DA304C,,,,,,,,,,,,,,,,,,,,,,
AVIBASE-5E0856C9,,,,,,,,,,,,,,,,,,,,,,
AVIBASE-468F5860,,,,,,,,,,,,,,,,,,,,,,1.17000
AVIBASE-549BEA0C,,,,,70.40000,10.00000,70.20000,6.00000,18.90000,10.00000,17.80000,6.00000,18.20000,10.00000,17.40000,6.00000,44.50000,10.00000,45.00000,6.00000,5.00000,1.83000
AVIBASE-CDDA63E0,17.80000,8.00000,18.00000,1.00000,67.40000,10.00000,66.70000,10.00000,16.20000,10.00000,15.60000,10.00000,13.20000,10.00000,12.80000,10.00000,41.40000,10.00000,38.00000,10.00000,5.00000,1.60000
AVIBASE-13BE59E4,23.20000,65.00000,23.10000,40.00000,73.40000,10.00000,71.70000,10.00000,16.00000,10.00000,15.90000,10.00000,14.50000,10.00000,13.80000,10.00000,47.20000,10.00000,45.20000,10.00000,4.20000,
AVIBASE-BA01A793,13.40000,16.00000,12.50000,11.00000,66.60000,17.00000,63.20000,11.00000,,,,,,,,,36.50000,20.00000,36.10000,9.00000,3.00000,1.10000
AVIBASE-30A131ED,11.60000,21.00000,12.30000,7.00000,64.00000,26.00000,62.60000,8.00000,13.90000,26.00000,13.90000,8.00000,8.70000,26.00000,8.50000,8.00000,36.60000,26.00000,35.60000,8.00000,3.00000,
AVIBASE-04D7BC6C,13.10000,16.00000,13.00000,2.00000,66.40000,18.00000,64.80000,6.00000,14.10000,18.00000,13.80000,6.00000,9.20000,18.00000,8.80000,6.00000,37.40000,18.00000,36.70000,6.00000,3.40000,
AVIBASE-49EF9657,13.00000,47.00000,13.40000,3.00000,68.10000,47.00000,65.70000,3.00000,14.40000,47.00000,14.00000,3.00000,9.00000,45.00000,8.90000,3.00000,39.10000,46.00000,39.00000,3.00000,3.00000,1.21000
AVIBASE-634F5756,12.80000,29.00000,12.90000,4.00000,67.50000,31.00000,65.50000,4.00000,14.60000,31.00000,14.00000,4.00000,8.90000,29.00000,8.60000,4.00000,39.10000,30.00000,39.80000,4.00000,3.00000,
AVIBASE-2AA13F1D,13.10000,45.00000,13.60000,17.00000,67.90000,59.00000,65.20000,23.00000,14.80000,57.00000,14.00000,23.00000,8.80000,56.00000,8.40000,7.00000,39.20000,59.00000,40.10000,22.00000,3.50000,
AVIBASE-0D1546EC,12.40000,12.00000,13.80000,1.00000,63.80000,19.00000,62.00000,4.00000,14.20000,19.00000,13.60000,4.00000,9.20000,19.00000,8.80000,4.00000,36.80000,19.00000,36.00000,4.00000,3.50000,1.18000
AVIBASE-8D05A048,11.90000,11.00000,,,65.50000,26.00000,63.30000,13.00000,13.60000,25.00000,13.60000,14.00000,8.70000,26.00000,8.40000,15.00000,42.90000,25.00000,42.80000,13.00000,3.50000,
AVIBASE-424B857C,13.20000,13.00000,11.30000,11.00000,67.30000,34.00000,65.00000,16.00000,15.60000,34.00000,14.40000,18.00000,8.50000,33.00000,8.50000,18.00000,42.40000,34.00000,39.90000,18.00000,3.00000,1.31000
AVIBASE-019E8CA3,14.90000,43.00000,13.80000,64.00000,72.70000,30.00000,70.10000,14.00000,15.50000,30.00000,15.80000,14.00000,9.20000,28.00000,9.40000,14.00000,41.00000,30.00000,41.90000,14.00000,3.50000,1.31000
AVIBASE-673E66F0,16.00000,33.00000,15.50000,46.00000,71.20000,33.00000,66.80000,17.00000,15.80000,34.00000,15.30000,18.00000,9.50000,34.00000,9.40000,18.00000,50.90000,34.00000,50.60000,18.00000,3.50000,1.18000
AVIBASE-DFCFAB2A,18.70000,2.00000,16.00000,2.00000,,,,,,,,,,,,,61.40000,25.00000,52.80000,6.00000,,
AVIBASE-E60F7093,,,,,76.80000,8.00000,,,16.80000,2.00000,,,9.60000,10.00000,,,50.60000,7.00000,,,,
AVIBASE-78607A22,20.60000,5.00000,,,76.20000,41.00000,74.80000,4.00000,16.70000,13.00000,15.20000,3.00000,10.60000,13.00000,10.00000,4.00000,58.70000,27.00000,54.70000,4.00000,,1.60000
AVIBASE-ACF0F1A2,21.20000,6.00000,19.90000,25.00000,78.60000,246.00000,75.70000,35.00000,17.00000,233.00000,16.80000,26.00000,11.30000,14.00000,9.70000,26.00000,58.80000,14.00000,55.50000,27.00000,3.50000,1.58000
AVIBASE-C1A42CCA,22.20000,8.00000,19.50000,8.00000,83.70000,142.00000,80.00000,38.00000,17.20000,136.00000,16.50000,15.00000,11.20000,16.00000,9.50000,15.00000,62.60000,40.00000,56.30000,15.00000,3.00000,1.59000
AVIBASE-9D945327,10.80000,5.00000,11.50000,2.00000,76.50000,30.00000,71.00000,30.00000,,,,,,,,,,,,,3.65000,1.47000
AVIBASE-37F52281,22.70000,103.00000,21.70000,39.00000,89.60000,17.00000,83.30000,9.00000,18.00000,125.00000,17.60000,48.00000,14.80000,17.00000,14.60000,9.00000,70.40000,10.00000,64.90000,10.00000,4.00000,2.16000
AVIBASE-A338CC4F,30.90000,2.00000,29.20000,1.00000,101.80000,35.00000,93.60000,24.00000,22.80000,35.00000,22.60000,23.00000,19.50000,33.00000,19.40000,23.00000,81.80000,35.00000,74.40000,24.00000,2.00000,3.37000
AVIBASE-E16B2C03,22.60000,67.00000,22.70000,23.00000,93.20000,22.00000,87.30000,17.00000,18.80000,65.00000,18.60000,58.00000,15.60000,25.00000,15.40000,22.00000,66.30000,22.00000,62.00000,17.00000,5.80000,2.14000
AVIBASE-FB1C44D5,11.70000,3.00000,12.00000,1.00000,75.20000,7.00000,72.60000,6.00000,14.30000,38.00000,14.20000,19.00000,10.30000,6.00000,10.50000,6.00000,55.70000,,53.20000,,4.25000,1.43000
AVIBASE-C3227709,11.60000,4.00000,12.30000,5.00000,72.30000,15.00000,68.50000,12.00000,13.60000,38.00000,13.40000,13.00000,10.30000,17.00000,10.30000,14.00000,50.60000,45.00000,48.10000,19.00000,3.70000,1.21000
AVIBASE-95594E16,12.00000,1.00000,11.00000,2.00000,77.80000,17.00000,74.60000,11.00000,14.80000,13.00000,14.40000,9.00000,10.60000,11.00000,10.70000,8.00000,55.20000,,53.40000,,4.00000,1.45000
AVIBASE-191B68BC,15.20000,101.00000,15.30000,59.00000,72.80000,23.00000,70.30000,14.00000,16.80000,22.00000,16.90000,12.00000,11.90000,22.00000,11.80000,14.00000,59.00000,23.00000,57.40000,14.00000,3.81000,1.54000
AVIBASE-E6C3FA67,,,,,79.00000,10.00000,75.80000,10.00000,15.50000,10.00000,15.40000,10.00000,12.20000,10.00000,12.00000,10.00000,56.00000,10.00000,52.30000,10.00000,3.20000,1.52000
AVIBASE-E211621B,,,,,76.90000,10.00000,75.00000,4.00000,16.70000,10.00000,16.50000,4.00000,13.00000,10.00000,12.40000,4.00000,54.20000,10.00000,52.00000,4.00000,2.50000,1.75000
AVIBASE-D419E3A5,12.90000,26.00000,12.50000,15.00000,68.40000,10.00000,66.60000,10.00000,15.20000,10.00000,14.90000,10.00000,13.10000,10.00000,12.50000,10.00000,46.80000,10.00000,46.30000,10.00000,2.40000,1.52000
AVIBASE-5108E1D3,12.00000,1.00000,12.00000,1.00000,64.10000,10.00000,63.60000,10.00000,14.50000,10.00000,14.50000,10.00000,13.70000,10.00000,13.30000,10.00000,45.90000,10.00000,45.80000,10.00000,,1.37000
AVIBASE-C978ABCC,13.10000,10.00000,12.90000,12.00000,65.60000,10.00000,64.20000,10.00000,14.90000,10.00000,14.40000,10.00000,13.20000,10.00000,13.00000,10.00000,46.80000,10.00000,45.40000,10.00000,,
AVIBASE-E16846C3,,,,,63.40000,10.00000,60.70000,7.00000,13.90000,10.00000,13.90000,7.00000,11.90000,10.00000,11.70000,7.00000,42.10000,10.00000,40.40000,7.00000,,
AVIBASE-5E456730,13.30000,13.00000,14.40000,7.00000,64.70000,3.00000,64.00000,1.00000,15.30000,3.00000,15.50000,1.00000,13.50000,3.00000,14.00000,1.00000,45.30000,3.00000,48.00000,1.00000,1.50000,
AVIBASE-994D87C2,15.30000,3.00000,15.10000,3.00000,69.90000,7.00000,68.00000,7.00000,17.10000,7.00000,17.10000,7.00000,13.00000,7.00000,13.20000,7.00000,52.20000,7.00000,50.60000,7.00000,3.00000,1.43000
AVIBASE-C887C3FC,10.80000,14.00000,,,66.10000,10.00000,65.40000,10.00000,13.70000,10.00000,13.70000,10.00000,11.20000,10.00000,10.80000,10.00000,40.40000,10.00000,40.80000,10.00000,3.00000,1.06000
AVIBASE-69EB514A,,,,,68.30000,4.00000,70.00000,1.00000,14.50000,4.00000,14.50000,1.00000,12.80000,4.00000,12.00000,1.00000,49.30000,4.00000,49.00000,1.00000,,
AVIBASE-D12CDD0F,,,,,70.10000,7.00000,68.30000,4.00000,14.10000,7.00000,14.10000,4.00000,11.30000,7.00000,11.40000,4.00000,44.30000,7.00000,41.30000,4.00000,3.00000,1.29000
AVIBASE-238953D9,11.40000,12.00000,11.40000,13.00000,65.00000,25.00000,64.00000,7.00000,13.50000,9.00000,,,11.50000,9.00000,,,38.10000,25.00000,37.40000,7.00000,3.50000,
AVIBASE-169B483C,12.90000,8.00000,12.90000,10.00000,66.50000,10.00000,66.20000,10.00000,14.10000,10.00000,14.50000,10.00000,11.80000,10.00000,11.70000,10.00000,39.30000,10.00000,40.20000,10.00000,3.00000,1.33000
AVIBASE-0CEB2DA6,23.50000,1.00000,23.30000,1.00000,82.80000,6.00000,77.20000,5.00000,17.60000,6.00000,16.90000,5.00000,17.80000,6.00000,16.40000,5.00000,62.00000,6.00000,59.80000,5.00000,2.00000,2.28000
AVIBASE-F3618305,,,,,88.20000,5.00000,85.00000,1.00000,19.00000,5.00000,19.50000,1.00000,18.20000,5.00000,18.00000,1.00000,62.80000,5.00000,58.00000,1.00000,,
AVIBASE-90C937E4,,,,,70.90000,10.00000,69.10000,10.00000,16.20000,10.00000,16.20000,10.00000,12.40000,10.00000,12.00000,10.00000,48.00000,10.00000,47.30000,10.00000,3.00000,
AVIBASE-4746346C,17.50000,22.00000,16.50000,20.00000,73.40000,10.00000,71.00000,10.00000,19.00000,10.00000,18.90000,10.00000,12.50000,10.00000,12.20000,10.00000,52.30000,10.00000,53.00000,10.00000,3.50000,1.58000
AVIBASE-53A5E91F,18.20000,98.00000,18.20000,89.00000,76.50000,10.00000,76.70000,10.00000,17.80000,10.00000,17.90000,10.00000,15.00000,10.00000,15.20000,10.00000,57.60000,10.00000,53.30000,10.00000,2.70000,1.93000
AVIBASE-294A70CC,,,,,80.40000,10.00000,75.50000,10.00000,20.60000,10.00000,19.90000,10.00000,15.90000,10.00000,14.90000,10.00000,55.70000,10.00000,52.90000,10.00000,3.30000,2.26000
AVIBASE-DE9A742B,,,,,79.00000,10.00000,78.40000,10.00000,15.40000,10.00000,15.30000,10.00000,12.80000,10.00000,12.80000,10.00000,53.70000,10.00000,50.90000,10.00000,3.00000,
AVIBASE-115CB3F4,15.20000,3.00000,15.90000,5.00000,79.00000,1.00000,78.80000,4.00000,17.00000,1.00000,17.10000,4.00000,15.00000,1.00000,14.60000,4.00000,52.80000,10.00000,52.00000,10.00000,2.30000,1.69000
AVIBASE-D5454426,,,,,82.70000,10.00000,79.80000,5.00000,14.50000,10.00000,14.70000,5.00000,12.50000,10.00000,12.50000,5.00000,54.10000,10.00000,52.40000,5.00000,3.00000,2.56000
AVIBASE-30384990,,,,,68.50000,8.00000,67.80000,5.00000,17.50000,8.00000,17.40000,5.00000,13.80000,8.00000,13.60000,5.00000,55.80000,8.00000,54.80000,5.00000,3.00000,1.78000
AVIBASE-F422B222,14.90000,2.00000,,,74.50000,2.00000,,,15.90000,2.00000,,,12.50000,2.00000,,,,,,,,
AVIBASE-580A93C2,,,,,72.00000,10.00000,69.40000,10.00000,20.60000,10.00000,19.80000,10.00000,15.10000,10.00000,15.00000,10.00000,62.10000,10.00000,59.10000,10.00000,3.00000,1.96000
AVIBASE-1CBC2DDE,,,,,68.00000,5.00000,67.20000,6.00000,21.50000,5.00000,21.50000,6.00000,13.80000,5.00000,14.00000,6.00000,60.40000,5.00000,61.00000,6.00000,,
AVIBASE-8E8B3DB9,,,33.00000,1.00000,91.20000,10.00000,88.70000,9.00000,21.90000,10.00000,21.70000,9.00000,18.80000,10.00000,18.20000,9.00000,68.50000,10.00000,65.80000,9.00000,2.00000,
AVIBASE-83F51B60,30.30000,2.00000,30.30000,3.00000,82.30000,4.00000,81.20000,5.00000,,,,,14.80000,4.00000,14.30000,5.00000,46.00000,5.00000,44.50000,4.00000,2.50000,
AVIBASE-A25D8384,,,,,83.50000,4.00000,83.00000,3.00000,19.30000,4.00000,19.50000,1.00000,17.30000,4.00000,16.80000,3.00000,66.70000,4.00000,65.00000,3.00000,,
AVIBASE-D403BDAF,,,,,,,,,,,,,,,,,,,,,3.00000,2.30000
AVIBASE-0B5B5E28,13.50000,9.00000,13.00000,9.00000,69.60000,5.00000,68.00000,4.00000,16.00000,5.00000,15.30000,4.00000,11.90000,5.00000,11.40000,4.00000,,,,,,1.67000
AVIBASE-875794B9,,,,,77.30000,8.00000,76.50000,4.00000,16.50000,8.00000,16.90000,4.00000,13.00000,8.00000,12.90000,4.00000,,,,,,
AVIBASE-CA9E354B,,,,,68.80000,10.00000,64.00000,7.00000,15.00000,10.00000,14.80000,7.00000,10.50000,10.00000,10.40000,7.00000,,,,,,1.26000
AVIBASE-80B649D4,22.70000,15.00000,24.00000,10.00000,75.10000,10.00000,72.70000,10.00000,19.30000,10.00000,19.00000,10.00000,16.00000,10.00000,15.30000,10.00000,49.60000,10.00000,48.40000,10.00000,2.50000,
AVIBASE-BE193EC5,,,,,88.50000,6.00000,81.30000,3.00000,19.90000,6.00000,18.80000,3.00000,19.80000,6.00000,17.80000,3.00000,54.00000,6.00000,50.70000,3.00000,,
AVIBASE-65BD2033,27.20000,147.00000,28.10000,77.00000,87.50000,13.00000,84.40000,8.00000,17.60000,13.00000,17.80000,6.00000,16.90000,13.00000,16.60000,7.00000,54.00000,10.00000,54.00000,1.00000,4.30000,2.17000
AVIBASE-9820CECA,14.20000,77.00000,13.40000,68.00000,73.70000,22.00000,71.90000,5.00000,13.70000,40.00000,13.80000,23.00000,13.00000,32.00000,12.90000,17.00000,43.50000,10.00000,43.50000,10.00000,4.00000,1.29000
AVIBASE-B48335B1,,,,,,,,,,,,,,,,,47.80000,29.00000,47.10000,23.00000,3.77000,1.39000
AVIBASE-C9ABA616,12.40000,13.00000,11.90000,4.00000,71.10000,61.00000,68.20000,49.00000,14.40000,64.00000,14.40000,49.00000,,,,,48.10000,61.00000,46.30000,49.00000,5.20000,1.32000
AVIBASE-CD5C21CA,8.90000,4.00000,8.80000,2.00000,63.10000,45.00000,61.40000,25.00000,12.30000,47.00000,12.50000,25.00000,9.20000,47.00000,9.10000,25.00000,40.00000,58.00000,38.60000,53.00000,4.50000,1.14000
AVIBASE-C27D9E26,10.10000,29.00000,10.20000,25.00000,67.20000,30.00000,65.00000,30.00000,13.60000,30.00000,13.20000,30.00000,8.30000,30.00000,8.00000,30.00000,46.30000,30.00000,44.70000,30.00000,4.86000,1.10000
AVIBASE-59353A05,16.00000,5.00000,14.90000,7.00000,81.00000,21.00000,78.40000,19.00000,14.80000,20.00000,14.70000,16.00000,16.30000,17.00000,15.30000,12.00000,45.30000,10.00000,44.70000,10.00000,4.20000,1.53000
AVIBASE-0B397CB0,13.00000,13.00000,13.10000,11.00000,75.20000,14.00000,73.40000,7.00000,14.90000,33.00000,14.70000,17.00000,12.40000,60.00000,12.20000,25.00000,54.30000,22.00000,53.60000,4.00000,5.00000,1.40000
AVIBASE-6CD4E38E,15.30000,24.00000,14.40000,8.00000,74.30000,14.00000,73.20000,10.00000,,,,,,,,,59.00000,22.00000,57.90000,13.00000,5.55000,1.37000
AVIBASE-32635892,19.40000,15.00000,18.50000,22.00000,80.80000,75.00000,78.70000,42.00000,16.10000,27.00000,15.80000,23.00000,13.00000,41.00000,13.00000,12.00000,52.50000,10.00000,51.50000,6.00000,4.60000,1.66000
AVIBASE-3E8BDBBA,13.40000,19.00000,,,78.30000,6.00000,72.50000,2.00000,15.30000,6.00000,15.25000,2.00000,12.80000,6.00000,13.00000,2.00000,53.00000,6.00000,50.00000,2.00000,,
AVIBASE-B150BF7F,,,,,,,,,,,,,,,,,,,,,,2.54000
AVIBASE-029491CD,24.10000,19.00000,23.60000,20.00000,103.20000,23.00000,97.70000,18.00000,22.50000,23.00000,22.20000,18.00000,,,,,69.90000,7.00000,66.20000,8.00000,4.30000,
AVIBASE-A8F0BE19,25.10000,117.00000,25.40000,98.00000,104.59000,159.00000,99.55000,107.00000,,,,,,,,,68.10000,151.00000,64.30000,77.00000,4.68000,
AVIBASE-0B90527D,24.80000,4.00000,29.20000,4.00000,106.45000,107.00000,101.09000,39.00000,,,,,,,,,70.40000,113.00000,66.10000,26.00000,4.18000,
AVIBASE-B4EE123D,25.90000,72.00000,24.60000,148.00000,80.52000,148.00000,81.27000,19.00000,17.17000,72.00000,17.04000,148.00000,10.64000,72.00000,10.57000,148.00000,59.70000,72.00000,56.30000,148.00000,3.94000,2.34000
AVIBASE-3A713345,23.10000,38.00000,23.70000,87.00000,84.80000,32.00000,82.70000,13.00000,19.00000,29.00000,19.10000,13.00000,14.20000,31.00000,14.30000,13.00000,56.30000,33.00000,55.40000,13.00000,5.13000,2.25000
AVIBASE-AC1E519F,26.90000,12.00000,28.20000,12.00000,92.80000,14.00000,89.40000,7.00000,19.60000,14.00000,19.00000,7.00000,12.80000,14.00000,12.80000,7.00000,62.50000,14.00000,61.70000,7.00000,4.50000,2.25000
AVIBASE-89431E9F,21.40000,561.00000,22.10000,405.00000,80.20000,559.00000,77.80000,496.00000,17.20000,560.00000,17.20000,466.00000,8.70000,547.00000,8.70000,469.00000,59.60000,556.00000,57.70000,496.00000,4.21000,1.95000
AVIBASE-8F36D663,20.70000,9.00000,21.50000,2.00000,97.80000,11.00000,93.00000,2.00000,19.90000,12.00000,19.70000,11.00000,13.70000,12.00000,13.60000,8.00000,62.10000,13.00000,59.20000,11.00000,4.50000,2.11000
AVIBASE-68DF5AB7,26.60000,10.00000,27.50000,1.00000,92.20000,19.00000,88.00000,11.00000,20.50000,21.00000,20.60000,10.00000,15.20000,22.00000,14.90000,10.00000,64.30000,20.00000,60.80000,10.00000,,2.60000
AVIBASE-7621E1A6,45.90000,11.00000,45.90000,2.00000,115.90000,22.00000,111.90000,8.00000,23.50000,6.00000,23.20000,8.00000,19.40000,29.00000,19.20000,8.00000,90.30000,20.00000,86.50000,5.00000,4.50000,3.65000
AVIBASE-83AC4DAD,53.30000,16.00000,53.00000,16.00000,109.40000,22.00000,109.20000,11.00000,22.20000,20.00000,22.50000,11.00000,21.00000,21.00000,21.00000,11.00000,84.80000,21.00000,84.90000,11.00000,3.78000,4.30000
AVIBASE-CAAD3E23,55.00000,20.00000,53.80000,15.00000,105.50000,7.00000,103.50000,3.00000,19.20000,20.00000,19.60000,17.00000,24.20000,21.00000,23.70000,17.00000,64.70000,7.00000,60.70000,3.00000,3.79000,3.26000
AVIBASE-74FCC44D,44.60000,6.00000,41.80000,5.00000,100.20000,32.00000,98.10000,29.00000,18.30000,15.00000,18.20000,13.00000,22.80000,15.00000,22.30000,13.00000,,,,,3.50000,2.85000
AVIBASE-135564AA,41.20000,10.00000,40.50000,11.00000,99.50000,20.00000,96.00000,17.00000,18.00000,37.00000,18.00000,26.00000,23.00000,42.00000,22.40000,28.00000,58.20000,12.00000,54.60000,13.00000,3.30000,2.95000
AVIBASE-80C297E6,34.00000,13.00000,31.60000,5.00000,90.10000,8.00000,85.90000,11.00000,15.80000,4.00000,15.90000,7.00000,19.60000,8.00000,18.60000,10.00000,61.10000,14.00000,58.50000,40.00000,4.00000,2.54000
AVIBASE-24764DC7,30.90000,24.00000,31.20000,28.00000,93.80000,21.00000,91.80000,13.00000,18.00000,19.00000,17.70000,12.00000,15.50000,12.00000,15.20000,14.00000,70.50000,20.00000,69.60000,13.00000,4.50000,2.41000
AVIBASE-84E1F114,56.50000,7.00000,52.90000,3.00000,103.60000,54.00000,101.40000,29.00000,21.40000,45.00000,20.90000,20.00000,25.30000,48.00000,24.40000,23.00000,55.00000,10.00000,52.80000,10.00000,3.80000,3.89000
AVIBASE-C6B5497C,61.00000,27.00000,58.00000,42.00000,111.30000,472.00000,108.10000,753.00000,20.90000,928.00000,21.00000,744.00000,15.30000,464.00000,15.10000,738.00000,64.40000,11.00000,62.30000,7.00000,,3.95000
AVIBASE-DB422AD0,,,,,76.20000,42.00000,74.20000,28.00000,22.30000,41.00000,21.50000,25.00000,,,,,59.00000,119.00000,56.60000,97.00000,2.91000,
AVIBASE-AFEB17B8,34.40000,249.00000,32.20000,170.00000,80.90000,250.00000,77.20000,170.00000,25.70000,250.00000,24.50000,170.00000,,,,,,,,,3.20000,
AVIBASE-AC2EDFEE,,,,,94.60000,37.00000,90.20000,26.00000,24.20000,39.00000,23.90000,26.00000,15.50000,35.00000,15.50000,26.00000,54.80000,18.00000,53.60000,10.00000,2.50000,
AVIBASE-6B31D099,38.10000,449.00000,37.60000,246.00000,89.50000,421.00000,86.30000,243.00000,25.20000,421.00000,24.90000,242.00000,12.90000,421.00000,12.70000,240.00000,65.60000,413.00000,63.60000,233.00000,2.00000,4.00000
AVIBASE-99A702C3,24.80000,26.00000,19.70000,20.00000,73.70000,27.00000,67.70000,18.00000,23.20000,27.00000,21.30000,20.00000,20.40000,27.00000,17.10000,20.00000,44.80000,26.00000,41.40000,19.00000,1.50000,
AVIBASE-2019D40E,,,,,80.07000,15.00000,76.00000,5.00000,22.14000,7.00000,21.33000,3.00000,27.63000,12.00000,24.82000,5.00000,44.80000,22.00000,42.90000,7.00000,1.00000,
AVIBASE-DDE78CC9,28.90000,38.00000,27.10000,16.00000,81.56000,32.00000,78.67000,6.00000,25.06000,31.00000,24.03000,6.00000,26.61000,24.00000,21.97000,6.00000,,,,,,1.50000
AVIBASE-2CFFFB8A,,,,,,,,,,,,,,,,,,,,,,
AVIBASE-D94752EA,14.00000,61.00000,12.30000,21.00000,,,,,22.80000,54.00000,22.10000,22.00000,12.90000,63.00000,12.20000,25.00000,,,,,,
AVIBASE-0F8900D1,10.70000,7.00000,11.20000,1.00000,,,,,20.60000,,20.30000,,,,,,51.60000,8.00000,51.10000,4.00000,2.00000,
AVIBASE-B690DF97,10.60000,33.00000,10.40000,42.00000,63.60000,,60.20000,,19.80000,33.00000,19.10000,42.00000,11.60000,33.00000,11.30000,42.00000,43.70000,40.00000,46.90000,31.00000,1.65000,1.46000
AVIBASE-A71C0CB7,19.90000,21.00000,16.70000,12.00000,80.90000,33.00000,76.00000,14.00000,25.80000,33.00000,23.90000,11.00000,27.50000,32.00000,25.20000,14.00000,51.90000,52.00000,49.20000,13.00000,2.00000,2.50000
AVIBASE-A643D860,28.80000,9.00000,23.60000,8.00000,,,,,32.70000,10.00000,29.80000,8.00000,,,,,,,,,,
AVIBASE-374CF449,16.00000,42.00000,14.00000,106.00000,76.10000,20.00000,70.60000,23.00000,23.40000,19.00000,22.30000,18.00000,13.20000,19.00000,12.70000,16.00000,51.20000,19.00000,47.00000,18.00000,2.80000,4.15000
AVIBASE-9AC8AEA8,,,,,,,,,,,,,,,,,,,,,,
AVIBASE-56FB47C0,29.90000,57.00000,29.50000,38.00000,88.30000,162.00000,83.60000,74.00000,19.40000,78.00000,19.20000,46.00000,14.20000,83.00000,13.80000,49.00000,70.20000,83.00000,66.90000,50.00000,3.46491,2.94000
AVIBASE-43EF3EA7,28.40000,7.00000,24.60000,4.00000,94.00000,39.00000,88.90000,17.00000,19.50000,27.00000,19.50000,10.00000,11.50000,27.00000,14.20000,10.00000,75.00000,27.00000,69.10000,10.00000,4.50000,2.96000
AVIBASE-9AAB8C21,23.90000,173.00000,23.60000,16.00000,81.00000,45.00000,77.80000,25.00000,18.30000,28.00000,18.30000,10.00000,14.00000,43.00000,14.30000,22.00000,70.40000,10.00000,67.80000,10.00000,4.20000,2.90000
AVIBASE-4836E64E,24.20000,51.00000,22.70000,38.00000,81.70000,32.00000,77.80000,28.00000,19.00000,22.00000,19.20000,21.00000,13.60000,31.00000,13.40000,26.00000,78.90000,10.00000,71.50000,10.00000,4.10000,2.77000
AVIBASE-CF70007E,21.30000,17.00000,20.90000,8.00000,89.30000,12.00000,84.80000,6.00000,20.40000,12.00000,19.50000,6.00000,15.10000,12.00000,14.30000,6.00000,70.40000,12.00000,66.00000,6.00000,4.50000,2.45000
AVIBASE-7C5AC300,24.40000,6.00000,24.20000,2.00000,93.30000,7.00000,88.70000,3.00000,,,,,,,,,75.30000,7.00000,69.90000,7.00000,4.50000,2.76000
AVIBASE-47210561,21.40000,6.00000,26.10000,2.00000,87.50000,53.00000,83.90000,28.00000,18.50000,50.00000,18.60000,24.00000,14.00000,55.00000,14.20000,26.00000,67.80000,10.00000,63.50000,10.00000,4.50000,2.48000
AVIBASE-A7F3E6AE,21.20000,8.00000,21.00000,2.00000,84.50000,34.00000,80.50000,13.00000,18.20000,31.00000,18.30000,10.00000,13.80000,34.00000,13.40000,12.00000,66.50000,10.00000,62.60000,10.00000,4.50000,2.31000
AVIBASE-CDF4A106,15.10000,10.00000,14.50000,7.00000,79.60000,32.00000,74.80000,21.00000,17.50000,9.00000,17.50000,7.00000,12.80000,11.00000,12.60000,7.00000,64.10000,10.00000,61.90000,10.00000,3.10000,2.03000
AVIBASE-6D102D72,15.10000,8.00000,14.40000,7.00000,78.40000,10.00000,74.10000,10.00000,18.20000,10.00000,18.10000,10.00000,12.10000,10.00000,11.60000,10.00000,60.60000,10.00000,58.20000,10.00000,2.90000,1.70000
AVIBASE-0C571D99,13.20000,1.00000,14.50000,1.00000,79.00000,10.00000,76.40000,10.00000,18.10000,10.00000,18.00000,10.00000,12.70000,10.00000,12.30000,10.00000,63.90000,10.00000,61.60000,10.00000,2.60000,1.69000
AVIBASE-C2521D3C,20.90000,3.00000,22.50000,1.00000,78.70000,10.00000,76.10000,9.00000,20.20000,10.00000,20.20000,9.00000,13.50000,10.00000,13.20000,9.00000,67.30000,10.00000,63.60000,9.00000,2.60000,2.06000
AVIBASE-1866F80E,15.70000,85.00000,15.10000,79.00000,72.40000,30.00000,68.80000,13.00000,17.50000,9.00000,17.70000,7.00000,12.40000,11.00000,11.60000,9.00000,54.90000,11.00000,51.60000,9.00000,5.03000,1.89000
AVIBASE-DA9746CE,19.70000,4.00000,18.40000,7.00000,80.70000,18.00000,77.50000,10.00000,19.40000,13.00000,19.10000,15.00000,13.70000,19.00000,13.60000,12.00000,,,,,4.61000,2.46000
AVIBASE-7574C0E5,22.30000,15.00000,20.00000,5.00000,77.80000,19.00000,73.50000,8.00000,20.90000,12.00000,20.30000,6.00000,14.40000,19.00000,14.00000,8.00000,55.40000,18.00000,53.00000,8.00000,4.34000,2.46000
AVIBASE-ACDCF3CC,17.60000,3.00000,16.60000,2.00000,74.10000,14.00000,71.40000,8.00000,19.00000,12.00000,18.90000,8.00000,13.20000,13.00000,13.00000,8.00000,55.30000,11.00000,52.30000,8.00000,,1.85000
AVIBASE-D1C1A026,18.50000,5.00000,17.60000,5.00000,83.00000,10.00000,80.60000,10.00000,18.80000,10.00000,18.60000,10.00000,13.90000,10.00000,13.90000,10.00000,71.30000,10.00000,68.10000,10.00000,2.40000,
AVIBASE-72386016,,,,,74.90000,10.00000,71.60000,10.00000,18.30000,10.00000,18.20000,10.00000,13.70000,10.00000,13.90000,10.00000,66.80000,10.00000,66.20000,10.00000,2.60000,1.75000
AVIBASE-BB11EE7F,,,,,74.30000,7.00000,72.00000,7.00000,18.10000,7.00000,18.40000,7.00000,12.60000,7.00000,12.70000,7.00000,60.60000,7.00000,57.30000,7.00000,,
AVIBASE-45059BE8,24.00000,1.00000,24.80000,2.00000,81.00000,10.00000,76.80000,10.00000,19.70000,10.00000,19.80000,10.00000,15.00000,10.00000,14.50000,10.00000,72.50000,10.00000,66.60000,10.00000,2.50000,2.70000
AVIBASE-E2D2CB88,29.70000,20.00000,27.00000,9.00000,96.10000,16.00000,89.40000,12.00000,22.30000,14.00000,22.20000,10.00000,17.60000,16.00000,17.60000,11.00000,67.70000,15.00000,66.20000,12.00000,3.90000,3.08000
AVIBASE-DBF8D184,25.30000,27.00000,24.20000,19.00000,88.70000,12.00000,85.00000,7.00000,20.80000,10.00000,20.60000,6.00000,15.80000,12.00000,14.90000,6.00000,67.20000,13.00000,63.30000,6.00000,3.56000,2.77000
AVIBASE-9787BE57,18.20000,16.00000,16.70000,11.00000,72.30000,27.00000,68.30000,19.00000,19.40000,18.00000,19.10000,12.00000,14.00000,23.00000,13.90000,17.00000,57.80000,25.00000,56.10000,16.00000,,2.10000
AVIBASE-B3912692,14.60000,8.00000,14.20000,3.00000,73.60000,10.00000,69.90000,9.00000,18.20000,10.00000,18.20000,9.00000,11.50000,10.00000,11.40000,9.00000,60.80000,10.00000,58.90000,9.00000,4.41000,1.60000
AVIBASE-08E818A7,19.70000,27.00000,17.90000,18.00000,81.40000,16.00000,75.40000,7.00000,20.50000,162.00000,20.10000,130.00000,12.20000,158.00000,11.80000,130.00000,67.20000,10.00000,62.80000,10.00000,4.50000,2.19000
AVIBASE-9A87EBB0,52.40000,15.00000,40.90000,11.00000,101.40000,76.00000,92.80000,36.00000,25.30000,47.00000,24.70000,27.00000,16.50000,48.00000,15.60000,48.00000,76.70000,10.00000,68.50000,10.00000,4.90000,3.91000
AVIBASE-61E5A0E3,25.40000,21.00000,25.00000,14.00000,91.20000,,84.30000,,19.80000,,19.00000,,11.70000,,11.20000,,53.80000,,48.30000,,3.38000,2.48000
AVIBASE-3534E4CE,24.40000,11.00000,22.90000,8.00000,96.10000,18.00000,89.30000,16.00000,20.80000,20.00000,20.90000,10.00000,13.00000,16.00000,12.30000,13.00000,62.50000,23.00000,58.60000,12.00000,4.91000,2.46000
AVIBASE-D307C9A0,28.50000,22.00000,24.30000,7.00000,92.20000,13.00000,88.40000,6.00000,20.90000,13.00000,20.60000,6.00000,10.60000,13.00000,10.00000,4.00000,63.70000,11.00000,58.80000,9.00000,3.94000,2.55000
AVIBASE-B64C1B1D,19.80000,40.00000,20.10000,98.00000,87.00000,40.00000,81.80000,98.00000,19.00000,40.00000,18.80000,98.00000,9.90000,10.00000,9.80000,12.00000,56.80000,10.00000,52.40000,12.00000,4.07000,2.03000
AVIBASE-9BEBC025,38.70000,20.00000,36.00000,4.00000,110.60000,24.00000,104.20000,19.00000,21.10000,16.00000,20.90000,14.00000,,,,,69.80000,15.00000,64.20000,18.00000,5.34000,3.12000
AVIBASE-85BA79C0,42.90000,3.00000,,,115.00000,9.00000,107.00000,9.00000,22.40000,,21.80000,,12.20000,,11.20000,,,,,,,
AVIBASE-938C5572,36.10000,22.00000,35.90000,19.00000,87.60000,,83.30000,,24.10000,,23.60000,,14.00000,,13.00000,,68.80000,,66.00000,,3.72000,3.14000
AVIBASE-0B1B2EB6,,,,,,,,,,,,,,,,,70.60000,14.00000,66.20000,7.00000,,3.21000
AVIBASE-A5F09E05,25.00000,,23.40000,,71.40000,,67.33000,,24.37000,,23.98000,,15.87000,,15.49000,,69.90000,,64.50000,,4.00000,2.62000
AVIBASE-AF49F890,19.00000,19.00000,18.60000,9.00000,61.80000,15.00000,61.30000,19.00000,20.30000,15.00000,,,,,,,59.20000,20.00000,58.10000,33.00000,4.31000,2.10000
AVIBASE-4E192262,18.80000,,,,61.20000,26.00000,61.10000,28.00000,20.70000,26.00000,,,8.20000,26.00000,8.20000,28.00000,59.00000,8.00000,56.00000,8.00000,3.90000,2.22000
AVIBASE-A7280FF0,,,,,,,,,,,,,,,,,,,,,,2.70000
AVIBASE-DDAF0666,37.40000,41.00000,33.70000,40.00000,86.00000,41.00000,80.70000,40.00000,23.80000,41.00000,22.70000,40.00000,9.50000,41.00000,9.40000,40.00000,,,,,4.00000,3.26000
AVIBASE-39BD9FF2,26.40000,34.00000,25.10000,19.00000,73.90000,,69.30000,,23.60000,,,,11.40000,,,,72.10000,15.00000,68.90000,14.00000,4.07000,2.77000
AVIBASE-8601A467,30.70000,,27.10000,,80.90000,,76.20000,,,,,,,,,,70.50000,11.00000,67.80000,12.00000,4.50000,2.91000
AVIBASE-BD61BDEC,31.70000,27.00000,32.30000,14.00000,78.80000,26.00000,74.50000,14.00000,23.70000,26.00000,23.20000,14.00000,9.00000,26.00000,8.80000,14.00000,,,,,4.15000,2.94000
AVIBASE-05FF3C9B,18.90000,96.00000,19.20000,46.00000,78.17000,104.00000,73.50000,50.00000,20.56000,116.00000,20.26000,57.00000,8.02000,92.00000,8.03000,53.00000,68.10000,104.00000,65.60000,48.00000,4.00000,2.13000
AVIBASE-D552A818,,,,,79.30000,113.00000,75.50000,78.00000,20.90000,117.00000,20.90000,77.00000,8.40000,105.00000,8.50000,59.00000,72.70000,56.00000,74.00000,25.00000,3.54000,2.50000
AVIBASE-31CE00C7,19.50000,,19.50000,,69.10000,,66.30000,,,,,,,,,,,,,,3.87000,2.56000
AVIBASE-0F81304F,24.30000,165.00000,22.20000,119.00000,60.90000,52.00000,57.50000,54.00000,,,,,,,,,60.90000,52.00000,57.50000,54.00000,3.44000,2.63000
AVIBASE-79C9C8C4,16.80000,20.00000,16.90000,7.00000,60.00000,20.00000,58.00000,7.00000,20.20000,20.00000,20.20000,7.00000,8.30000,20.00000,8.40000,7.00000,52.00000,20.00000,49.00000,7.00000,3.97000,2.14000
AVIBASE-B656B15D,13.80000,10.00000,13.80000,6.00000,52.10000,92.00000,50.60000,30.00000,18.30000,10.00000,18.00000,10.00000,9.10000,10.00000,9.10000,10.00000,49.00000,10.00000,49.80000,10.00000,4.51000,1.83000
AVIBASE-CDA2F827,12.80000,73.00000,12.70000,34.00000,52.40000,62.00000,50.30000,28.00000,,,,,12.30000,24.00000,11.50000,15.00000,47.90000,17.00000,42.90000,9.00000,4.10000,1.96000
AVIBASE-67EFC061,18.90000,57.00000,17.80000,13.00000,71.60000,8.00000,67.60000,5.00000,20.60000,8.00000,19.80000,5.00000,10.70000,8.00000,10.40000,5.00000,52.80000,8.00000,51.60000,5.00000,4.55000,2.21000
AVIBASE-5BFFE091,17.70000,25.00000,18.40000,5.00000,60.74000,25.00000,57.88000,5.00000,,,,,,,,,44.10000,,41.50000,,4.28000,2.01000
AVIBASE-2A86F9C9,18.60000,64.00000,17.10000,40.00000,75.00000,50.00000,71.30000,44.00000,20.60000,49.00000,20.00000,41.00000,9.90000,50.00000,9.50000,44.00000,65.10000,50.00000,63.90000,44.00000,4.96000,2.21000
AVIBASE-37E9CCDA,12.10000,29.00000,13.40000,23.00000,72.00000,,67.80000,,17.30000,,16.80000,,9.30000,,9.50000,,62.30000,,58.80000,,3.70000,1.60000
AVIBASE-486265CF,11.70000,8.00000,12.20000,10.00000,63.00000,162.00000,59.40000,134.00000,,,,,,,,,,,,,4.04000,1.46000
AVIBASE-29967541,8.90000,14.00000,9.00000,8.00000,62.30000,14.00000,62.00000,8.00000,16.70000,14.00000,16.80000,8.00000,7.60000,14.00000,6.30000,8.00000,62.60000,14.00000,62.10000,8.00000,3.08000,1.38000
AVIBASE-E23F6DE0,13.20000,15.00000,13.00000,17.00000,66.10000,117.00000,62.40000,141.00000,17.10000,22.00000,16.40000,27.00000,10.50000,22.00000,9.60000,27.00000,62.10000,22.00000,59.70000,26.00000,3.75000,1.71000
AVIBASE-ECC32BD0,11.20000,45.00000,11.20000,18.00000,62.00000,45.00000,60.20000,18.00000,18.80000,45.00000,18.60000,18.00000,8.40000,45.00000,8.30000,18.00000,70.30000,27.00000,68.80000,21.00000,3.44000,1.63000
AVIBASE-3647E146,24.00000,20.00000,23.00000,14.00000,81.24000,71.00000,78.04000,42.00000,20.28000,71.00000,20.29000,41.00000,8.77000,72.00000,8.55000,43.00000,63.90000,35.00000,62.70000,24.00000,3.98000,2.52000
AVIBASE-78509A5D,28.30000,45.00000,27.80000,27.00000,87.20000,15.00000,82.80000,8.00000,19.71000,14.00000,19.37000,8.00000,9.21000,15.00000,9.00000,8.00000,65.30000,14.00000,62.90000,8.00000,4.04000,2.69000
AVIBASE-A0F29F1E,14.10000,22.00000,13.40000,17.00000,66.40000,25.00000,65.10000,20.00000,22.50000,19.00000,22.20000,16.00000,10.90000,45.00000,10.50000,13.00000,59.40000,45.00000,58.60000,13.00000,2.79000,1.86000
AVIBASE-55572EBE,18.50000,50.00000,17.70000,27.00000,79.30000,12.00000,74.20000,9.00000,20.50000,12.00000,20.60000,9.00000,7.50000,9.00000,7.60000,7.00000,63.70000,66.00000,59.60000,55.00000,3.39000,2.09000
AVIBASE-8C954D4E,,,,,,,,,,,,,,,,,68.70000,44.00000,,,3.50000,
AVIBASE-DAD22BB6,,,,,60.20000,20.00000,57.90000,17.00000,,,,,,,,,61.90000,17.00000,59.30000,14.00000,3.90000,2.38000
AVIBASE-F4C9CD76,19.70000,47.00000,21.00000,9.00000,63.50000,80.00000,61.60000,10.00000,,,,,,,,,66.10000,51.00000,63.30000,11.00000,3.30000,2.75000
AVIBASE-B58AFD6E,17.80000,28.00000,18.10000,15.00000,63.80000,43.00000,62.00000,16.00000,,,,,,,,,67.80000,13.00000,66.40000,13.00000,3.99000,2.11000
AVIBASE-FC84F301,15.00000,44.00000,15.00000,24.00000,59.30000,62.00000,56.99000,38.00000,19.08000,58.00000,18.81000,47.00000,7.40000,58.00000,7.25000,50.00000,63.00000,42.00000,60.90000,32.00000,3.52000,1.95000
AVIBASE-7784B060,18.10000,14.00000,17.40000,5.00000,58.70000,18.00000,56.90000,11.00000,21.80000,18.00000,22.40000,11.00000,7.80000,15.00000,7.90000,10.00000,67.70000,48.00000,64.80000,38.00000,3.45000,2.90000
AVIBASE-45D829B3,29.00000,17.00000,29.40000,16.00000,77.50000,53.00000,74.60000,40.00000,24.60000,,23.60000,,12.70000,,12.70000,,,,,,,
AVIBASE-3900E731,,,,,,,,,,,,,,,,,,,,,,6.13000
AVIBASE-6090278A,41.70000,205.00000,39.30000,128.00000,85.80000,41.00000,81.70000,26.00000,26.50000,41.00000,26.00000,26.00000,14.30000,41.00000,14.00000,26.00000,90.90000,17.00000,86.20000,8.00000,,3.65000
AVIBASE-2C9B6D93,47.50000,69.00000,44.70000,44.00000,91.55000,114.00000,86.68000,57.00000,28.54000,24.00000,27.69000,21.00000,10.71000,23.00000,10.25000,21.00000,112.90000,106.00000,110.80000,56.00000,2.85000,3.99000
AVIBASE-B745D852,51.50000,19.00000,51.10000,19.00000,97.70000,,91.60000,,28.00000,,27.80000,,10.70000,,10.60000,,110.10000,,105.40000,,3.69000,
AVIBASE-FE69A9C4,47.00000,,43.00000,,94.45000,39.00000,89.14000,33.00000,25.90000,46.00000,25.21000,37.00000,10.68000,46.00000,10.48000,37.00000,104.40000,26.00000,100.60000,24.00000,3.00000,4.55000
AVIBASE-876C97F1,,,,,,,,,,,,,,,,,,,,,,3.90000
AVIBASE-EF18C1EC,23.20000,47.00000,21.70000,20.00000,62.00000,46.00000,59.10000,19.00000,24.25000,,23.75000,,13.10000,,12.45000,,66.00000,,60.10000,,3.50000,2.99000
AVIBASE-BED7D8CC,,,,,,,,,,,,,,,,,,,,,,
AVIBASE-FB47A4AE,,,,,,,,,,,,,,,,,,,,,,2.79000
AVIBASE-EF23B33C,,,,,,,,,,,,,,,,,,,,,,
AVIBASE-03CE3B88,39.70000,,36.90000,,,,,,,,,,,,,,,,,,,
AVIBASE-207491AE,,,,,60.20000,191.00000,57.40000,60.00000,16.20000,191.00000,16.10000,60.00000,11.70000,191.00000,11.50000,60.00000,42.30000,191.00000,40.70000,60.00000,4.20000,1.27000
AVIBASE-B617FE7D,8.90000,170.00000,9.10000,10.00000,60.80000,22.00000,57.10000,23.00000,17.80000,22.00000,17.10000,23.00000,,,,,50.90000,21.00000,47.10000,23.00000,4.34000,1.27000
AVIBASE-83F326C8,9.30000,24.00000,9.30000,9.00000,62.50000,24.00000,58.00000,9.00000,17.50000,9.00000,17.80000,3.00000,10.70000,9.00000,10.90000,3.00000,46.20000,9.00000,45.50000,3.00000,5.00000,1.47000
AVIBASE-D204A930,9.60000,224.00000,9.50000,202.00000,62.60000,223.00000,59.10000,204.00000,17.18000,224.00000,16.98000,206.00000,7.95000,196.00000,7.89000,197.00000,44.60000,107.00000,41.90000,129.00000,5.59000,1.29000
AVIBASE-FFF61080,8.80000,81.00000,9.60000,5.00000,58.50000,79.00000,54.90000,6.00000,20.40000,6.00000,,,11.30000,6.00000,,,50.10000,65.00000,47.30000,21.00000,4.60000,1.38000
AVIBASE-183E5F90,8.90000,198.00000,8.60000,257.00000,58.90000,153.00000,56.20000,99.00000,17.00000,6.00000,17.30000,3.00000,9.50000,10.00000,9.40000,6.00000,43.90000,10.00000,41.40000,6.00000,4.71000,1.19000
AVIBASE-A97F14D0,8.10000,40.00000,8.30000,38.00000,60.00000,44.00000,57.00000,48.00000,18.00000,12.00000,17.40000,8.00000,9.40000,4.00000,9.40000,2.00000,47.00000,8.00000,46.00000,7.00000,3.59000,1.27000
AVIBASE-82F8890F,,,,,65.00000,,61.30000,,19.00000,,18.50000,,11.40000,,11.20000,,55.50000,,54.00000,,4.00000,1.75000
AVIBASE-E8EB3C96,,,,,56.90000,,52.10000,,16.30000,,15.50000,,8.40000,,8.40000,,42.90000,5.00000,38.60000,3.00000,4.00000,0.99000
AVIBASE-41062654,8.10000,8.00000,7.70000,3.00000,59.20000,166.00000,55.20000,56.00000,14.90000,166.00000,14.50000,56.00000,7.40000,166.00000,7.20000,56.00000,38.90000,166.00000,36.40000,56.00000,3.94000,1.26000
AVIBASE-1529CCF1,7.20000,10.00000,6.60000,6.00000,52.50000,11.00000,49.60000,2.00000,16.10000,11.00000,15.30000,2.00000,9.70000,11.00000,9.10000,2.00000,52.40000,43.00000,49.50000,8.00000,3.14000,1.38000
AVIBASE-2BC547FD,,,,,,,,,,,,,,,,,,,,,,
AVIBASE-03561EAE,,,,,,,,,,,,,,,,,,,,,,1.50000
AVIBASE-A6C0C4A9,10.00000,178.00000,9.60000,140.00000,64.20000,61.00000,,,,,,,,,,,45.10000,126.00000,43.30000,66.00000,4.41000,1.35000
AVIBASE-7AB1229B,12.80000,,12.00000,,63.20000,,60.20000,,18.30000,,17.80000,,9.90000,,9.40000,,50.30000,,46.80000,,3.92000,1.37000
AVIBASE-1E82CE1E,8.80000,246.00000,8.40000,133.00000,60.70000,27.00000,57.92000,18.00000,18.29000,29.00000,18.03000,18.00000,9.01000,29.00000,8.94000,16.00000,49.30000,8.00000,48.20000,7.00000,3.96000,1.31000
AVIBASE-DB20CB6B,11.10000,18.00000,10.20000,5.00000,66.20000,18.00000,64.10000,5.00000,20.60000,18.00000,19.20000,5.00000,8.10000,18.00000,7.30000,5.00000,45.40000,25.00000,44.80000,14.00000,5.80000,1.33000
AVIBASE-67B455A7,9.80000,70.00000,9.00000,30.00000,65.20000,17.00000,61.10000,10.00000,18.70000,17.00000,18.60000,10.00000,9.40000,17.00000,9.20000,10.00000,51.10000,17.00000,48.50000,10.00000,3.80000,1.49000
AVIBASE-524C7116,12.90000,231.00000,12.20000,29.00000,74.70000,25.00000,72.40000,21.00000,18.80000,25.00000,18.70000,21.00000,9.50000,25.00000,9.40000,21.00000,55.20000,25.00000,54.20000,21.00000,3.86000,1.66000
AVIBASE-6B7A93C5,8.80000,11.00000,7.90000,13.00000,62.20000,,59.10000,,17.70000,,17.30000,,9.20000,,9.10000,,49.80000,,47.90000,,4.00000,1.35000
AVIBASE-F6C6C3F7,9.10000,48.00000,8.60000,48.00000,66.50000,10.00000,63.30000,10.00000,17.60000,207.00000,17.30000,75.00000,6.90000,207.00000,6.90000,75.00000,51.30000,207.00000,49.40000,75.00000,5.70000,1.52000
AVIBASE-0EB07C12,10.40000,215.00000,10.30000,14.00000,67.00000,25.00000,63.00000,11.00000,17.50000,25.00000,16.80000,11.00000,6.80000,25.00000,6.80000,11.00000,51.80000,25.00000,49.70000,11.00000,4.30000,1.53000
AVIBASE-9FFEDE99,,,,,63.80000,9.00000,60.00000,7.00000,17.30000,9.00000,17.70000,7.00000,,,,,47.80000,9.00000,46.00000,7.00000,4.00000,1.44000
AVIBASE-8A35BFD6,9.90000,681.00000,9.90000,66.00000,64.90000,30.00000,61.30000,28.00000,18.60000,29.00000,18.20000,28.00000,,,,,53.20000,30.00000,50.90000,28.00000,3.50000,1.62000
AVIBASE-4168AF09,10.10000,,10.30000,,67.80000,5.00000,64.30000,5.00000,17.50000,5.00000,17.50000,5.00000,,,,,48.30000,5.00000,46.70000,5.00000,4.00000,1.47000
AVIBASE-136451CF,9.90000,9.00000,9.50000,6.00000,66.00000,22.00000,63.90000,10.00000,17.76000,21.00000,17.42000,10.00000,10.19000,22.00000,10.50000,10.00000,49.20000,21.00000,49.30000,10.00000,4.00000,1.52000
AVIBASE-946DCF53,8.00000,6.00000,7.50000,2.00000,61.50000,100.00000,61.50000,35.00000,17.00000,10.00000,16.50000,10.00000,9.50000,10.00000,9.50000,10.00000,49.50000,100.00000,47.50000,24.00000,3.20000,1.43000
AVIBASE-43F4D735,,,,,,,,,,,,,,,,,,,,,,1.45000
AVIBASE-6283E61E,,,,,73.00000,40.00000,69.50000,40.00000,18.50000,27.00000,18.20000,9.00000,10.90000,27.00000,10.60000,9.00000,53.00000,20.00000,49.00000,20.00000,3.74000,1.73000
AVIBASE-B9A2B7CC,13.70000,64.00000,14.20000,13.00000,71.70000,53.00000,68.00000,33.00000,21.20000,52.00000,21.20000,37.00000,10.40000,50.00000,10.40000,36.00000,57.60000,52.00000,54.80000,34.00000,4.63000,1.90000
AVIBASE-E36325FA,7.30000,23.00000,7.70000,43.00000,57.30000,156.00000,54.20000,117.00000,18.20000,19.00000,18.10000,8.00000,10.10000,17.00000,9.80000,8.00000,47.30000,151.00000,45.60000,117.00000,3.89000,1.26000
AVIBASE-5574D3D5,,,,,,,,,,,,,,,,,,,,,,
AVIBASE-4AAEF549,9.70000,4.00000,10.60000,4.00000,64.50000,9.00000,60.70000,8.00000,20.10000,9.00000,19.60000,8.00000,,,,,52.60000,9.00000,49.00000,8.00000,4.59000,1.52000
AVIBASE-10C601D3,12.90000,17.00000,11.10000,22.00000,74.60000,18.00000,68.90000,21.00000,18.30000,8.00000,18.30000,8.00000,10.40000,8.00000,9.60000,8.00000,53.10000,8.00000,50.00000,8.00000,5.80000,1.55000
AVIBASE-544A5E6B,11.90000,17.00000,12.70000,17.00000,74.20000,25.00000,71.50000,17.00000,19.10000,25.00000,19.10000,17.00000,9.90000,25.00000,10.00000,17.00000,51.30000,25.00000,48.40000,17.00000,4.32000,1.78000
AVIBASE-D00EC2C9,9.10000,,8.20000,,64.50000,23.00000,62.30000,22.00000,,,,,9.62000,23.00000,9.56000,22.00000,42.40000,23.00000,40.90000,22.00000,3.53000,1.49000
AVIBASE-F630DE1F,,,,,,,,,,,,,,,,,,,,,,1.65000
AVIBASE-1C941B1C,,,,,,,,,,,,,,,,,,,,,,
AVIBASE-4D207AF6,,,,,69.00000,10.00000,64.00000,100.00000,17.15000,,16.75000,,11.55000,18.00000,11.10000,10.00000,42.70000,18.00000,43.00000,10.00000,5.00000,1.60000
AVIBASE-BED38F50,8.60000,71.00000,8.70000,80.00000,63.50000,15.00000,61.10000,11.00000,17.90000,15.00000,17.10000,11.00000,8.50000,15.00000,8.80000,11.00000,55.10000,15.00000,54.10000,11.00000,3.89000,1.33000
AVIBASE-4D08EE7E,14.30000,13.00000,15.50000,33.00000,71.00000,13.00000,67.50000,33.00000,21.50000,60.00000,21.30000,80.00000,14.40000,13.00000,13.80000,33.00000,47.10000,110.00000,45.40000,24.00000,4.55000,2.08000
AVIBASE-D3624203,13.60000,,12.70000,,70.70000,22.00000,69.20000,6.00000,17.80000,11.00000,18.20000,10.00000,,,,,49.10000,11.00000,49.40000,10.00000,3.30000,2.23000
AVIBASE-709AF716,,,,,77.20000,16.00000,72.40000,7.00000,20.50000,15.00000,20.50000,7.00000,10.40000,16.00000,10.10000,7.00000,52.60000,16.00000,50.00000,7.00000,4.21000,2.19000
AVIBASE-7AB0F3A4,20.40000,10.00000,20.90000,7.00000,80.80000,11.00000,78.70000,5.00000,22.30000,11.00000,22.90000,5.00000,13.20000,11.00000,13.50000,5.00000,51.80000,11.00000,50.80000,5.00000,4.96000,2.51000
AVIBASE-8C105C3C,14.20000,26.00000,14.70000,21.00000,71.40000,26.00000,,,21.50000,26.00000,,,8.50000,26.00000,,,,,,,4.12000,
AVIBASE-0B23929D,15.30000,12.00000,,,71.10000,86.00000,69.20000,62.00000,21.30000,7.00000,20.80000,5.00000,11.90000,7.00000,11.80000,5.00000,48.00000,86.00000,47.50000,62.00000,4.00000,
AVIBASE-1A0096F2,12.30000,239.00000,,,62.30000,65.00000,60.00000,44.00000,,,,,,,,,48.80000,65.00000,47.10000,44.00000,3.71000,
AVIBASE-85106518,11.20000,,,,60.80000,87.00000,58.10000,63.00000,,,,,,,,,54.30000,87.00000,51.70000,63.00000,4.12000,
AVIBASE-BA4C8A02,10.30000,965.00000,9.90000,644.00000,55.00000,100.00000,51.00000,100.00000,,,,,,,,,49.00000,100.00000,46.00000,35.00000,3.99000,1.62000
AVIBASE-15EB3000,10.80000,31.00000,10.30000,15.00000,68.00000,75.00000,64.50000,99.00000,22.60000,78.00000,22.20000,99.00000,10.00000,17.00000,10.00000,13.00000,56.20000,16.00000,54.90000,11.00000,3.61000,1.68000
AVIBASE-1F09CCCC,8.10000,36.00000,7.70000,8.00000,53.20000,30.00000,52.30000,5.00000,15.30000,,15.50000,,6.10000,53.00000,6.10000,,45.50000,37.00000,43.60000,7.00000,4.10000,1.28000
AVIBASE-F2D675AF,10.60000,309.00000,10.20000,263.00000,63.50000,314.00000,61.10000,18.00000,18.70000,314.00000,18.50000,392.00000,10.70000,,10.70000,,53.50000,47.00000,52.20000,36.00000,4.37000,1.56000
AVIBASE-B18D3F08,,,,,66.00000,11.00000,68.10000,11.00000,17.90000,11.00000,17.70000,11.00000,8.60000,11.00000,8.60000,11.00000,58.50000,11.00000,59.40000,11.00000,4.16000,1.39000
AVIBASE-3255D987,9.70000,40.00000,9.90000,57.00000,72.00000,46.00000,68.20000,81.00000,16.50000,10.00000,16.50000,5.00000,8.20000,3.00000,8.60000,10.00000,64.40000,46.00000,62.60000,81.00000,3.11000,1.42000
AVIBASE-CB8A9437,,,,,,,,,,,,,,,,,,,,,,1.48000
AVIBASE-A9B288AF,,,,,,,,,,,,,,,,,,,,,,
AVIBASE-99F5D09F,,,,,,,,,,,,,,,,,,,,,,
AVIBASE-AC24B6B5,,,,,,,,,,,,,,,,,,,,,,1.95000
AVIBASE-BFB6CAFA,,,,,,,,,,,,,,,,,,,,,,1.94000
AVIBASE-D2459CC0,,,,,,,,,,,,,,,,,,,,,,2.08000
AVIBASE-734C73A9,25.40000,33.00000,24.80000,35.00000,76.50000,22.00000,74.10000,21.00000,27.90000,22.00000,27.70000,21.00000,10.50000,40.00000,10.40000,27.00000,75.50000,79.00000,72.70000,55.00000,3.68000,3.25000
AVIBASE-B78F2D6F,10.00000,,9.70000,,,,,,,,,,,,,,,,,,,1.44000
AVIBASE-3C3C23CA,,,,,,,,,,,,,,,,,,,,,,3.82000
AVIBASE-6AA879E6,45.00000,1.00000,39.00000,2.00000,102.60000,7.00000,99.30000,5.00000,22.60000,7.00000,22.60000,5.00000,17.50000,7.00000,17.50000,5.00000,81.70000,22.00000,81.00000,12.00000,3.24000,3.85000
AVIBASE-891798D9,29.10000,,29.50000,,93.40000,13.00000,93.00000,11.00000,19.30000,8.00000,18.80000,5.00000,17.50000,8.00000,18.00000,5.00000,71.40000,12.00000,67.50000,12.00000,3.20000,3.50000
AVIBASE-42101632,29.30000,,27.30000,,94.50000,5.00000,91.30000,5.00000,,,,,,,,,67.50000,38.00000,66.00000,26.00000,3.45000,3.31000
AVIBASE-0ADA5F17,30.30000,38.00000,29.80000,13.00000,94.70000,39.00000,91.30000,13.00000,19.80000,32.00000,19.90000,9.00000,15.40000,35.00000,15.20000,11.00000,70.70000,39.00000,68.70000,13.00000,3.60000,3.37000
AVIBASE-26AED277,,,,,,,,,,,,,,,,,,,,,,
AVIBASE-A6717C60,31.90000,,30.20000,,,,,,,,,,,,,,,,,,,3.60000
AVIBASE-EFCDB0EC,,,,,,,,,,,,,,,,,,,,,,3.13000
AVIBASE-67E55116,32.00000,,32.00000,,,,,,,,,,,,,,,,,,,
AVIBASE-E97657AA,35.00000,,34.00000,,,,,,,,,,,,,,,,,,,
AVIBASE-123A0473,32.00000,,37.00000,,,,,,,,,,,,,,,,,,,
AVIBASE-B2725161,102.00000,,101.00000,,,,,,,,,,,,,,,,,,,
AVIBASE-87EA6535,34.00000,,33.00000,,,,,,,,,,,,,,,,,,,
AVIBASE-9655118F,20.70000,,21.50000,,,,,,,,,,,,,,,,,,,
AVIBASE-7C975BC2,,,,,,,,,,,,,,,,,,,,,,
AVIBASE-5A126D27,13.50000,,14.80000,,,,,,,,,,,,,,,,,,,1.54000
AVIBASE-EB9B653A,28.60000,,30.60000,,,,,,,,,,,,,,,,,,,
AVIBASE-A5AA0BEC,20.90000,,17.40000,,,,,,,,,,,,,,,,,,,
AVIBASE-BA6FDF30,,,,,,,,,,,,,,,,,,,,,,
AVIBASE-B720B375,,,,,53.00000,13.00000,51.50000,7.00000,,,,,,,,,,,,,3.27000,1.30000
AVIBASE-4112A42B,18.30000,,,,69.00000,,,,,,,,,,,,,,,,,
AVIBASE-18306F20,,,,,79.50000,,,,,,,,,,,,,,,,,
AVIBASE-592E58CE,28.50000,22.00000,25.20000,9.00000,84.00000,28.00000,76.40000,14.00000,23.30000,14.00000,22.60000,13.00000,17.00000,14.00000,16.10000,14.00000,57.00000,28.00000,50.90000,14.00000,4.02000,2.75000
AVIBASE-7C2FCB13,43.60000,47.00000,45.60000,78.00000,104.40000,,102.50000,,,,,,,,,,74.00000,35.00000,70.50000,20.00000,3.27000,4.08000
AVIBASE-824361E5,46.10000,151.00000,48.20000,156.00000,106.60000,181.00000,103.30000,193.00000,21.50000,126.00000,21.00000,116.00000,,,,,79.60000,180.00000,78.30000,193.00000,3.40000,4.18000
AVIBASE-4E74AE22,41.70000,,41.00000,,95.20000,150.00000,92.50000,145.00000,28.30000,12.00000,27.90000,10.00000,12.70000,56.00000,12.60000,52.00000,99.70000,101.00000,95.50000,102.00000,2.50000,4.58000
AVIBASE-DE21A6BE,37.00000,,37.00000,,93.00000,,88.40000,,24.60000,,24.40000,,16.00000,,15.20000,,98.80000,,92.50000,,3.38000,4.07000
AVIBASE-8A80DE66,,,,,,,,,,,,,,,,,,,,,,5.75000
AVIBASE-2D827450,,,,,,,,,,,,,,,,,,,,,,
AVIBASE-9F67F3AF,15.40000,87.00000,14.90000,20.00000,72.00000,87.00000,68.00000,20.00000,16.80000,87.00000,16.80000,20.00000,8.70000,87.00000,8.60000,20.00000,54.00000,87.00000,52.00000,20.00000,3.42000,1.89000
AVIBASE-043F337A,15.00000,1111.00000,14.40000,398.00000,68.40000,1135.00000,64.28000,558.00000,17.16000,1130.00000,16.61000,556.00000,10.56000,1139.00000,11.19000,556.00000,49.40000,10.00000,46.30000,10.00000,3.00000,1.88000
AVIBASE-1680EFDE,13.00000,104.00000,12.80000,53.00000,66.20000,643.00000,61.90000,192.00000,,,,,,,,,53.30000,31.00000,51.20000,8.00000,3.50000,1.93000
AVIBASE-0BDB87DE,16.60000,92.00000,14.60000,41.00000,71.10000,928.00000,66.80000,235.00000,,,,,,,,,56.50000,128.00000,53.40000,29.00000,2.90000,2.11000
AVIBASE-509940AF,305.00000,,154.20000,,,,,,,,,,,,,,,,,,,11.20000
AVIBASE-0B4AD6B3,205.60000,,117.30000,,,,,,,,,,,,,,,,,,,8.64000
AVIBASE-5EFA0D83,104.60000,,70.50000,,,,,,,,,,,,,,,,,,,5.25000
AVIBASE-13B1B968,42.50000,2.00000,41.40000,5.00000,100.80000,,96.00000,,27.20000,,26.70000,,26.20000,,24.60000,,99.30000,3.00000,94.00000,5.00000,4.00000,2.05000
AVIBASE-4690E0C3,,,,,,,,,,,,,,,,,,,,,,3.56000
AVIBASE-D8B8C2B9,,,,,,,,,,,,,,,,,,,,,,4.35000
AVIBASE-1F87083D,59.10000,7.00000,51.50000,3.00000,114.30000,9.00000,108.20000,5.00000,30.00000,9.00000,29.50000,5.00000,25.70000,9.00000,24.60000,5.00000,107.40000,10.00000,104.90000,10.00000,4.38000,5.00000
AVIBASE-5110842F,36.30000,124.00000,35.20000,135.00000,95.80000,,92.90000,,,,,,,,,,71.70000,15.00000,70.10000,5.00000,4.67000,2.95000
AVIBASE-526A3692,,,,,84.60000,17.00000,80.10000,10.00000,22.60000,17.00000,22.40000,10.00000,19.50000,17.00000,18.10000,10.00000,92.90000,17.00000,87.80000,10.00000,3.67000,2.60000
AVIBASE-E2014696,20.70000,53.00000,19.40000,77.00000,78.70000,62.00000,73.60000,84.00000,21.80000,7.00000,22.60000,2.00000,15.50000,7.00000,15.20000,3.00000,68.90000,53.00000,65.30000,76.00000,3.91000,2.23000
AVIBASE-9EE6D524,36.30000,36.00000,35.10000,44.00000,100.90000,34.00000,94.00000,47.00000,24.80000,33.00000,24.10000,45.00000,23.60000,35.00000,22.50000,46.00000,,,,,3.50000,3.45000
AVIBASE-3E2D0C9B,89.30000,10.00000,49.70000,14.00000,141.00000,35.00000,119.00000,15.00000,,,,,22.70000,33.00000,19.60000,15.00000,100.80000,19.00000,81.10000,7.00000,3.74000,4.35000
AVIBASE-C86D078E,57.30000,,39.60000,,120.90000,14.00000,98.30000,10.00000,30.20000,14.00000,25.90000,10.00000,23.60000,14.00000,19.30000,10.00000,91.70000,14.00000,74.20000,10.00000,3.28000,3.95000
AVIBASE-80285D5C,67.50000,139.00000,45.50000,128.00000,120.80000,41.00000,105.20000,46.00000,28.10000,41.00000,25.20000,46.00000,24.50000,41.00000,21.80000,46.00000,81.10000,41.00000,68.90000,46.00000,3.50000,3.82000
AVIBASE-5E08EF73,54.30000,,46.00000,,,,,,,,,,,,,,,,,,,6.25000
AVIBASE-27410227,98.30000,24.00000,77.50000,24.00000,109.60000,28.00000,99.90000,28.00000,40.70000,20.00000,38.70000,11.00000,21.20000,27.00000,19.20000,29.00000,80.50000,26.00000,70.40000,20.00000,4.49000,6.30000
AVIBASE-4A5B4883,106.00000,51.00000,89.40000,32.00000,127.20000,65.00000,114.80000,63.00000,37.91000,65.00000,36.04000,63.00000,,,,,77.60000,65.00000,68.70000,63.00000,5.10000,6.20000
AVIBASE-DA3AD600,73.80000,,65.00000,,,,,,,,,,,,,,,,,,,
AVIBASE-5CBA3391,221.50000,29.00000,115.90000,16.00000,187.60000,9.00000,143.30000,26.00000,47.90000,30.00000,40.40000,14.00000,31.34000,131.00000,24.22000,32.00000,204.70000,15.00000,145.60000,14.00000,3.29000,7.80000
AVIBASE-EF47E15D,206.50000,143.00000,111.20000,86.00000,180.40000,144.00000,141.70000,84.00000,,,,,,,,,172.30000,126.00000,128.10000,8.00000,2.72000,8.00000
AVIBASE-8BBB3255,119.60000,298.00000,92.20000,289.00000,138.90000,287.00000,125.90000,274.00000,34.40000,99.00000,33.90000,105.00000,30.10000,99.00000,26.20000,105.00000,125.50000,287.00000,109.30000,274.00000,4.80000,6.90000
AVIBASE-5F77FED5,64.30000,91.00000,55.20000,105.00000,118.00000,7.00000,110.00000,3.00000,31.40000,,,,19.60000,7.00000,18.20000,3.00000,93.10000,7.00000,87.70000,3.00000,4.48000,4.62000
AVIBASE-EA5E858A,67.20000,19.00000,58.10000,15.00000,130.00000,10.00000,117.50000,10.00000,32.20000,10.00000,30.50000,10.00000,14.50000,25.00000,13.10000,25.00000,102.80000,25.00000,91.40000,25.00000,4.98000,4.55000
AVIBASE-AA779804,40.00000,42.00000,34.10000,48.00000,96.50000,42.00000,85.80000,60.00000,23.30000,12.00000,21.90000,8.00000,12.80000,16.00000,11.70000,9.00000,70.90000,16.00000,61.50000,9.00000,,4.30000
AVIBASE-EAEEA093,68.90000,144.00000,56.90000,220.00000,117.20000,144.00000,102.50000,218.00000,,,,,22.20000,141.00000,19.70000,220.00000,78.80000,146.00000,68.80000,216.00000,1.00000,4.15000
AVIBASE-1E1AB415,47.50000,283.00000,37.60000,352.00000,105.90000,283.00000,94.90000,352.00000,25.00000,283.00000,23.30000,352.00000,17.30000,283.00000,15.40000,352.00000,72.70000,15.00000,65.30000,9.00000,4.30000,3.12000
AVIBASE-F845062F,33.90000,142.00000,29.20000,130.00000,97.40000,301.00000,87.50000,261.00000,26.10000,38.00000,25.20000,23.00000,14.30000,38.00000,13.40000,23.00000,68.40000,38.00000,60.90000,23.00000,5.10000,2.75000
